{"type":"FeatureCollection","properties":{"source":"OpenStreetMap via Overpass API (ODbL)","fetched":"2026-09-24","bbox":[-73.1,43.95,-72.2,44.6]},"features":[{"type":"Feature","properties":{"osm_id":"node/204126344","name":"Battell Trail Trailhead","type":"trailhead","fee":null,"access":null,"operator":null,"source":"OSM, unverified"},"geometry":{"type":"Point","coordinates":[-72.963578,44.112827]}},{"type":"Feature","properties":{"osm_id":"node/204143595","name":"Cooley Glen - Emily Proctor Traihead","type":"trailhead","fee":null,"access":null,"operator":null,"source":"OSM, unverified"},"geometry":{"type":"Point","coordinates":[-72.953258,44.040624]}},{"type":"Feature","properties":{"osm_id":"node/204187593","name":"Lincoln Gap Trailhead","type":"trailhead","fee":null,"access":null,"operator":null,"source":"OSM, unverified"},"geometry":{"type":"Point","coordinates":[-72.928243,44.094867]}},{"type":"Feature","properties":{"osm_id":"node/204596706","name":"Forest City Trail","type":"trailhead","fee":null,"access":null,"operator":null,"source":"OSM, unverified"},"geometry":{"type":"Point","coordinates":[-72.918884,44.298944]}},{"type":"Feature","properties":{"osm_id":"node/204609122","name":null,"type":"trailhead","fee":null,"access":null,"operator":null,"source":"OSM, unverified"},"geometry":{"type":"Point","coordinates":[-72.791039,44.539553]}},{"type":"Feature","properties":{"osm_id":"node/204713195","name":"Pinnacle Meadow Trailhead","type":"trailhead","fee":null,"access":null,"operator":null,"source":"OSM, unverified"},"geometry":{"type":"Point","coordinates":[-72.646977,44.437734]}},{"type":"Feature","properties":{"osm_id":"node/366666326","name":"East Montpelier Fire Department, Incorporated","type":"parking","fee":null,"access":null,"operator":null,"source":"OSM, unverified"},"geometry":{"type":"Point","coordinates":[-72.485902,44.270208]}},{"type":"Feature","properties":{"osm_id":"node/420029188","name":"Stowe Pinnacle Trailhead","type":"trailhead","fee":null,"access":null,"operator":null,"source":"OSM, unverified"},"geometry":{"type":"Point","coordinates":[-72.667488,44.438735]}},{"type":"Feature","properties":{"osm_id":"node/427480811","name":null,"type":"trailhead","fee":null,"access":null,"operator":"VT Dept. of Forests, Parks and Recreation","source":"OSM, unverified"},"geometry":{"type":"Point","coordinates":[-72.536079,44.539813]}},{"type":"Feature","properties":{"osm_id":"node/617937631","name":"Jerusalem Trailhead","type":"trailhead","fee":null,"access":null,"operator":null,"source":"OSM, unverified"},"geometry":{"type":"Point","coordinates":[-72.968362,44.176638]}},{"type":"Feature","properties":{"osm_id":"node/2419065610","name":null,"type":"parking","fee":"no","access":null,"operator":null,"source":"OSM, unverified"},"geometry":{"type":"Point","coordinates":[-72.744434,44.497135]}},{"type":"Feature","properties":{"osm_id":"node/3996867740","name":null,"type":"trailhead","fee":null,"access":null,"operator":null,"source":"OSM, unverified"},"geometry":{"type":"Point","coordinates":[-72.694863,44.473201]}},{"type":"Feature","properties":{"osm_id":"node/4447925089","name":"Bingham Falls Parking","type":"parking","fee":null,"access":null,"operator":null,"source":"OSM, unverified"},"geometry":{"type":"Point","coordinates":[-72.769776,44.518223]}},{"type":"Feature","properties":{"osm_id":"node/4770301126","name":null,"type":"parking","fee":null,"access":null,"operator":null,"source":"OSM, unverified"},"geometry":{"type":"Point","coordinates":[-72.895612,44.371856]}},{"type":"Feature","properties":{"osm_id":"node/5333390404","name":"Burrows Trail","type":"trailhead","fee":null,"access":null,"operator":null,"source":"OSM, unverified"},"geometry":{"type":"Point","coordinates":[-72.907662,44.305019]}},{"type":"Feature","properties":{"osm_id":"node/5448680945","name":null,"type":"parking","fee":null,"access":null,"operator":null,"source":"OSM, unverified"},"geometry":{"type":"Point","coordinates":[-72.975869,44.449449]}},{"type":"Feature","properties":{"osm_id":"node/5465236641","name":null,"type":"parking","fee":null,"access":null,"operator":null,"source":"OSM, unverified"},"geometry":{"type":"Point","coordinates":[-72.42661,44.276142]}},{"type":"Feature","properties":{"osm_id":"node/5672959669","name":"iRide Parking","type":"parking","fee":null,"access":"permissive","operator":null,"source":"OSM, unverified"},"geometry":{"type":"Point","coordinates":[-72.688857,44.469924]}},{"type":"Feature","properties":{"osm_id":"node/5673001209","name":"Ranch Brook Parking","type":"parking","fee":null,"access":null,"operator":null,"source":"OSM, unverified"},"geometry":{"type":"Point","coordinates":[-72.757228,44.50219]}},{"type":"Feature","properties":{"osm_id":"node/5673006828","name":"Adams Camp Parking","type":"parking","fee":null,"access":null,"operator":null,"source":"OSM, unverified"},"geometry":{"type":"Point","coordinates":[-72.765858,44.503983]}},{"type":"Feature","properties":{"osm_id":"node/5774027757","name":"Clark Brook Trailhead","type":"trailhead","fee":null,"access":null,"operator":"US Forest Service","source":"OSM, unverified"},"geometry":{"type":"Point","coordinates":[-72.878359,43.994553]}},{"type":"Feature","properties":{"osm_id":"node/5912503987","name":null,"type":"parking","fee":null,"access":null,"operator":null,"source":"OSM, unverified"},"geometry":{"type":"Point","coordinates":[-72.763466,44.337213]}},{"type":"Feature","properties":{"osm_id":"node/5948468949","name":null,"type":"parking","fee":null,"access":null,"operator":null,"source":"OSM, unverified"},"geometry":{"type":"Point","coordinates":[-72.308344,44.407791]}},{"type":"Feature","properties":{"osm_id":"node/6007609892","name":"Robert Frost Interpretive Area","type":"trailhead","fee":null,"access":null,"operator":"United States Forest Service","source":"OSM, unverified"},"geometry":{"type":"Point","coordinates":[-73.011315,43.957915]}},{"type":"Feature","properties":{"osm_id":"node/6560567809","name":"Duxbury Window Trail","type":"trailhead","fee":null,"access":null,"operator":null,"source":"OSM, unverified"},"geometry":{"type":"Point","coordinates":[-72.879356,44.369443]}},{"type":"Feature","properties":{"osm_id":"node/7434808885","name":null,"type":"trailhead","fee":null,"access":null,"operator":null,"source":"OSM, unverified"},"geometry":{"type":"Point","coordinates":[-72.981014,43.999631]}},{"type":"Feature","properties":{"osm_id":"node/7434808932","name":"Skylight Pond Trailhead","type":"trailhead","fee":null,"access":null,"operator":null,"source":"OSM, unverified"},"geometry":{"type":"Point","coordinates":[-72.965771,43.992252]}},{"type":"Feature","properties":{"osm_id":"node/7434808947","name":null,"type":"trailhead","fee":null,"access":null,"operator":null,"source":"OSM, unverified"},"geometry":{"type":"Point","coordinates":[-72.978235,43.959861]}},{"type":"Feature","properties":{"osm_id":"node/7736584025","name":"Groton Nature Trail","type":"trailhead","fee":null,"access":null,"operator":null,"source":"OSM, unverified"},"geometry":{"type":"Point","coordinates":[-72.264861,44.286343]}},{"type":"Feature","properties":{"osm_id":"node/7752477999","name":"Owlshead Trail","type":"trailhead","fee":null,"access":null,"operator":"Groton State Forest","source":"OSM, unverified"},"geometry":{"type":"Point","coordinates":[-72.290272,44.315193]}},{"type":"Feature","properties":{"osm_id":"node/8096785097","name":null,"type":"trailhead","fee":null,"access":"yes","operator":"East Montpelier Trails","source":"OSM, unverified"},"geometry":{"type":"Point","coordinates":[-72.512152,44.330558]}},{"type":"Feature","properties":{"osm_id":"node/8265525022","name":"Mathieu Town Forest","type":"trailhead","fee":null,"access":null,"operator":null,"source":"OSM, unverified"},"geometry":{"type":"Point","coordinates":[-73.057738,44.506996]}},{"type":"Feature","properties":{"osm_id":"node/8379927841","name":"Underhill Trailhead","type":"trailhead","fee":null,"access":null,"operator":null,"source":"OSM, unverified"},"geometry":{"type":"Point","coordinates":[-72.841841,44.529581]}},{"type":"Feature","properties":{"osm_id":"node/8413638416","name":"Indian Brook Trailhead","type":"trailhead","fee":null,"access":null,"operator":null,"source":"OSM, unverified"},"geometry":{"type":"Point","coordinates":[-73.095556,44.532575]}},{"type":"Feature","properties":{"osm_id":"node/8413705031","name":"Stevensville Trailhead","type":"trailhead","fee":null,"access":null,"operator":null,"source":"OSM, unverified"},"geometry":{"type":"Point","coordinates":[-72.847208,44.505604]}},{"type":"Feature","properties":{"osm_id":"node/8413761112","name":"Barnes Camp Trailhead","type":"trailhead","fee":null,"access":null,"operator":null,"source":"OSM, unverified"},"geometry":{"type":"Point","coordinates":[-72.786443,44.533199]}},{"type":"Feature","properties":{"osm_id":"node/8413841184","name":"Hell Brook Trailhead","type":"trailhead","fee":null,"access":null,"operator":null,"source":"OSM, unverified"},"geometry":{"type":"Point","coordinates":[-72.794699,44.548875]}},{"type":"Feature","properties":{"osm_id":"node/8413841233","name":"Sterling Pond Trailhead","type":"trailhead","fee":null,"access":null,"operator":null,"source":"OSM, unverified"},"geometry":{"type":"Point","coordinates":[-72.794294,44.556412]}},{"type":"Feature","properties":{"osm_id":"node/8421287104","name":"Lake Mansfield Trailhead","type":"trailhead","fee":null,"access":null,"operator":null,"source":"OSM, unverified"},"geometry":{"type":"Point","coordinates":[-72.809967,44.473335]}},{"type":"Feature","properties":{"osm_id":"node/8421287570","name":null,"type":"trailhead","fee":null,"access":null,"operator":null,"source":"OSM, unverified"},"geometry":{"type":"Point","coordinates":[-72.798992,44.470133]}},{"type":"Feature","properties":{"osm_id":"node/8423799786","name":"Waterbury Trailhead","type":"trailhead","fee":null,"access":null,"operator":null,"source":"OSM, unverified"},"geometry":{"type":"Point","coordinates":[-72.675601,44.402666]}},{"type":"Feature","properties":{"osm_id":"node/8519588938","name":null,"type":"trailhead","fee":null,"access":null,"operator":null,"source":"OSM, unverified"},"geometry":{"type":"Point","coordinates":[-73.097509,44.530224]}},{"type":"Feature","properties":{"osm_id":"node/9249602339","name":null,"type":"trailhead","fee":null,"access":null,"operator":null,"source":"OSM, unverified"},"geometry":{"type":"Point","coordinates":[-73.036665,44.493526]}},{"type":"Feature","properties":{"osm_id":"node/9249602340","name":null,"type":"trailhead","fee":null,"access":null,"operator":null,"source":"OSM, unverified"},"geometry":{"type":"Point","coordinates":[-73.031932,44.49401]}},{"type":"Feature","properties":{"osm_id":"node/9336067699","name":"Preston Pond Loop Trailhead","type":"trailhead","fee":null,"access":null,"operator":"Town of Bolton","source":"OSM, unverified"},"geometry":{"type":"Point","coordinates":[-72.89683,44.429661]}},{"type":"Feature","properties":{"osm_id":"node/9780121698","name":"Middlesex Trailhead","type":"trailhead","fee":null,"access":null,"operator":null,"source":"OSM, unverified"},"geometry":{"type":"Point","coordinates":[-72.640044,44.372048]}},{"type":"Feature","properties":{"osm_id":"node/11936023305","name":null,"type":"trailhead","fee":null,"access":null,"operator":"Town of Bolton","source":"OSM, unverified"},"geometry":{"type":"Point","coordinates":[-72.913472,44.424077]}},{"type":"Feature","properties":{"osm_id":"node/12072807533","name":null,"type":"parking","fee":null,"access":null,"operator":null,"source":"OSM, unverified"},"geometry":{"type":"Point","coordinates":[-72.770196,44.504486]}},{"type":"Feature","properties":{"osm_id":"node/12072826210","name":"Stationnement","type":"parking","fee":null,"access":null,"operator":null,"source":"OSM, unverified"},"geometry":{"type":"Point","coordinates":[-72.769825,44.518327]}},{"type":"Feature","properties":{"osm_id":"node/12072834840","name":"Acc\u00e8s rivi\u00e8re","type":"parking","fee":null,"access":null,"operator":null,"source":"OSM, unverified"},"geometry":{"type":"Point","coordinates":[-72.706333,44.313598]}},{"type":"Feature","properties":{"osm_id":"node/12072834841","name":"Acc\u00e8s v\u00e9lo, rivi\u00e8re","type":"parking","fee":null,"access":null,"operator":null,"source":"OSM, unverified"},"geometry":{"type":"Point","coordinates":[-72.696554,44.308127]}},{"type":"Feature","properties":{"osm_id":"node/12192610486","name":null,"type":"parking","fee":null,"access":null,"operator":null,"source":"OSM, unverified"},"geometry":{"type":"Point","coordinates":[-72.808064,44.204236]}},{"type":"Feature","properties":{"osm_id":"node/13019959223","name":null,"type":"parking","fee":null,"access":null,"operator":null,"source":"OSM, unverified"},"geometry":{"type":"Point","coordinates":[-72.976209,44.395057]}},{"type":"Feature","properties":{"osm_id":"node/13038490003","name":null,"type":"parking","fee":null,"access":null,"operator":null,"source":"OSM, unverified"},"geometry":{"type":"Point","coordinates":[-72.855869,44.114543]}},{"type":"Feature","properties":{"osm_id":"way/32586834","name":null,"type":"parking","fee":null,"access":null,"operator":null,"source":"OSM, unverified"},"geometry":{"type":"Point","coordinates":[-72.899529,44.178387]}},{"type":"Feature","properties":{"osm_id":"way/34578424","name":"Perry Hill Parking","type":"parking","fee":null,"access":null,"operator":null,"source":"OSM, unverified"},"geometry":{"type":"Point","coordinates":[-72.741291,44.326414]}},{"type":"Feature","properties":{"osm_id":"way/44972381","name":null,"type":"parking","fee":null,"access":null,"operator":null,"source":"OSM, unverified"},"geometry":{"type":"Point","coordinates":[-72.889703,44.134406]}},{"type":"Feature","properties":{"osm_id":"way/44972384","name":null,"type":"parking","fee":null,"access":null,"operator":null,"source":"OSM, unverified"},"geometry":{"type":"Point","coordinates":[-72.891726,44.136833]}},{"type":"Feature","properties":{"osm_id":"way/44972390","name":null,"type":"parking","fee":null,"access":null,"operator":null,"source":"OSM, unverified"},"geometry":{"type":"Point","coordinates":[-72.893254,44.136382]}},{"type":"Feature","properties":{"osm_id":"way/44972414","name":null,"type":"parking","fee":null,"access":null,"operator":null,"source":"OSM, unverified"},"geometry":{"type":"Point","coordinates":[-72.889292,44.137259]}},{"type":"Feature","properties":{"osm_id":"way/44999116","name":null,"type":"parking","fee":null,"access":null,"operator":null,"source":"OSM, unverified"},"geometry":{"type":"Point","coordinates":[-72.892976,44.138417]}},{"type":"Feature","properties":{"osm_id":"way/166716464","name":null,"type":"parking","fee":null,"access":null,"operator":null,"source":"OSM, unverified"},"geometry":{"type":"Point","coordinates":[-72.789168,44.253052]}},{"type":"Feature","properties":{"osm_id":"way/190020548","name":null,"type":"parking","fee":null,"access":null,"operator":null,"source":"OSM, unverified"},"geometry":{"type":"Point","coordinates":[-73.09897,44.475834]}},{"type":"Feature","properties":{"osm_id":"way/190020552","name":null,"type":"parking","fee":null,"access":null,"operator":null,"source":"OSM, unverified"},"geometry":{"type":"Point","coordinates":[-73.097962,44.476905]}},{"type":"Feature","properties":{"osm_id":"way/204763536","name":null,"type":"parking","fee":null,"access":null,"operator":null,"source":"OSM, unverified"},"geometry":{"type":"Point","coordinates":[-72.685236,44.466168]}},{"type":"Feature","properties":{"osm_id":"way/219921867","name":null,"type":"parking","fee":null,"access":null,"operator":null,"source":"OSM, unverified"},"geometry":{"type":"Point","coordinates":[-72.753275,44.339583]}},{"type":"Feature","properties":{"osm_id":"way/219921870","name":null,"type":"parking","fee":null,"access":null,"operator":null,"source":"OSM, unverified"},"geometry":{"type":"Point","coordinates":[-72.7521,44.338954]}},{"type":"Feature","properties":{"osm_id":"way/219921871","name":null,"type":"parking","fee":null,"access":null,"operator":null,"source":"OSM, unverified"},"geometry":{"type":"Point","coordinates":[-72.752697,44.338588]}},{"type":"Feature","properties":{"osm_id":"way/285567921","name":null,"type":"parking","fee":null,"access":"customers","operator":null,"source":"OSM, unverified"},"geometry":{"type":"Point","coordinates":[-72.85556,44.114861]}},{"type":"Feature","properties":{"osm_id":"way/314951503","name":null,"type":"parking","fee":null,"access":null,"operator":null,"source":"OSM, unverified"},"geometry":{"type":"Point","coordinates":[-72.994844,44.402583]}},{"type":"Feature","properties":{"osm_id":"way/314951505","name":null,"type":"parking","fee":null,"access":null,"operator":null,"source":"OSM, unverified"},"geometry":{"type":"Point","coordinates":[-72.996593,44.402129]}},{"type":"Feature","properties":{"osm_id":"way/324539869","name":null,"type":"parking","fee":null,"access":null,"operator":null,"source":"OSM, unverified"},"geometry":{"type":"Point","coordinates":[-72.836849,44.182924]}},{"type":"Feature","properties":{"osm_id":"way/324541674","name":null,"type":"parking","fee":null,"access":null,"operator":null,"source":"OSM, unverified"},"geometry":{"type":"Point","coordinates":[-72.825911,44.188725]}},{"type":"Feature","properties":{"osm_id":"way/324541675","name":null,"type":"parking","fee":null,"access":null,"operator":null,"source":"OSM, unverified"},"geometry":{"type":"Point","coordinates":[-72.824941,44.189065]}},{"type":"Feature","properties":{"osm_id":"way/324541681","name":null,"type":"parking","fee":null,"access":null,"operator":null,"source":"OSM, unverified"},"geometry":{"type":"Point","coordinates":[-72.838103,44.148563]}},{"type":"Feature","properties":{"osm_id":"way/324541682","name":null,"type":"parking","fee":null,"access":null,"operator":null,"source":"OSM, unverified"},"geometry":{"type":"Point","coordinates":[-72.838986,44.148194]}},{"type":"Feature","properties":{"osm_id":"way/324541683","name":null,"type":"parking","fee":null,"access":null,"operator":null,"source":"OSM, unverified"},"geometry":{"type":"Point","coordinates":[-72.838956,44.147883]}},{"type":"Feature","properties":{"osm_id":"way/324556760","name":null,"type":"parking","fee":null,"access":null,"operator":null,"source":"OSM, unverified"},"geometry":{"type":"Point","coordinates":[-72.825523,44.18987]}},{"type":"Feature","properties":{"osm_id":"way/324556761","name":null,"type":"parking","fee":null,"access":null,"operator":null,"source":"OSM, unverified"},"geometry":{"type":"Point","coordinates":[-72.824717,44.190222]}},{"type":"Feature","properties":{"osm_id":"way/324556762","name":null,"type":"parking","fee":"no","access":"customers","operator":null,"source":"OSM, unverified"},"geometry":{"type":"Point","coordinates":[-72.824356,44.190744]}},{"type":"Feature","properties":{"osm_id":"way/324556763","name":null,"type":"parking","fee":null,"access":null,"operator":null,"source":"OSM, unverified"},"geometry":{"type":"Point","coordinates":[-72.823968,44.191007]}},{"type":"Feature","properties":{"osm_id":"way/324556764","name":null,"type":"parking","fee":null,"access":null,"operator":null,"source":"OSM, unverified"},"geometry":{"type":"Point","coordinates":[-72.823684,44.191175]}},{"type":"Feature","properties":{"osm_id":"way/324556765","name":null,"type":"parking","fee":null,"access":null,"operator":null,"source":"OSM, unverified"},"geometry":{"type":"Point","coordinates":[-72.823575,44.191405]}},{"type":"Feature","properties":{"osm_id":"way/324556766","name":null,"type":"parking","fee":null,"access":null,"operator":null,"source":"OSM, unverified"},"geometry":{"type":"Point","coordinates":[-72.822464,44.191781]}},{"type":"Feature","properties":{"osm_id":"way/324556769","name":null,"type":"parking","fee":null,"access":null,"operator":null,"source":"OSM, unverified"},"geometry":{"type":"Point","coordinates":[-72.821482,44.19239]}},{"type":"Feature","properties":{"osm_id":"way/324556770","name":null,"type":"parking","fee":null,"access":null,"operator":null,"source":"OSM, unverified"},"geometry":{"type":"Point","coordinates":[-72.820944,44.193225]}},{"type":"Feature","properties":{"osm_id":"way/324556771","name":null,"type":"parking","fee":null,"access":null,"operator":null,"source":"OSM, unverified"},"geometry":{"type":"Point","coordinates":[-72.820493,44.193271]}},{"type":"Feature","properties":{"osm_id":"way/324556772","name":null,"type":"parking","fee":null,"access":null,"operator":null,"source":"OSM, unverified"},"geometry":{"type":"Point","coordinates":[-72.820321,44.193708]}},{"type":"Feature","properties":{"osm_id":"way/324556773","name":null,"type":"parking","fee":null,"access":null,"operator":null,"source":"OSM, unverified"},"geometry":{"type":"Point","coordinates":[-72.821103,44.19429]}},{"type":"Feature","properties":{"osm_id":"way/324558253","name":null,"type":"parking","fee":null,"access":null,"operator":null,"source":"OSM, unverified"},"geometry":{"type":"Point","coordinates":[-72.820162,44.195879]}},{"type":"Feature","properties":{"osm_id":"way/324816906","name":null,"type":"parking","fee":null,"access":null,"operator":null,"source":"OSM, unverified"},"geometry":{"type":"Point","coordinates":[-72.819432,44.196063]}},{"type":"Feature","properties":{"osm_id":"way/324816907","name":null,"type":"parking","fee":null,"access":null,"operator":null,"source":"OSM, unverified"},"geometry":{"type":"Point","coordinates":[-72.819542,44.19467]}},{"type":"Feature","properties":{"osm_id":"way/324898645","name":null,"type":"parking","fee":"no","access":"yes","operator":null,"source":"OSM, unverified"},"geometry":{"type":"Point","coordinates":[-72.824248,44.189597]}},{"type":"Feature","properties":{"osm_id":"way/330836500","name":null,"type":"parking","fee":null,"access":null,"operator":null,"source":"OSM, unverified"},"geometry":{"type":"Point","coordinates":[-72.57964,44.262264]}},{"type":"Feature","properties":{"osm_id":"way/364838690","name":null,"type":"parking","fee":null,"access":"yes","operator":null,"source":"OSM, unverified"},"geometry":{"type":"Point","coordinates":[-72.931333,44.211202]}},{"type":"Feature","properties":{"osm_id":"way/448607846","name":null,"type":"parking","fee":null,"access":"private","operator":null,"source":"OSM, unverified"},"geometry":{"type":"Point","coordinates":[-72.787629,44.532933]}},{"type":"Feature","properties":{"osm_id":"way/448607848","name":"Lower Barnes Lot","type":"parking","fee":null,"access":"private","operator":null,"source":"OSM, unverified"},"geometry":{"type":"Point","coordinates":[-72.786097,44.532087]}},{"type":"Feature","properties":{"osm_id":"way/448607849","name":null,"type":"parking","fee":null,"access":null,"operator":null,"source":"OSM, unverified"},"geometry":{"type":"Point","coordinates":[-72.78874,44.531979]}},{"type":"Feature","properties":{"osm_id":"way/448607859","name":null,"type":"parking","fee":null,"access":null,"operator":null,"source":"OSM, unverified"},"geometry":{"type":"Point","coordinates":[-72.791161,44.539655]}},{"type":"Feature","properties":{"osm_id":"way/458068680","name":null,"type":"parking","fee":null,"access":null,"operator":null,"source":"OSM, unverified"},"geometry":{"type":"Point","coordinates":[-72.780141,44.529756]}},{"type":"Feature","properties":{"osm_id":"way/462134184","name":null,"type":"parking","fee":null,"access":null,"operator":null,"source":"OSM, unverified"},"geometry":{"type":"Point","coordinates":[-72.778888,44.52847]}},{"type":"Feature","properties":{"osm_id":"way/477596848","name":null,"type":"parking","fee":null,"access":null,"operator":null,"source":"OSM, unverified"},"geometry":{"type":"Point","coordinates":[-72.716434,44.475093]}},{"type":"Feature","properties":{"osm_id":"way/477597156","name":null,"type":"parking","fee":"no","access":"customers","operator":null,"source":"OSM, unverified"},"geometry":{"type":"Point","coordinates":[-72.710517,44.473791]}},{"type":"Feature","properties":{"osm_id":"way/477597157","name":null,"type":"parking","fee":null,"access":null,"operator":null,"source":"OSM, unverified"},"geometry":{"type":"Point","coordinates":[-72.708849,44.474019]}},{"type":"Feature","properties":{"osm_id":"way/477597158","name":null,"type":"parking","fee":"no","access":"yes","operator":null,"source":"OSM, unverified"},"geometry":{"type":"Point","coordinates":[-72.711836,44.474044]}},{"type":"Feature","properties":{"osm_id":"way/477597160","name":null,"type":"parking","fee":null,"access":null,"operator":null,"source":"OSM, unverified"},"geometry":{"type":"Point","coordinates":[-72.714743,44.474639]}},{"type":"Feature","properties":{"osm_id":"way/477597161","name":null,"type":"parking","fee":null,"access":null,"operator":null,"source":"OSM, unverified"},"geometry":{"type":"Point","coordinates":[-72.714219,44.474723]}},{"type":"Feature","properties":{"osm_id":"way/477597162","name":null,"type":"parking","fee":null,"access":null,"operator":null,"source":"OSM, unverified"},"geometry":{"type":"Point","coordinates":[-72.712216,44.47522]}},{"type":"Feature","properties":{"osm_id":"way/477597163","name":null,"type":"parking","fee":"no","access":"yes","operator":null,"source":"OSM, unverified"},"geometry":{"type":"Point","coordinates":[-72.712271,44.474314]}},{"type":"Feature","properties":{"osm_id":"way/477597164","name":null,"type":"parking","fee":null,"access":null,"operator":null,"source":"OSM, unverified"},"geometry":{"type":"Point","coordinates":[-72.710304,44.47438]}},{"type":"Feature","properties":{"osm_id":"way/477597165","name":null,"type":"parking","fee":"no","access":"customers","operator":null,"source":"OSM, unverified"},"geometry":{"type":"Point","coordinates":[-72.710579,44.472881]}},{"type":"Feature","properties":{"osm_id":"way/477597166","name":null,"type":"parking","fee":"no","access":"customers","operator":null,"source":"OSM, unverified"},"geometry":{"type":"Point","coordinates":[-72.712097,44.473329]}},{"type":"Feature","properties":{"osm_id":"way/477597167","name":null,"type":"parking","fee":"no","access":"customers","operator":null,"source":"OSM, unverified"},"geometry":{"type":"Point","coordinates":[-72.713011,44.47339]}},{"type":"Feature","properties":{"osm_id":"way/477597168","name":null,"type":"parking","fee":"no","access":"yes","operator":null,"source":"OSM, unverified"},"geometry":{"type":"Point","coordinates":[-72.712849,44.473743]}},{"type":"Feature","properties":{"osm_id":"way/477597169","name":null,"type":"parking","fee":"no","access":"yes","operator":null,"source":"OSM, unverified"},"geometry":{"type":"Point","coordinates":[-72.713637,44.473576]}},{"type":"Feature","properties":{"osm_id":"way/477597170","name":null,"type":"parking","fee":"no","access":"yes","operator":null,"source":"OSM, unverified"},"geometry":{"type":"Point","coordinates":[-72.714393,44.473662]}},{"type":"Feature","properties":{"osm_id":"way/477597172","name":null,"type":"parking","fee":null,"access":null,"operator":null,"source":"OSM, unverified"},"geometry":{"type":"Point","coordinates":[-72.715176,44.47442]}},{"type":"Feature","properties":{"osm_id":"way/477597173","name":null,"type":"parking","fee":null,"access":null,"operator":null,"source":"OSM, unverified"},"geometry":{"type":"Point","coordinates":[-72.716981,44.474295]}},{"type":"Feature","properties":{"osm_id":"way/477597174","name":null,"type":"parking","fee":null,"access":null,"operator":null,"source":"OSM, unverified"},"geometry":{"type":"Point","coordinates":[-72.717957,44.474247]}},{"type":"Feature","properties":{"osm_id":"way/477597175","name":null,"type":"parking","fee":null,"access":null,"operator":null,"source":"OSM, unverified"},"geometry":{"type":"Point","coordinates":[-72.717992,44.474813]}},{"type":"Feature","properties":{"osm_id":"way/495271551","name":null,"type":"parking","fee":null,"access":null,"operator":null,"source":"OSM, unverified"},"geometry":{"type":"Point","coordinates":[-72.721136,44.473646]}},{"type":"Feature","properties":{"osm_id":"way/495307611","name":null,"type":"parking","fee":null,"access":null,"operator":null,"source":"OSM, unverified"},"geometry":{"type":"Point","coordinates":[-72.314846,44.399824]}},{"type":"Feature","properties":{"osm_id":"way/495307613","name":null,"type":"parking","fee":null,"access":null,"operator":null,"source":"OSM, unverified"},"geometry":{"type":"Point","coordinates":[-72.315308,44.400131]}},{"type":"Feature","properties":{"osm_id":"way/516807402","name":null,"type":"parking","fee":null,"access":null,"operator":null,"source":"OSM, unverified"},"geometry":{"type":"Point","coordinates":[-72.498917,44.195546]}},{"type":"Feature","properties":{"osm_id":"way/516807403","name":null,"type":"parking","fee":null,"access":null,"operator":null,"source":"OSM, unverified"},"geometry":{"type":"Point","coordinates":[-72.499498,44.195332]}},{"type":"Feature","properties":{"osm_id":"way/516807405","name":null,"type":"parking","fee":null,"access":null,"operator":null,"source":"OSM, unverified"},"geometry":{"type":"Point","coordinates":[-72.492358,44.188396]}},{"type":"Feature","properties":{"osm_id":"way/516807406","name":null,"type":"parking","fee":null,"access":null,"operator":null,"source":"OSM, unverified"},"geometry":{"type":"Point","coordinates":[-72.494506,44.189637]}},{"type":"Feature","properties":{"osm_id":"way/516816079","name":null,"type":"parking","fee":null,"access":null,"operator":null,"source":"OSM, unverified"},"geometry":{"type":"Point","coordinates":[-72.505647,44.19862]}},{"type":"Feature","properties":{"osm_id":"way/545579262","name":null,"type":"parking","fee":null,"access":null,"operator":null,"source":"OSM, unverified"},"geometry":{"type":"Point","coordinates":[-72.810935,44.201886]}},{"type":"Feature","properties":{"osm_id":"way/545579274","name":null,"type":"parking","fee":null,"access":"customers","operator":null,"source":"OSM, unverified"},"geometry":{"type":"Point","coordinates":[-72.790207,44.218537]}},{"type":"Feature","properties":{"osm_id":"way/545579275","name":null,"type":"parking","fee":null,"access":"customers","operator":null,"source":"OSM, unverified"},"geometry":{"type":"Point","coordinates":[-72.790521,44.218055]}},{"type":"Feature","properties":{"osm_id":"way/545579278","name":null,"type":"parking","fee":null,"access":null,"operator":null,"source":"OSM, unverified"},"geometry":{"type":"Point","coordinates":[-72.789632,44.220043]}},{"type":"Feature","properties":{"osm_id":"way/547514030","name":null,"type":"parking","fee":"no","access":"yes","operator":null,"source":"OSM, unverified"},"geometry":{"type":"Point","coordinates":[-72.308975,44.405383]}},{"type":"Feature","properties":{"osm_id":"way/547734081","name":null,"type":"parking","fee":null,"access":null,"operator":null,"source":"OSM, unverified"},"geometry":{"type":"Point","coordinates":[-72.308361,44.404386]}},{"type":"Feature","properties":{"osm_id":"way/547734084","name":null,"type":"parking","fee":"no","access":null,"operator":null,"source":"OSM, unverified"},"geometry":{"type":"Point","coordinates":[-72.309712,44.403486]}},{"type":"Feature","properties":{"osm_id":"way/548001584","name":null,"type":"parking","fee":null,"access":null,"operator":null,"source":"OSM, unverified"},"geometry":{"type":"Point","coordinates":[-72.30824,44.406472]}},{"type":"Feature","properties":{"osm_id":"way/548002293","name":null,"type":"parking","fee":"no","access":null,"operator":null,"source":"OSM, unverified"},"geometry":{"type":"Point","coordinates":[-72.311101,44.402584]}},{"type":"Feature","properties":{"osm_id":"way/548003123","name":null,"type":"parking","fee":"no","access":null,"operator":null,"source":"OSM, unverified"},"geometry":{"type":"Point","coordinates":[-72.311025,44.402005]}},{"type":"Feature","properties":{"osm_id":"way/558021086","name":null,"type":"parking","fee":null,"access":null,"operator":null,"source":"OSM, unverified"},"geometry":{"type":"Point","coordinates":[-72.74417,44.326276]}},{"type":"Feature","properties":{"osm_id":"way/558021087","name":null,"type":"parking","fee":null,"access":null,"operator":null,"source":"OSM, unverified"},"geometry":{"type":"Point","coordinates":[-72.743476,44.326064]}},{"type":"Feature","properties":{"osm_id":"way/558021089","name":null,"type":"parking","fee":null,"access":null,"operator":null,"source":"OSM, unverified"},"geometry":{"type":"Point","coordinates":[-72.743962,44.325446]}},{"type":"Feature","properties":{"osm_id":"way/558021093","name":null,"type":"parking","fee":null,"access":null,"operator":null,"source":"OSM, unverified"},"geometry":{"type":"Point","coordinates":[-72.744885,44.326228]}},{"type":"Feature","properties":{"osm_id":"way/558021100","name":null,"type":"parking","fee":"no","access":"yes","operator":null,"source":"OSM, unverified"},"geometry":{"type":"Point","coordinates":[-72.736831,44.324272]}},{"type":"Feature","properties":{"osm_id":"way/558021132","name":null,"type":"parking","fee":null,"access":null,"operator":null,"source":"OSM, unverified"},"geometry":{"type":"Point","coordinates":[-72.749069,44.331409]}},{"type":"Feature","properties":{"osm_id":"way/558021161","name":null,"type":"parking","fee":"no","access":"yes","operator":null,"source":"OSM, unverified"},"geometry":{"type":"Point","coordinates":[-72.759662,44.341392]}},{"type":"Feature","properties":{"osm_id":"way/558021180","name":null,"type":"parking","fee":null,"access":null,"operator":null,"source":"OSM, unverified"},"geometry":{"type":"Point","coordinates":[-72.759971,44.342845]}},{"type":"Feature","properties":{"osm_id":"way/558894029","name":null,"type":"parking","fee":null,"access":null,"operator":null,"source":"OSM, unverified"},"geometry":{"type":"Point","coordinates":[-72.781836,44.284093]}},{"type":"Feature","properties":{"osm_id":"way/558894035","name":null,"type":"parking","fee":null,"access":null,"operator":null,"source":"OSM, unverified"},"geometry":{"type":"Point","coordinates":[-72.731977,44.355417]}},{"type":"Feature","properties":{"osm_id":"way/558905155","name":null,"type":"parking","fee":"no","access":"yes","operator":null,"source":"OSM, unverified"},"geometry":{"type":"Point","coordinates":[-72.687143,44.470843]}},{"type":"Feature","properties":{"osm_id":"way/558905156","name":null,"type":"parking","fee":"no","access":"customers","operator":null,"source":"OSM, unverified"},"geometry":{"type":"Point","coordinates":[-72.686931,44.47159]}},{"type":"Feature","properties":{"osm_id":"way/558905159","name":null,"type":"parking","fee":null,"access":null,"operator":null,"source":"OSM, unverified"},"geometry":{"type":"Point","coordinates":[-72.6906,44.474336]}},{"type":"Feature","properties":{"osm_id":"way/558906064","name":null,"type":"parking","fee":null,"access":null,"operator":null,"source":"OSM, unverified"},"geometry":{"type":"Point","coordinates":[-72.700592,44.475127]}},{"type":"Feature","properties":{"osm_id":"way/558906066","name":null,"type":"parking","fee":null,"access":null,"operator":null,"source":"OSM, unverified"},"geometry":{"type":"Point","coordinates":[-72.70219,44.4754]}},{"type":"Feature","properties":{"osm_id":"way/558911664","name":null,"type":"parking","fee":null,"access":null,"operator":null,"source":"OSM, unverified"},"geometry":{"type":"Point","coordinates":[-72.58779,44.259729]}},{"type":"Feature","properties":{"osm_id":"way/559847166","name":null,"type":"parking","fee":null,"access":null,"operator":null,"source":"OSM, unverified"},"geometry":{"type":"Point","coordinates":[-72.651518,44.153312]}},{"type":"Feature","properties":{"osm_id":"way/559847181","name":null,"type":"parking","fee":null,"access":null,"operator":null,"source":"OSM, unverified"},"geometry":{"type":"Point","coordinates":[-72.656925,44.148834]}},{"type":"Feature","properties":{"osm_id":"way/559847182","name":null,"type":"parking","fee":null,"access":null,"operator":null,"source":"OSM, unverified"},"geometry":{"type":"Point","coordinates":[-72.65754,44.148967]}},{"type":"Feature","properties":{"osm_id":"way/559847183","name":null,"type":"parking","fee":null,"access":null,"operator":null,"source":"OSM, unverified"},"geometry":{"type":"Point","coordinates":[-72.65708,44.148608]}},{"type":"Feature","properties":{"osm_id":"way/559862760","name":null,"type":"parking","fee":"no","access":"yes","operator":null,"source":"OSM, unverified"},"geometry":{"type":"Point","coordinates":[-72.834405,44.173271]}},{"type":"Feature","properties":{"osm_id":"way/560164894","name":null,"type":"parking","fee":null,"access":null,"operator":null,"source":"OSM, unverified"},"geometry":{"type":"Point","coordinates":[-72.791117,44.226296]}},{"type":"Feature","properties":{"osm_id":"way/560164895","name":null,"type":"parking","fee":null,"access":null,"operator":null,"source":"OSM, unverified"},"geometry":{"type":"Point","coordinates":[-72.790058,44.226963]}},{"type":"Feature","properties":{"osm_id":"way/560168411","name":null,"type":"parking","fee":null,"access":null,"operator":null,"source":"OSM, unverified"},"geometry":{"type":"Point","coordinates":[-72.835397,44.179847]}},{"type":"Feature","properties":{"osm_id":"way/560168412","name":null,"type":"parking","fee":null,"access":null,"operator":null,"source":"OSM, unverified"},"geometry":{"type":"Point","coordinates":[-72.834997,44.179933]}},{"type":"Feature","properties":{"osm_id":"way/560168413","name":null,"type":"parking","fee":null,"access":null,"operator":null,"source":"OSM, unverified"},"geometry":{"type":"Point","coordinates":[-72.834534,44.180145]}},{"type":"Feature","properties":{"osm_id":"way/564906351","name":null,"type":"parking","fee":null,"access":null,"operator":null,"source":"OSM, unverified"},"geometry":{"type":"Point","coordinates":[-73.086337,44.481242]}},{"type":"Feature","properties":{"osm_id":"way/564906354","name":null,"type":"parking","fee":null,"access":null,"operator":null,"source":"OSM, unverified"},"geometry":{"type":"Point","coordinates":[-73.084897,44.480311]}},{"type":"Feature","properties":{"osm_id":"way/564906358","name":null,"type":"parking","fee":null,"access":null,"operator":null,"source":"OSM, unverified"},"geometry":{"type":"Point","coordinates":[-73.088113,44.481707]}},{"type":"Feature","properties":{"osm_id":"way/579004765","name":null,"type":"parking","fee":null,"access":null,"operator":null,"source":"OSM, unverified"},"geometry":{"type":"Point","coordinates":[-72.7554,44.501793]}},{"type":"Feature","properties":{"osm_id":"way/610198494","name":null,"type":"parking","fee":null,"access":null,"operator":null,"source":"OSM, unverified"},"geometry":{"type":"Point","coordinates":[-72.765818,44.511496]}},{"type":"Feature","properties":{"osm_id":"way/610198498","name":null,"type":"parking","fee":null,"access":null,"operator":null,"source":"OSM, unverified"},"geometry":{"type":"Point","coordinates":[-72.764757,44.511109]}},{"type":"Feature","properties":{"osm_id":"way/620607010","name":null,"type":"parking","fee":null,"access":null,"operator":null,"source":"OSM, unverified"},"geometry":{"type":"Point","coordinates":[-72.655702,44.161619]}},{"type":"Feature","properties":{"osm_id":"way/620607035","name":null,"type":"parking","fee":null,"access":null,"operator":null,"source":"OSM, unverified"},"geometry":{"type":"Point","coordinates":[-72.663488,44.136081]}},{"type":"Feature","properties":{"osm_id":"way/620607047","name":null,"type":"parking","fee":null,"access":null,"operator":null,"source":"OSM, unverified"},"geometry":{"type":"Point","coordinates":[-72.662933,44.139586]}},{"type":"Feature","properties":{"osm_id":"way/620614490","name":null,"type":"parking","fee":null,"access":null,"operator":null,"source":"OSM, unverified"},"geometry":{"type":"Point","coordinates":[-72.852816,44.123182]}},{"type":"Feature","properties":{"osm_id":"way/620731018","name":"Long Trail Parking Lot","type":"parking","fee":null,"access":null,"operator":null,"source":"OSM, unverified"},"geometry":{"type":"Point","coordinates":[-72.911436,44.379309]}},{"type":"Feature","properties":{"osm_id":"way/620941650","name":null,"type":"parking","fee":null,"access":null,"operator":null,"source":"OSM, unverified"},"geometry":{"type":"Point","coordinates":[-72.664766,44.145117]}},{"type":"Feature","properties":{"osm_id":"way/620941651","name":null,"type":"parking","fee":null,"access":null,"operator":null,"source":"OSM, unverified"},"geometry":{"type":"Point","coordinates":[-72.665135,44.146364]}},{"type":"Feature","properties":{"osm_id":"way/620944528","name":null,"type":"parking","fee":null,"access":null,"operator":null,"source":"OSM, unverified"},"geometry":{"type":"Point","coordinates":[-72.851307,44.115877]}},{"type":"Feature","properties":{"osm_id":"way/620944529","name":null,"type":"parking","fee":null,"access":null,"operator":null,"source":"OSM, unverified"},"geometry":{"type":"Point","coordinates":[-72.8523,44.116009]}},{"type":"Feature","properties":{"osm_id":"way/624389646","name":null,"type":"parking","fee":null,"access":null,"operator":null,"source":"OSM, unverified"},"geometry":{"type":"Point","coordinates":[-72.758982,44.342032]}},{"type":"Feature","properties":{"osm_id":"way/625063323","name":null,"type":"parking","fee":null,"access":null,"operator":null,"source":"OSM, unverified"},"geometry":{"type":"Point","coordinates":[-72.551733,44.228706]}},{"type":"Feature","properties":{"osm_id":"way/625063324","name":null,"type":"parking","fee":"no","access":"yes","operator":null,"source":"OSM, unverified"},"geometry":{"type":"Point","coordinates":[-72.552086,44.228234]}},{"type":"Feature","properties":{"osm_id":"way/625063341","name":null,"type":"parking","fee":null,"access":null,"operator":null,"source":"OSM, unverified"},"geometry":{"type":"Point","coordinates":[-72.54711,44.222095]}},{"type":"Feature","properties":{"osm_id":"way/625068032","name":null,"type":"parking","fee":null,"access":null,"operator":null,"source":"OSM, unverified"},"geometry":{"type":"Point","coordinates":[-72.888414,44.136134]}},{"type":"Feature","properties":{"osm_id":"way/625075432","name":null,"type":"parking","fee":null,"access":null,"operator":null,"source":"OSM, unverified"},"geometry":{"type":"Point","coordinates":[-72.572033,44.253733]}},{"type":"Feature","properties":{"osm_id":"way/625075433","name":null,"type":"parking","fee":null,"access":null,"operator":null,"source":"OSM, unverified"},"geometry":{"type":"Point","coordinates":[-72.574154,44.255455]}},{"type":"Feature","properties":{"osm_id":"way/625077033","name":null,"type":"parking","fee":"no","access":"customers","operator":null,"source":"OSM, unverified"},"geometry":{"type":"Point","coordinates":[-72.576635,44.259573]}},{"type":"Feature","properties":{"osm_id":"way/625081060","name":null,"type":"parking","fee":null,"access":"customers","operator":null,"source":"OSM, unverified"},"geometry":{"type":"Point","coordinates":[-72.578246,44.260031]}},{"type":"Feature","properties":{"osm_id":"way/625081068","name":null,"type":"parking","fee":null,"access":null,"operator":null,"source":"OSM, unverified"},"geometry":{"type":"Point","coordinates":[-72.577689,44.26165]}},{"type":"Feature","properties":{"osm_id":"way/626396932","name":null,"type":"parking","fee":null,"access":null,"operator":null,"source":"OSM, unverified"},"geometry":{"type":"Point","coordinates":[-72.855296,44.11326]}},{"type":"Feature","properties":{"osm_id":"way/627788322","name":null,"type":"parking","fee":null,"access":null,"operator":null,"source":"OSM, unverified"},"geometry":{"type":"Point","coordinates":[-72.582855,44.262188]}},{"type":"Feature","properties":{"osm_id":"way/627788323","name":null,"type":"parking","fee":null,"access":null,"operator":null,"source":"OSM, unverified"},"geometry":{"type":"Point","coordinates":[-72.5836,44.262615]}},{"type":"Feature","properties":{"osm_id":"way/627788325","name":null,"type":"parking","fee":null,"access":null,"operator":null,"source":"OSM, unverified"},"geometry":{"type":"Point","coordinates":[-72.582107,44.263065]}},{"type":"Feature","properties":{"osm_id":"way/627788326","name":null,"type":"parking","fee":null,"access":null,"operator":null,"source":"OSM, unverified"},"geometry":{"type":"Point","coordinates":[-72.581704,44.262956]}},{"type":"Feature","properties":{"osm_id":"way/627788327","name":null,"type":"parking","fee":null,"access":null,"operator":null,"source":"OSM, unverified"},"geometry":{"type":"Point","coordinates":[-72.581073,44.262808]}},{"type":"Feature","properties":{"osm_id":"way/627801221","name":null,"type":"parking","fee":null,"access":null,"operator":null,"source":"OSM, unverified"},"geometry":{"type":"Point","coordinates":[-72.59058,44.258734]}},{"type":"Feature","properties":{"osm_id":"way/634255304","name":null,"type":"parking","fee":null,"access":null,"operator":null,"source":"OSM, unverified"},"geometry":{"type":"Point","coordinates":[-72.713494,44.474868]}},{"type":"Feature","properties":{"osm_id":"way/672947858","name":"Waterbury Park and Ride","type":"parking","fee":"no","access":"yes","operator":"VTRANS","source":"OSM, unverified"},"geometry":{"type":"Point","coordinates":[-72.743604,44.345316]}},{"type":"Feature","properties":{"osm_id":"way/695812850","name":null,"type":"parking","fee":null,"access":null,"operator":null,"source":"OSM, unverified"},"geometry":{"type":"Point","coordinates":[-72.981572,44.39625]}},{"type":"Feature","properties":{"osm_id":"way/695812851","name":null,"type":"parking","fee":null,"access":null,"operator":null,"source":"OSM, unverified"},"geometry":{"type":"Point","coordinates":[-72.981596,44.394993]}},{"type":"Feature","properties":{"osm_id":"way/697162987","name":null,"type":"parking","fee":null,"access":null,"operator":null,"source":"OSM, unverified"},"geometry":{"type":"Point","coordinates":[-72.66301,44.137831]}},{"type":"Feature","properties":{"osm_id":"way/698413265","name":null,"type":"parking","fee":null,"access":null,"operator":null,"source":"OSM, unverified"},"geometry":{"type":"Point","coordinates":[-72.879439,44.369385]}},{"type":"Feature","properties":{"osm_id":"way/833367597","name":null,"type":"parking","fee":null,"access":null,"operator":null,"source":"OSM, unverified"},"geometry":{"type":"Point","coordinates":[-72.559671,44.250187]}},{"type":"Feature","properties":{"osm_id":"way/900522047","name":null,"type":"parking","fee":"no","access":"yes","operator":null,"source":"OSM, unverified"},"geometry":{"type":"Point","coordinates":[-72.894256,44.510684]}},{"type":"Feature","properties":{"osm_id":"way/905272431","name":null,"type":"parking","fee":null,"access":null,"operator":null,"source":"OSM, unverified"},"geometry":{"type":"Point","coordinates":[-72.786779,44.533248]}},{"type":"Feature","properties":{"osm_id":"way/906042566","name":null,"type":"parking","fee":null,"access":null,"operator":null,"source":"OSM, unverified"},"geometry":{"type":"Point","coordinates":[-72.794061,44.548507]}},{"type":"Feature","properties":{"osm_id":"way/907576644","name":null,"type":"parking","fee":null,"access":null,"operator":null,"source":"OSM, unverified"},"geometry":{"type":"Point","coordinates":[-72.323637,44.398523]}},{"type":"Feature","properties":{"osm_id":"way/943334649","name":null,"type":"parking","fee":null,"access":null,"operator":null,"source":"OSM, unverified"},"geometry":{"type":"Point","coordinates":[-72.504617,44.183184]}},{"type":"Feature","properties":{"osm_id":"way/943334650","name":null,"type":"parking","fee":null,"access":null,"operator":null,"source":"OSM, unverified"},"geometry":{"type":"Point","coordinates":[-72.504165,44.184111]}},{"type":"Feature","properties":{"osm_id":"way/943334651","name":null,"type":"parking","fee":null,"access":null,"operator":null,"source":"OSM, unverified"},"geometry":{"type":"Point","coordinates":[-72.504214,44.183861]}},{"type":"Feature","properties":{"osm_id":"way/943334656","name":null,"type":"parking","fee":null,"access":null,"operator":null,"source":"OSM, unverified"},"geometry":{"type":"Point","coordinates":[-72.504038,44.185507]}},{"type":"Feature","properties":{"osm_id":"way/958319251","name":null,"type":"parking","fee":"no","access":"customers","operator":null,"source":"OSM, unverified"},"geometry":{"type":"Point","coordinates":[-72.577272,44.258519]}},{"type":"Feature","properties":{"osm_id":"way/959790892","name":null,"type":"parking","fee":"no","access":"yes","operator":null,"source":"OSM, unverified"},"geometry":{"type":"Point","coordinates":[-72.895697,44.508738]}},{"type":"Feature","properties":{"osm_id":"way/962323007","name":null,"type":"parking","fee":"no","access":"yes","operator":"VTRANS","source":"OSM, unverified"},"geometry":{"type":"Point","coordinates":[-72.68683,44.297499]}},{"type":"Feature","properties":{"osm_id":"way/962323008","name":"Montpelier Park and Ride","type":"parking","fee":"no","access":"yes","operator":"VTRANS","source":"OSM, unverified"},"geometry":{"type":"Point","coordinates":[-72.594871,44.255107]}},{"type":"Feature","properties":{"osm_id":"way/962383110","name":"Barre Town Park and Ride","type":"parking","fee":"no","access":"yes","operator":"VTRANS","source":"OSM, unverified"},"geometry":{"type":"Point","coordinates":[-72.451258,44.163747]}},{"type":"Feature","properties":{"osm_id":"way/962383111","name":"Barre Town Park and Ride","type":"parking","fee":"no","access":"yes","operator":"VTRANS","source":"OSM, unverified"},"geometry":{"type":"Point","coordinates":[-72.507131,44.174467]}},{"type":"Feature","properties":{"osm_id":"way/962383115","name":"Williamstown Park and Ride","type":"parking","fee":"no","access":"yes","operator":"VTRANS","source":"OSM, unverified"},"geometry":{"type":"Point","coordinates":[-72.61088,44.115279]}},{"type":"Feature","properties":{"osm_id":"way/963788712","name":null,"type":"parking","fee":null,"access":null,"operator":null,"source":"OSM, unverified"},"geometry":{"type":"Point","coordinates":[-72.607006,44.256632]}},{"type":"Feature","properties":{"osm_id":"way/969921882","name":null,"type":"parking","fee":"no","access":"yes","operator":null,"source":"OSM, unverified"},"geometry":{"type":"Point","coordinates":[-72.711968,44.473681]}},{"type":"Feature","properties":{"osm_id":"way/970661013","name":null,"type":"parking","fee":"no","access":"yes","operator":null,"source":"OSM, unverified"},"geometry":{"type":"Point","coordinates":[-72.893093,44.50885]}},{"type":"Feature","properties":{"osm_id":"way/982134844","name":null,"type":"parking","fee":null,"access":null,"operator":"Onion River Campground","source":"OSM, unverified"},"geometry":{"type":"Point","coordinates":[-72.397225,44.293833]}},{"type":"Feature","properties":{"osm_id":"way/985360873","name":"Baker Pond","type":"parking","fee":"no","access":"yes","operator":null,"source":"OSM, unverified"},"geometry":{"type":"Point","coordinates":[-72.634624,44.069983]}},{"type":"Feature","properties":{"osm_id":"way/986768277","name":null,"type":"parking","fee":"no","access":"yes","operator":null,"source":"OSM, unverified"},"geometry":{"type":"Point","coordinates":[-72.686847,44.464745]}},{"type":"Feature","properties":{"osm_id":"way/988607630","name":null,"type":"parking","fee":null,"access":null,"operator":null,"source":"OSM, unverified"},"geometry":{"type":"Point","coordinates":[-72.498976,44.186245]}},{"type":"Feature","properties":{"osm_id":"way/1012867138","name":null,"type":"parking","fee":null,"access":null,"operator":null,"source":"OSM, unverified"},"geometry":{"type":"Point","coordinates":[-72.579914,44.260575]}},{"type":"Feature","properties":{"osm_id":"way/1021021640","name":null,"type":"parking","fee":"no","access":"yes","operator":null,"source":"OSM, unverified"},"geometry":{"type":"Point","coordinates":[-72.833224,44.175326]}},{"type":"Feature","properties":{"osm_id":"way/1024173158","name":null,"type":"parking","fee":null,"access":null,"operator":null,"source":"OSM, unverified"},"geometry":{"type":"Point","coordinates":[-72.540281,44.240853]}},{"type":"Feature","properties":{"osm_id":"way/1024226416","name":null,"type":"parking","fee":null,"access":null,"operator":null,"source":"OSM, unverified"},"geometry":{"type":"Point","coordinates":[-72.577096,44.261311]}},{"type":"Feature","properties":{"osm_id":"way/1024226418","name":null,"type":"parking","fee":null,"access":null,"operator":null,"source":"OSM, unverified"},"geometry":{"type":"Point","coordinates":[-72.540256,44.241754]}},{"type":"Feature","properties":{"osm_id":"way/1062998582","name":null,"type":"parking","fee":null,"access":null,"operator":null,"source":"OSM, unverified"},"geometry":{"type":"Point","coordinates":[-72.649487,44.171802]}},{"type":"Feature","properties":{"osm_id":"way/1064371798","name":"Marshfield Dam","type":"parking","fee":"no","access":null,"operator":null,"source":"OSM, unverified"},"geometry":{"type":"Point","coordinates":[-72.303423,44.363306]}},{"type":"Feature","properties":{"osm_id":"way/1069257651","name":"Rest Area I-89 (South Bound)","type":"parking","fee":null,"access":null,"operator":null,"source":"OSM, unverified"},"geometry":{"type":"Point","coordinates":[-72.809139,44.361043]}},{"type":"Feature","properties":{"osm_id":"way/1107139759","name":null,"type":"parking","fee":null,"access":null,"operator":null,"source":"OSM, unverified"},"geometry":{"type":"Point","coordinates":[-72.863858,44.093967]}},{"type":"Feature","properties":{"osm_id":"way/1117344190","name":null,"type":"parking","fee":"no","access":"yes","operator":null,"source":"OSM, unverified"},"geometry":{"type":"Point","coordinates":[-72.727182,44.480649]}},{"type":"Feature","properties":{"osm_id":"way/1127901969","name":null,"type":"parking","fee":"no","access":"yes","operator":null,"source":"OSM, unverified"},"geometry":{"type":"Point","coordinates":[-72.999253,44.403498]}},{"type":"Feature","properties":{"osm_id":"way/1128325232","name":null,"type":"parking","fee":null,"access":null,"operator":null,"source":"OSM, unverified"},"geometry":{"type":"Point","coordinates":[-72.504432,44.199106]}},{"type":"Feature","properties":{"osm_id":"way/1128325234","name":null,"type":"parking","fee":null,"access":null,"operator":null,"source":"OSM, unverified"},"geometry":{"type":"Point","coordinates":[-72.5048,44.199076]}},{"type":"Feature","properties":{"osm_id":"way/1128325238","name":null,"type":"parking","fee":null,"access":null,"operator":null,"source":"OSM, unverified"},"geometry":{"type":"Point","coordinates":[-72.504156,44.198696]}},{"type":"Feature","properties":{"osm_id":"way/1160066476","name":null,"type":"parking","fee":null,"access":null,"operator":null,"source":"OSM, unverified"},"geometry":{"type":"Point","coordinates":[-72.450373,44.159688]}},{"type":"Feature","properties":{"osm_id":"way/1177229784","name":null,"type":"parking","fee":null,"access":"customers","operator":null,"source":"OSM, unverified"},"geometry":{"type":"Point","coordinates":[-72.575517,44.330833]}},{"type":"Feature","properties":{"osm_id":"way/1179910930","name":null,"type":"parking","fee":null,"access":null,"operator":null,"source":"OSM, unverified"},"geometry":{"type":"Point","coordinates":[-72.689149,44.475266]}},{"type":"Feature","properties":{"osm_id":"way/1179910933","name":null,"type":"parking","fee":null,"access":null,"operator":null,"source":"OSM, unverified"},"geometry":{"type":"Point","coordinates":[-72.689641,44.475272]}},{"type":"Feature","properties":{"osm_id":"way/1180994192","name":null,"type":"parking","fee":"no","access":null,"operator":null,"source":"OSM, unverified"},"geometry":{"type":"Point","coordinates":[-72.688218,44.474694]}},{"type":"Feature","properties":{"osm_id":"way/1180994198","name":"Quiet path parking","type":"parking","fee":"no","access":null,"operator":null,"source":"OSM, unverified"},"geometry":{"type":"Point","coordinates":[-72.682046,44.469736]}},{"type":"Feature","properties":{"osm_id":"way/1180994203","name":"Cady Hill Forest Parking Lot","type":"parking","fee":"no","access":"customers","operator":"Town of Stowe","source":"OSM, unverified"},"geometry":{"type":"Point","coordinates":[-72.694739,44.473181]}},{"type":"Feature","properties":{"osm_id":"way/1192830193","name":null,"type":"parking","fee":null,"access":null,"operator":null,"source":"OSM, unverified"},"geometry":{"type":"Point","coordinates":[-72.43208,44.108047]}},{"type":"Feature","properties":{"osm_id":"way/1202092113","name":null,"type":"parking","fee":null,"access":null,"operator":null,"source":"OSM, unverified"},"geometry":{"type":"Point","coordinates":[-72.551585,44.224501]}},{"type":"Feature","properties":{"osm_id":"way/1202092117","name":null,"type":"parking","fee":null,"access":null,"operator":null,"source":"OSM, unverified"},"geometry":{"type":"Point","coordinates":[-72.551298,44.224244]}},{"type":"Feature","properties":{"osm_id":"way/1202092122","name":null,"type":"parking","fee":null,"access":null,"operator":null,"source":"OSM, unverified"},"geometry":{"type":"Point","coordinates":[-72.547962,44.223871]}},{"type":"Feature","properties":{"osm_id":"way/1203983659","name":null,"type":"parking","fee":null,"access":null,"operator":null,"source":"OSM, unverified"},"geometry":{"type":"Point","coordinates":[-72.569987,44.248356]}},{"type":"Feature","properties":{"osm_id":"way/1207524531","name":null,"type":"parking","fee":null,"access":null,"operator":null,"source":"OSM, unverified"},"geometry":{"type":"Point","coordinates":[-72.587237,44.259637]}},{"type":"Feature","properties":{"osm_id":"way/1207524532","name":null,"type":"parking","fee":null,"access":null,"operator":null,"source":"OSM, unverified"},"geometry":{"type":"Point","coordinates":[-72.587421,44.259982]}},{"type":"Feature","properties":{"osm_id":"way/1208099564","name":null,"type":"parking","fee":null,"access":null,"operator":null,"source":"OSM, unverified"},"geometry":{"type":"Point","coordinates":[-72.663879,44.138498]}},{"type":"Feature","properties":{"osm_id":"way/1210071781","name":null,"type":"parking","fee":"no","access":"yes","operator":"Vermont River Conservancy","source":"OSM, unverified"},"geometry":{"type":"Point","coordinates":[-72.697031,44.308199]}},{"type":"Feature","properties":{"osm_id":"way/1210071782","name":null,"type":"parking","fee":"no","access":null,"operator":null,"source":"OSM, unverified"},"geometry":{"type":"Point","coordinates":[-72.724346,44.290372]}},{"type":"Feature","properties":{"osm_id":"way/1210071806","name":null,"type":"parking","fee":null,"access":null,"operator":null,"source":"OSM, unverified"},"geometry":{"type":"Point","coordinates":[-72.851615,44.061164]}},{"type":"Feature","properties":{"osm_id":"way/1210449291","name":null,"type":"parking","fee":null,"access":null,"operator":null,"source":"OSM, unverified"},"geometry":{"type":"Point","coordinates":[-72.600458,44.253301]}},{"type":"Feature","properties":{"osm_id":"way/1210451025","name":null,"type":"parking","fee":null,"access":null,"operator":null,"source":"OSM, unverified"},"geometry":{"type":"Point","coordinates":[-72.59094,44.258009]}},{"type":"Feature","properties":{"osm_id":"way/1210464077","name":null,"type":"parking","fee":null,"access":null,"operator":null,"source":"OSM, unverified"},"geometry":{"type":"Point","coordinates":[-72.547429,44.222791]}},{"type":"Feature","properties":{"osm_id":"way/1210464078","name":null,"type":"parking","fee":null,"access":null,"operator":null,"source":"OSM, unverified"},"geometry":{"type":"Point","coordinates":[-72.547553,44.222689]}},{"type":"Feature","properties":{"osm_id":"way/1213657959","name":null,"type":"parking","fee":null,"access":null,"operator":null,"source":"OSM, unverified"},"geometry":{"type":"Point","coordinates":[-72.65611,44.153736]}},{"type":"Feature","properties":{"osm_id":"way/1213657963","name":null,"type":"parking","fee":null,"access":null,"operator":null,"source":"OSM, unverified"},"geometry":{"type":"Point","coordinates":[-72.656125,44.153974]}},{"type":"Feature","properties":{"osm_id":"way/1213724949","name":null,"type":"parking","fee":null,"access":null,"operator":null,"source":"OSM, unverified"},"geometry":{"type":"Point","coordinates":[-72.655564,44.162171]}},{"type":"Feature","properties":{"osm_id":"way/1214237752","name":null,"type":"parking","fee":"no","access":"customers","operator":null,"source":"OSM, unverified"},"geometry":{"type":"Point","coordinates":[-72.518476,44.15413]}},{"type":"Feature","properties":{"osm_id":"way/1214239285","name":null,"type":"parking","fee":null,"access":"customers","operator":null,"source":"OSM, unverified"},"geometry":{"type":"Point","coordinates":[-72.514362,44.158944]}},{"type":"Feature","properties":{"osm_id":"way/1214819445","name":null,"type":"parking","fee":null,"access":null,"operator":null,"source":"OSM, unverified"},"geometry":{"type":"Point","coordinates":[-72.449056,44.160403]}},{"type":"Feature","properties":{"osm_id":"way/1214819446","name":null,"type":"parking","fee":null,"access":null,"operator":null,"source":"OSM, unverified"},"geometry":{"type":"Point","coordinates":[-72.448506,44.160289]}},{"type":"Feature","properties":{"osm_id":"way/1218608303","name":null,"type":"parking","fee":null,"access":null,"operator":null,"source":"OSM, unverified"},"geometry":{"type":"Point","coordinates":[-72.516196,44.242082]}},{"type":"Feature","properties":{"osm_id":"way/1227039982","name":null,"type":"parking","fee":null,"access":null,"operator":null,"source":"OSM, unverified"},"geometry":{"type":"Point","coordinates":[-72.659203,44.149389]}},{"type":"Feature","properties":{"osm_id":"way/1227039983","name":null,"type":"parking","fee":null,"access":null,"operator":null,"source":"OSM, unverified"},"geometry":{"type":"Point","coordinates":[-72.659553,44.149067]}},{"type":"Feature","properties":{"osm_id":"way/1227039984","name":null,"type":"parking","fee":null,"access":null,"operator":null,"source":"OSM, unverified"},"geometry":{"type":"Point","coordinates":[-72.659499,44.149294]}},{"type":"Feature","properties":{"osm_id":"way/1227039988","name":null,"type":"parking","fee":null,"access":null,"operator":null,"source":"OSM, unverified"},"geometry":{"type":"Point","coordinates":[-72.659917,44.148886]}},{"type":"Feature","properties":{"osm_id":"way/1227045712","name":null,"type":"parking","fee":null,"access":null,"operator":null,"source":"OSM, unverified"},"geometry":{"type":"Point","coordinates":[-72.655199,44.150158]}},{"type":"Feature","properties":{"osm_id":"way/1227064387","name":null,"type":"parking","fee":null,"access":null,"operator":null,"source":"OSM, unverified"},"geometry":{"type":"Point","coordinates":[-72.755108,44.331943]}},{"type":"Feature","properties":{"osm_id":"way/1227064388","name":null,"type":"parking","fee":null,"access":null,"operator":null,"source":"OSM, unverified"},"geometry":{"type":"Point","coordinates":[-72.755124,44.332419]}},{"type":"Feature","properties":{"osm_id":"way/1227064391","name":null,"type":"parking","fee":null,"access":null,"operator":null,"source":"OSM, unverified"},"geometry":{"type":"Point","coordinates":[-72.755512,44.332461]}},{"type":"Feature","properties":{"osm_id":"way/1227064392","name":null,"type":"parking","fee":null,"access":null,"operator":null,"source":"OSM, unverified"},"geometry":{"type":"Point","coordinates":[-72.755941,44.332476]}},{"type":"Feature","properties":{"osm_id":"way/1227209577","name":null,"type":"parking","fee":null,"access":"customers","operator":null,"source":"OSM, unverified"},"geometry":{"type":"Point","coordinates":[-72.654961,44.151364]}},{"type":"Feature","properties":{"osm_id":"way/1227209578","name":null,"type":"parking","fee":null,"access":"customers","operator":null,"source":"OSM, unverified"},"geometry":{"type":"Point","coordinates":[-72.654895,44.151614]}},{"type":"Feature","properties":{"osm_id":"way/1227380887","name":null,"type":"parking","fee":null,"access":null,"operator":null,"source":"OSM, unverified"},"geometry":{"type":"Point","coordinates":[-72.753799,44.330765]}},{"type":"Feature","properties":{"osm_id":"way/1227380888","name":null,"type":"parking","fee":null,"access":null,"operator":null,"source":"OSM, unverified"},"geometry":{"type":"Point","coordinates":[-72.75377,44.330991]}},{"type":"Feature","properties":{"osm_id":"way/1227387627","name":null,"type":"parking","fee":null,"access":null,"operator":null,"source":"OSM, unverified"},"geometry":{"type":"Point","coordinates":[-72.754743,44.331352]}},{"type":"Feature","properties":{"osm_id":"way/1227387628","name":null,"type":"parking","fee":null,"access":null,"operator":null,"source":"OSM, unverified"},"geometry":{"type":"Point","coordinates":[-72.755058,44.331661]}},{"type":"Feature","properties":{"osm_id":"way/1227387629","name":null,"type":"parking","fee":null,"access":null,"operator":null,"source":"OSM, unverified"},"geometry":{"type":"Point","coordinates":[-72.750373,44.330561]}},{"type":"Feature","properties":{"osm_id":"way/1227387631","name":null,"type":"parking","fee":null,"access":null,"operator":null,"source":"OSM, unverified"},"geometry":{"type":"Point","coordinates":[-72.752421,44.330879]}},{"type":"Feature","properties":{"osm_id":"way/1227959039","name":null,"type":"parking","fee":null,"access":null,"operator":null,"source":"OSM, unverified"},"geometry":{"type":"Point","coordinates":[-72.545313,44.246149]}},{"type":"Feature","properties":{"osm_id":"way/1228040950","name":null,"type":"parking","fee":null,"access":"permissive","operator":null,"source":"OSM, unverified"},"geometry":{"type":"Point","coordinates":[-72.738798,44.354514]}},{"type":"Feature","properties":{"osm_id":"way/1228040962","name":null,"type":"parking","fee":"no","access":"customers","operator":"Ben & Jerry's - Waterbury Factory","source":"OSM, unverified"},"geometry":{"type":"Point","coordinates":[-72.739162,44.353106]}},{"type":"Feature","properties":{"osm_id":"way/1228040969","name":null,"type":"parking","fee":"no","access":"customers","operator":"Ben & Jerry's - Waterbury Factory","source":"OSM, unverified"},"geometry":{"type":"Point","coordinates":[-72.741147,44.351972]}},{"type":"Feature","properties":{"osm_id":"way/1228324868","name":null,"type":"parking","fee":null,"access":null,"operator":null,"source":"OSM, unverified"},"geometry":{"type":"Point","coordinates":[-72.655996,44.154185]}},{"type":"Feature","properties":{"osm_id":"way/1230701316","name":"Bolton Dome Parking","type":"parking","fee":"no","access":"permissive","operator":"CRAG-VT","source":"OSM, unverified"},"geometry":{"type":"Point","coordinates":[-72.860052,44.368413]}},{"type":"Feature","properties":{"osm_id":"way/1231131049","name":null,"type":"parking","fee":null,"access":null,"operator":null,"source":"OSM, unverified"},"geometry":{"type":"Point","coordinates":[-72.661364,44.15354]}},{"type":"Feature","properties":{"osm_id":"way/1233333438","name":null,"type":"parking","fee":null,"access":null,"operator":null,"source":"OSM, unverified"},"geometry":{"type":"Point","coordinates":[-72.659114,44.151968]}},{"type":"Feature","properties":{"osm_id":"way/1238665898","name":null,"type":"parking","fee":"no","access":"customers","operator":null,"source":"OSM, unverified"},"geometry":{"type":"Point","coordinates":[-72.500305,44.183276]}},{"type":"Feature","properties":{"osm_id":"way/1238665899","name":null,"type":"parking","fee":null,"access":null,"operator":null,"source":"OSM, unverified"},"geometry":{"type":"Point","coordinates":[-72.499931,44.183323]}},{"type":"Feature","properties":{"osm_id":"way/1238665921","name":null,"type":"parking","fee":null,"access":null,"operator":null,"source":"OSM, unverified"},"geometry":{"type":"Point","coordinates":[-72.4994,44.182712]}},{"type":"Feature","properties":{"osm_id":"way/1238755349","name":null,"type":"parking","fee":null,"access":null,"operator":null,"source":"OSM, unverified"},"geometry":{"type":"Point","coordinates":[-72.565538,44.250365]}},{"type":"Feature","properties":{"osm_id":"way/1238755350","name":null,"type":"parking","fee":null,"access":null,"operator":null,"source":"OSM, unverified"},"geometry":{"type":"Point","coordinates":[-72.565513,44.250163]}},{"type":"Feature","properties":{"osm_id":"way/1239288493","name":null,"type":"parking","fee":null,"access":"customers","operator":null,"source":"OSM, unverified"},"geometry":{"type":"Point","coordinates":[-72.551431,44.226833]}},{"type":"Feature","properties":{"osm_id":"way/1239288496","name":null,"type":"parking","fee":null,"access":null,"operator":null,"source":"OSM, unverified"},"geometry":{"type":"Point","coordinates":[-72.551345,44.225979]}},{"type":"Feature","properties":{"osm_id":"way/1241750517","name":null,"type":"parking","fee":"no","access":"yes","operator":null,"source":"OSM, unverified"},"geometry":{"type":"Point","coordinates":[-72.684581,44.465681]}},{"type":"Feature","properties":{"osm_id":"way/1241750518","name":null,"type":"parking","fee":null,"access":null,"operator":null,"source":"OSM, unverified"},"geometry":{"type":"Point","coordinates":[-72.685135,44.465746]}},{"type":"Feature","properties":{"osm_id":"way/1241759856","name":null,"type":"parking","fee":null,"access":null,"operator":null,"source":"OSM, unverified"},"geometry":{"type":"Point","coordinates":[-72.694544,44.4737]}},{"type":"Feature","properties":{"osm_id":"way/1241759858","name":null,"type":"parking","fee":null,"access":null,"operator":null,"source":"OSM, unverified"},"geometry":{"type":"Point","coordinates":[-72.693398,44.473675]}},{"type":"Feature","properties":{"osm_id":"way/1241791965","name":null,"type":"parking","fee":null,"access":null,"operator":null,"source":"OSM, unverified"},"geometry":{"type":"Point","coordinates":[-72.785668,44.530203]}},{"type":"Feature","properties":{"osm_id":"way/1242090825","name":null,"type":"parking","fee":null,"access":null,"operator":null,"source":"OSM, unverified"},"geometry":{"type":"Point","coordinates":[-72.583016,44.257807]}},{"type":"Feature","properties":{"osm_id":"way/1242344162","name":null,"type":"parking","fee":null,"access":"customers","operator":null,"source":"OSM, unverified"},"geometry":{"type":"Point","coordinates":[-72.576964,44.258088]}},{"type":"Feature","properties":{"osm_id":"way/1242344163","name":null,"type":"parking","fee":null,"access":null,"operator":null,"source":"OSM, unverified"},"geometry":{"type":"Point","coordinates":[-72.576705,44.257989]}},{"type":"Feature","properties":{"osm_id":"way/1243927090","name":null,"type":"parking","fee":null,"access":null,"operator":null,"source":"OSM, unverified"},"geometry":{"type":"Point","coordinates":[-72.506132,44.177547]}},{"type":"Feature","properties":{"osm_id":"way/1243927091","name":null,"type":"parking","fee":null,"access":null,"operator":null,"source":"OSM, unverified"},"geometry":{"type":"Point","coordinates":[-72.505785,44.177315]}},{"type":"Feature","properties":{"osm_id":"way/1243927092","name":null,"type":"parking","fee":null,"access":null,"operator":null,"source":"OSM, unverified"},"geometry":{"type":"Point","coordinates":[-72.505484,44.177097]}},{"type":"Feature","properties":{"osm_id":"way/1243927093","name":null,"type":"parking","fee":null,"access":null,"operator":null,"source":"OSM, unverified"},"geometry":{"type":"Point","coordinates":[-72.505099,44.177051]}},{"type":"Feature","properties":{"osm_id":"way/1245064291","name":null,"type":"parking","fee":"no","access":"customers","operator":null,"source":"OSM, unverified"},"geometry":{"type":"Point","coordinates":[-72.508001,44.173326]}},{"type":"Feature","properties":{"osm_id":"way/1245064292","name":null,"type":"parking","fee":"no","access":"customers","operator":null,"source":"OSM, unverified"},"geometry":{"type":"Point","coordinates":[-72.507924,44.173113]}},{"type":"Feature","properties":{"osm_id":"way/1245098103","name":null,"type":"parking","fee":"no","access":"customers","operator":null,"source":"OSM, unverified"},"geometry":{"type":"Point","coordinates":[-72.509866,44.170416]}},{"type":"Feature","properties":{"osm_id":"way/1245098109","name":null,"type":"parking","fee":"no","access":"customers","operator":null,"source":"OSM, unverified"},"geometry":{"type":"Point","coordinates":[-72.509488,44.171079]}},{"type":"Feature","properties":{"osm_id":"way/1245098110","name":null,"type":"parking","fee":"no","access":"customers","operator":null,"source":"OSM, unverified"},"geometry":{"type":"Point","coordinates":[-72.509302,44.170582]}},{"type":"Feature","properties":{"osm_id":"way/1245099841","name":null,"type":"parking","fee":"no","access":"customers","operator":null,"source":"OSM, unverified"},"geometry":{"type":"Point","coordinates":[-72.510192,44.168703]}},{"type":"Feature","properties":{"osm_id":"way/1246411502","name":null,"type":"parking","fee":"no","access":"customers","operator":null,"source":"OSM, unverified"},"geometry":{"type":"Point","coordinates":[-72.502738,44.184449]}},{"type":"Feature","properties":{"osm_id":"way/1246751324","name":null,"type":"parking","fee":null,"access":null,"operator":null,"source":"OSM, unverified"},"geometry":{"type":"Point","coordinates":[-72.837848,44.080107]}},{"type":"Feature","properties":{"osm_id":"way/1246869134","name":null,"type":"parking","fee":null,"access":null,"operator":null,"source":"OSM, unverified"},"geometry":{"type":"Point","coordinates":[-72.835147,44.076098]}},{"type":"Feature","properties":{"osm_id":"way/1250592863","name":null,"type":"parking","fee":null,"access":null,"operator":null,"source":"OSM, unverified"},"geometry":{"type":"Point","coordinates":[-72.50079,44.181803]}},{"type":"Feature","properties":{"osm_id":"way/1250592864","name":null,"type":"parking","fee":null,"access":null,"operator":null,"source":"OSM, unverified"},"geometry":{"type":"Point","coordinates":[-72.501079,44.181644]}},{"type":"Feature","properties":{"osm_id":"way/1250592865","name":null,"type":"parking","fee":null,"access":null,"operator":null,"source":"OSM, unverified"},"geometry":{"type":"Point","coordinates":[-72.500878,44.181629]}},{"type":"Feature","properties":{"osm_id":"way/1250592872","name":null,"type":"parking","fee":null,"access":null,"operator":null,"source":"OSM, unverified"},"geometry":{"type":"Point","coordinates":[-72.499923,44.181998]}},{"type":"Feature","properties":{"osm_id":"way/1251247250","name":null,"type":"parking","fee":null,"access":null,"operator":null,"source":"OSM, unverified"},"geometry":{"type":"Point","coordinates":[-72.499464,44.183816]}},{"type":"Feature","properties":{"osm_id":"way/1251247251","name":null,"type":"parking","fee":null,"access":null,"operator":null,"source":"OSM, unverified"},"geometry":{"type":"Point","coordinates":[-72.499904,44.183762]}},{"type":"Feature","properties":{"osm_id":"way/1256365697","name":null,"type":"parking","fee":null,"access":null,"operator":null,"source":"OSM, unverified"},"geometry":{"type":"Point","coordinates":[-72.506294,44.201904]}},{"type":"Feature","properties":{"osm_id":"way/1256365702","name":null,"type":"parking","fee":null,"access":null,"operator":null,"source":"OSM, unverified"},"geometry":{"type":"Point","coordinates":[-72.506472,44.20377]}},{"type":"Feature","properties":{"osm_id":"way/1258718642","name":null,"type":"parking","fee":null,"access":null,"operator":null,"source":"OSM, unverified"},"geometry":{"type":"Point","coordinates":[-72.503769,44.203651]}},{"type":"Feature","properties":{"osm_id":"way/1259199218","name":null,"type":"parking","fee":null,"access":"permissive","operator":null,"source":"OSM, unverified"},"geometry":{"type":"Point","coordinates":[-72.504013,44.201886]}},{"type":"Feature","properties":{"osm_id":"way/1259534050","name":null,"type":"parking","fee":null,"access":null,"operator":null,"source":"OSM, unverified"},"geometry":{"type":"Point","coordinates":[-72.504214,44.201918]}},{"type":"Feature","properties":{"osm_id":"way/1260268709","name":null,"type":"parking","fee":null,"access":"yes","operator":null,"source":"OSM, unverified"},"geometry":{"type":"Point","coordinates":[-72.51413,44.208056]}},{"type":"Feature","properties":{"osm_id":"way/1260268710","name":null,"type":"parking","fee":null,"access":"yes","operator":null,"source":"OSM, unverified"},"geometry":{"type":"Point","coordinates":[-72.514227,44.208253]}},{"type":"Feature","properties":{"osm_id":"way/1260268712","name":null,"type":"parking","fee":null,"access":"yes","operator":null,"source":"OSM, unverified"},"geometry":{"type":"Point","coordinates":[-72.515134,44.209286]}},{"type":"Feature","properties":{"osm_id":"way/1260268713","name":null,"type":"parking","fee":null,"access":"yes","operator":null,"source":"OSM, unverified"},"geometry":{"type":"Point","coordinates":[-72.514692,44.208949]}},{"type":"Feature","properties":{"osm_id":"way/1263360489","name":null,"type":"parking","fee":null,"access":null,"operator":null,"source":"OSM, unverified"},"geometry":{"type":"Point","coordinates":[-72.50586,44.199936]}},{"type":"Feature","properties":{"osm_id":"way/1263360494","name":null,"type":"parking","fee":null,"access":null,"operator":null,"source":"OSM, unverified"},"geometry":{"type":"Point","coordinates":[-72.506112,44.200274]}},{"type":"Feature","properties":{"osm_id":"way/1263360495","name":null,"type":"parking","fee":null,"access":null,"operator":null,"source":"OSM, unverified"},"geometry":{"type":"Point","coordinates":[-72.506001,44.200198]}},{"type":"Feature","properties":{"osm_id":"way/1263360496","name":null,"type":"parking","fee":null,"access":null,"operator":null,"source":"OSM, unverified"},"geometry":{"type":"Point","coordinates":[-72.50633,44.200145]}},{"type":"Feature","properties":{"osm_id":"way/1263360529","name":null,"type":"parking","fee":null,"access":null,"operator":null,"source":"OSM, unverified"},"geometry":{"type":"Point","coordinates":[-72.505876,44.198822]}},{"type":"Feature","properties":{"osm_id":"way/1263360531","name":null,"type":"parking","fee":null,"access":null,"operator":null,"source":"OSM, unverified"},"geometry":{"type":"Point","coordinates":[-72.506346,44.199035]}},{"type":"Feature","properties":{"osm_id":"way/1263360541","name":null,"type":"parking","fee":null,"access":null,"operator":null,"source":"OSM, unverified"},"geometry":{"type":"Point","coordinates":[-72.505082,44.199524]}},{"type":"Feature","properties":{"osm_id":"way/1263360542","name":null,"type":"parking","fee":null,"access":null,"operator":null,"source":"OSM, unverified"},"geometry":{"type":"Point","coordinates":[-72.50543,44.19969]}},{"type":"Feature","properties":{"osm_id":"way/1263360545","name":null,"type":"parking","fee":null,"access":null,"operator":null,"source":"OSM, unverified"},"geometry":{"type":"Point","coordinates":[-72.504853,44.199397]}},{"type":"Feature","properties":{"osm_id":"way/1263360547","name":null,"type":"parking","fee":null,"access":null,"operator":null,"source":"OSM, unverified"},"geometry":{"type":"Point","coordinates":[-72.503682,44.198273]}},{"type":"Feature","properties":{"osm_id":"way/1263360548","name":null,"type":"parking","fee":null,"access":null,"operator":null,"source":"OSM, unverified"},"geometry":{"type":"Point","coordinates":[-72.505387,44.199459]}},{"type":"Feature","properties":{"osm_id":"way/1263363963","name":null,"type":"parking","fee":null,"access":null,"operator":null,"source":"OSM, unverified"},"geometry":{"type":"Point","coordinates":[-72.501928,44.198933]}},{"type":"Feature","properties":{"osm_id":"way/1263363965","name":null,"type":"parking","fee":null,"access":null,"operator":null,"source":"OSM, unverified"},"geometry":{"type":"Point","coordinates":[-72.501528,44.19856]}},{"type":"Feature","properties":{"osm_id":"way/1264207266","name":null,"type":"parking","fee":null,"access":null,"operator":null,"source":"OSM, unverified"},"geometry":{"type":"Point","coordinates":[-72.514259,44.209213]}},{"type":"Feature","properties":{"osm_id":"way/1264207274","name":null,"type":"parking","fee":null,"access":null,"operator":null,"source":"OSM, unverified"},"geometry":{"type":"Point","coordinates":[-72.514147,44.208922]}},{"type":"Feature","properties":{"osm_id":"way/1264214055","name":null,"type":"parking","fee":null,"access":null,"operator":null,"source":"OSM, unverified"},"geometry":{"type":"Point","coordinates":[-72.553412,44.229876]}},{"type":"Feature","properties":{"osm_id":"way/1264214056","name":null,"type":"parking","fee":null,"access":null,"operator":null,"source":"OSM, unverified"},"geometry":{"type":"Point","coordinates":[-72.552819,44.229931]}},{"type":"Feature","properties":{"osm_id":"way/1266929416","name":null,"type":"parking","fee":null,"access":null,"operator":null,"source":"OSM, unverified"},"geometry":{"type":"Point","coordinates":[-72.511562,44.208197]}},{"type":"Feature","properties":{"osm_id":"way/1266929419","name":null,"type":"parking","fee":null,"access":null,"operator":null,"source":"OSM, unverified"},"geometry":{"type":"Point","coordinates":[-72.511496,44.207018]}},{"type":"Feature","properties":{"osm_id":"way/1267250479","name":null,"type":"parking","fee":null,"access":null,"operator":null,"source":"OSM, unverified"},"geometry":{"type":"Point","coordinates":[-72.451342,44.158767]}},{"type":"Feature","properties":{"osm_id":"way/1270892633","name":"East Montpelier Park & Ride","type":"parking","fee":"no","access":"yes","operator":"Vermont Agency of Transportation","source":"OSM, unverified"},"geometry":{"type":"Point","coordinates":[-72.485493,44.272156]}},{"type":"Feature","properties":{"osm_id":"way/1272922203","name":null,"type":"parking","fee":null,"access":null,"operator":null,"source":"OSM, unverified"},"geometry":{"type":"Point","coordinates":[-72.564939,44.250199]}},{"type":"Feature","properties":{"osm_id":"way/1272922226","name":null,"type":"parking","fee":null,"access":null,"operator":null,"source":"OSM, unverified"},"geometry":{"type":"Point","coordinates":[-72.572421,44.255185]}},{"type":"Feature","properties":{"osm_id":"way/1272923479","name":null,"type":"parking","fee":null,"access":null,"operator":null,"source":"OSM, unverified"},"geometry":{"type":"Point","coordinates":[-72.57027,44.252587]}},{"type":"Feature","properties":{"osm_id":"way/1272923727","name":null,"type":"parking","fee":null,"access":null,"operator":null,"source":"OSM, unverified"},"geometry":{"type":"Point","coordinates":[-72.569276,44.252307]}},{"type":"Feature","properties":{"osm_id":"way/1273849648","name":null,"type":"parking","fee":null,"access":null,"operator":null,"source":"OSM, unverified"},"geometry":{"type":"Point","coordinates":[-72.553614,44.232842]}},{"type":"Feature","properties":{"osm_id":"way/1273849649","name":null,"type":"parking","fee":null,"access":null,"operator":null,"source":"OSM, unverified"},"geometry":{"type":"Point","coordinates":[-72.552844,44.232429]}},{"type":"Feature","properties":{"osm_id":"way/1273849653","name":null,"type":"parking","fee":null,"access":"customers","operator":null,"source":"OSM, unverified"},"geometry":{"type":"Point","coordinates":[-72.552608,44.232957]}},{"type":"Feature","properties":{"osm_id":"way/1273849656","name":null,"type":"parking","fee":"no","access":"customers","operator":null,"source":"OSM, unverified"},"geometry":{"type":"Point","coordinates":[-72.553042,44.231812]}},{"type":"Feature","properties":{"osm_id":"way/1273849657","name":null,"type":"parking","fee":"no","access":"customers","operator":null,"source":"OSM, unverified"},"geometry":{"type":"Point","coordinates":[-72.552828,44.231482]}},{"type":"Feature","properties":{"osm_id":"way/1274244421","name":null,"type":"parking","fee":null,"access":"customers","operator":null,"source":"OSM, unverified"},"geometry":{"type":"Point","coordinates":[-72.552998,44.233291]}},{"type":"Feature","properties":{"osm_id":"way/1274244423","name":null,"type":"parking","fee":null,"access":"customers","operator":null,"source":"OSM, unverified"},"geometry":{"type":"Point","coordinates":[-72.553341,44.233777]}},{"type":"Feature","properties":{"osm_id":"way/1274244424","name":null,"type":"parking","fee":null,"access":"customers","operator":null,"source":"OSM, unverified"},"geometry":{"type":"Point","coordinates":[-72.553613,44.234158]}},{"type":"Feature","properties":{"osm_id":"way/1274244426","name":null,"type":"parking","fee":null,"access":null,"operator":null,"source":"OSM, unverified"},"geometry":{"type":"Point","coordinates":[-72.551715,44.229664]}},{"type":"Feature","properties":{"osm_id":"way/1274283241","name":null,"type":"parking","fee":null,"access":null,"operator":null,"source":"OSM, unverified"},"geometry":{"type":"Point","coordinates":[-72.513556,44.209106]}},{"type":"Feature","properties":{"osm_id":"way/1274283242","name":null,"type":"parking","fee":null,"access":null,"operator":null,"source":"OSM, unverified"},"geometry":{"type":"Point","coordinates":[-72.513195,44.209207]}},{"type":"Feature","properties":{"osm_id":"way/1274283254","name":null,"type":"parking","fee":null,"access":null,"operator":null,"source":"OSM, unverified"},"geometry":{"type":"Point","coordinates":[-72.512964,44.208685]}},{"type":"Feature","properties":{"osm_id":"way/1274314591","name":null,"type":"parking","fee":null,"access":null,"operator":null,"source":"OSM, unverified"},"geometry":{"type":"Point","coordinates":[-72.51069,44.205866]}},{"type":"Feature","properties":{"osm_id":"way/1274314592","name":null,"type":"parking","fee":null,"access":null,"operator":null,"source":"OSM, unverified"},"geometry":{"type":"Point","coordinates":[-72.511032,44.206232]}},{"type":"Feature","properties":{"osm_id":"way/1283787791","name":null,"type":"parking","fee":null,"access":null,"operator":null,"source":"OSM, unverified"},"geometry":{"type":"Point","coordinates":[-72.574926,44.258141]}},{"type":"Feature","properties":{"osm_id":"way/1283800234","name":null,"type":"parking","fee":null,"access":null,"operator":null,"source":"OSM, unverified"},"geometry":{"type":"Point","coordinates":[-72.580375,44.260401]}},{"type":"Feature","properties":{"osm_id":"way/1283800235","name":null,"type":"parking","fee":null,"access":null,"operator":null,"source":"OSM, unverified"},"geometry":{"type":"Point","coordinates":[-72.580444,44.26019]}},{"type":"Feature","properties":{"osm_id":"way/1283800249","name":null,"type":"parking","fee":null,"access":null,"operator":null,"source":"OSM, unverified"},"geometry":{"type":"Point","coordinates":[-72.580409,44.260701]}},{"type":"Feature","properties":{"osm_id":"way/1283800255","name":null,"type":"parking","fee":null,"access":"private","operator":null,"source":"OSM, unverified"},"geometry":{"type":"Point","coordinates":[-72.580958,44.260731]}},{"type":"Feature","properties":{"osm_id":"way/1283800256","name":null,"type":"parking","fee":"no","access":"yes","operator":null,"source":"OSM, unverified"},"geometry":{"type":"Point","coordinates":[-72.581104,44.260864]}},{"type":"Feature","properties":{"osm_id":"way/1283800257","name":null,"type":"parking","fee":null,"access":"private","operator":null,"source":"OSM, unverified"},"geometry":{"type":"Point","coordinates":[-72.581537,44.260963]}},{"type":"Feature","properties":{"osm_id":"way/1283800258","name":null,"type":"parking","fee":null,"access":null,"operator":null,"source":"OSM, unverified"},"geometry":{"type":"Point","coordinates":[-72.582507,44.261095]}},{"type":"Feature","properties":{"osm_id":"way/1284254481","name":null,"type":"parking","fee":null,"access":null,"operator":null,"source":"OSM, unverified"},"geometry":{"type":"Point","coordinates":[-72.575627,44.259043]}},{"type":"Feature","properties":{"osm_id":"way/1284254487","name":null,"type":"parking","fee":null,"access":null,"operator":null,"source":"OSM, unverified"},"geometry":{"type":"Point","coordinates":[-72.57546,44.258729]}},{"type":"Feature","properties":{"osm_id":"way/1284254488","name":null,"type":"parking","fee":null,"access":null,"operator":null,"source":"OSM, unverified"},"geometry":{"type":"Point","coordinates":[-72.575598,44.258602]}},{"type":"Feature","properties":{"osm_id":"way/1284254501","name":null,"type":"parking","fee":null,"access":null,"operator":null,"source":"OSM, unverified"},"geometry":{"type":"Point","coordinates":[-72.575616,44.256909]}},{"type":"Feature","properties":{"osm_id":"way/1284254502","name":null,"type":"parking","fee":null,"access":null,"operator":null,"source":"OSM, unverified"},"geometry":{"type":"Point","coordinates":[-72.575099,44.256534]}},{"type":"Feature","properties":{"osm_id":"way/1284254506","name":null,"type":"parking","fee":null,"access":null,"operator":null,"source":"OSM, unverified"},"geometry":{"type":"Point","coordinates":[-72.574105,44.255549]}},{"type":"Feature","properties":{"osm_id":"way/1284254507","name":null,"type":"parking","fee":null,"access":null,"operator":null,"source":"OSM, unverified"},"geometry":{"type":"Point","coordinates":[-72.573904,44.25547]}},{"type":"Feature","properties":{"osm_id":"way/1284954956","name":null,"type":"parking","fee":null,"access":null,"operator":null,"source":"OSM, unverified"},"geometry":{"type":"Point","coordinates":[-72.578076,44.256521]}},{"type":"Feature","properties":{"osm_id":"way/1284954957","name":null,"type":"parking","fee":null,"access":null,"operator":null,"source":"OSM, unverified"},"geometry":{"type":"Point","coordinates":[-72.577861,44.256426]}},{"type":"Feature","properties":{"osm_id":"way/1284954960","name":null,"type":"parking","fee":null,"access":null,"operator":null,"source":"OSM, unverified"},"geometry":{"type":"Point","coordinates":[-72.578112,44.256304]}},{"type":"Feature","properties":{"osm_id":"way/1284954961","name":null,"type":"parking","fee":null,"access":null,"operator":null,"source":"OSM, unverified"},"geometry":{"type":"Point","coordinates":[-72.578209,44.256315]}},{"type":"Feature","properties":{"osm_id":"way/1285801505","name":null,"type":"parking","fee":null,"access":"private","operator":null,"source":"OSM, unverified"},"geometry":{"type":"Point","coordinates":[-72.54463,44.243737]}},{"type":"Feature","properties":{"osm_id":"way/1287529154","name":null,"type":"parking","fee":null,"access":null,"operator":"Driving Range MTB Trails","source":"OSM, unverified"},"geometry":{"type":"Point","coordinates":[-72.850878,44.366141]}},{"type":"Feature","properties":{"osm_id":"way/1287829039","name":null,"type":"parking","fee":null,"access":null,"operator":null,"source":"OSM, unverified"},"geometry":{"type":"Point","coordinates":[-72.5494,44.244158]}},{"type":"Feature","properties":{"osm_id":"way/1287829041","name":null,"type":"parking","fee":null,"access":null,"operator":null,"source":"OSM, unverified"},"geometry":{"type":"Point","coordinates":[-72.549524,44.244411]}},{"type":"Feature","properties":{"osm_id":"way/1287829042","name":null,"type":"parking","fee":null,"access":null,"operator":null,"source":"OSM, unverified"},"geometry":{"type":"Point","coordinates":[-72.549633,44.244199]}},{"type":"Feature","properties":{"osm_id":"way/1287829048","name":null,"type":"parking","fee":null,"access":null,"operator":null,"source":"OSM, unverified"},"geometry":{"type":"Point","coordinates":[-72.54836,44.244566]}},{"type":"Feature","properties":{"osm_id":"way/1287829049","name":null,"type":"parking","fee":null,"access":null,"operator":null,"source":"OSM, unverified"},"geometry":{"type":"Point","coordinates":[-72.548691,44.244414]}},{"type":"Feature","properties":{"osm_id":"way/1287829060","name":null,"type":"parking","fee":null,"access":null,"operator":null,"source":"OSM, unverified"},"geometry":{"type":"Point","coordinates":[-72.549132,44.244759]}},{"type":"Feature","properties":{"osm_id":"way/1287829061","name":null,"type":"parking","fee":null,"access":null,"operator":null,"source":"OSM, unverified"},"geometry":{"type":"Point","coordinates":[-72.549462,44.244711]}},{"type":"Feature","properties":{"osm_id":"way/1288104140","name":null,"type":"parking","fee":null,"access":null,"operator":null,"source":"OSM, unverified"},"geometry":{"type":"Point","coordinates":[-72.554556,44.231909]}},{"type":"Feature","properties":{"osm_id":"way/1288170032","name":null,"type":"parking","fee":null,"access":null,"operator":null,"source":"OSM, unverified"},"geometry":{"type":"Point","coordinates":[-72.55435,44.233673]}},{"type":"Feature","properties":{"osm_id":"way/1288172068","name":null,"type":"parking","fee":null,"access":null,"operator":null,"source":"OSM, unverified"},"geometry":{"type":"Point","coordinates":[-72.554438,44.235582]}},{"type":"Feature","properties":{"osm_id":"way/1288172069","name":null,"type":"parking","fee":"no","access":"customers","operator":null,"source":"OSM, unverified"},"geometry":{"type":"Point","coordinates":[-72.554361,44.234843]}},{"type":"Feature","properties":{"osm_id":"way/1288172073","name":null,"type":"parking","fee":"no","access":"customers","operator":null,"source":"OSM, unverified"},"geometry":{"type":"Point","coordinates":[-72.55436,44.235099]}},{"type":"Feature","properties":{"osm_id":"way/1289403192","name":null,"type":"parking","fee":null,"access":null,"operator":null,"source":"OSM, unverified"},"geometry":{"type":"Point","coordinates":[-72.55259,44.237689]}},{"type":"Feature","properties":{"osm_id":"way/1297581726","name":null,"type":"parking","fee":null,"access":null,"operator":null,"source":"OSM, unverified"},"geometry":{"type":"Point","coordinates":[-72.506365,44.204447]}},{"type":"Feature","properties":{"osm_id":"way/1299634667","name":null,"type":"parking","fee":null,"access":null,"operator":null,"source":"OSM, unverified"},"geometry":{"type":"Point","coordinates":[-73.043821,44.47041]}},{"type":"Feature","properties":{"osm_id":"way/1300964013","name":null,"type":"parking","fee":null,"access":null,"operator":null,"source":"OSM, unverified"},"geometry":{"type":"Point","coordinates":[-72.493166,44.190386]}},{"type":"Feature","properties":{"osm_id":"way/1300971919","name":null,"type":"parking","fee":null,"access":null,"operator":null,"source":"OSM, unverified"},"geometry":{"type":"Point","coordinates":[-72.499222,44.189427]}},{"type":"Feature","properties":{"osm_id":"way/1300971961","name":null,"type":"parking","fee":null,"access":null,"operator":null,"source":"OSM, unverified"},"geometry":{"type":"Point","coordinates":[-72.501611,44.195443]}},{"type":"Feature","properties":{"osm_id":"way/1300976880","name":null,"type":"parking","fee":null,"access":null,"operator":null,"source":"OSM, unverified"},"geometry":{"type":"Point","coordinates":[-72.505135,44.193447]}},{"type":"Feature","properties":{"osm_id":"way/1302788356","name":null,"type":"parking","fee":null,"access":null,"operator":null,"source":"OSM, unverified"},"geometry":{"type":"Point","coordinates":[-72.708234,44.475486]}},{"type":"Feature","properties":{"osm_id":"way/1302788357","name":null,"type":"parking","fee":null,"access":null,"operator":null,"source":"OSM, unverified"},"geometry":{"type":"Point","coordinates":[-72.707367,44.475603]}},{"type":"Feature","properties":{"osm_id":"way/1302788358","name":null,"type":"parking","fee":null,"access":null,"operator":null,"source":"OSM, unverified"},"geometry":{"type":"Point","coordinates":[-72.707637,44.475949]}},{"type":"Feature","properties":{"osm_id":"way/1302788359","name":null,"type":"parking","fee":null,"access":null,"operator":null,"source":"OSM, unverified"},"geometry":{"type":"Point","coordinates":[-72.7065,44.47591]}},{"type":"Feature","properties":{"osm_id":"way/1302788360","name":null,"type":"parking","fee":null,"access":null,"operator":null,"source":"OSM, unverified"},"geometry":{"type":"Point","coordinates":[-72.706164,44.47584]}},{"type":"Feature","properties":{"osm_id":"way/1302788361","name":null,"type":"parking","fee":null,"access":null,"operator":null,"source":"OSM, unverified"},"geometry":{"type":"Point","coordinates":[-72.70622,44.475568]}},{"type":"Feature","properties":{"osm_id":"way/1302788362","name":null,"type":"parking","fee":null,"access":null,"operator":null,"source":"OSM, unverified"},"geometry":{"type":"Point","coordinates":[-72.705929,44.476177]}},{"type":"Feature","properties":{"osm_id":"way/1302788363","name":null,"type":"parking","fee":null,"access":null,"operator":null,"source":"OSM, unverified"},"geometry":{"type":"Point","coordinates":[-72.706116,44.476324]}},{"type":"Feature","properties":{"osm_id":"way/1302788364","name":null,"type":"parking","fee":null,"access":null,"operator":null,"source":"OSM, unverified"},"geometry":{"type":"Point","coordinates":[-72.705733,44.476655]}},{"type":"Feature","properties":{"osm_id":"way/1302788365","name":null,"type":"parking","fee":null,"access":null,"operator":null,"source":"OSM, unverified"},"geometry":{"type":"Point","coordinates":[-72.706195,44.47707]}},{"type":"Feature","properties":{"osm_id":"way/1302788366","name":null,"type":"parking","fee":null,"access":null,"operator":null,"source":"OSM, unverified"},"geometry":{"type":"Point","coordinates":[-72.705709,44.477229]}},{"type":"Feature","properties":{"osm_id":"way/1302892792","name":null,"type":"parking","fee":null,"access":null,"operator":null,"source":"OSM, unverified"},"geometry":{"type":"Point","coordinates":[-72.507286,44.202946]}},{"type":"Feature","properties":{"osm_id":"way/1303943853","name":null,"type":"parking","fee":null,"access":null,"operator":null,"source":"OSM, unverified"},"geometry":{"type":"Point","coordinates":[-72.574742,44.259373]}},{"type":"Feature","properties":{"osm_id":"way/1303986647","name":null,"type":"parking","fee":null,"access":null,"operator":null,"source":"OSM, unverified"},"geometry":{"type":"Point","coordinates":[-72.505523,44.19733]}},{"type":"Feature","properties":{"osm_id":"way/1304313288","name":null,"type":"parking","fee":null,"access":null,"operator":null,"source":"OSM, unverified"},"geometry":{"type":"Point","coordinates":[-72.503085,44.197539]}},{"type":"Feature","properties":{"osm_id":"way/1304313289","name":null,"type":"parking","fee":null,"access":null,"operator":null,"source":"OSM, unverified"},"geometry":{"type":"Point","coordinates":[-72.502585,44.197181]}},{"type":"Feature","properties":{"osm_id":"way/1304313290","name":null,"type":"parking","fee":null,"access":null,"operator":null,"source":"OSM, unverified"},"geometry":{"type":"Point","coordinates":[-72.502929,44.197574]}},{"type":"Feature","properties":{"osm_id":"way/1304313291","name":null,"type":"parking","fee":null,"access":null,"operator":null,"source":"OSM, unverified"},"geometry":{"type":"Point","coordinates":[-72.502515,44.196848]}},{"type":"Feature","properties":{"osm_id":"way/1304313292","name":null,"type":"parking","fee":null,"access":null,"operator":null,"source":"OSM, unverified"},"geometry":{"type":"Point","coordinates":[-72.502466,44.197298]}},{"type":"Feature","properties":{"osm_id":"way/1304313293","name":null,"type":"parking","fee":null,"access":null,"operator":null,"source":"OSM, unverified"},"geometry":{"type":"Point","coordinates":[-72.502384,44.197452]}},{"type":"Feature","properties":{"osm_id":"way/1304313311","name":null,"type":"parking","fee":null,"access":"no","operator":null,"source":"OSM, unverified"},"geometry":{"type":"Point","coordinates":[-72.502868,44.196772]}},{"type":"Feature","properties":{"osm_id":"way/1304950350","name":null,"type":"parking","fee":null,"access":null,"operator":null,"source":"OSM, unverified"},"geometry":{"type":"Point","coordinates":[-72.500107,44.192616]}},{"type":"Feature","properties":{"osm_id":"way/1304950355","name":null,"type":"parking","fee":null,"access":null,"operator":null,"source":"OSM, unverified"},"geometry":{"type":"Point","coordinates":[-72.500539,44.193156]}},{"type":"Feature","properties":{"osm_id":"way/1304950356","name":null,"type":"parking","fee":null,"access":null,"operator":null,"source":"OSM, unverified"},"geometry":{"type":"Point","coordinates":[-72.50032,44.192871]}},{"type":"Feature","properties":{"osm_id":"way/1304950364","name":null,"type":"parking","fee":null,"access":null,"operator":null,"source":"OSM, unverified"},"geometry":{"type":"Point","coordinates":[-72.498877,44.19125]}},{"type":"Feature","properties":{"osm_id":"way/1304950365","name":null,"type":"parking","fee":null,"access":null,"operator":null,"source":"OSM, unverified"},"geometry":{"type":"Point","coordinates":[-72.499047,44.191287]}},{"type":"Feature","properties":{"osm_id":"way/1322079780","name":null,"type":"parking","fee":"no","access":"customers","operator":"Ben & Jerry's - Waterbury Factory","source":"OSM, unverified"},"geometry":{"type":"Point","coordinates":[-72.741777,44.351945]}},{"type":"Feature","properties":{"osm_id":"way/1322079781","name":null,"type":"parking","fee":"no","access":"customers","operator":"Ben & Jerry's - Waterbury Factory","source":"OSM, unverified"},"geometry":{"type":"Point","coordinates":[-72.742387,44.351529]}},{"type":"Feature","properties":{"osm_id":"way/1334089403","name":null,"type":"parking","fee":"no","access":"customers","operator":null,"source":"OSM, unverified"},"geometry":{"type":"Point","coordinates":[-72.353553,44.351129]}},{"type":"Feature","properties":{"osm_id":"way/1361280806","name":null,"type":"parking","fee":null,"access":null,"operator":null,"source":"OSM, unverified"},"geometry":{"type":"Point","coordinates":[-72.816868,44.357362]}},{"type":"Feature","properties":{"osm_id":"way/1389662511","name":null,"type":"parking","fee":"no","access":"yes","operator":null,"source":"OSM, unverified"},"geometry":{"type":"Point","coordinates":[-72.685619,44.465829]}},{"type":"Feature","properties":{"osm_id":"way/1402254875","name":null,"type":"parking","fee":null,"access":null,"operator":null,"source":"OSM, unverified"},"geometry":{"type":"Point","coordinates":[-72.795727,44.549938]}},{"type":"Feature","properties":{"osm_id":"way/1411633696","name":null,"type":"parking","fee":null,"access":null,"operator":null,"source":"OSM, unverified"},"geometry":{"type":"Point","coordinates":[-72.683934,44.294395]}},{"type":"Feature","properties":{"osm_id":"way/1411633697","name":null,"type":"parking","fee":null,"access":null,"operator":null,"source":"OSM, unverified"},"geometry":{"type":"Point","coordinates":[-72.683177,44.294598]}},{"type":"Feature","properties":{"osm_id":"way/1411633698","name":null,"type":"parking","fee":null,"access":null,"operator":null,"source":"OSM, unverified"},"geometry":{"type":"Point","coordinates":[-72.682689,44.294008]}},{"type":"Feature","properties":{"osm_id":"way/1414905808","name":null,"type":"parking","fee":null,"access":null,"operator":null,"source":"OSM, unverified"},"geometry":{"type":"Point","coordinates":[-72.578587,44.261659]}},{"type":"Feature","properties":{"osm_id":"way/1414905815","name":null,"type":"parking","fee":null,"access":null,"operator":null,"source":"OSM, unverified"},"geometry":{"type":"Point","coordinates":[-72.579051,44.261134]}},{"type":"Feature","properties":{"osm_id":"way/1415205845","name":null,"type":"parking","fee":null,"access":"private","operator":null,"source":"OSM, unverified"},"geometry":{"type":"Point","coordinates":[-72.578697,44.259733]}},{"type":"Feature","properties":{"osm_id":"way/1416862572","name":null,"type":"parking","fee":null,"access":null,"operator":null,"source":"OSM, unverified"},"geometry":{"type":"Point","coordinates":[-72.975946,44.394906]}},{"type":"Feature","properties":{"osm_id":"way/1453230860","name":null,"type":"parking","fee":null,"access":null,"operator":null,"source":"OSM, unverified"},"geometry":{"type":"Point","coordinates":[-72.967763,44.391037]}},{"type":"Feature","properties":{"osm_id":"way/1462100271","name":null,"type":"parking","fee":null,"access":null,"operator":null,"source":"OSM, unverified"},"geometry":{"type":"Point","coordinates":[-72.837032,44.152484]}},{"type":"Feature","properties":{"osm_id":"way/1483458271","name":null,"type":"parking","fee":null,"access":null,"operator":null,"source":"OSM, unverified"},"geometry":{"type":"Point","coordinates":[-73.094978,44.482061]}},{"type":"Feature","properties":{"osm_id":"way/1483842241","name":null,"type":"parking","fee":null,"access":null,"operator":null,"source":"OSM, unverified"},"geometry":{"type":"Point","coordinates":[-73.100121,44.477707]}},{"type":"Feature","properties":{"osm_id":"way/1483886852","name":null,"type":"parking","fee":null,"access":null,"operator":null,"source":"OSM, unverified"},"geometry":{"type":"Point","coordinates":[-73.095099,44.481043]}},{"type":"Feature","properties":{"osm_id":"way/1499389139","name":null,"type":"parking","fee":null,"access":null,"operator":"Bent Nails Roadhouse","source":"OSM, unverified"},"geometry":{"type":"Point","coordinates":[-72.682869,44.294917]}},{"type":"Feature","properties":{"osm_id":"way/1501142342","name":null,"type":"parking","fee":null,"access":null,"operator":null,"source":"OSM, unverified"},"geometry":{"type":"Point","coordinates":[-72.437925,44.279579]}},{"type":"Feature","properties":{"osm_id":"way/1501143837","name":null,"type":"parking","fee":null,"access":null,"operator":null,"source":"OSM, unverified"},"geometry":{"type":"Point","coordinates":[-72.432807,44.277825]}},{"type":"Feature","properties":{"osm_id":"way/1501143838","name":null,"type":"parking","fee":null,"access":null,"operator":null,"source":"OSM, unverified"},"geometry":{"type":"Point","coordinates":[-72.43276,44.276871]}},{"type":"Feature","properties":{"osm_id":"way/1501143839","name":null,"type":"parking","fee":null,"access":null,"operator":null,"source":"OSM, unverified"},"geometry":{"type":"Point","coordinates":[-72.431644,44.277761]}},{"type":"Feature","properties":{"osm_id":"way/1501143840","name":null,"type":"parking","fee":null,"access":null,"operator":null,"source":"OSM, unverified"},"geometry":{"type":"Point","coordinates":[-72.432311,44.276873]}},{"type":"Feature","properties":{"osm_id":"way/1501143848","name":null,"type":"parking","fee":null,"access":null,"operator":null,"source":"OSM, unverified"},"geometry":{"type":"Point","coordinates":[-72.43261,44.278351]}},{"type":"Feature","properties":{"osm_id":"way/1547034389","name":null,"type":"parking","fee":null,"access":null,"operator":null,"source":"OSM, unverified"},"geometry":{"type":"Point","coordinates":[-72.728614,44.48901]}},{"type":"Feature","properties":{"osm_id":"way/1547034390","name":null,"type":"parking","fee":null,"access":null,"operator":null,"source":"OSM, unverified"},"geometry":{"type":"Point","coordinates":[-72.728719,44.488884]}},{"type":"Feature","properties":{"osm_id":"way/1547034391","name":null,"type":"parking","fee":null,"access":null,"operator":null,"source":"OSM, unverified"},"geometry":{"type":"Point","coordinates":[-72.728669,44.48924]}},{"type":"Feature","properties":{"osm_id":"way/1547034392","name":null,"type":"parking","fee":null,"access":null,"operator":null,"source":"OSM, unverified"},"geometry":{"type":"Point","coordinates":[-72.728801,44.48932]}},{"type":"Feature","properties":{"osm_id":"way/1547034406","name":null,"type":"parking","fee":null,"access":null,"operator":null,"source":"OSM, unverified"},"geometry":{"type":"Point","coordinates":[-72.730909,44.490025]}},{"type":"Feature","properties":{"osm_id":"way/1547034407","name":null,"type":"parking","fee":null,"access":null,"operator":null,"source":"OSM, unverified"},"geometry":{"type":"Point","coordinates":[-72.730661,44.48996]}},{"type":"Feature","properties":{"osm_id":"way/1547034408","name":null,"type":"parking","fee":null,"access":null,"operator":null,"source":"OSM, unverified"},"geometry":{"type":"Point","coordinates":[-72.730601,44.490069]}},{"type":"Feature","properties":{"osm_id":"way/1547034409","name":null,"type":"parking","fee":null,"access":null,"operator":null,"source":"OSM, unverified"},"geometry":{"type":"Point","coordinates":[-72.730851,44.490134]}},{"type":"Feature","properties":{"osm_id":"way/1547034410","name":null,"type":"parking","fee":null,"access":null,"operator":null,"source":"OSM, unverified"},"geometry":{"type":"Point","coordinates":[-72.729911,44.489892]}},{"type":"Feature","properties":{"osm_id":"way/1547034411","name":null,"type":"parking","fee":null,"access":null,"operator":null,"source":"OSM, unverified"},"geometry":{"type":"Point","coordinates":[-72.730175,44.489959]}},{"type":"Feature","properties":{"osm_id":"way/1547034412","name":null,"type":"parking","fee":null,"access":null,"operator":null,"source":"OSM, unverified"},"geometry":{"type":"Point","coordinates":[-72.72997,44.489784]}},{"type":"Feature","properties":{"osm_id":"way/1547034413","name":null,"type":"parking","fee":null,"access":null,"operator":null,"source":"OSM, unverified"},"geometry":{"type":"Point","coordinates":[-72.730215,44.489849]}},{"type":"Feature","properties":{"osm_id":"way/1551432363","name":null,"type":"parking","fee":null,"access":null,"operator":null,"source":"OSM, unverified"},"geometry":{"type":"Point","coordinates":[-72.84119,44.180622]}}]}