{"type":"FeatureCollection","properties":{"source":"OpenStreetMap via Overpass API (ODbL)","fetched":"2026-09-24","bbox":[-73.1,43.95,-72.2,44.6]},"features":[{"type":"Feature","properties":{"osm_id":"way/19668548","name":"Purinton Road","highway":"track","sac_scale":null,"source":"OSM, unverified"},"geometry":{"type":"LineString","coordinates":[[-73.0477,44.1649],[-73.0418,44.1656],[-73.0395,44.164],[-73.0366,44.1661],[-73.0296,44.167],[-73.0292,44.1669],[-73.0285,44.165],[-73.0279,44.1645],[-73.0269,44.1643],[-73.0257,44.1637],[-73.024,44.1639],[-73.0228,44.1631],[-73.0209,44.1629]]}},{"type":"Feature","properties":{"osm_id":"way/19670115","name":"West Hill Extension","highway":"track","sac_scale":null,"source":"OSM, unverified"},"geometry":{"type":"LineString","coordinates":[[-72.862,43.9987],[-72.8613,43.9979]]}},{"type":"Feature","properties":{"osm_id":"way/19671009","name":"Old Town Road","highway":"track","sac_scale":null,"source":"OSM, unverified"},"geometry":{"type":"LineString","coordinates":[[-73.0416,43.9712],[-73.0423,43.971],[-73.043,43.9703],[-73.0438,43.9699],[-73.0506,43.9684]]}},{"type":"Feature","properties":{"osm_id":"way/19677031","name":"Bristol Pond Road","highway":"track","sac_scale":null,"source":"OSM, unverified"},"geometry":{"type":"LineString","coordinates":[[-73.0813,44.1695],[-73.0799,44.1709],[-73.0799,44.1726],[-73.0804,44.1748],[-73.0803,44.1755],[-73.081,44.1769],[-73.081,44.1776],[-73.0803,44.1783],[-73.0802,44.179],[-73.0818,44.1804],[-73.083,44.1822],[-73.0832,44.1833],[-73.0847,44.1844],[-73.0846,44.1854],[-73.085,44.1868],[-73.0853,44.1873],[-73.0863,44.1878],[-73.087,44.1893],[-73.088,44.19],[-73.0891,44.1901],[-73.1007,44.1889]]}},{"type":"Feature","properties":{"osm_id":"way/19677733","name":"Town Highway 29","highway":"track","sac_scale":null,"source":"OSM, unverified"},"geometry":{"type":"LineString","coordinates":[[-73.045,44.071],[-73.045,44.072],[-73.0447,44.0728],[-73.0468,44.0738]]}},{"type":"Feature","properties":{"osm_id":"way/19678868","name":"Stetson Hollow","highway":"track","sac_scale":null,"source":"OSM, unverified"},"geometry":{"type":"LineString","coordinates":[[-72.8972,44.0678],[-72.8967,44.069],[-72.8959,44.0696],[-72.8949,44.0696],[-72.8925,44.0691],[-72.8901,44.0698],[-72.8876,44.0711],[-72.8832,44.0726],[-72.8774,44.0757]]}},{"type":"Feature","properties":{"osm_id":"way/19679263","name":"Texas Bridge","highway":"track","sac_scale":null,"source":"OSM, unverified"},"geometry":{"type":"LineString","coordinates":[[-72.9053,43.9533],[-72.9035,43.9559],[-72.9025,43.9566],[-72.902,43.9579]]}},{"type":"Feature","properties":{"osm_id":"way/19679493","name":"Town Highway 25","highway":"track","sac_scale":null,"source":"OSM, unverified"},"geometry":{"type":"LineString","coordinates":[[-73.0078,44.081],[-73.0044,44.0766]]}},{"type":"Feature","properties":{"osm_id":"way/19679743","name":"West Brown Hill","highway":"track","sac_scale":null,"source":"OSM, unverified"},"geometry":{"type":"LineString","coordinates":[[-73.0093,44.247],[-73.0086,44.2479],[-73.0077,44.2482],[-73.0044,44.2476],[-72.9998,44.248],[-72.995,44.2473]]}},{"type":"Feature","properties":{"osm_id":"way/19679982","name":"Perry Sweet Road","highway":"track","sac_scale":null,"source":"OSM, unverified"},"geometry":{"type":"LineString","coordinates":[[-72.9944,44.2473],[-72.9948,44.2464],[-72.9948,44.2433],[-72.9933,44.2421],[-72.9938,44.2403]]}},{"type":"Feature","properties":{"osm_id":"way/19680018","name":"Braintree Mountain Road","highway":"track","sac_scale":null,"source":"OSM, unverified"},"geometry":{"type":"LineString","coordinates":[[-72.814,43.9705],[-72.8133,43.9706],[-72.8117,43.9725],[-72.8094,43.9725],[-72.8076,43.9722],[-72.8075,43.9725],[-72.8078,43.973],[-72.8066,43.9728]]}},{"type":"Feature","properties":{"osm_id":"way/19681631","name":"Town Highway 11","highway":"track","sac_scale":null,"source":"OSM, unverified"},"geometry":{"type":"LineString","coordinates":[[-72.8713,43.995],[-72.8763,43.9993],[-72.8765,43.9997],[-72.8762,44.0001],[-72.8763,44.0006],[-72.8788,44.0009]]}},{"type":"Feature","properties":{"osm_id":"way/19681664","name":"Brown Hill East","highway":"track","sac_scale":null,"source":"OSM, unverified"},"geometry":{"type":"LineString","coordinates":[[-72.9921,44.2467],[-72.9885,44.2457],[-72.9877,44.2458],[-72.9864,44.2466],[-72.9841,44.2464]]}},{"type":"Feature","properties":{"osm_id":"way/19681824","name":"Braintree Gap Road","highway":"track","sac_scale":null,"source":"OSM, unverified"},"geometry":{"type":"LineString","coordinates":[[-72.8066,43.9728],[-72.8061,43.9727],[-72.8047,43.9717],[-72.8019,43.9711],[-72.8006,43.9715],[-72.7984,43.9733],[-72.7958,43.9762],[-72.7906,43.978],[-72.7878,43.9798],[-72.7831,43.9842],[-72.7801,43.9841],[-72.7737,43.9856]]}},{"type":"Feature","properties":{"osm_id":"way/19682215","name":"Barrows Road","highway":"track","sac_scale":null,"source":"OSM, unverified"},"geometry":{"type":"LineString","coordinates":[[-72.9635,44.03],[-72.9643,44.029],[-72.9631,44.028],[-72.9618,44.0279],[-72.9615,44.0274],[-72.961,44.0273],[-72.9575,44.0273],[-72.9575,44.0267],[-72.958,44.0258],[-72.9529,44.0263],[-72.9522,44.0269],[-72.9512,44.0272]]}},{"type":"Feature","properties":{"osm_id":"way/19682618","name":"Pine Mountain Road","highway":"track","sac_scale":null,"source":"OSM, unverified"},"geometry":{"type":"LineString","coordinates":[[-72.2084,44.1961],[-72.2051,44.1956],[-72.2035,44.1941],[-72.201,44.1941],[-72.2001,44.1935],[-72.1992,44.1916],[-72.1985,44.1913]]}},{"type":"Feature","properties":{"osm_id":"way/19682723","name":"Sam Stokes Road","highway":"track","sac_scale":null,"source":"OSM, unverified"},"geometry":{"type":"LineString","coordinates":[[-72.9774,44.1783],[-72.9776,44.1792],[-72.9789,44.1801]]}},{"type":"Feature","properties":{"osm_id":"way/19682769","name":"South Branch Road","highway":"track","sac_scale":null,"source":"OSM, unverified"},"geometry":{"type":"LineString","coordinates":[[-72.2826,44.2457],[-72.2825,44.2452],[-72.2841,44.245],[-72.2855,44.2439],[-72.2854,44.2424],[-72.286,44.2408],[-72.2851,44.2394],[-72.2851,44.2389],[-72.2857,44.2376],[-72.2874,44.2372],[-72.2878,44.2368],[-72.2872,44.2355],[-72.2878,44.2339],[-72.2876,44.2331],[-72.2864,44.2314],[-72.2849,44.2308],[-72.2838,44.2306]]}},{"type":"Feature","properties":{"osm_id":"way/19684025","name":"Welch Road","highway":"track","sac_scale":null,"source":"OSM, unverified"},"geometry":{"type":"LineString","coordinates":[[-72.2559,44.2133],[-72.2583,44.214],[-72.2629,44.2161],[-72.2663,44.217],[-72.268,44.2179]]}},{"type":"Feature","properties":{"osm_id":"way/19684083","name":"Natl Forest Road 81","highway":"track","sac_scale":null,"source":"OSM, unverified"},"geometry":{"type":"LineString","coordinates":[[-73.027,44.0589],[-73.0242,44.0636],[-73.0193,44.0686]]}},{"type":"Feature","properties":{"osm_id":"way/19684329","name":"Peacham Pond Road","highway":"track","sac_scale":null,"source":"OSM, unverified"},"geometry":{"type":"LineString","coordinates":[[-72.2544,44.3393],[-72.2526,44.3397],[-72.251,44.3393],[-72.2505,44.3388],[-72.2493,44.3389],[-72.2488,44.3387]]}},{"type":"Feature","properties":{"osm_id":"way/19684384","name":"Spring Hill Lane","highway":"track","sac_scale":null,"source":"OSM, unverified"},"geometry":{"type":"LineString","coordinates":[[-72.9803,44.2756],[-72.9791,44.2757],[-72.9779,44.2765],[-72.975,44.2776],[-72.9745,44.2776],[-72.9747,44.2786],[-72.9752,44.2796]]}},{"type":"Feature","properties":{"osm_id":"way/19684385","name":"Spring Hill Lane","highway":"track","sac_scale":null,"source":"OSM, unverified"},"geometry":{"type":"LineString","coordinates":[[-72.9752,44.2796],[-72.9745,44.2801],[-72.9751,44.281]]}},{"type":"Feature","properties":{"osm_id":"way/19684678","name":"Pratt Road","highway":"track","sac_scale":null,"source":"OSM, unverified"},"geometry":{"type":"LineString","coordinates":[[-73.082,43.9517],[-73.0815,43.9523],[-73.0811,43.9537],[-73.0818,43.954],[-73.083,43.954],[-73.0854,43.9548],[-73.0863,43.9554],[-73.0876,43.957],[-73.0904,43.9583],[-73.0905,43.9586]]}},{"type":"Feature","properties":{"osm_id":"way/19684711","name":"Chandler Hill","highway":"track","sac_scale":null,"source":"OSM, unverified"},"geometry":{"type":"LineString","coordinates":[[-73.0169,43.9898],[-73.0163,43.9903]]}},{"type":"Feature","properties":{"osm_id":"way/19684912","name":"Guthrie Road","highway":"track","sac_scale":null,"source":"OSM, unverified"},"geometry":{"type":"LineString","coordinates":[[-73.0178,44.1534],[-73.0192,44.1573]]}},{"type":"Feature","properties":{"osm_id":"way/19684985","name":"Sparhawk Road","highway":"track","sac_scale":null,"source":"OSM, unverified"},"geometry":{"type":"LineString","coordinates":[[-72.2028,44.5832],[-72.2093,44.5845],[-72.2118,44.5858],[-72.2161,44.5872]]}},{"type":"Feature","properties":{"osm_id":"way/19684999","name":"Stevens Hill East","highway":"track","sac_scale":null,"source":"OSM, unverified"},"geometry":{"type":"LineString","coordinates":[[-72.2586,44.4743],[-72.2571,44.4744],[-72.251,44.4738],[-72.2465,44.4746]]}},{"type":"Feature","properties":{"osm_id":"way/19685162","name":"Beaver Meadow Trail","highway":"track","sac_scale":null,"source":"OSM, unverified"},"geometry":{"type":"LineString","coordinates":[[-73.0508,44.0508],[-73.0512,44.0502],[-73.0522,44.0496],[-73.0537,44.0492],[-73.0547,44.0494],[-73.0553,44.049],[-73.056,44.0481],[-73.0587,44.0476]]}},{"type":"Feature","properties":{"osm_id":"way/19685844","name":"Bedell Road","highway":"track","sac_scale":null,"source":"OSM, unverified"},"geometry":{"type":"LineString","coordinates":[[-72.3147,44.4682],[-72.3166,44.469]]}},{"type":"Feature","properties":{"osm_id":"way/19686120","name":"South Branch Road","highway":"track","sac_scale":null,"source":"OSM, unverified"},"geometry":{"type":"LineString","coordinates":[[-72.2756,44.2241],[-72.2764,44.2259],[-72.2779,44.2272],[-72.2787,44.2283],[-72.2807,44.2294],[-72.2821,44.2296],[-72.2838,44.2306]]}},{"type":"Feature","properties":{"osm_id":"way/19687716","name":"Webber Road","highway":"track","sac_scale":null,"source":"OSM, unverified"},"geometry":{"type":"LineString","coordinates":[[-72.2087,44.1927],[-72.2076,44.1921]]}},{"type":"Feature","properties":{"osm_id":"way/19688543","name":"Broadway","highway":"track","sac_scale":null,"source":"OSM, unverified"},"geometry":{"type":"LineString","coordinates":[[-72.8613,44.421],[-72.86,44.4213],[-72.858,44.4223],[-72.8559,44.4224],[-72.8546,44.4229],[-72.8533,44.4242],[-72.8531,44.4248]]}},{"type":"Feature","properties":{"osm_id":"way/19690380","name":"Town Highway 45","highway":"track","sac_scale":null,"source":"OSM, unverified"},"geometry":{"type":"LineString","coordinates":[[-72.3166,44.469],[-72.3175,44.4699],[-72.3183,44.4699],[-72.319,44.4702]]}},{"type":"Feature","properties":{"osm_id":"way/19691056","name":"Pigeon Pond Road","highway":"track","sac_scale":null,"source":"OSM, unverified"},"geometry":{"type":"LineString","coordinates":[[-72.3297,44.2548],[-72.328,44.2534],[-72.3259,44.2522]]}},{"type":"Feature","properties":{"osm_id":"way/19691637","name":"Foster Pond Road","highway":"track","sac_scale":null,"source":"OSM, unverified"},"geometry":{"type":"LineString","coordinates":[[-72.2043,44.3222],[-72.2062,44.3215],[-72.2081,44.3218],[-72.2138,44.3245],[-72.2153,44.326],[-72.216,44.3294]]}},{"type":"Feature","properties":{"osm_id":"way/19692358","name":"Skunk Hollow Road","highway":"track","sac_scale":null,"source":"OSM, unverified"},"geometry":{"type":"LineString","coordinates":[[-72.2518,44.5153],[-72.2488,44.5156],[-72.2454,44.5177],[-72.2437,44.5183],[-72.2385,44.5217]]}},{"type":"Feature","properties":{"osm_id":"way/19692980","name":"West View Drive","highway":"track","sac_scale":null,"source":"OSM, unverified"},"geometry":{"type":"LineString","coordinates":[[-73.0747,44.3065],[-73.0738,44.3066],[-73.0732,44.3088],[-73.0723,44.3091]]}},{"type":"Feature","properties":{"osm_id":"way/19700314","name":"State Forest Highway","highway":"track","sac_scale":null,"source":"OSM, unverified"},"geometry":{"type":"LineString","coordinates":[[-72.9336,44.2964],[-72.9303,44.2971],[-72.9248,44.2958],[-72.9151,44.2956],[-72.9133,44.2952],[-72.9119,44.2953]]}},{"type":"Feature","properties":{"osm_id":"way/19701055","name":"Ross Hill Road","highway":"track","sac_scale":null,"source":"OSM, unverified"},"geometry":{"type":"LineString","coordinates":[[-72.6931,44.5321],[-72.6914,44.5311],[-72.6896,44.5305],[-72.6883,44.5308],[-72.687,44.5327],[-72.6862,44.5331],[-72.6851,44.5331],[-72.6834,44.5324]]}},{"type":"Feature","properties":{"osm_id":"way/19701277","name":"Figel Hill Road","highway":"track","sac_scale":null,"source":"OSM, unverified"},"geometry":{"type":"LineString","coordinates":[[-72.8747,44.4744],[-72.8781,44.476],[-72.8788,44.4769],[-72.8781,44.4777],[-72.8791,44.4793],[-72.8814,44.4805],[-72.8839,44.4806],[-72.8846,44.4821],[-72.8853,44.483],[-72.8866,44.4835],[-72.8886,44.4818]]}},{"type":"Feature","properties":{"osm_id":"way/19701927","name":"Bradley Harris Road","highway":"track","sac_scale":null,"source":"OSM, unverified"},"geometry":{"type":"LineString","coordinates":[[-72.4948,44.5475],[-72.498,44.5473],[-72.5009,44.5479],[-72.5013,44.547],[-72.5019,44.5466],[-72.5019,44.5459],[-72.5032,44.5442]]}},{"type":"Feature","properties":{"osm_id":"way/19702181","name":"Momsen Road","highway":"track","sac_scale":null,"source":"OSM, unverified"},"geometry":{"type":"LineString","coordinates":[[-72.5139,43.9644],[-72.5141,43.9646]]}},{"type":"Feature","properties":{"osm_id":"way/19702493","name":"McCall Pasture Road","highway":"track","sac_scale":null,"source":"OSM, unverified"},"geometry":{"type":"LineString","coordinates":[[-72.6251,44.4734],[-72.6198,44.472],[-72.6168,44.4706],[-72.616,44.4697],[-72.6161,44.4693],[-72.6206,44.4632],[-72.6208,44.4621],[-72.6216,44.4606]]}},{"type":"Feature","properties":{"osm_id":"way/19702576","name":"Town Highway 29","highway":"track","sac_scale":null,"source":"OSM, unverified"},"geometry":{"type":"LineString","coordinates":[[-72.4422,44.0704],[-72.444,44.071],[-72.4466,44.0706],[-72.4506,44.0676],[-72.4557,44.0643]]}},{"type":"Feature","properties":{"osm_id":"way/19702630","name":"McKee Farm Road","highway":"track","sac_scale":null,"source":"OSM, unverified"},"geometry":{"type":"LineString","coordinates":[[-72.6494,44.5353],[-72.6502,44.5336],[-72.6514,44.5322],[-72.6524,44.5316]]}},{"type":"Feature","properties":{"osm_id":"way/19702954","name":"Town Highway 12","highway":"track","sac_scale":null,"source":"OSM, unverified"},"geometry":{"type":"LineString","coordinates":[[-72.2761,44.1651],[-72.2747,44.1642],[-72.2729,44.1637],[-72.2692,44.1648],[-72.268,44.1647],[-72.2669,44.1642]]}},{"type":"Feature","properties":{"osm_id":"way/19702958","name":"Fuller Hill Road","highway":"track","sac_scale":null,"source":"OSM, unverified"},"geometry":{"type":"LineString","coordinates":[[-72.2713,44.1861],[-72.271,44.1832],[-72.2686,44.1794],[-72.2682,44.1783],[-72.2686,44.1757]]}},{"type":"Feature","properties":{"osm_id":"way/19702980","name":"Town Highway 75","highway":"track","sac_scale":null,"source":"OSM, unverified"},"geometry":{"type":"LineString","coordinates":[[-72.5854,44.0143],[-72.586,44.0124],[-72.5871,44.0104],[-72.586,44.0085],[-72.5856,44.0071],[-72.5857,44.0059],[-72.5865,44.0028]]}},{"type":"Feature","properties":{"osm_id":"way/19703309","name":"Rabbit Track","highway":"track","sac_scale":null,"source":"OSM, unverified"},"geometry":{"type":"LineString","coordinates":[[-72.5243,43.9698],[-72.5274,43.9703],[-72.5304,43.9716],[-72.5352,43.9724],[-72.5373,43.9728],[-72.5379,43.9732]]}},{"type":"Feature","properties":{"osm_id":"way/19703762","name":"Th15","highway":"track","sac_scale":null,"source":"OSM, unverified"},"geometry":{"type":"LineString","coordinates":[[-72.7349,44.0115],[-72.7357,44.0099],[-72.7386,44.0091],[-72.7395,44.009],[-72.7435,44.0097],[-72.745,44.0104],[-72.7467,44.01],[-72.7473,44.0101]]}},{"type":"Feature","properties":{"osm_id":"way/19703819","name":"Ferris Drive","highway":"track","sac_scale":null,"source":"OSM, unverified"},"geometry":{"type":"LineString","coordinates":[[-72.5379,43.9732],[-72.5395,43.9703],[-72.5414,43.9682]]}},{"type":"Feature","properties":{"osm_id":"way/19703946","name":"Tullar Road","highway":"track","sac_scale":null,"source":"OSM, unverified"},"geometry":{"type":"LineString","coordinates":[[-72.3168,43.9886],[-72.319,43.9888],[-72.3182,43.9872],[-72.319,43.9863]]}},{"type":"Feature","properties":{"osm_id":"way/19704575","name":"Waterworks Road","highway":"track","sac_scale":null,"source":"OSM, unverified"},"geometry":{"type":"LineString","coordinates":[[-72.6759,44.4071],[-72.676,44.4084],[-72.6753,44.4121],[-72.6743,44.4135],[-72.6763,44.4163]]}},{"type":"Feature","properties":{"osm_id":"way/19704731","name":"Legal Trail 6","highway":"track","sac_scale":null,"source":"OSM, unverified"},"geometry":{"type":"LineString","coordinates":[[-72.5654,43.9518],[-72.5659,43.9516],[-72.5691,43.9515],[-72.5743,43.952],[-72.576,43.9529],[-72.5811,43.9542],[-72.5933,43.9557],[-72.5945,43.956]]}},{"type":"Feature","properties":{"osm_id":"way/19708032","name":"Birch Lane Trail","highway":"track","sac_scale":null,"source":"OSM, unverified"},"geometry":{"type":"LineString","coordinates":[[-72.3737,44.0219],[-72.3748,44.0205],[-72.3751,44.0193],[-72.3763,44.0185],[-72.377,44.0177],[-72.3778,44.0174]]}},{"type":"Feature","properties":{"osm_id":"way/19708245","name":"Town Forest Road","highway":"track","sac_scale":null,"source":"OSM, unverified"},"geometry":{"type":"LineString","coordinates":[[-72.3855,44.1568],[-72.3837,44.157]]}},{"type":"Feature","properties":{"osm_id":"way/19708281","name":"Hazlett Drive","highway":"track","sac_scale":null,"source":"OSM, unverified"},"geometry":{"type":"LineString","coordinates":[[-72.2685,44.0681],[-72.2701,44.0691],[-72.2716,44.0696]]}},{"type":"Feature","properties":{"osm_id":"way/19708381","name":"Grandview Road","highway":"track","sac_scale":null,"source":"OSM, unverified"},"geometry":{"type":"LineString","coordinates":[[-72.4858,44.0918],[-72.486,44.0908],[-72.4885,44.0855],[-72.4897,44.0856]]}},{"type":"Feature","properties":{"osm_id":"way/19708395","name":"Batchelder Road","highway":"track","sac_scale":null,"source":"OSM, unverified"},"geometry":{"type":"LineString","coordinates":[[-72.4545,44.0833],[-72.4551,44.0834],[-72.456,44.084],[-72.4565,44.0855],[-72.4589,44.0876],[-72.4591,44.0882],[-72.4589,44.09]]}},{"type":"Feature","properties":{"osm_id":"way/19708408","name":"Batchelder Road","highway":"track","sac_scale":null,"source":"OSM, unverified"},"geometry":{"type":"LineString","coordinates":[[-72.4417,44.0809],[-72.4436,44.0807],[-72.4453,44.081]]}},{"type":"Feature","properties":{"osm_id":"way/19708641","name":"Keenan Pond Road","highway":"track","sac_scale":null,"source":"OSM, unverified"},"geometry":{"type":"LineString","coordinates":[[-72.2439,44.1821],[-72.2425,44.1814],[-72.2401,44.1794],[-72.2383,44.1795],[-72.2374,44.1791],[-72.2348,44.1787],[-72.2341,44.1782],[-72.2309,44.1792],[-72.2302,44.1798],[-72.2293,44.18]]}},{"type":"Feature","properties":{"osm_id":"way/19709341","name":"Windy Lane","highway":"track","sac_scale":null,"source":"OSM, unverified"},"geometry":{"type":"LineString","coordinates":[[-72.6194,43.9527],[-72.619,43.9571],[-72.6151,43.9655]]}},{"type":"Feature","properties":{"osm_id":"way/19709356","name":"Beedle Road","highway":"track","sac_scale":null,"source":"OSM, unverified"},"geometry":{"type":"LineString","coordinates":[[-72.3887,43.9727],[-72.391,43.9736],[-72.3923,43.9736],[-72.3931,43.9733],[-72.3949,43.9732],[-72.4013,43.9739],[-72.4023,43.9745],[-72.4042,43.9744],[-72.4056,43.9749],[-72.4082,43.9747],[-72.4099,43.9758],[-72.4108,43.9754]]}},{"type":"Feature","properties":{"osm_id":"way/19709364","name":"Park Circle","highway":"track","sac_scale":null,"source":"OSM, unverified"},"geometry":{"type":"LineString","coordinates":[[-72.6346,44.0487],[-72.6364,44.0493],[-72.637,44.049],[-72.6375,44.048],[-72.6373,44.0458]]}},{"type":"Feature","properties":{"osm_id":"way/19709455","name":"Caldwell Road","highway":"track","sac_scale":null,"source":"OSM, unverified"},"geometry":{"type":"LineString","coordinates":[[-72.2365,44.1582],[-72.2372,44.1595],[-72.2384,44.1607],[-72.2389,44.1617],[-72.2409,44.1631],[-72.2415,44.1638],[-72.2418,44.1649],[-72.2423,44.1651],[-72.2408,44.1671],[-72.2383,44.1686],[-72.2383,44.1706],[-72.2368,44.1735],[-72.2364,44.175],[-72.235,44.1764],[-72.2346,44.1776],[-72.2341,44.1782]]}},{"type":"Feature","properties":{"osm_id":"way/19709461","name":"Notch Trail","highway":"track","sac_scale":null,"source":"OSM, unverified"},"geometry":{"type":"LineString","coordinates":[[-72.3664,44.1079],[-72.3651,44.1068],[-72.3638,44.1041],[-72.3626,44.103],[-72.3591,44.1017],[-72.3572,44.102],[-72.3559,44.1018]]}},{"type":"Feature","properties":{"osm_id":"way/19709488","name":"Bear Notch Road","highway":"track","sac_scale":null,"source":"OSM, unverified"},"geometry":{"type":"LineString","coordinates":[[-72.2337,43.9574],[-72.2345,43.9598],[-72.2354,43.9616],[-72.2358,43.965],[-72.2367,43.9674]]}},{"type":"Feature","properties":{"osm_id":"way/19709732","name":"Bagley Road","highway":"track","sac_scale":null,"source":"OSM, unverified"},"geometry":{"type":"LineString","coordinates":[[-72.2137,44.1208],[-72.2131,44.1187],[-72.2122,44.1175],[-72.2115,44.1169],[-72.2088,44.1157],[-72.2058,44.1149],[-72.2049,44.1145],[-72.2028,44.1145]]}},{"type":"Feature","properties":{"osm_id":"way/19709801","name":"Lemery Road","highway":"track","sac_scale":null,"source":"OSM, unverified"},"geometry":{"type":"LineString","coordinates":[[-72.739,44.0285],[-72.7394,44.0274],[-72.7408,44.0261],[-72.7411,44.0245],[-72.7409,44.0237],[-72.7419,44.0232],[-72.7419,44.0216],[-72.7424,44.021],[-72.7423,44.0173],[-72.7427,44.0142],[-72.7454,44.0118],[-72.7461,44.0107],[-72.7467,44.0102],[-72.7473,44.0101]]}},{"type":"Feature","properties":{"osm_id":"way/19709812","name":"Roberts Road","highway":"track","sac_scale":null,"source":"OSM, unverified"},"geometry":{"type":"LineString","coordinates":[[-72.4228,44.0421],[-72.4199,44.041],[-72.418,44.0398],[-72.4169,44.0395],[-72.4162,44.0385],[-72.4135,44.0369]]}},{"type":"Feature","properties":{"osm_id":"way/19709830","name":"Brocklebank Road","highway":"track","sac_scale":null,"source":"OSM, unverified"},"geometry":{"type":"LineString","coordinates":[[-72.4097,43.955],[-72.4112,43.9532],[-72.4114,43.9529],[-72.4112,43.9527]]}},{"type":"Feature","properties":{"osm_id":"way/19709850","name":"Old Jack Allen Road","highway":"track","sac_scale":null,"source":"OSM, unverified"},"geometry":{"type":"LineString","coordinates":[[-72.243,43.9767],[-72.2431,43.9768]]}},{"type":"Feature","properties":{"osm_id":"way/19709893","name":"C Thurston Road","highway":"track","sac_scale":null,"source":"OSM, unverified"},"geometry":{"type":"LineString","coordinates":[[-72.3015,44.1294],[-72.2994,44.1289],[-72.2983,44.1281],[-72.2979,44.1274],[-72.2977,44.1254]]}},{"type":"Feature","properties":{"osm_id":"way/19710430","name":"Grow Place Road","highway":"track","sac_scale":null,"source":"OSM, unverified"},"geometry":{"type":"LineString","coordinates":[[-72.2126,44.1607],[-72.2133,44.159],[-72.2143,44.1576],[-72.215,44.1569],[-72.2161,44.1563],[-72.2167,44.1557],[-72.2167,44.1532],[-72.2178,44.15],[-72.2182,44.1491],[-72.2191,44.1482],[-72.2205,44.145],[-72.2223,44.1429],[-72.2228,44.1418],[-72.2225,44.1412],[-72.2223,44.139]]}},{"type":"Feature","properties":{"osm_id":"way/19710462","name":"Braintree Mountain Road","highway":"track","sac_scale":null,"source":"OSM, unverified"},"geometry":{"type":"LineString","coordinates":[[-72.7737,43.9856],[-72.7714,43.9855],[-72.7695,43.9844],[-72.7682,43.9845],[-72.7646,43.9836],[-72.7621,43.9834],[-72.7593,43.9827],[-72.758,43.9831],[-72.7559,43.9842],[-72.7548,43.9856],[-72.7527,43.986]]}},{"type":"Feature","properties":{"osm_id":"way/19710469","name":"Territory Road","highway":"track","sac_scale":null,"source":"OSM, unverified"},"geometry":{"type":"LineString","coordinates":[[-72.2829,44.1701],[-72.2828,44.1695],[-72.2818,44.1682],[-72.2791,44.1675],[-72.2768,44.1659],[-72.276,44.165],[-72.2754,44.1635],[-72.2752,44.162],[-72.2761,44.1596],[-72.2767,44.1588]]}},{"type":"Feature","properties":{"osm_id":"way/19710480","name":"Harts Road","highway":"track","sac_scale":null,"source":"OSM, unverified"},"geometry":{"type":"LineString","coordinates":[[-72.2149,44.1305],[-72.2148,44.1299],[-72.2154,44.1283],[-72.2161,44.1275]]}},{"type":"Feature","properties":{"osm_id":"way/19710637","name":"Clay Slide Road","highway":"track","sac_scale":null,"source":"OSM, unverified"},"geometry":{"type":"LineString","coordinates":[[-72.4202,44.0645],[-72.4211,44.0647],[-72.4237,44.0647],[-72.4256,44.0652],[-72.4268,44.0651],[-72.4284,44.0646],[-72.4293,44.0635],[-72.4314,44.0618]]}},{"type":"Feature","properties":{"osm_id":"way/19710705","name":"Barnes Road","highway":"track","sac_scale":null,"source":"OSM, unverified"},"geometry":{"type":"LineString","coordinates":[[-72.5039,44.0505],[-72.5044,44.0489],[-72.5041,44.0477],[-72.5043,44.0462],[-72.5042,44.044]]}},{"type":"Feature","properties":{"osm_id":"way/19710710","name":"Beaver Meadow Road","highway":"track","sac_scale":null,"source":"OSM, unverified"},"geometry":{"type":"LineString","coordinates":[[-72.2443,43.9755],[-72.2432,43.9758],[-72.2431,43.9768]]}},{"type":"Feature","properties":{"osm_id":"way/19710770","name":"Powers Road","highway":"track","sac_scale":null,"source":"OSM, unverified"},"geometry":{"type":"LineString","coordinates":[[-72.2002,44.0978],[-72.1995,44.0978],[-72.1995,44.0973],[-72.1987,44.0963],[-72.1987,44.0921]]}},{"type":"Feature","properties":{"osm_id":"way/19710813","name":"McArthur Ridge","highway":"track","sac_scale":null,"source":"OSM, unverified"},"geometry":{"type":"LineString","coordinates":[[-72.2283,44.0666],[-72.2305,44.0643],[-72.234,44.0644],[-72.2357,44.0655],[-72.238,44.0662],[-72.2385,44.0666],[-72.2386,44.0675],[-72.2391,44.0678],[-72.2411,44.0684],[-72.2418,44.0693],[-72.2429,44.0722],[-72.244,44.0724]]}},{"type":"Feature","properties":{"osm_id":"way/19710832","name":"Rabbit Path","highway":"track","sac_scale":null,"source":"OSM, unverified"},"geometry":{"type":"LineString","coordinates":[[-72.2628,44.0286],[-72.2598,44.0278],[-72.2595,44.0276],[-72.2586,44.0276],[-72.257,44.0272]]}},{"type":"Feature","properties":{"osm_id":"way/19710950","name":"Bridge Out","highway":"track","sac_scale":null,"source":"OSM, unverified"},"geometry":{"type":"LineString","coordinates":[[-72.5364,43.9779],[-72.5361,43.9751],[-72.5379,43.9732]]}},{"type":"Feature","properties":{"osm_id":"way/19711190","name":"Old Post Road","highway":"track","sac_scale":null,"source":"OSM, unverified"},"geometry":{"type":"LineString","coordinates":[[-72.5777,44.0142],[-72.5771,44.0156],[-72.5761,44.0168],[-72.5754,44.0183],[-72.5741,44.0186]]}},{"type":"Feature","properties":{"osm_id":"way/19711466","name":"Butterfield Mountain Block Gro","highway":"track","sac_scale":null,"source":"OSM, unverified"},"geometry":{"type":"LineString","coordinates":[[-72.3069,44.1767],[-72.3021,44.1757],[-72.3017,44.1754]]}},{"type":"Feature","properties":{"osm_id":"way/19711473","name":"Copper Mine Road","highway":"track","sac_scale":null,"source":"OSM, unverified"},"geometry":{"type":"LineString","coordinates":[[-72.3116,44.0525],[-72.3046,44.0549],[-72.3042,44.0565],[-72.3037,44.0568],[-72.3029,44.0563],[-72.3018,44.0542],[-72.3013,44.0539],[-72.2939,44.056],[-72.2919,44.0557]]}},{"type":"Feature","properties":{"osm_id":"way/19711477","name":"Copper Mine Road","highway":"track","sac_scale":null,"source":"OSM, unverified"},"geometry":{"type":"LineString","coordinates":[[-72.2996,44.062],[-72.299,44.0609],[-72.2988,44.06],[-72.2985,44.0583],[-72.2988,44.0575],[-72.2978,44.056],[-72.2977,44.055],[-72.298,44.0539],[-72.2977,44.0518],[-72.2981,44.0503],[-72.2979,44.0493],[-72.2975,44.0487],[-72.2978,44.048],[-72.2978,44.047],[-72.297,44.0447],[-72.2973,44.0421],[-72.2981,44.0405],[-72.2982,44.0387],[-72.2965,44.0388],[-72.2953,44.0405],[-72.2951,44.0406],[-72.2941,44.0379],[-72.293,44.0361]]}},{"type":"Feature","properties":{"osm_id":"way/19711479","name":"Carpenter Road","highway":"track","sac_scale":null,"source":"OSM, unverified"},"geometry":{"type":"LineString","coordinates":[[-72.5212,44.0811],[-72.5225,44.079],[-72.5234,44.0766],[-72.5241,44.0759],[-72.5259,44.0724],[-72.5267,44.0713]]}},{"type":"Feature","properties":{"osm_id":"way/19711590","name":"Keyzer Place","highway":"track","sac_scale":null,"source":"OSM, unverified"},"geometry":{"type":"LineString","coordinates":[[-72.373,44.0301],[-72.3703,44.0282],[-72.3696,44.0272],[-72.3691,44.0255]]}},{"type":"Feature","properties":{"osm_id":"way/19711745","name":"Town Highway 65","highway":"track","sac_scale":null,"source":"OSM, unverified"},"geometry":{"type":"LineString","coordinates":[[-72.3779,44.0174],[-72.3792,44.0187],[-72.3791,44.0201],[-72.3807,44.0242],[-72.3834,44.0279],[-72.3852,44.0286],[-72.3861,44.0291],[-72.3874,44.031],[-72.3877,44.032]]}},{"type":"Feature","properties":{"osm_id":"way/19711819","name":"Notch Trail","highway":"track","sac_scale":null,"source":"OSM, unverified"},"geometry":{"type":"LineString","coordinates":[[-72.3559,44.1018],[-72.3552,44.1006],[-72.3525,44.0982]]}},{"type":"Feature","properties":{"osm_id":"way/19711924","name":"Chelsea Road","highway":"track","sac_scale":null,"source":"OSM, unverified"},"geometry":{"type":"LineString","coordinates":[[-72.3736,43.9565],[-72.3759,43.9573],[-72.377,43.9589],[-72.3799,43.9596]]}},{"type":"Feature","properties":{"osm_id":"way/19711946","name":"Durgin Hill Road","highway":"track","sac_scale":null,"source":"OSM, unverified"},"geometry":{"type":"LineString","coordinates":[[-72.3486,43.9872],[-72.3501,43.9882],[-72.3519,43.9899],[-72.3542,43.9908],[-72.355,43.9913],[-72.3567,43.9917],[-72.3588,43.9929],[-72.36,43.9932],[-72.3614,43.9942],[-72.3634,43.9949]]}},{"type":"Feature","properties":{"osm_id":"way/19712263","name":"Gilbert Street","highway":"track","sac_scale":null,"source":"OSM, unverified"},"geometry":{"type":"LineString","coordinates":[[-72.5269,43.982],[-72.5231,43.9825],[-72.522,43.9832],[-72.5217,43.9837],[-72.5218,43.9844],[-72.5212,43.9854],[-72.5217,43.9884],[-72.5215,43.9891]]}},{"type":"Feature","properties":{"osm_id":"way/19712276","name":"Town Highway 50","highway":"track","sac_scale":null,"source":"OSM, unverified"},"geometry":{"type":"LineString","coordinates":[[-72.455,44.0407],[-72.4551,44.0419],[-72.4563,44.0432],[-72.4565,44.0444]]}},{"type":"Feature","properties":{"osm_id":"way/19712277","name":"Doyle Road","highway":"track","sac_scale":null,"source":"OSM, unverified"},"geometry":{"type":"LineString","coordinates":[[-72.4565,44.0444],[-72.4581,44.0476],[-72.459,44.048]]}},{"type":"Feature","properties":{"osm_id":"way/19712429","name":"Tebbetts Notch Road","highway":"track","sac_scale":null,"source":"OSM, unverified"},"geometry":{"type":"LineString","coordinates":[[-72.2013,43.9819],[-72.2022,43.9808],[-72.2031,43.9791],[-72.2033,43.9781],[-72.2046,43.9762],[-72.203,43.9746],[-72.2022,43.9741]]}},{"type":"Feature","properties":{"osm_id":"way/19712582","name":"Ferris Drive","highway":"track","sac_scale":null,"source":"OSM, unverified"},"geometry":{"type":"LineString","coordinates":[[-72.5449,43.9682],[-72.5437,43.9686],[-72.5424,43.9682],[-72.5414,43.9682]]}},{"type":"Feature","properties":{"osm_id":"way/19713141","name":"Tibbetts Road","highway":"track","sac_scale":null,"source":"OSM, unverified"},"geometry":{"type":"LineString","coordinates":[[-72.6855,43.9626],[-72.684,43.9635],[-72.6816,43.9642]]}},{"type":"Feature","properties":{"osm_id":"way/19713172","name":"Clancy Road","highway":"track","sac_scale":null,"source":"OSM, unverified"},"geometry":{"type":"LineString","coordinates":[[-72.688,43.9581],[-72.6901,43.9586],[-72.6922,43.9598],[-72.6945,43.9606],[-72.695,43.9599],[-72.7005,43.9599],[-72.7033,43.9592],[-72.7043,43.9586]]}},{"type":"Feature","properties":{"osm_id":"way/19713207","name":"Burbank Crossroad","highway":"track","sac_scale":null,"source":"OSM, unverified"},"geometry":{"type":"LineString","coordinates":[[-72.502,43.9753],[-72.5029,43.9783],[-72.5021,43.9807]]}},{"type":"Feature","properties":{"osm_id":"way/19713382","name":"Swamp Road","highway":"track","sac_scale":null,"source":"OSM, unverified"},"geometry":{"type":"LineString","coordinates":[[-72.2703,44.5969],[-72.259,44.6027],[-72.2568,44.6041]]}},{"type":"Feature","properties":{"osm_id":"way/19714190","name":"Edsal Road","highway":"track","sac_scale":null,"source":"OSM, unverified"},"geometry":{"type":"LineString","coordinates":[[-72.3365,44.5803],[-72.3368,44.5809],[-72.337,44.5825],[-72.3367,44.5839],[-72.3361,44.5857]]}},{"type":"Feature","properties":{"osm_id":"way/19714349","name":"McIver Road","highway":"track","sac_scale":null,"source":"OSM, unverified"},"geometry":{"type":"LineString","coordinates":[[-72.3799,43.9596],[-72.3795,43.961],[-72.3795,43.9631],[-72.3804,43.9638],[-72.3812,43.9656],[-72.3832,43.9672],[-72.3854,43.9699]]}},{"type":"Feature","properties":{"osm_id":"way/19714352","name":"Notch Trail","highway":"track","sac_scale":null,"source":"OSM, unverified"},"geometry":{"type":"LineString","coordinates":[[-72.4086,44.1344],[-72.4061,44.1346],[-72.4032,44.1338],[-72.4015,44.1341],[-72.4006,44.1329],[-72.3995,44.1323],[-72.3963,44.1294],[-72.391,44.1265],[-72.3873,44.1229]]}},{"type":"Feature","properties":{"osm_id":"way/19714618","name":"Beard Road","highway":"track","sac_scale":null,"source":"OSM, unverified"},"geometry":{"type":"LineString","coordinates":[[-72.3954,44.1571],[-72.393,44.158],[-72.391,44.1581],[-72.389,44.1578],[-72.3855,44.1568]]}},{"type":"Feature","properties":{"osm_id":"way/19714862","name":"Turnpike Road","highway":"track","sac_scale":null,"source":"OSM, unverified"},"geometry":{"type":"LineString","coordinates":[[-72.4422,44.0704],[-72.4421,44.0714],[-72.4407,44.0734],[-72.4405,44.0759],[-72.4395,44.0767]]}},{"type":"Feature","properties":{"osm_id":"way/19714940","name":"Richardson Hill","highway":"track","sac_scale":null,"source":"OSM, unverified"},"geometry":{"type":"LineString","coordinates":[[-72.4227,44.0166],[-72.4188,44.0182],[-72.4158,44.0202]]}},{"type":"Feature","properties":{"osm_id":"way/19714991","name":"Pepper Road","highway":"track","sac_scale":null,"source":"OSM, unverified"},"geometry":{"type":"LineString","coordinates":[[-72.4224,44.0607],[-72.4233,44.0611],[-72.4232,44.0615],[-72.4221,44.0632],[-72.4202,44.0643],[-72.4199,44.066],[-72.4185,44.0697],[-72.4182,44.0717],[-72.4173,44.0736],[-72.4169,44.0754]]}},{"type":"Feature","properties":{"osm_id":"way/19715023","name":"Bover Road","highway":"track","sac_scale":null,"source":"OSM, unverified"},"geometry":{"type":"LineString","coordinates":[[-72.7272,44.0147],[-72.7261,44.0149],[-72.7245,44.0158],[-72.7203,44.0169],[-72.7195,44.0176],[-72.7174,44.0182],[-72.7154,44.0185],[-72.7142,44.0183],[-72.7117,44.0161],[-72.7091,44.0158],[-72.706,44.015]]}},{"type":"Feature","properties":{"osm_id":"way/19715363","name":"Town Highway 18","highway":"track","sac_scale":null,"source":"OSM, unverified"},"geometry":{"type":"LineString","coordinates":[[-72.4034,44.3784],[-72.406,44.3793],[-72.4109,44.3798],[-72.4109,44.3801],[-72.4099,44.3816],[-72.41,44.3819]]}},{"type":"Feature","properties":{"osm_id":"way/19717137","name":"Sherman Road","highway":"track","sac_scale":null,"source":"OSM, unverified"},"geometry":{"type":"LineString","coordinates":[[-72.7989,44.1371],[-72.7987,44.1365],[-72.7989,44.1349]]}},{"type":"Feature","properties":{"osm_id":"way/19721694","name":"Cottonbrook Road","highway":"track","sac_scale":null,"source":"OSM, unverified"},"geometry":{"type":"LineString","coordinates":[[-72.7436,44.4345],[-72.7442,44.4329],[-72.7456,44.4319],[-72.7464,44.4304],[-72.7467,44.4296],[-72.7478,44.4294],[-72.7481,44.4291],[-72.7483,44.4281],[-72.7507,44.4266],[-72.7521,44.4254],[-72.7525,44.4233],[-72.7533,44.4224],[-72.755,44.4219],[-72.7556,44.4221]]}},{"type":"Feature","properties":{"osm_id":"way/19722959","name":"Town Highway 65","highway":"track","sac_scale":null,"source":"OSM, unverified"},"geometry":{"type":"LineString","coordinates":[[-72.5819,44.1648],[-72.5813,44.1661],[-72.5811,44.1672],[-72.5802,44.168],[-72.579,44.1704],[-72.5787,44.1722],[-72.5779,44.1742],[-72.5781,44.175]]}},{"type":"Feature","properties":{"osm_id":"way/19722978","name":"Vine Street Pedestrian Bridge","highway":"footway","sac_scale":null,"source":"OSM, unverified"},"geometry":{"type":"LineString","coordinates":[[-72.5692,44.2654],[-72.5689,44.2652]]}},{"type":"Feature","properties":{"osm_id":"way/19723352","name":"Darling Road Trail","highway":"track","sac_scale":null,"source":"OSM, unverified"},"geometry":{"type":"LineString","coordinates":[[-72.6215,44.1923],[-72.621,44.1928],[-72.6199,44.1925],[-72.6189,44.1928],[-72.615,44.1977],[-72.6141,44.1982],[-72.6125,44.1983],[-72.6085,44.1974],[-72.6075,44.1974]]}},{"type":"Feature","properties":{"osm_id":"way/19723462","name":"Town Highway 37","highway":"track","sac_scale":null,"source":"OSM, unverified"},"geometry":{"type":"LineString","coordinates":[[-72.6436,44.294],[-72.6456,44.293],[-72.6458,44.2925],[-72.6456,44.2913],[-72.6449,44.2907],[-72.6396,44.2885],[-72.6391,44.287],[-72.6388,44.2837],[-72.6379,44.2817]]}},{"type":"Feature","properties":{"osm_id":"way/19723464","name":"Sunnybrook Trail","highway":"track","sac_scale":null,"source":"OSM, unverified"},"geometry":{"type":"LineString","coordinates":[[-72.6175,44.2794],[-72.616,44.2807],[-72.6119,44.2815]]}},{"type":"Feature","properties":{"osm_id":"way/19723905","name":"Houston Hill Road","highway":"track","sac_scale":null,"source":"OSM, unverified"},"geometry":{"type":"LineString","coordinates":[[-72.3263,44.4612],[-72.326,44.4644]]}},{"type":"Feature","properties":{"osm_id":"way/19724007","name":"Bean Road","highway":"track","sac_scale":null,"source":"OSM, unverified"},"geometry":{"type":"LineString","coordinates":[[-72.6625,44.2168],[-72.6651,44.217],[-72.667,44.2175]]}},{"type":"Feature","properties":{"osm_id":"way/19724038","name":"Crossman Place","highway":"track","sac_scale":null,"source":"OSM, unverified"},"geometry":{"type":"LineString","coordinates":[[-72.667,44.2175],[-72.6686,44.2175],[-72.6694,44.217],[-72.6708,44.2168],[-72.6738,44.2169]]}},{"type":"Feature","properties":{"osm_id":"way/19724081","name":"Class IV","highway":"track","sac_scale":null,"source":"OSM, unverified"},"geometry":{"type":"LineString","coordinates":[[-72.5987,44.3809],[-72.5999,44.3807],[-72.6012,44.3812],[-72.6037,44.384],[-72.6049,44.3847],[-72.6069,44.3846],[-72.6092,44.3849],[-72.6145,44.3836],[-72.6154,44.3837],[-72.617,44.3846]]}},{"type":"Feature","properties":{"osm_id":"way/19724204","name":"Shepard Hill Road","highway":"track","sac_scale":null,"source":"OSM, unverified"},"geometry":{"type":"LineString","coordinates":[[-72.5171,44.4248],[-72.5127,44.4256],[-72.5121,44.426],[-72.51,44.4293],[-72.5087,44.4308]]}},{"type":"Feature","properties":{"osm_id":"way/19724244","name":"Woods Road North","highway":"track","sac_scale":null,"source":"OSM, unverified"},"geometry":{"type":"LineString","coordinates":[[-72.823,44.1199],[-72.8212,44.1221],[-72.8204,44.1222],[-72.8195,44.122]]}},{"type":"Feature","properties":{"osm_id":"way/19724285","name":"Mill Hill Road","highway":"track","sac_scale":null,"source":"OSM, unverified"},"geometry":{"type":"LineString","coordinates":[[-72.6421,44.1162],[-72.6398,44.1165],[-72.6385,44.1169],[-72.6359,44.1188],[-72.6352,44.1198],[-72.6346,44.1201]]}},{"type":"Feature","properties":{"osm_id":"way/19724346","name":"Cobb Hill Road","highway":"track","sac_scale":null,"source":"OSM, unverified"},"geometry":{"type":"LineString","coordinates":[[-72.7527,44.3065],[-72.755,44.3029],[-72.7562,44.3019],[-72.757,44.3006],[-72.7581,44.2977],[-72.7581,44.2962],[-72.7576,44.2952],[-72.7577,44.2941],[-72.7574,44.2923],[-72.7578,44.2908]]}},{"type":"Feature","properties":{"osm_id":"way/19724375","name":"Railroad Bed East","highway":"track","sac_scale":null,"source":"OSM, unverified"},"geometry":{"type":"LineString","coordinates":[[-72.355,44.3381],[-72.3542,44.3376]]}},{"type":"Feature","properties":{"osm_id":"way/19724402","name":"Slide Brook Road","highway":"track","sac_scale":null,"source":"OSM, unverified"},"geometry":{"type":"LineString","coordinates":[[-72.893,44.1652],[-72.8929,44.1656],[-72.8933,44.1659],[-72.8916,44.1682],[-72.8917,44.169]]}},{"type":"Feature","properties":{"osm_id":"way/19724407","name":"South Lake Road","highway":"track","sac_scale":null,"source":"OSM, unverified"},"geometry":{"type":"LineString","coordinates":[[-72.3417,44.4425],[-72.3408,44.4431],[-72.3405,44.4439],[-72.3395,44.4447]]}},{"type":"Feature","properties":{"osm_id":"way/19724472","name":"Thompson Road","highway":"track","sac_scale":null,"source":"OSM, unverified"},"geometry":{"type":"LineString","coordinates":[[-72.4217,44.3108],[-72.4191,44.3144],[-72.4179,44.315],[-72.4155,44.3172],[-72.4135,44.3181],[-72.4125,44.3182],[-72.4108,44.3194],[-72.4074,44.324],[-72.4061,44.3269],[-72.405,44.3275],[-72.4039,44.3296],[-72.4026,44.3314]]}},{"type":"Feature","properties":{"osm_id":"way/19724479","name":"Herring Lynch Trail","highway":"track","sac_scale":null,"source":"OSM, unverified"},"geometry":{"type":"LineString","coordinates":[[-72.6845,44.2404],[-72.6802,44.2416],[-72.6768,44.2432],[-72.675,44.2453]]}},{"type":"Feature","properties":{"osm_id":"way/19724493","name":"Old Pumphouse Road","highway":"track","sac_scale":null,"source":"OSM, unverified"},"geometry":{"type":"LineString","coordinates":[[-72.5888,44.1957],[-72.5883,44.196],[-72.5874,44.1977],[-72.5865,44.1982],[-72.5855,44.1982],[-72.5813,44.197]]}},{"type":"Feature","properties":{"osm_id":"way/19724544","name":"Old Cabot Road","highway":"track","sac_scale":null,"source":"OSM, unverified"},"geometry":{"type":"LineString","coordinates":[[-72.3828,44.4332],[-72.388,44.4336],[-72.3889,44.4338],[-72.3897,44.4343],[-72.3913,44.4346]]}},{"type":"Feature","properties":{"osm_id":"way/19724545","name":"Old Cabot Road","highway":"track","sac_scale":null,"source":"OSM, unverified"},"geometry":{"type":"LineString","coordinates":[[-72.3953,44.4353],[-72.396,44.4358]]}},{"type":"Feature","properties":{"osm_id":"way/19724573","name":"Harris Hill Road","highway":"track","sac_scale":null,"source":"OSM, unverified"},"geometry":{"type":"LineString","coordinates":[[-72.5229,44.3945],[-72.5219,44.3973],[-72.5191,44.3986],[-72.5173,44.3989],[-72.5167,44.3992],[-72.5165,44.4012],[-72.5159,44.4026],[-72.5158,44.4033]]}},{"type":"Feature","properties":{"osm_id":"way/19724615","name":"Four Mile Wood Road","highway":"track","sac_scale":null,"source":"OSM, unverified"},"geometry":{"type":"LineString","coordinates":[[-72.7109,44.0736],[-72.7086,44.072],[-72.705,44.0687],[-72.7027,44.0674],[-72.7024,44.0665],[-72.7033,44.0621]]}},{"type":"Feature","properties":{"osm_id":"way/19724796","name":"Woodbury Mountain Road","highway":"track","sac_scale":null,"source":"OSM, unverified"},"geometry":{"type":"LineString","coordinates":[[-72.487,44.413],[-72.4887,44.4157],[-72.4888,44.4174],[-72.4894,44.4195],[-72.489,44.4211],[-72.4865,44.4233]]}},{"type":"Feature","properties":{"osm_id":"way/19725024","name":"Pidgeon Pond Road","highway":"track","sac_scale":null,"source":"OSM, unverified"},"geometry":{"type":"LineString","coordinates":[[-72.3307,44.2557],[-72.3297,44.2548]]}},{"type":"Feature","properties":{"osm_id":"way/19725433","name":"McKinstry Road","highway":"track","sac_scale":null,"source":"OSM, unverified"},"geometry":{"type":"LineString","coordinates":[[-72.3138,44.3852],[-72.3146,44.3863],[-72.3188,44.389]]}},{"type":"Feature","properties":{"osm_id":"way/19725472","name":"Fifers Ride","highway":"track","sac_scale":null,"source":"OSM, unverified"},"geometry":{"type":"LineString","coordinates":[[-72.4492,44.3495],[-72.4511,44.3496],[-72.455,44.3548],[-72.4549,44.3552]]}},{"type":"Feature","properties":{"osm_id":"way/19725478","name":"Mill Road","highway":"track","sac_scale":null,"source":"OSM, unverified"},"geometry":{"type":"LineString","coordinates":[[-72.8577,44.1136],[-72.8572,44.1121]]}},{"type":"Feature","properties":{"osm_id":"way/19725499","name":"Herriot Road","highway":"track","sac_scale":null,"source":"OSM, unverified"},"geometry":{"type":"LineString","coordinates":[[-72.6423,44.0788],[-72.6439,44.0764]]}},{"type":"Feature","properties":{"osm_id":"way/19725694","name":"Cook Place","highway":"track","sac_scale":null,"source":"OSM, unverified"},"geometry":{"type":"LineString","coordinates":[[-72.6791,44.261],[-72.6778,44.2603]]}},{"type":"Feature","properties":{"osm_id":"way/19725810","name":"Coding Road","highway":"track","sac_scale":null,"source":"OSM, unverified"},"geometry":{"type":"LineString","coordinates":[[-72.5075,44.2527],[-72.5084,44.2522],[-72.5095,44.2498]]}},{"type":"Feature","properties":{"osm_id":"way/19725940","name":"Bowen Road","highway":"track","sac_scale":null,"source":"OSM, unverified"},"geometry":{"type":"LineString","coordinates":[[-72.8022,44.1443],[-72.7966,44.15]]}},{"type":"Feature","properties":{"osm_id":"way/19726532","name":"Notch Road","highway":"track","sac_scale":null,"source":"OSM, unverified"},"geometry":{"type":"LineString","coordinates":[[-72.6873,44.3241],[-72.687,44.3266],[-72.6871,44.3272],[-72.6891,44.3293],[-72.6895,44.3305],[-72.69,44.3327],[-72.6897,44.3341],[-72.6898,44.3352]]}},{"type":"Feature","properties":{"osm_id":"way/19727548","name":"Dana Hill Road","highway":"track","sac_scale":null,"source":"OSM, unverified"},"geometry":{"type":"LineString","coordinates":[[-72.8509,44.1575],[-72.8514,44.1585],[-72.8516,44.1595],[-72.8506,44.1617],[-72.8498,44.1642],[-72.8498,44.167],[-72.8482,44.1682],[-72.8472,44.1694],[-72.8461,44.1701],[-72.8458,44.1711],[-72.8436,44.1742],[-72.8436,44.1755]]}},{"type":"Feature","properties":{"osm_id":"way/19727715","name":"Bemis Farm Road","highway":"track","sac_scale":null,"source":"OSM, unverified"},"geometry":{"type":"LineString","coordinates":[[-72.364,44.3263],[-72.3626,44.3269],[-72.3604,44.3289]]}},{"type":"Feature","properties":{"osm_id":"way/19727942","name":"Woodbury Quarry Road","highway":"track","sac_scale":null,"source":"OSM, unverified"},"geometry":{"type":"LineString","coordinates":[[-72.3906,44.4364],[-72.389,44.4374],[-72.3897,44.4389],[-72.3894,44.4395],[-72.3879,44.4397],[-72.3863,44.4395],[-72.3837,44.4414]]}},{"type":"Feature","properties":{"osm_id":"way/19728092","name":"Stagecoach Road","highway":"track","sac_scale":null,"source":"OSM, unverified"},"geometry":{"type":"LineString","coordinates":[[-72.8752,44.2105],[-72.8757,44.2113],[-72.8755,44.2123],[-72.8743,44.2148],[-72.8744,44.2161],[-72.8739,44.2162],[-72.8736,44.2172],[-72.8729,44.2179],[-72.8735,44.2184],[-72.8735,44.2193],[-72.873,44.2202],[-72.8722,44.2205],[-72.8722,44.2216],[-72.8713,44.2225],[-72.8712,44.2246],[-72.8716,44.2256],[-72.8709,44.2268],[-72.8693,44.2287]]}},{"type":"Feature","properties":{"osm_id":"way/19728422","name":"McNaulty Road","highway":"track","sac_scale":null,"source":"OSM, unverified"},"geometry":{"type":"LineString","coordinates":[[-72.6821,44.2476],[-72.6829,44.2484],[-72.683,44.2492]]}},{"type":"Feature","properties":{"osm_id":"way/19728551","name":"Lord Road","highway":"track","sac_scale":null,"source":"OSM, unverified"},"geometry":{"type":"LineString","coordinates":[[-72.5978,44.239],[-72.5983,44.2397],[-72.5994,44.24],[-72.5995,44.2408],[-72.6005,44.2423],[-72.6015,44.2424],[-72.6027,44.2418],[-72.6051,44.2418],[-72.6058,44.2413]]}},{"type":"Feature","properties":{"osm_id":"way/19728567","name":"Pollander Road","highway":"track","sac_scale":null,"source":"OSM, unverified"},"geometry":{"type":"LineString","coordinates":[[-72.784,44.3155],[-72.7856,44.3158],[-72.7864,44.3166],[-72.7886,44.3171],[-72.7906,44.3186],[-72.7925,44.3194],[-72.7933,44.3195],[-72.7943,44.3191],[-72.7959,44.3189],[-72.8,44.3198],[-72.8035,44.3199]]}},{"type":"Feature","properties":{"osm_id":"way/19728569","name":"Slayton Pond Road","highway":"track","sac_scale":null,"source":"OSM, unverified"},"geometry":{"type":"LineString","coordinates":[[-72.4865,44.4233],[-72.4845,44.4259],[-72.4842,44.4273],[-72.483,44.43],[-72.4818,44.4316],[-72.4809,44.4342],[-72.4795,44.4365],[-72.4793,44.4376],[-72.4793,44.4404],[-72.4778,44.4427],[-72.4779,44.444],[-72.4783,44.4449],[-72.4772,44.4472],[-72.4771,44.4481]]}},{"type":"Feature","properties":{"osm_id":"way/19728765","name":"Holton Road","highway":"track","sac_scale":null,"source":"OSM, unverified"},"geometry":{"type":"LineString","coordinates":[[-72.4069,44.4405],[-72.4048,44.4408],[-72.4028,44.4417],[-72.4005,44.4443],[-72.399,44.4447],[-72.3962,44.446]]}},{"type":"Feature","properties":{"osm_id":"way/19728790","name":"Sicary Road","highway":"track","sac_scale":null,"source":"OSM, unverified"},"geometry":{"type":"LineString","coordinates":[[-72.4608,44.4236],[-72.4594,44.4226]]}},{"type":"Feature","properties":{"osm_id":"way/19728852","name":"Slayton Pond Road","highway":"track","sac_scale":null,"source":"OSM, unverified"},"geometry":{"type":"LineString","coordinates":[[-72.4771,44.4481],[-72.4764,44.4492],[-72.4745,44.45],[-72.4747,44.4506],[-72.4745,44.4514],[-72.4726,44.4541],[-72.4689,44.4562],[-72.4679,44.4576],[-72.4651,44.4585],[-72.4622,44.4604],[-72.4604,44.4626],[-72.459,44.4637]]}},{"type":"Feature","properties":{"osm_id":"way/19728903","name":"Bouvant Road","highway":"track","sac_scale":null,"source":"OSM, unverified"},"geometry":{"type":"LineString","coordinates":[[-72.7032,44.0143],[-72.7009,44.0144],[-72.6995,44.0148],[-72.6982,44.0148],[-72.6955,44.0142],[-72.6936,44.0145],[-72.6909,44.0144],[-72.686,44.0132],[-72.6836,44.0132]]}},{"type":"Feature","properties":{"osm_id":"way/19728930","name":"Horner Road","highway":"track","sac_scale":null,"source":"OSM, unverified"},"geometry":{"type":"LineString","coordinates":[[-72.6945,44.0882],[-72.6925,44.0876],[-72.6921,44.0869],[-72.6918,44.0848],[-72.6905,44.0843],[-72.6863,44.0841],[-72.6859,44.0843],[-72.6854,44.0854],[-72.6844,44.0859]]}},{"type":"Feature","properties":{"osm_id":"way/19728955","name":"Kelley Brook Road","highway":"track","sac_scale":null,"source":"OSM, unverified"},"geometry":{"type":"LineString","coordinates":[[-72.6927,44.2509],[-72.6914,44.2521],[-72.6909,44.2518],[-72.6899,44.252],[-72.6857,44.2563],[-72.6831,44.2572],[-72.6823,44.2582],[-72.6809,44.259]]}},{"type":"Feature","properties":{"osm_id":"way/19728956","name":"Kelley Brook Road","highway":"track","sac_scale":null,"source":"OSM, unverified"},"geometry":{"type":"LineString","coordinates":[[-72.6809,44.259],[-72.68,44.2594],[-72.6791,44.261]]}},{"type":"Feature","properties":{"osm_id":"way/19728962","name":"Rice Tract Road","highway":"track","sac_scale":null,"source":"OSM, unverified"},"geometry":{"type":"LineString","coordinates":[[-72.7648,44.0733],[-72.7674,44.0738],[-72.7705,44.075],[-72.7752,44.0756],[-72.7772,44.0762],[-72.7788,44.0771],[-72.7791,44.076],[-72.7801,44.0742],[-72.7821,44.0738],[-72.7843,44.073],[-72.7858,44.0713],[-72.787,44.0715],[-72.7881,44.072],[-72.7922,44.0726]]}},{"type":"Feature","properties":{"osm_id":"way/19729040","name":"Whittier Hill Road","highway":"track","sac_scale":null,"source":"OSM, unverified"},"geometry":{"type":"LineString","coordinates":[[-72.3236,44.3616],[-72.3227,44.3629]]}},{"type":"Feature","properties":{"osm_id":"way/19729041","name":"Whittier Hill Road","highway":"track","sac_scale":null,"source":"OSM, unverified"},"geometry":{"type":"LineString","coordinates":[[-72.3161,44.3726],[-72.3159,44.3732]]}},{"type":"Feature","properties":{"osm_id":"way/19729056","name":"Bassett Hill","highway":"track","sac_scale":null,"source":"OSM, unverified"},"geometry":{"type":"LineString","coordinates":[[-72.8693,44.2287],[-72.869,44.2298],[-72.8674,44.2314]]}},{"type":"Feature","properties":{"osm_id":"way/19729195","name":"Woodard Hill","highway":"track","sac_scale":null,"source":"OSM, unverified"},"geometry":{"type":"LineString","coordinates":[[-72.7834,44.373],[-72.7916,44.3719],[-72.7925,44.3719],[-72.794,44.3724],[-72.795,44.3718],[-72.799,44.3713],[-72.8016,44.3726],[-72.8052,44.3737]]}},{"type":"Feature","properties":{"osm_id":"way/19729336","name":"Hattie Bell Road","highway":"track","sac_scale":null,"source":"OSM, unverified"},"geometry":{"type":"LineString","coordinates":[[-72.4086,44.4175],[-72.4002,44.4195],[-72.3925,44.4246],[-72.3875,44.4335]]}},{"type":"Feature","properties":{"osm_id":"way/19729340","name":"Middlesex Trail","highway":"footway","sac_scale":null,"source":"OSM, unverified"},"geometry":{"type":"LineString","coordinates":[[-72.6396,44.3729],[-72.64,44.372]]}},{"type":"Feature","properties":{"osm_id":"way/19729453","name":"Clark Road","highway":"track","sac_scale":null,"source":"OSM, unverified"},"geometry":{"type":"LineString","coordinates":[[-72.4746,44.2539],[-72.474,44.2557],[-72.4727,44.2582],[-72.47,44.2612]]}},{"type":"Feature","properties":{"osm_id":"way/19729493","name":"Ronk Road","highway":"track","sac_scale":null,"source":"OSM, unverified"},"geometry":{"type":"LineString","coordinates":[[-72.7637,44.1932],[-72.7641,44.193],[-72.7657,44.1932],[-72.7682,44.1946],[-72.7707,44.1943]]}},{"type":"Feature","properties":{"osm_id":"way/19729507","name":"Sand Hill Road","highway":"track","sac_scale":null,"source":"OSM, unverified"},"geometry":{"type":"LineString","coordinates":[[-72.5734,44.3953],[-72.5756,44.3951],[-72.5787,44.3956],[-72.5801,44.3965],[-72.5829,44.3968],[-72.5857,44.3964],[-72.5861,44.394]]}},{"type":"Feature","properties":{"osm_id":"way/19729553","name":"Sherman Road","highway":"track","sac_scale":null,"source":"OSM, unverified"},"geometry":{"type":"LineString","coordinates":[[-72.7989,44.1371],[-72.7994,44.1392]]}},{"type":"Feature","properties":{"osm_id":"way/19729664","name":"Slap & Scratch Road","highway":"track","sac_scale":null,"source":"OSM, unverified"},"geometry":{"type":"LineString","coordinates":[[-72.7469,44.1121],[-72.7453,44.1116]]}},{"type":"Feature","properties":{"osm_id":"way/19729711","name":"R R Bed East","highway":"track","sac_scale":null,"source":"OSM, unverified"},"geometry":{"type":"LineString","coordinates":[[-72.3554,44.3377],[-72.3542,44.3376]]}},{"type":"Feature","properties":{"osm_id":"way/19729733","name":"Sandusky Road","highway":"track","sac_scale":null,"source":"OSM, unverified"},"geometry":{"type":"LineString","coordinates":[[-72.7591,44.0289],[-72.7594,44.0293],[-72.7597,44.0323],[-72.7601,44.0332]]}},{"type":"Feature","properties":{"osm_id":"way/19729811","name":"Town Highway 40","highway":"track","sac_scale":null,"source":"OSM, unverified"},"geometry":{"type":"LineString","coordinates":[[-72.7882,44.1723],[-72.7884,44.1727],[-72.7888,44.1731],[-72.7894,44.1731]]}},{"type":"Feature","properties":{"osm_id":"way/19729833","name":"Browns Mill Road","highway":"track","sac_scale":null,"source":"OSM, unverified"},"geometry":{"type":"LineString","coordinates":[[-72.6135,44.2242],[-72.6132,44.2249],[-72.6133,44.2255],[-72.6128,44.2262],[-72.6127,44.2268]]}},{"type":"Feature","properties":{"osm_id":"way/19729861","name":"Jay's Lane","highway":"track","sac_scale":null,"source":"OSM, unverified"},"geometry":{"type":"LineString","coordinates":[[-72.3591,44.4031],[-72.3598,44.4025]]}},{"type":"Feature","properties":{"osm_id":"way/19729899","name":"Herrick's Cove","highway":"track","sac_scale":null,"source":"OSM, unverified"},"geometry":{"type":"LineString","coordinates":[[-72.4169,44.3993],[-72.4177,44.3989],[-72.4189,44.3989],[-72.4194,44.3992],[-72.4212,44.4018]]}},{"type":"Feature","properties":{"osm_id":"way/19729975","name":"Bushey Road","highway":"track","sac_scale":null,"source":"OSM, unverified"},"geometry":{"type":"LineString","coordinates":[[-72.6211,44.3525],[-72.6237,44.3516],[-72.625,44.349],[-72.6274,44.3465],[-72.6275,44.346],[-72.6271,44.3437],[-72.6287,44.342],[-72.6292,44.3401],[-72.6313,44.3373],[-72.6322,44.3365]]}},{"type":"Feature","properties":{"osm_id":"way/19730097","name":"Lynch Hill Road","highway":"track","sac_scale":null,"source":"OSM, unverified"},"geometry":{"type":"LineString","coordinates":[[-72.6721,44.2384],[-72.6798,44.2361],[-72.682,44.235],[-72.6856,44.2323],[-72.6885,44.2328],[-72.6911,44.2327],[-72.6941,44.2339],[-72.6959,44.2341],[-72.6968,44.235],[-72.6971,44.2359],[-72.6979,44.2363]]}},{"type":"Feature","properties":{"osm_id":"way/19730225","name":"Doner Road","highway":"track","sac_scale":null,"source":"OSM, unverified"},"geometry":{"type":"LineString","coordinates":[[-72.5321,44.3345],[-72.5304,44.3369],[-72.5306,44.3377]]}},{"type":"Feature","properties":{"osm_id":"way/19730494","name":"Wheeler Road","highway":"track","sac_scale":null,"source":"OSM, unverified"},"geometry":{"type":"LineString","coordinates":[[-72.3159,44.3732],[-72.3152,44.3751],[-72.3147,44.3776],[-72.313,44.3798]]}},{"type":"Feature","properties":{"osm_id":"way/30732134","name":"Dean Trail","highway":"path","sac_scale":null,"source":"OSM, unverified"},"geometry":{"type":"LineString","coordinates":[[-72.8688,44.3098],[-72.8716,44.3098],[-72.8744,44.3089],[-72.8791,44.3064],[-72.8798,44.3055],[-72.8802,44.3044],[-72.8812,44.3038],[-72.8824,44.3036]]}},{"type":"Feature","properties":{"osm_id":"way/30752741","name":"Camels Hump View Trail","highway":"footway","sac_scale":null,"source":"OSM, unverified"},"geometry":{"type":"LineString","coordinates":[[-72.8412,44.3153],[-72.8412,44.3145],[-72.8401,44.3153],[-72.8396,44.3154],[-72.8409,44.3132],[-72.8409,44.3127],[-72.8421,44.3112],[-72.8425,44.3129],[-72.8428,44.3132],[-72.8423,44.3144],[-72.8412,44.3153],[-72.8412,44.3157]]}},{"type":"Feature","properties":{"osm_id":"way/30752747","name":"Forest City Connector Trail","highway":"path","sac_scale":null,"source":"OSM, unverified"},"geometry":{"type":"LineString","coordinates":[[-72.906,44.3038],[-72.907,44.3045],[-72.9074,44.3051]]}},{"type":"Feature","properties":{"osm_id":"way/30752748","name":"Honey Hollow Trail","highway":"track","sac_scale":null,"source":"OSM, unverified"},"geometry":{"type":"LineString","coordinates":[[-72.9006,44.3717],[-72.9006,44.3712],[-72.9011,44.3708],[-72.9029,44.3708],[-72.9023,44.3702],[-72.9035,44.3692],[-72.9042,44.3688],[-72.9059,44.3687],[-72.9069,44.3682],[-72.9067,44.3675],[-72.907,44.3666],[-72.906,44.3663],[-72.9072,44.3644],[-72.9064,44.3642],[-72.907,44.3636]]}},{"type":"Feature","properties":{"osm_id":"way/30753464","name":"Allis Trail","highway":"path","sac_scale":null,"source":"OSM, unverified"},"geometry":{"type":"LineString","coordinates":[[-72.8824,44.3036],[-72.8809,44.3033],[-72.8801,44.3027],[-72.8797,44.3021],[-72.8799,44.3013],[-72.8795,44.3012],[-72.8797,44.3009]]}},{"type":"Feature","properties":{"osm_id":"way/30754354","name":"Forest City Trail","highway":"path","sac_scale":null,"source":"OSM, unverified"},"geometry":{"type":"LineString","coordinates":[[-72.883,44.3015],[-72.8848,44.3016],[-72.8871,44.3024],[-72.8886,44.3024],[-72.89,44.3032],[-72.8912,44.3033],[-72.8937,44.3043],[-72.8978,44.3042],[-72.9022,44.3037],[-72.904,44.3044],[-72.906,44.3038],[-72.9082,44.3024],[-72.9109,44.3018],[-72.9126,44.3004],[-72.9145,44.3001],[-72.9162,44.2992],[-72.9189,44.2989]]}},{"type":"Feature","properties":{"osm_id":"way/30754377","name":"Alpine Trail","highway":"path","sac_scale":null,"source":"OSM, unverified"},"geometry":{"type":"LineString","coordinates":[[-72.887,44.3188],[-72.8856,44.3181],[-72.8844,44.318],[-72.8846,44.3178],[-72.8844,44.3174],[-72.8828,44.3175],[-72.8816,44.3171],[-72.8809,44.3173],[-72.8808,44.3168],[-72.8803,44.3166],[-72.8793,44.3166],[-72.8781,44.3174],[-72.8775,44.3175],[-72.8771,44.3179],[-72.8773,44.3193],[-72.8781,44.3203],[-72.8783,44.3211],[-72.8781,44.3213],[-72.8784,44.3215],[-72.8785,44.3225],[-72.879,44.323],[-72.8791,44.3237],[-72.8797,44.3243],[-72.8796,44.3246],[-72.879,44.325],[-72.8791,44.3258],[-72.8787,44.3263],[-72.8792,44.3282],[-72.879,44.3284],[-72.8791,44.3291]]}},{"type":"Feature","properties":{"osm_id":"way/30754390","name":"Long Trail","highway":"path","sac_scale":null,"source":"OSM, unverified"},"geometry":{"type":"LineString","coordinates":[[-72.8772,44.3651],[-72.876,44.3628],[-72.8765,44.3618],[-72.8745,44.3618],[-72.8746,44.3612],[-72.874,44.3612],[-72.8728,44.3616],[-72.8724,44.3623],[-72.8717,44.3622],[-72.8715,44.3619],[-72.8723,44.361],[-72.8698,44.3617],[-72.8682,44.361],[-72.8684,44.3606],[-72.8682,44.3601],[-72.8687,44.36],[-72.8687,44.3596],[-72.8689,44.3594],[-72.8672,44.3574],[-72.8674,44.3568],[-72.867,44.3559],[-72.8672,44.3546],[-72.8667,44.3544],[-72.8665,44.3534],[-72.8646,44.3516],[-72.8656,44.3504],[-72.865,44.3495],[-72.865,44.3489],[-72.8645,44.348],[-72.8662,44.347],[-72.8664,44.3466],[-72.8663,44.3463],[-72.8667,44.3457],[-72.8676,44.3457],[-72.8678,44.3452],[-72.8686,44.3447],[-72.8684,44.3442],[-72.8691,44.3431],[-72.8698,44.3428],[-72.869,44.3422],[-72.8693,44.3416],[-72.87,44.3413],[-72.8705,44.3398],[-72.8712,44.3388],[-72.8705,44.3375],[-72.874,44.3366],[-72.8755,44.336],[-72.8767,44.3358],[-72.8768,44.3347],[-72.8775,44.3342],[-72.8776,44.3329],[-72.878,44.3327],[-72.8786,44.3317],[-72.8784,44.3307],[-72.8791,44.3298],[-72.879,44.3292],[-72.8801,44.3282],[-72.8825,44.3271],[-72.8825,44.3264],[-72.8829,44.3263],[-72.883,44.3242],[-72.884,44.3236],[-72.8844,44.3231],[-72.885,44.3229],[-72.8855,44.3219]]}},{"type":"Feature","properties":{"osm_id":"way/30754393","name":"Honey Hollow Trail","highway":"track","sac_scale":null,"source":"OSM, unverified"},"geometry":{"type":"LineString","coordinates":[[-72.907,44.3636],[-72.9076,44.3627],[-72.9095,44.3613],[-72.9112,44.3596],[-72.9113,44.3591],[-72.9106,44.3579],[-72.9108,44.3563],[-72.9112,44.3559],[-72.912,44.3539]]}},{"type":"Feature","properties":{"osm_id":"way/31444296","name":"Catamount","highway":"track","sac_scale":null,"source":"OSM, unverified"},"geometry":{"type":"LineString","coordinates":[[-72.928,44.1903],[-72.928,44.1909],[-72.9273,44.1914],[-72.9269,44.1922],[-72.9269,44.1934],[-72.9261,44.1935],[-72.9264,44.1944],[-72.9271,44.1949]]}},{"type":"Feature","properties":{"osm_id":"way/31477640","name":"Long Trail","highway":"path","sac_scale":null,"source":"OSM, unverified"},"geometry":{"type":"LineString","coordinates":[[-72.9304,44.1903],[-72.9312,44.1913],[-72.931,44.1915],[-72.9313,44.1919],[-72.9326,44.1924],[-72.9349,44.1946],[-72.9353,44.1955],[-72.935,44.1958],[-72.9354,44.1967],[-72.9349,44.1969],[-72.9346,44.1974],[-72.9354,44.1981],[-72.9354,44.1987],[-72.9358,44.1991],[-72.9353,44.1997],[-72.9355,44.2013],[-72.935,44.202],[-72.9353,44.2028],[-72.9352,44.2035],[-72.9359,44.2046],[-72.9355,44.206],[-72.9359,44.2074],[-72.9355,44.2077],[-72.9351,44.2076],[-72.9351,44.208],[-72.9347,44.2081],[-72.9343,44.2077],[-72.9337,44.2076],[-72.9335,44.2069],[-72.9331,44.2067],[-72.932,44.2075],[-72.9315,44.2075],[-72.9312,44.207],[-72.9309,44.208],[-72.9302,44.2076],[-72.9302,44.2084],[-72.9314,44.2095],[-72.9317,44.2103],[-72.9316,44.211]]}},{"type":"Feature","properties":{"osm_id":"way/32220934","name":"Lower F.I.S.","highway":"path","sac_scale":null,"source":"OSM, unverified"},"geometry":{"type":"LineString","coordinates":[[-72.923,44.1632],[-72.9222,44.1633],[-72.9178,44.1653],[-72.9156,44.1654],[-72.9145,44.1651],[-72.9119,44.1657],[-72.91,44.1653],[-72.9078,44.1655],[-72.9074,44.1657],[-72.9053,44.1683],[-72.9034,44.1695],[-72.9015,44.1717],[-72.9007,44.1743],[-72.9015,44.1754]]}},{"type":"Feature","properties":{"osm_id":"way/34856416","name":"Woodstrace","highway":"track","sac_scale":null,"source":"OSM, unverified"},"geometry":{"type":"LineString","coordinates":[[-73.0495,44.4485],[-73.05,44.4493],[-73.0496,44.4506],[-73.0483,44.4522],[-73.0466,44.4532],[-73.0437,44.4519],[-73.044,44.4509],[-73.0451,44.4496]]}},{"type":"Feature","properties":{"osm_id":"way/34934990","name":"Town Highway 19","highway":"track","sac_scale":null,"source":"OSM, unverified"},"geometry":{"type":"LineString","coordinates":[[-73.0371,44.3341],[-73.0397,44.3337],[-73.0444,44.3301]]}},{"type":"Feature","properties":{"osm_id":"way/35927229","name":"Skyline Trail","highway":"path","sac_scale":null,"source":"OSM, unverified"},"geometry":{"type":"LineString","coordinates":[[-72.5917,44.4432],[-72.5921,44.4435],[-72.5932,44.443],[-72.5941,44.4421],[-72.5947,44.4421],[-72.5957,44.4416],[-72.5962,44.441],[-72.5969,44.441],[-72.5978,44.4401],[-72.5987,44.4402],[-72.5998,44.4394],[-72.602,44.4388],[-72.6025,44.4383],[-72.6036,44.4378],[-72.6052,44.4374],[-72.6062,44.4364],[-72.6085,44.4357],[-72.6088,44.4353],[-72.6094,44.4354],[-72.6103,44.4349],[-72.6109,44.4338],[-72.6117,44.4335],[-72.6124,44.4328],[-72.6126,44.4319],[-72.6122,44.4312],[-72.6124,44.4309],[-72.6138,44.4307],[-72.6154,44.43],[-72.6174,44.4301],[-72.6189,44.4293],[-72.6201,44.4293],[-72.6219,44.4286],[-72.6225,44.4289],[-72.6297,44.4257],[-72.6315,44.4244],[-72.6346,44.4228],[-72.6351,44.422],[-72.6359,44.422],[-72.636,44.4215],[-72.6365,44.4213],[-72.638,44.4198],[-72.6383,44.4187],[-72.6394,44.4176],[-72.6398,44.4164],[-72.6409,44.4155],[-72.6411,44.4146],[-72.6406,44.4132],[-72.6411,44.4122],[-72.642,44.4116],[-72.6426,44.4108],[-72.6433,44.4107],[-72.6435,44.4104],[-72.6434,44.4099],[-72.6439,44.4087],[-72.6438,44.4072],[-72.644,44.4066],[-72.6434,44.4061],[-72.6432,44.4054],[-72.6428,44.405],[-72.643,44.4037],[-72.6445,44.4021],[-72.6439,44.4018],[-72.6437,44.4011],[-72.6432,44.4012],[-72.6429,44.4009],[-72.6434,44.4001],[-72.6434,44.3996],[-72.6439,44.3989],[-72.644,44.3982],[-72.6444,44.3981],[-72.6446,44.3976],[-72.6444,44.3972],[-72.6447,44.3972],[-72.6448,44.3963],[-72.6453,44.3957]]}},{"type":"Feature","properties":{"osm_id":"way/35927256","name":"Pinnacle Meadow Trail","highway":"path","sac_scale":null,"source":"OSM, unverified"},"geometry":{"type":"LineString","coordinates":[[-72.647,44.4377],[-72.6447,44.4378],[-72.6436,44.4374],[-72.6443,44.4368],[-72.6457,44.4345],[-72.6446,44.4344],[-72.6442,44.4341],[-72.6453,44.4335],[-72.6464,44.4334],[-72.651,44.4337],[-72.6518,44.4332],[-72.6528,44.432]]}},{"type":"Feature","properties":{"osm_id":"way/36748403","name":"Fire Tower Trail","highway":"path","sac_scale":null,"source":"OSM, unverified"},"geometry":{"type":"LineString","coordinates":[[-72.5397,44.5356],[-72.5399,44.5357],[-72.5402,44.5352],[-72.5405,44.5345],[-72.5405,44.5339],[-72.5414,44.5328],[-72.5416,44.5319],[-72.5414,44.5308],[-72.5417,44.5304],[-72.5421,44.5303],[-72.5434,44.5309],[-72.5438,44.5314],[-72.5445,44.5314],[-72.5446,44.5292],[-72.5439,44.5289],[-72.5446,44.5288],[-72.5447,44.5278],[-72.5455,44.5272],[-72.5456,44.5267],[-72.546,44.5268],[-72.5462,44.5264]]}},{"type":"Feature","properties":{"osm_id":"way/36749680","name":"Ridge Trail","highway":"path","sac_scale":null,"source":"OSM, unverified"},"geometry":{"type":"LineString","coordinates":[[-72.546,44.5268],[-72.5459,44.5276],[-72.5468,44.5285],[-72.5471,44.5294],[-72.5476,44.5296],[-72.5481,44.5303],[-72.5475,44.5311],[-72.5477,44.5323]]}},{"type":"Feature","properties":{"osm_id":"way/37861256","name":"Forest Road","highway":"track","sac_scale":null,"source":"OSM, unverified"},"geometry":{"type":"LineString","coordinates":[[-72.8439,44.5061],[-72.8431,44.5053],[-72.8417,44.5045],[-72.8406,44.5043],[-72.8388,44.5044],[-72.838,44.5035]]}},{"type":"Feature","properties":{"osm_id":"way/37861281","name":"Butler Lodge Trail","highway":"path","sac_scale":null,"source":"OSM, unverified"},"geometry":{"type":"LineString","coordinates":[[-72.8437,44.5062],[-72.842,44.5062],[-72.8401,44.507],[-72.8395,44.507],[-72.8389,44.5067],[-72.8379,44.5068],[-72.8356,44.5079],[-72.8332,44.5084],[-72.8303,44.5095],[-72.829,44.5096],[-72.8285,44.5101],[-72.8276,44.5101],[-72.827,44.5105],[-72.8253,44.5113],[-72.8236,44.5116],[-72.8205,44.5143],[-72.8202,44.5154]]}},{"type":"Feature","properties":{"osm_id":"way/37861285","name":"Wallace Cutoff","highway":"path","sac_scale":null,"source":"OSM, unverified"},"geometry":{"type":"LineString","coordinates":[[-72.8202,44.5153],[-72.8198,44.5147],[-72.8197,44.5139],[-72.8195,44.5138]]}},{"type":"Feature","properties":{"osm_id":"way/37861298","name":"Wampahoofus Trail","highway":"path","sac_scale":null,"source":"OSM, unverified"},"geometry":{"type":"LineString","coordinates":[[-72.8202,44.5154],[-72.8201,44.5157],[-72.8204,44.5162],[-72.8204,44.5167],[-72.8211,44.5174],[-72.8211,44.5188],[-72.8218,44.5197],[-72.822,44.5203]]}},{"type":"Feature","properties":{"osm_id":"way/37861414","name":"Long Trail","highway":"path","sac_scale":null,"source":"OSM, unverified"},"geometry":{"type":"LineString","coordinates":[[-72.8275,44.485],[-72.8286,44.485],[-72.8295,44.4856],[-72.8307,44.4856],[-72.832,44.4864],[-72.8347,44.487],[-72.8358,44.4869],[-72.8365,44.4873],[-72.8367,44.4886]]}},{"type":"Feature","properties":{"osm_id":"way/37861434","name":"Nebraska Notch Trail","highway":"path","sac_scale":null,"source":"OSM, unverified"},"geometry":{"type":"LineString","coordinates":[[-72.8379,44.489],[-72.839,44.4928],[-72.8394,44.4934],[-72.8406,44.4945],[-72.8426,44.4952],[-72.8464,44.4989],[-72.8463,44.4995],[-72.8464,44.5004],[-72.8462,44.5009],[-72.8464,44.502],[-72.8461,44.5033],[-72.8463,44.5047],[-72.8473,44.5057]]}},{"type":"Feature","properties":{"osm_id":"way/38223633","name":"Hedgehog Hill Trail","highway":"path","sac_scale":null,"source":"OSM, unverified"},"geometry":{"type":"LineString","coordinates":[[-72.7711,44.4004],[-72.7696,44.4017],[-72.7681,44.4021],[-72.7679,44.4029],[-72.7652,44.4046],[-72.7644,44.4047],[-72.7634,44.4044],[-72.7632,44.4037],[-72.7643,44.4017],[-72.7643,44.4012],[-72.7636,44.4001],[-72.7622,44.399],[-72.7619,44.397],[-72.7622,44.3959],[-72.763,44.3947]]}},{"type":"Feature","properties":{"osm_id":"way/38223674","name":"Bear Lane","highway":"path","sac_scale":null,"source":"OSM, unverified"},"geometry":{"type":"LineString","coordinates":[[-72.7732,44.4022],[-72.7715,44.4032],[-72.7717,44.4015],[-72.7706,44.4011],[-72.7711,44.4003],[-72.771,44.4],[-72.7698,44.3995],[-72.7701,44.399]]}},{"type":"Feature","properties":{"osm_id":"way/38223869","name":"Dalley Loop","highway":"track","sac_scale":null,"source":"OSM, unverified"},"geometry":{"type":"LineString","coordinates":[[-72.7664,44.3933],[-72.768,44.3939],[-72.7702,44.3953],[-72.7726,44.3962],[-72.7756,44.3967],[-72.777,44.3974],[-72.7814,44.4014],[-72.7824,44.4019]]}},{"type":"Feature","properties":{"osm_id":"way/38224291","name":"Ricker Farm Trail","highway":"path","sac_scale":null,"source":"OSM, unverified"},"geometry":{"type":"LineString","coordinates":[[-72.7717,44.4022],[-72.7698,44.4034],[-72.7687,44.4033],[-72.7682,44.4029],[-72.7679,44.403],[-72.7679,44.4034],[-72.7672,44.4036],[-72.7664,44.4045],[-72.7665,44.4053],[-72.7678,44.4072],[-72.768,44.4079],[-72.7673,44.4092],[-72.7665,44.4097],[-72.7658,44.4119],[-72.7666,44.4139],[-72.7667,44.4149]]}},{"type":"Feature","properties":{"osm_id":"way/40446524","name":"Fox","highway":"track","sac_scale":null,"source":"OSM, unverified"},"geometry":{"type":"LineString","coordinates":[[-72.9349,44.2013],[-72.9339,44.2],[-72.9331,44.1981],[-72.9312,44.1969],[-72.9306,44.1968]]}},{"type":"Feature","properties":{"osm_id":"way/44121534","name":"Postal Route","highway":"path","sac_scale":null,"source":"OSM, unverified"},"geometry":{"type":"LineString","coordinates":[[-73.0392,44.4941],[-73.0396,44.4955],[-73.0407,44.4956],[-73.0414,44.4963],[-73.0426,44.4967],[-73.0417,44.4964],[-73.0419,44.4963],[-73.0412,44.4959],[-73.0423,44.496],[-73.0429,44.4959],[-73.0426,44.4957],[-73.0429,44.4954],[-73.0427,44.4952],[-73.0431,44.495],[-73.0431,44.4937],[-73.0426,44.4937],[-73.0427,44.4944],[-73.0423,44.4942],[-73.0419,44.4935],[-73.0417,44.4936],[-73.0419,44.4939],[-73.0418,44.4943],[-73.0415,44.4938],[-73.041,44.4939],[-73.0404,44.4934],[-73.0393,44.494]]}},{"type":"Feature","properties":{"osm_id":"way/44121587","name":"Mojo","highway":"path","sac_scale":null,"source":"OSM, unverified"},"geometry":{"type":"LineString","coordinates":[[-73.027,44.4894],[-73.0277,44.4884],[-73.0278,44.4879],[-73.027,44.4872],[-73.0268,44.4875],[-73.0263,44.4871],[-73.026,44.4874],[-73.0242,44.4866],[-73.0231,44.4865],[-73.0228,44.4867],[-73.023,44.4868],[-73.0227,44.487],[-73.0228,44.4872],[-73.0223,44.4881],[-73.0226,44.488],[-73.023,44.4874],[-73.0234,44.4873],[-73.0244,44.4878],[-73.0232,44.4876],[-73.0232,44.4879],[-73.0236,44.4879],[-73.0234,44.4882],[-73.0241,44.4881],[-73.0248,44.4883],[-73.025,44.488],[-73.0252,44.4883],[-73.0262,44.4884],[-73.0265,44.4879],[-73.0264,44.4885],[-73.0267,44.488],[-73.0265,44.4876],[-73.0267,44.4874]]}},{"type":"Feature","properties":{"osm_id":"way/44121795","name":"Flow","highway":"path","sac_scale":null,"source":"OSM, unverified"},"geometry":{"type":"LineString","coordinates":[[-73.0267,44.4909],[-73.0265,44.4907],[-73.0268,44.4903],[-73.0269,44.4895],[-73.0274,44.4892],[-73.0279,44.4892],[-73.0277,44.4898],[-73.0281,44.4897],[-73.0281,44.4902],[-73.0284,44.4897],[-73.0285,44.49],[-73.0287,44.4899],[-73.0288,44.4902],[-73.0294,44.49],[-73.0295,44.4903],[-73.03,44.4903],[-73.0309,44.4891],[-73.0312,44.4895],[-73.0316,44.4894],[-73.0315,44.4897],[-73.0318,44.4897],[-73.0323,44.4894],[-73.0333,44.4898],[-73.0337,44.4893],[-73.0334,44.4889]]}},{"type":"Feature","properties":{"osm_id":"way/44121796","name":"Free Fall","highway":"path","sac_scale":null,"source":"OSM, unverified"},"geometry":{"type":"LineString","coordinates":[[-73.0327,44.4931],[-73.0316,44.4926],[-73.0303,44.4914],[-73.0293,44.4915],[-73.0286,44.4912]]}},{"type":"Feature","properties":{"osm_id":"way/44121803","name":"Flow","highway":"path","sac_scale":null,"source":"OSM, unverified"},"geometry":{"type":"LineString","coordinates":[[-73.033,44.4928],[-73.0328,44.4924],[-73.0323,44.4923],[-73.0318,44.4911],[-73.0306,44.4909],[-73.0305,44.4903],[-73.0302,44.4904],[-73.03,44.491],[-73.0297,44.4911],[-73.0291,44.4908],[-73.0285,44.4912],[-73.0272,44.4908]]}},{"type":"Feature","properties":{"osm_id":"way/44122110","name":"Mid FLow","highway":"path","sac_scale":null,"source":"OSM, unverified"},"geometry":{"type":"LineString","coordinates":[[-73.033,44.4928],[-73.0347,44.4928],[-73.0348,44.493],[-73.0342,44.4938],[-73.035,44.4935],[-73.0363,44.4935]]}},{"type":"Feature","properties":{"osm_id":"way/44488051","name":"Wilderness Work Road","highway":"track","sac_scale":null,"source":"OSM, unverified"},"geometry":{"type":"LineString","coordinates":[[-72.8302,44.4231],[-72.8307,44.4235],[-72.8306,44.4245],[-72.8309,44.4253],[-72.8312,44.4253],[-72.8313,44.4245],[-72.8324,44.4239],[-72.8327,44.423],[-72.8338,44.4226],[-72.8343,44.4209],[-72.8353,44.4205],[-72.8357,44.4207],[-72.8365,44.4222],[-72.8372,44.4224],[-72.8412,44.4222],[-72.8437,44.421],[-72.8445,44.4212],[-72.8456,44.421],[-72.8483,44.4217],[-72.8486,44.4216],[-72.8487,44.4213],[-72.8492,44.4206]]}},{"type":"Feature","properties":{"osm_id":"way/44626734","name":"Long Trail","highway":"path","sac_scale":null,"source":"OSM, unverified"},"geometry":{"type":"LineString","coordinates":[[-72.9312,44.1786],[-72.9304,44.1792],[-72.9301,44.1798],[-72.9293,44.1803],[-72.9294,44.1824],[-72.9288,44.1843],[-72.929,44.1852],[-72.9288,44.1874],[-72.9304,44.1903]]}},{"type":"Feature","properties":{"osm_id":"way/44794024","name":"Stone Tower Path","highway":"track","sac_scale":null,"source":"OSM, unverified"},"geometry":{"type":"LineString","coordinates":[[-72.5801,44.2689],[-72.5795,44.2668],[-72.5798,44.266]]}},{"type":"Feature","properties":{"osm_id":"way/44800871","name":"Seven Fireplaces Way","highway":"track","sac_scale":null,"source":"OSM, unverified"},"geometry":{"type":"LineString","coordinates":[[-72.58,44.2729],[-72.5809,44.2731],[-72.5807,44.2735]]}},{"type":"Feature","properties":{"osm_id":"way/44800872","name":"State House Trail","highway":"footway","sac_scale":null,"source":"OSM, unverified"},"geometry":{"type":"LineString","coordinates":[[-72.5789,44.2623],[-72.5795,44.2625],[-72.5796,44.2633],[-72.5801,44.2637],[-72.5797,44.2638],[-72.5799,44.264],[-72.5797,44.2641],[-72.578,44.2639],[-72.5783,44.2643],[-72.5788,44.2643],[-72.5793,44.2647],[-72.5782,44.2647],[-72.5777,44.2651]]}},{"type":"Feature","properties":{"osm_id":"way/44800873","name":"Fitness Trail","highway":"footway","sac_scale":null,"source":"OSM, unverified"},"geometry":{"type":"LineString","coordinates":[[-72.5796,44.2713],[-72.5807,44.2716],[-72.581,44.272],[-72.5807,44.273]]}},{"type":"Feature","properties":{"osm_id":"way/44801153","name":"Fitness Trail","highway":"footway","sac_scale":null,"source":"OSM, unverified"},"geometry":{"type":"LineString","coordinates":[[-72.5793,44.2715],[-72.5784,44.2713],[-72.5775,44.2708],[-72.5773,44.2713],[-72.5769,44.2713],[-72.5769,44.2708],[-72.5763,44.2701]]}},{"type":"Feature","properties":{"osm_id":"way/44972344","name":"Second Thoughts","highway":"track","sac_scale":null,"source":"OSM, unverified"},"geometry":{"type":"LineString","coordinates":[[-72.9042,44.1405],[-72.9039,44.1407],[-72.9042,44.1418],[-72.904,44.1419]]}},{"type":"Feature","properties":{"osm_id":"way/44972361","name":"Valley House Traverse","highway":"track","sac_scale":null,"source":"OSM, unverified"},"geometry":{"type":"LineString","coordinates":[[-72.9149,44.1286],[-72.913,44.1278],[-72.9111,44.1277],[-72.9073,44.1283],[-72.9061,44.1281]]}},{"type":"Feature","properties":{"osm_id":"way/44972499","name":"Sleeper","highway":"track","sac_scale":null,"source":"OSM, unverified"},"geometry":{"type":"LineString","coordinates":[[-72.9061,44.1415],[-72.9058,44.1409],[-72.9069,44.1405],[-72.907,44.1403],[-72.9059,44.1397],[-72.905,44.1396],[-72.9029,44.1374],[-72.9011,44.1369],[-72.8992,44.1359],[-72.8982,44.1358],[-72.8956,44.1363]]}},{"type":"Feature","properties":{"osm_id":"way/44972502","name":"Out to Lunch","highway":"track","sac_scale":null,"source":"OSM, unverified"},"geometry":{"type":"LineString","coordinates":[[-72.898,44.1417],[-72.8956,44.1403],[-72.8948,44.1395]]}},{"type":"Feature","properties":{"osm_id":"way/44972506","name":"Gondolier","highway":"track","sac_scale":null,"source":"OSM, unverified"},"geometry":{"type":"LineString","coordinates":[[-72.9028,44.1332],[-72.8965,44.1354]]}},{"type":"Feature","properties":{"osm_id":"way/44972508","name":"Coffee Run","highway":"track","sac_scale":null,"source":"OSM, unverified"},"geometry":{"type":"LineString","coordinates":[[-72.9028,44.1332],[-72.902,44.133],[-72.8997,44.1332],[-72.8968,44.1343]]}},{"type":"Feature","properties":{"osm_id":"way/44972513","name":"Header","highway":"track","sac_scale":null,"source":"OSM, unverified"},"geometry":{"type":"LineString","coordinates":[[-72.9051,44.1337],[-72.905,44.1339],[-72.9053,44.1348],[-72.9053,44.1354],[-72.9051,44.1356]]}},{"type":"Feature","properties":{"osm_id":"way/44972531","name":"Castlerock Connection","highway":"track","sac_scale":null,"source":"OSM, unverified"},"geometry":{"type":"LineString","coordinates":[[-72.9149,44.14],[-72.9145,44.1397],[-72.9141,44.139],[-72.913,44.1384],[-72.9129,44.138],[-72.9109,44.1368],[-72.9118,44.1363],[-72.9114,44.1363]]}},{"type":"Feature","properties":{"osm_id":"way/44972539","name":"Heaven's Gate Traverse","highway":"track","sac_scale":null,"source":"OSM, unverified"},"geometry":{"type":"LineString","coordinates":[[-72.9114,44.1315],[-72.9123,44.1323],[-72.9133,44.1323],[-72.9141,44.1327],[-72.916,44.1332],[-72.9161,44.1334]]}},{"type":"Feature","properties":{"osm_id":"way/44972550","name":"Jester","highway":"track","sac_scale":null,"source":"OSM, unverified"},"geometry":{"type":"LineString","coordinates":[[-72.9281,44.1277],[-72.9262,44.1265],[-72.9259,44.1259],[-72.9239,44.1265],[-72.924,44.127],[-72.9213,44.1267],[-72.9205,44.1261],[-72.9199,44.1275],[-72.9191,44.1269],[-72.9187,44.1273],[-72.9181,44.1269],[-72.9181,44.1283],[-72.917,44.1284],[-72.9161,44.1292]]}},{"type":"Feature","properties":{"osm_id":"way/44972557","name":"Overshot","highway":"track","sac_scale":null,"source":"OSM, unverified"},"geometry":{"type":"LineString","coordinates":[[-72.9031,44.1415],[-72.9023,44.1405],[-72.9024,44.1397]]}},{"type":"Feature","properties":{"osm_id":"way/44977840","name":"Castlerock Runout","highway":"track","sac_scale":null,"source":"OSM, unverified"},"geometry":{"type":"LineString","coordinates":[[-72.9114,44.1363],[-72.906,44.1358],[-72.9048,44.1356],[-72.9035,44.1349],[-72.9012,44.1349],[-72.8996,44.1344]]}},{"type":"Feature","properties":{"osm_id":"way/44977924","name":"Lower Downspout","highway":"track","sac_scale":null,"source":"OSM, unverified"},"geometry":{"type":"LineString","coordinates":[[-72.9161,44.1334],[-72.9156,44.134],[-72.913,44.1349],[-72.9096,44.1347]]}},{"type":"Feature","properties":{"osm_id":"way/44978080","name":"Reverse Traverse","highway":"track","sac_scale":null,"source":"OSM, unverified"},"geometry":{"type":"LineString","coordinates":[[-72.9061,44.1281],[-72.9068,44.1287],[-72.909,44.1287],[-72.9107,44.1291],[-72.9113,44.1294],[-72.9119,44.1304]]}},{"type":"Feature","properties":{"osm_id":"way/44978221","name":"Lower Snowball","highway":"track","sac_scale":null,"source":"OSM, unverified"},"geometry":{"type":"LineString","coordinates":[[-72.8999,44.1277],[-72.8981,44.1284],[-72.8956,44.1287],[-72.8948,44.1303]]}},{"type":"Feature","properties":{"osm_id":"way/44990712","name":"Hot Shot","highway":"track","sac_scale":null,"source":"OSM, unverified"},"geometry":{"type":"LineString","coordinates":[[-72.9074,44.1421],[-72.9042,44.1405]]}},{"type":"Feature","properties":{"osm_id":"way/44997348","name":"Lower Jester","highway":"track","sac_scale":null,"source":"OSM, unverified"},"geometry":{"type":"LineString","coordinates":[[-72.9149,44.1286],[-72.9157,44.1285],[-72.9158,44.129],[-72.9163,44.1293],[-72.9158,44.1302],[-72.9133,44.1308],[-72.9107,44.1303],[-72.9114,44.1315],[-72.9092,44.1313],[-72.9099,44.1326],[-72.9087,44.1327],[-72.9096,44.1347],[-72.9074,44.1346],[-72.9047,44.1336],[-72.9028,44.1332]]}},{"type":"Feature","properties":{"osm_id":"way/48464644","name":"Long Trail","highway":"path","sac_scale":null,"source":"OSM, unverified"},"geometry":{"type":"LineString","coordinates":[[-72.7812,44.5523],[-72.7826,44.5523],[-72.7844,44.5519],[-72.7861,44.5525],[-72.7884,44.5524],[-72.7897,44.5531],[-72.7896,44.5535],[-72.7898,44.5536],[-72.7915,44.5535],[-72.7926,44.5532],[-72.7917,44.5526],[-72.7895,44.5521],[-72.7893,44.5517],[-72.7874,44.5505],[-72.7859,44.5503],[-72.7848,44.5489],[-72.7845,44.5479],[-72.7838,44.5476],[-72.7839,44.5458],[-72.7855,44.5473],[-72.7868,44.5477],[-72.7873,44.5475],[-72.7866,44.547],[-72.7868,44.5466],[-72.788,44.5462],[-72.7882,44.5454],[-72.7871,44.5436],[-72.7867,44.5433],[-72.7869,44.5425],[-72.7862,44.5417],[-72.7873,44.5406],[-72.7874,44.5396]]}},{"type":"Feature","properties":{"osm_id":"way/48465213","name":"CCC Road","highway":"track","sac_scale":null,"source":"OSM, unverified"},"geometry":{"type":"LineString","coordinates":[[-72.8311,44.5341],[-72.8311,44.5335],[-72.83,44.5313],[-72.8286,44.5298],[-72.8277,44.5282],[-72.8272,44.527],[-72.8267,44.5244],[-72.8275,44.5237],[-72.8329,44.5215]]}},{"type":"Feature","properties":{"osm_id":"way/48465367","name":"CCC Road","highway":"track","sac_scale":null,"source":"OSM, unverified"},"geometry":{"type":"LineString","coordinates":[[-72.842,44.5297],[-72.8416,44.53],[-72.8411,44.5294],[-72.8407,44.5292],[-72.8401,44.5301],[-72.8398,44.5302],[-72.837,44.5293],[-72.8364,44.5293],[-72.8357,44.5297],[-72.8358,44.5307],[-72.8353,44.5314],[-72.8353,44.5321],[-72.8346,44.5322]]}},{"type":"Feature","properties":{"osm_id":"way/48663852","name":"Cantilever Rock Trail","highway":"path","sac_scale":null,"source":"OSM, unverified"},"geometry":{"type":"LineString","coordinates":[[-72.8303,44.5407],[-72.8309,44.5412],[-72.8307,44.5413],[-72.8312,44.5415]]}},{"type":"Feature","properties":{"osm_id":"way/48663853","name":"Sunset Ridge Trail","highway":"path","sac_scale":null,"source":"OSM, unverified"},"geometry":{"type":"LineString","coordinates":[[-72.8312,44.5353],[-72.8319,44.5366],[-72.8318,44.5377],[-72.8315,44.538],[-72.8324,44.5382],[-72.8327,44.5386],[-72.8325,44.539],[-72.8319,44.5388],[-72.8318,44.5391],[-72.8313,44.5394],[-72.8312,44.54],[-72.8309,44.5402],[-72.8304,44.5401],[-72.8303,44.5407],[-72.8296,44.5405],[-72.8296,44.5415],[-72.8278,44.5411],[-72.8275,44.5413],[-72.8276,44.5418],[-72.8273,44.5423],[-72.8212,44.5431],[-72.8205,44.5437],[-72.8185,44.544],[-72.8178,44.5439],[-72.8177,44.5432],[-72.8164,44.542]]}},{"type":"Feature","properties":{"osm_id":"way/48663887","name":"Laura Cowles Trail","highway":"path","sac_scale":null,"source":"OSM, unverified"},"geometry":{"type":"LineString","coordinates":[[-72.8312,44.5353],[-72.8293,44.5363],[-72.8279,44.5364],[-72.8276,44.5367],[-72.8272,44.5366],[-72.8268,44.5372],[-72.8259,44.5372],[-72.8238,44.538],[-72.8231,44.5386],[-72.8231,44.5392],[-72.8221,44.5401],[-72.8197,44.5407],[-72.8185,44.5413],[-72.8179,44.5413],[-72.8164,44.542]]}},{"type":"Feature","properties":{"osm_id":"way/48665752","name":"Beane Trail","highway":"path","sac_scale":null,"source":"OSM, unverified"},"geometry":{"type":"LineString","coordinates":[[-72.93,44.2366],[-72.9312,44.2375],[-72.9318,44.2383],[-72.9315,44.2385],[-72.9315,44.2388],[-72.9321,44.2394],[-72.9328,44.2398],[-72.9329,44.2402],[-72.9343,44.2418],[-72.9344,44.2424],[-72.9349,44.2428],[-72.935,44.2435],[-72.9348,44.2447],[-72.9338,44.2454],[-72.9334,44.2464],[-72.9343,44.2471],[-72.934,44.248],[-72.9414,44.2482],[-72.9419,44.2481],[-72.942,44.248]]}},{"type":"Feature","properties":{"osm_id":"way/48665753","name":"Hedgehog Brook Trail","highway":"path","sac_scale":null,"source":"OSM, unverified"},"geometry":{"type":"LineString","coordinates":[[-72.8737,44.2496],[-72.8749,44.2496],[-72.8763,44.2502],[-72.8776,44.2515],[-72.878,44.2522],[-72.8782,44.2532],[-72.8777,44.2535],[-72.8778,44.2542],[-72.8774,44.2545],[-72.8801,44.2575],[-72.8804,44.2588],[-72.8803,44.2593],[-72.8836,44.2619],[-72.8841,44.2626],[-72.8844,44.2636],[-72.8848,44.264],[-72.8859,44.2641],[-72.8879,44.263],[-72.8899,44.263],[-72.8908,44.2626],[-72.8921,44.2626],[-72.893,44.2622],[-72.8946,44.2628],[-72.8956,44.2627],[-72.896,44.263],[-72.8971,44.2628]]}},{"type":"Feature","properties":{"osm_id":"way/48665759","name":"Jerusalem Trail","highway":"path","sac_scale":null,"source":"OSM, unverified"},"geometry":{"type":"LineString","coordinates":[[-72.9303,44.1796],[-72.9321,44.1801],[-72.9326,44.18],[-72.933,44.1805],[-72.9368,44.1813],[-72.9386,44.1808],[-72.9399,44.1811],[-72.9427,44.1809],[-72.9446,44.1815],[-72.9456,44.1815],[-72.9463,44.1819],[-72.9488,44.1822],[-72.9497,44.1827],[-72.9534,44.1819],[-72.9556,44.1802],[-72.9564,44.1799],[-72.9578,44.1799],[-72.9593,44.1795],[-72.9613,44.1779],[-72.964,44.1779],[-72.9648,44.1775],[-72.9667,44.1775],[-72.9669,44.1774],[-72.9671,44.1766],[-72.9684,44.1766]]}},{"type":"Feature","properties":{"osm_id":"way/48665767","name":"Cliff Trail","highway":"path","sac_scale":null,"source":"OSM, unverified"},"geometry":{"type":"LineString","coordinates":[[-72.817,44.5395],[-72.8161,44.5389],[-72.8159,44.5385],[-72.8156,44.5384],[-72.8157,44.5364],[-72.815,44.5361],[-72.8148,44.5357],[-72.8151,44.5346],[-72.8145,44.5336],[-72.8147,44.5327],[-72.8145,44.5321],[-72.8153,44.5321],[-72.8145,44.531],[-72.8143,44.5302],[-72.8152,44.5293]]}},{"type":"Feature","properties":{"osm_id":"way/48665777","name":"Lake Mansfield Trail","highway":"path","sac_scale":null,"source":"OSM, unverified"},"geometry":{"type":"LineString","coordinates":[[-72.8101,44.4733],[-72.8104,44.4736],[-72.8123,44.4739],[-72.8136,44.4734],[-72.8164,44.4731],[-72.8182,44.4735],[-72.8198,44.4742],[-72.8226,44.4783],[-72.8231,44.4803],[-72.8245,44.4819],[-72.8229,44.484],[-72.8231,44.4847],[-72.8254,44.4858],[-72.8268,44.4848],[-72.8275,44.485]]}},{"type":"Feature","properties":{"osm_id":"way/48665778","name":"Hell Brook Trail","highway":"path","sac_scale":null,"source":"OSM, unverified"},"geometry":{"type":"LineString","coordinates":[[-72.8117,44.5456],[-72.8116,44.547],[-72.8109,44.5479],[-72.8086,44.5484],[-72.8084,44.5487],[-72.807,44.5486],[-72.8056,44.5491],[-72.8049,44.5489],[-72.8041,44.5493],[-72.803,44.5504],[-72.8021,44.5502],[-72.8018,44.5499],[-72.7991,44.5497],[-72.7975,44.5489],[-72.7958,44.549],[-72.7944,44.5488]]}},{"type":"Feature","properties":{"osm_id":"way/48665780","name":"South Link","highway":"path","sac_scale":null,"source":"OSM, unverified"},"geometry":{"type":"LineString","coordinates":[[-72.8148,44.5211],[-72.8145,44.5213],[-72.8145,44.522],[-72.8141,44.5225],[-72.8133,44.5229],[-72.8129,44.5235],[-72.8117,44.5236],[-72.8099,44.5233],[-72.809,44.524]]}},{"type":"Feature","properties":{"osm_id":"way/48665784","name":"Hell Brook Cut Off","highway":"path","sac_scale":null,"source":"OSM, unverified"},"geometry":{"type":"LineString","coordinates":[[-72.8059,44.5489],[-72.8056,44.5479],[-72.8041,44.5463],[-72.8039,44.5458],[-72.8048,44.5447],[-72.8061,44.5442],[-72.8085,44.5438],[-72.8094,44.5429]]}},{"type":"Feature","properties":{"osm_id":"way/48665786","name":"Connector","highway":"path","sac_scale":null,"source":"OSM, unverified"},"geometry":{"type":"LineString","coordinates":[[-72.8186,44.5352],[-72.8176,44.5354]]}},{"type":"Feature","properties":{"osm_id":"way/48665787","name":"Halfway House Trail","highway":"path","sac_scale":null,"source":"OSM, unverified"},"geometry":{"type":"LineString","coordinates":[[-72.83,44.5313],[-72.8293,44.5317],[-72.8281,44.5318],[-72.8269,44.5324],[-72.8265,44.5323],[-72.8245,44.5327],[-72.8223,44.5317],[-72.8208,44.5328],[-72.8206,44.5325],[-72.8207,44.5319],[-72.8203,44.5322],[-72.8197,44.5319],[-72.8191,44.5306],[-72.8187,44.5307],[-72.8182,44.5299],[-72.8172,44.5297]]}},{"type":"Feature","properties":{"osm_id":"way/48665897","name":"Frost Trail","highway":"path","sac_scale":null,"source":"OSM, unverified"},"geometry":{"type":"LineString","coordinates":[[-72.8437,44.5062],[-72.8419,44.5072],[-72.8419,44.5077],[-72.8423,44.508],[-72.842,44.5089],[-72.8414,44.5094],[-72.8415,44.5106],[-72.8412,44.512],[-72.8399,44.5124],[-72.8391,44.513],[-72.8387,44.5139],[-72.8381,44.5141],[-72.8371,44.5154],[-72.837,44.5159],[-72.8363,44.5158],[-72.8359,44.5167],[-72.8345,44.517],[-72.8342,44.5168],[-72.8337,44.5173],[-72.8329,44.5174],[-72.8327,44.5178],[-72.8323,44.518],[-72.8321,44.5186]]}},{"type":"Feature","properties":{"osm_id":"way/48665901","name":"Long Trail","highway":"path","sac_scale":null,"source":"OSM, unverified"},"geometry":{"type":"LineString","coordinates":[[-72.9291,44.1603],[-72.9299,44.1606],[-72.9299,44.1612],[-72.9301,44.1613],[-72.9298,44.1622],[-72.9298,44.1629],[-72.9299,44.1633],[-72.9303,44.1631],[-72.9304,44.1634],[-72.9301,44.1639],[-72.9303,44.1647],[-72.9298,44.165],[-72.9292,44.1659],[-72.9297,44.1665],[-72.9294,44.1676],[-72.9297,44.1687],[-72.9296,44.1692],[-72.9299,44.1699],[-72.929,44.1721],[-72.9298,44.173],[-72.9299,44.1752],[-72.9316,44.1763],[-72.9315,44.1769],[-72.9319,44.1781],[-72.9317,44.1785],[-72.9312,44.1786]]}},{"type":"Feature","properties":{"osm_id":"way/48666075","name":"Forehead Bypass","highway":"path","sac_scale":null,"source":"OSM, unverified"},"geometry":{"type":"LineString","coordinates":[[-72.8164,44.5248],[-72.8156,44.5238],[-72.8148,44.5211],[-72.8157,44.5199],[-72.8161,44.5186],[-72.8159,44.5159],[-72.8167,44.515],[-72.8176,44.5151]]}},{"type":"Feature","properties":{"osm_id":"way/48666105","name":"Rock Garden Trail","highway":"path","sac_scale":null,"source":"OSM, unverified"},"geometry":{"type":"LineString","coordinates":[[-72.8204,44.5163],[-72.8233,44.5182],[-72.8242,44.5181],[-72.8263,44.5185],[-72.8279,44.5186],[-72.8285,44.5191]]}},{"type":"Feature","properties":{"osm_id":"way/48666162","name":"Haselton Trail","highway":"path","sac_scale":null,"source":"OSM, unverified"},"geometry":{"type":"LineString","coordinates":[[-72.8091,44.5242],[-72.8094,44.5248],[-72.8086,44.525],[-72.8092,44.5259],[-72.8086,44.5261],[-72.8083,44.5265]]}},{"type":"Feature","properties":{"osm_id":"way/48666235","name":"Crossover","highway":"track","sac_scale":null,"source":"OSM, unverified"},"geometry":{"type":"LineString","coordinates":[[-72.7867,44.5217],[-72.7869,44.5222],[-72.7868,44.5231],[-72.787,44.524],[-72.79,44.5287],[-72.79,44.5296],[-72.7906,44.5302],[-72.7906,44.5306]]}},{"type":"Feature","properties":{"osm_id":"way/48666325","name":"Profanity Trail","highway":"path","sac_scale":null,"source":"OSM, unverified"},"geometry":{"type":"LineString","coordinates":[[-72.8099,44.5431],[-72.8105,44.5429],[-72.8111,44.5431],[-72.8126,44.5429],[-72.8157,44.542]]}},{"type":"Feature","properties":{"osm_id":"way/48666338","name":"Adams Apple Trail","highway":"path","sac_scale":null,"source":"OSM, unverified"},"geometry":{"type":"LineString","coordinates":[[-72.8106,44.548],[-72.8105,44.5464],[-72.8109,44.5459],[-72.8117,44.5456]]}},{"type":"Feature","properties":{"osm_id":"way/48666448","name":"Old Long Trail","highway":"path","sac_scale":null,"source":"OSM, unverified"},"geometry":{"type":"LineString","coordinates":[[-72.8977,44.4181],[-72.8959,44.4174],[-72.8947,44.4182],[-72.8943,44.4183],[-72.894,44.4189],[-72.8936,44.419],[-72.8931,44.4187],[-72.8923,44.4196],[-72.8898,44.4199],[-72.8889,44.4197]]}},{"type":"Feature","properties":{"osm_id":"way/48666469","name":"Old Long Trail","highway":"path","sac_scale":null,"source":"OSM, unverified"},"geometry":{"type":"LineString","coordinates":[[-72.9335,44.3892],[-72.9311,44.3878],[-72.9292,44.3872],[-72.9277,44.3891],[-72.9263,44.3901],[-72.9247,44.3901],[-72.9231,44.3894],[-72.9224,44.3894],[-72.9222,44.3897],[-72.9201,44.3904],[-72.9191,44.3914],[-72.918,44.3916],[-72.9171,44.3924],[-72.9163,44.3942],[-72.9149,44.3948],[-72.9142,44.3944],[-72.9138,44.3949],[-72.9136,44.3959],[-72.9132,44.3961],[-72.913,44.3975],[-72.9125,44.3981],[-72.9119,44.4013],[-72.9122,44.4023],[-72.912,44.403],[-72.9116,44.4034],[-72.911,44.4036],[-72.9098,44.4058],[-72.9083,44.4062],[-72.9082,44.4068],[-72.9085,44.4076],[-72.908,44.4079],[-72.9079,44.4084],[-72.9073,44.4089],[-72.9072,44.4093],[-72.9078,44.4101],[-72.9081,44.4113],[-72.9072,44.4127],[-72.9067,44.4141],[-72.9073,44.415],[-72.9078,44.4149],[-72.908,44.4151],[-72.9071,44.4166],[-72.9073,44.4171],[-72.9071,44.4188],[-72.9073,44.419],[-72.9069,44.4194]]}},{"type":"Feature","properties":{"osm_id":"way/48666526","name":"Long Trail","highway":"path","sac_scale":null,"source":"OSM, unverified"},"geometry":{"type":"LineString","coordinates":[[-72.8971,44.2628],[-72.8973,44.2632],[-72.8968,44.264],[-72.8968,44.2652],[-72.8956,44.2654],[-72.8958,44.2656],[-72.8954,44.2661],[-72.8959,44.2677],[-72.8955,44.2685],[-72.8956,44.2691],[-72.8954,44.2704],[-72.8963,44.2718],[-72.8956,44.2724],[-72.8957,44.2745],[-72.8963,44.2748],[-72.8961,44.275],[-72.8963,44.2756],[-72.8956,44.2755],[-72.8948,44.2765],[-72.8941,44.2767],[-72.8941,44.2773],[-72.8932,44.2782],[-72.8908,44.2803],[-72.8906,44.2817],[-72.8912,44.2826],[-72.8906,44.2838],[-72.8904,44.2852],[-72.8875,44.2866],[-72.8869,44.2871],[-72.8855,44.2895],[-72.8846,44.2903],[-72.8837,44.2918],[-72.8838,44.2924]]}},{"type":"Feature","properties":{"osm_id":"way/48666571","name":"Long Trail","highway":"path","sac_scale":null,"source":"OSM, unverified"},"geometry":{"type":"LineString","coordinates":[[-72.9306,44.2108],[-72.9302,44.2121],[-72.9293,44.2129],[-72.9294,44.2145],[-72.9289,44.2148],[-72.9287,44.216],[-72.9271,44.2168],[-72.9276,44.2175],[-72.9272,44.2178],[-72.9273,44.2186],[-72.9267,44.2198],[-72.9267,44.2205],[-72.9257,44.2225],[-72.926,44.2231],[-72.9252,44.2247],[-72.9255,44.2252],[-72.9248,44.2251],[-72.9248,44.2253],[-72.9236,44.2256],[-72.9237,44.2261],[-72.9231,44.228],[-72.9232,44.2292],[-72.9237,44.2301],[-72.9259,44.2309],[-72.9266,44.2318],[-72.9268,44.2322],[-72.9264,44.2338],[-72.9266,44.2346],[-72.9274,44.2353],[-72.93,44.2366],[-72.9294,44.2368],[-72.9295,44.2373],[-72.9287,44.2378],[-72.9281,44.2395],[-72.9267,44.24],[-72.9255,44.2396],[-72.9242,44.2397],[-72.9231,44.2394],[-72.9216,44.2384],[-72.9193,44.2376],[-72.917,44.2379],[-72.9158,44.2378],[-72.9124,44.238],[-72.9112,44.2395],[-72.9084,44.2415],[-72.909,44.2423],[-72.9091,44.2429],[-72.9098,44.2436],[-72.9099,44.2444],[-72.9093,44.2448],[-72.9088,44.2447],[-72.9075,44.2449],[-72.9065,44.2458],[-72.9062,44.2466],[-72.9065,44.247],[-72.9062,44.2481],[-72.9048,44.249],[-72.9045,44.2497],[-72.9047,44.2508],[-72.9059,44.252],[-72.9063,44.2545],[-72.9048,44.2552],[-72.9042,44.2553],[-72.9038,44.2562],[-72.904,44.257],[-72.9036,44.2572],[-72.9032,44.2586],[-72.9024,44.2593],[-72.9016,44.2597],[-72.9002,44.2599],[-72.9003,44.2602],[-72.8988,44.2612],[-72.8976,44.2626],[-72.8971,44.2628]]}},{"type":"Feature","properties":{"osm_id":"way/48668335","name":"Long Trail","highway":"path","sac_scale":null,"source":"OSM, unverified"},"geometry":{"type":"LineString","coordinates":[[-72.9072,44.0452],[-72.9077,44.0461],[-72.909,44.047],[-72.9095,44.0472],[-72.91,44.0471],[-72.9104,44.0474],[-72.9108,44.0473],[-72.9109,44.0476],[-72.9113,44.0471],[-72.9117,44.0475],[-72.912,44.0487],[-72.9131,44.049],[-72.9133,44.0493],[-72.9139,44.0494],[-72.9143,44.0502],[-72.9155,44.0507],[-72.917,44.0509],[-72.9177,44.0505],[-72.9201,44.0505],[-72.9203,44.0508],[-72.9198,44.0515],[-72.9209,44.0517],[-72.9221,44.0527],[-72.9234,44.0527],[-72.9246,44.0521],[-72.925,44.0528],[-72.9254,44.0526],[-72.9258,44.0519],[-72.9262,44.0521],[-72.925,44.0543],[-72.9254,44.0544],[-72.9252,44.0553],[-72.9258,44.0558],[-72.9261,44.0569],[-72.9259,44.0575],[-72.9266,44.0582],[-72.9264,44.0588],[-72.9268,44.0604],[-72.9262,44.0612],[-72.926,44.0629],[-72.924,44.0643],[-72.9233,44.0663],[-72.9229,44.0667],[-72.9213,44.0671],[-72.9211,44.0679],[-72.9206,44.0684],[-72.9211,44.0706],[-72.9205,44.0705],[-72.9202,44.0708],[-72.9194,44.0731],[-72.9204,44.0732],[-72.922,44.0728],[-72.9229,44.074],[-72.9237,44.0743],[-72.9261,44.0757],[-72.926,44.0767],[-72.9269,44.0766],[-72.9274,44.0775],[-72.9272,44.0794],[-72.9282,44.0805],[-72.9277,44.0808],[-72.9275,44.082],[-72.927,44.0826],[-72.927,44.0832],[-72.9267,44.0841],[-72.9257,44.0842],[-72.9255,44.0845],[-72.9258,44.0849],[-72.9264,44.085],[-72.9261,44.0853],[-72.9265,44.086],[-72.9275,44.0865],[-72.9277,44.0868],[-72.9272,44.0883],[-72.9275,44.0887],[-72.9274,44.0892],[-72.9286,44.0899],[-72.9278,44.0913],[-72.928,44.0918],[-72.9277,44.0921],[-72.9278,44.0924],[-72.9275,44.0925],[-72.9273,44.0923],[-72.927,44.0926],[-72.9277,44.093],[-72.9275,44.0937],[-72.9286,44.0937],[-72.9289,44.0935],[-72.9293,44.0939],[-72.9292,44.0943],[-72.9284,44.0945],[-72.9282,44.0949]]}},{"type":"Feature","properties":{"osm_id":"way/48668338","name":"Long Trail","highway":"path","sac_scale":null,"source":"OSM, unverified"},"geometry":{"type":"LineString","coordinates":[[-72.9325,44.001],[-72.9322,44.0015],[-72.932,44.0013],[-72.9306,44.0013],[-72.9298,44.0017],[-72.9287,44.0017],[-72.9283,44.0021],[-72.9274,44.0022],[-72.9268,44.0033],[-72.9268,44.0039],[-72.9262,44.0045],[-72.9217,44.0065],[-72.9217,44.0077],[-72.9207,44.0094],[-72.9208,44.0107],[-72.9206,44.0123],[-72.9198,44.0137],[-72.92,44.0147],[-72.9198,44.0149],[-72.9188,44.0173],[-72.9182,44.0177],[-72.9183,44.0183],[-72.9179,44.019],[-72.9181,44.0193],[-72.9181,44.02],[-72.9177,44.02],[-72.9174,44.0197],[-72.9165,44.0198],[-72.9163,44.0201],[-72.9152,44.0198],[-72.9148,44.0203],[-72.9144,44.0199],[-72.9138,44.02],[-72.9129,44.0197],[-72.9121,44.0198],[-72.9104,44.0206],[-72.9095,44.0218],[-72.9084,44.0219],[-72.9078,44.0223],[-72.9073,44.0229],[-72.9065,44.0228],[-72.9048,44.0239],[-72.9049,44.0249],[-72.9053,44.0254],[-72.9051,44.0265],[-72.9057,44.0267],[-72.906,44.0275],[-72.9056,44.0281],[-72.9044,44.0282],[-72.9042,44.0291],[-72.9036,44.0291],[-72.9038,44.0296],[-72.9033,44.0296],[-72.9041,44.0301],[-72.9029,44.0302],[-72.9034,44.0307],[-72.9029,44.0311],[-72.904,44.0315],[-72.9037,44.0322],[-72.9031,44.0324],[-72.9033,44.0333],[-72.9037,44.0336],[-72.9032,44.0338],[-72.9034,44.0348],[-72.903,44.0359],[-72.9035,44.0365],[-72.9035,44.037],[-72.9045,44.0376],[-72.9052,44.0391],[-72.9045,44.0417],[-72.9056,44.0426],[-72.9064,44.0445],[-72.9072,44.0452]]}},{"type":"Feature","properties":{"osm_id":"way/48669837","name":"Long Trail","highway":"path","sac_scale":null,"source":"OSM, unverified"},"geometry":{"type":"LineString","coordinates":[[-72.9282,44.0949],[-72.9286,44.0951],[-72.9292,44.0952],[-72.9295,44.0959],[-72.9294,44.0964],[-72.9302,44.0968],[-72.9298,44.0975],[-72.9313,44.0974],[-72.932,44.0983],[-72.9335,44.0988],[-72.9347,44.1004],[-72.9354,44.1009],[-72.9354,44.1016],[-72.9349,44.102],[-72.9349,44.1023],[-72.9359,44.1038],[-72.9374,44.1045],[-72.9376,44.1059],[-72.9375,44.1067],[-72.9389,44.1082],[-72.9394,44.1091],[-72.9381,44.1111],[-72.938,44.112],[-72.9375,44.1121],[-72.9368,44.1117],[-72.9363,44.1129],[-72.9354,44.1135],[-72.935,44.115],[-72.9344,44.1156],[-72.9343,44.1161],[-72.9353,44.1169],[-72.9354,44.1177],[-72.9361,44.1183],[-72.9355,44.1187],[-72.9355,44.1191],[-72.9358,44.1193],[-72.9362,44.1204],[-72.9352,44.1213],[-72.9337,44.1217],[-72.9331,44.1227],[-72.932,44.1228],[-72.9306,44.1238],[-72.9293,44.1253],[-72.9288,44.1264],[-72.9281,44.1268],[-72.9281,44.1271],[-72.9287,44.1276],[-72.9283,44.1284],[-72.9286,44.1284],[-72.9291,44.1294],[-72.9287,44.1307],[-72.9291,44.1322],[-72.928,44.1352],[-72.928,44.1359],[-72.9275,44.1366],[-72.9278,44.1373],[-72.9275,44.1378],[-72.9279,44.1386],[-72.9279,44.1397],[-72.9285,44.1405],[-72.9275,44.1409],[-72.9277,44.1431],[-72.928,44.1433],[-72.9264,44.1463],[-72.9259,44.1476],[-72.9259,44.1486],[-72.9277,44.1515],[-72.9274,44.1524],[-72.9281,44.1536],[-72.928,44.1543],[-72.9283,44.1547],[-72.9277,44.1556],[-72.9278,44.1562],[-72.9286,44.1577],[-72.9284,44.1598],[-72.9291,44.1603]]}},{"type":"Feature","properties":{"osm_id":"way/48670136","name":"Long Trail","highway":"path","sac_scale":null,"source":"OSM, unverified"},"geometry":{"type":"LineString","coordinates":[[-72.95,43.937],[-72.949,43.9376],[-72.9489,43.9391],[-72.9485,43.9394],[-72.947,43.9391],[-72.9461,43.9377],[-72.9442,43.9389],[-72.9438,43.9402],[-72.9437,43.9421],[-72.9425,43.9435],[-72.943,43.9446],[-72.9429,43.9465],[-72.9436,43.9478],[-72.9435,43.9482],[-72.9449,43.9493],[-72.9453,43.9504],[-72.9463,43.951],[-72.9473,43.952],[-72.9474,43.9536],[-72.9486,43.954],[-72.9488,43.9545],[-72.9496,43.9547],[-72.9502,43.9558],[-72.9483,43.9564],[-72.9473,43.9579],[-72.9457,43.9585],[-72.9444,43.96],[-72.9451,43.961],[-72.9456,43.9612],[-72.9465,43.962],[-72.9471,43.9634],[-72.9478,43.9643],[-72.9481,43.9666],[-72.9477,43.9675],[-72.9456,43.9677],[-72.9442,43.9692],[-72.944,43.9712],[-72.9432,43.9725],[-72.9426,43.9729],[-72.9416,43.9729],[-72.941,43.9734],[-72.9408,43.9748],[-72.9404,43.9754],[-72.94,43.9771],[-72.9402,43.9789],[-72.9409,43.9795],[-72.9407,43.9807],[-72.9409,43.9811],[-72.9396,43.9823],[-72.9392,43.9834],[-72.9387,43.984],[-72.9388,43.9843],[-72.9376,43.9847],[-72.9371,43.9856],[-72.9375,43.9863],[-72.9374,43.9872],[-72.9377,43.9878],[-72.9374,43.9887],[-72.9365,43.9897],[-72.9365,43.9912],[-72.9359,43.9919],[-72.936,43.9929],[-72.9366,43.9933],[-72.9365,43.9935],[-72.937,43.9938],[-72.9365,43.9942],[-72.9365,43.9945],[-72.936,43.9955],[-72.9364,43.9961],[-72.9363,43.9966],[-72.9378,43.9976],[-72.9394,44.0004],[-72.9406,44.0017],[-72.9397,44.0014],[-72.9385,44.0006],[-72.9381,43.9997],[-72.9367,43.9992],[-72.9355,43.9991],[-72.9351,43.9995],[-72.9333,44.0002],[-72.9325,44.001]]}},{"type":"Feature","properties":{"osm_id":"way/48780053","name":"Barnes Camp Loop","highway":"path","sac_scale":null,"source":"OSM, unverified"},"geometry":{"type":"LineString","coordinates":[[-72.7904,44.539],[-72.7898,44.5389],[-72.7892,44.5382],[-72.7883,44.5379],[-72.788,44.5384],[-72.7881,44.5392],[-72.7874,44.5396]]}},{"type":"Feature","properties":{"osm_id":"way/49947461","name":"Eddy's Path","highway":"path","sac_scale":null,"source":"OSM, unverified"},"geometry":{"type":"LineString","coordinates":[[-72.8225,44.5061],[-72.823,44.5066],[-72.8246,44.5067],[-72.8251,44.5071]]}},{"type":"Feature","properties":{"osm_id":"way/49953806","name":"Forest Road","highway":"path","sac_scale":null,"source":"OSM, unverified"},"geometry":{"type":"LineString","coordinates":[[-72.838,44.5035],[-72.8377,44.5033],[-72.8382,44.5027],[-72.8376,44.5024],[-72.8354,44.502],[-72.8341,44.5022],[-72.8332,44.5019],[-72.8327,44.5019]]}},{"type":"Feature","properties":{"osm_id":"way/51262713","name":"Tear Drop Trail","highway":"path","sac_scale":null,"source":"OSM, unverified"},"geometry":{"type":"LineString","coordinates":[[-72.8166,44.524],[-72.817,44.5237],[-72.8171,44.5229],[-72.8179,44.5223],[-72.8197,44.5218],[-72.8203,44.5219],[-72.8226,44.521],[-72.8247,44.5212],[-72.8258,44.521],[-72.8278,44.5211],[-72.8284,44.5208],[-72.8333,44.5214]]}},{"type":"Feature","properties":{"osm_id":"way/51262816","name":"Tear Drop Trail","highway":"path","sac_scale":null,"source":"OSM, unverified"},"geometry":{"type":"LineString","coordinates":[[-72.8333,44.5214],[-72.8348,44.522],[-72.8368,44.5223],[-72.8375,44.5228],[-72.8394,44.5232],[-72.8414,44.5244],[-72.8426,44.5245],[-72.8432,44.5248],[-72.8435,44.5256],[-72.844,44.526],[-72.8452,44.5262],[-72.8467,44.5262]]}},{"type":"Feature","properties":{"osm_id":"way/51824296","name":"Snuffy's","highway":"path","sac_scale":null,"source":"OSM, unverified"},"geometry":{"type":"LineString","coordinates":[[-72.7747,44.555],[-72.7746,44.5546],[-72.7749,44.5541],[-72.7746,44.5532],[-72.7749,44.5519],[-72.7754,44.5509],[-72.7755,44.5493],[-72.776,44.5485],[-72.7767,44.5482]]}},{"type":"Feature","properties":{"osm_id":"way/51825067","name":"Long Trail","highway":"path","sac_scale":null,"source":"OSM, unverified"},"geometry":{"type":"LineString","coordinates":[[-72.7761,44.557],[-72.7747,44.5572],[-72.7718,44.5568],[-72.7711,44.5564],[-72.7684,44.5555],[-72.7659,44.556],[-72.7657,44.5563],[-72.7647,44.5566],[-72.764,44.5566],[-72.7627,44.558],[-72.7599,44.5595]]}},{"type":"Feature","properties":{"osm_id":"way/51852004","name":"Elephant's Head Loop Trail","highway":"path","sac_scale":null,"source":"OSM, unverified"},"geometry":{"type":"LineString","coordinates":[[-72.7812,44.5523],[-72.7809,44.5521],[-72.7804,44.5521],[-72.7779,44.5542],[-72.7769,44.5547],[-72.7748,44.5548],[-72.7737,44.5558],[-72.7737,44.556],[-72.7724,44.5561],[-72.7723,44.5563],[-72.7729,44.5569]]}},{"type":"Feature","properties":{"osm_id":"way/62203632","name":"Long Trail","highway":"path","sac_scale":null,"source":"OSM, unverified"},"geometry":{"type":"LineString","coordinates":[[-72.8829,44.301],[-72.8797,44.3009],[-72.8791,44.2995],[-72.8798,44.297],[-72.8806,44.2969],[-72.8817,44.2971],[-72.8819,44.2962],[-72.883,44.295],[-72.8837,44.2948],[-72.8834,44.2938],[-72.884,44.2939],[-72.8845,44.2936],[-72.8837,44.2928],[-72.8838,44.2924]]}},{"type":"Feature","properties":{"osm_id":"way/62203811","name":"Long Trail","highway":"path","sac_scale":null,"source":"OSM, unverified"},"geometry":{"type":"LineString","coordinates":[[-72.8855,44.3219],[-72.8861,44.3215],[-72.8869,44.3203],[-72.8863,44.3197],[-72.8863,44.3195],[-72.8868,44.3194],[-72.8872,44.3198],[-72.8876,44.3194],[-72.887,44.3188],[-72.8874,44.3186],[-72.8874,44.3181],[-72.8861,44.3169],[-72.8866,44.3161],[-72.8865,44.3153],[-72.8869,44.3144],[-72.8868,44.3138],[-72.886,44.3128],[-72.886,44.3107],[-72.885,44.3101],[-72.8834,44.3083],[-72.8833,44.3071],[-72.8827,44.3063],[-72.8828,44.3061],[-72.8822,44.3057],[-72.8825,44.3052],[-72.8821,44.3044],[-72.8831,44.304],[-72.8824,44.3036],[-72.8829,44.3028],[-72.883,44.3015],[-72.8829,44.301]]}},{"type":"Feature","properties":{"osm_id":"way/62203814","name":"Burrows Trail","highway":"path","sac_scale":null,"source":"OSM, unverified"},"geometry":{"type":"LineString","coordinates":[[-72.8855,44.3219],[-72.8908,44.3222],[-72.8928,44.3219],[-72.8941,44.3212],[-72.8956,44.3214],[-72.8962,44.3213],[-72.8978,44.3204],[-72.898,44.3194],[-72.8992,44.3182],[-72.8996,44.3176],[-72.9035,44.3162],[-72.9041,44.3156],[-72.9045,44.3146],[-72.9043,44.3135],[-72.9047,44.3127],[-72.9044,44.3113],[-72.9046,44.3102],[-72.9055,44.3086],[-72.9064,44.3076],[-72.9058,44.3059],[-72.9067,44.3053],[-72.9077,44.305]]}},{"type":"Feature","properties":{"osm_id":"way/64624707","name":"Coburn Road","highway":"track","sac_scale":null,"source":"OSM, unverified"},"geometry":{"type":"LineString","coordinates":[[-72.4541,44.2808],[-72.4544,44.2808]]}},{"type":"Feature","properties":{"osm_id":"way/67335822","name":"Moss Glen Falls","highway":"path","sac_scale":null,"source":"OSM, unverified"},"geometry":{"type":"LineString","coordinates":[[-72.6273,44.4853],[-72.6267,44.4847],[-72.6268,44.4844],[-72.6259,44.4834],[-72.6244,44.4827],[-72.6237,44.482]]}},{"type":"Feature","properties":{"osm_id":"way/72508153","name":"Old Town Road","highway":"track","sac_scale":null,"source":"OSM, unverified"},"geometry":{"type":"LineString","coordinates":[[-73.0517,43.968],[-73.0526,43.9677],[-73.0539,43.969],[-73.0578,43.9699],[-73.0637,43.9729],[-73.0654,43.9732],[-73.0672,43.9729],[-73.0703,43.9728],[-73.0725,43.9716]]}},{"type":"Feature","properties":{"osm_id":"way/84505633","name":"Mulcahy's Link","highway":"track","sac_scale":null,"source":"OSM, unverified"},"geometry":{"type":"LineString","coordinates":[[-72.7579,44.5675],[-72.7581,44.5684],[-72.7601,44.5681],[-72.7623,44.5674],[-72.7634,44.568],[-72.7644,44.5681],[-72.7655,44.5686],[-72.7675,44.5688]]}},{"type":"Feature","properties":{"osm_id":"way/84505687","name":"Lower Rumrunner","highway":"track","sac_scale":null,"source":"OSM, unverified"},"geometry":{"type":"LineString","coordinates":[[-72.7723,44.5606],[-72.7706,44.5623],[-72.7705,44.5631],[-72.7712,44.5641],[-72.7713,44.5666],[-72.7741,44.5708],[-72.7744,44.5719]]}},{"type":"Feature","properties":{"osm_id":"way/84505708","name":"Lower Liftline","highway":"track","sac_scale":null,"source":"OSM, unverified"},"geometry":{"type":"LineString","coordinates":[[-72.7704,44.5697],[-72.7739,44.5721]]}},{"type":"Feature","properties":{"osm_id":"way/84505724","name":"Upper Chilcoot","highway":"track","sac_scale":null,"source":"OSM, unverified"},"geometry":{"type":"LineString","coordinates":[[-72.7563,44.5635],[-72.7546,44.5639],[-72.7547,44.5642],[-72.7555,44.5649],[-72.754,44.5665],[-72.7538,44.5676],[-72.7542,44.5682],[-72.7539,44.5687],[-72.7547,44.569],[-72.7566,44.5677],[-72.7579,44.5675]]}},{"type":"Feature","properties":{"osm_id":"way/84505738","name":"Rumrunner","highway":"track","sac_scale":null,"source":"OSM, unverified"},"geometry":{"type":"LineString","coordinates":[[-72.7762,44.5573],[-72.7767,44.5573],[-72.7771,44.5576],[-72.777,44.5586],[-72.7766,44.5595],[-72.7727,44.56]]}},{"type":"Feature","properties":{"osm_id":"way/92955661","name":"Spruce Mountain Trail","highway":"path","sac_scale":null,"source":"OSM, unverified"},"geometry":{"type":"LineString","coordinates":[[-72.3778,44.2349],[-72.3759,44.2346],[-72.3736,44.2326],[-72.3733,44.2319],[-72.3732,44.23],[-72.3725,44.2289],[-72.3717,44.2267],[-72.3711,44.2261],[-72.3673,44.2256],[-72.3666,44.2258],[-72.363,44.2276],[-72.362,44.2278],[-72.3602,44.2289],[-72.3586,44.2292],[-72.358,44.2298],[-72.3604,44.2312],[-72.3607,44.2331],[-72.3589,44.234],[-72.3559,44.2341],[-72.355,44.2346]]}},{"type":"Feature","properties":{"osm_id":"way/114452717","name":"Main Street","highway":"footway","sac_scale":null,"source":"OSM, unverified"},"geometry":{"type":"LineString","coordinates":[[-72.727,44.4968],[-72.7259,44.4975],[-72.7239,44.4979],[-72.7232,44.4984]]}},{"type":"Feature","properties":{"osm_id":"way/114452718","name":"Sugar House Loop","highway":"footway","sac_scale":null,"source":"OSM, unverified"},"geometry":{"type":"LineString","coordinates":[[-72.7179,44.4974],[-72.717,44.4968],[-72.7164,44.4959],[-72.7172,44.495],[-72.7178,44.4948],[-72.7185,44.4953],[-72.7186,44.4959],[-72.7192,44.4961],[-72.7193,44.4964],[-72.719,44.4969]]}},{"type":"Feature","properties":{"osm_id":"way/114452723","name":"Hardwood Ridge Trail","highway":"footway","sac_scale":null,"source":"OSM, unverified"},"geometry":{"type":"LineString","coordinates":[[-72.7198,44.4969],[-72.7219,44.4975],[-72.7221,44.4985],[-72.7226,44.4983],[-72.7232,44.4984]]}},{"type":"Feature","properties":{"osm_id":"way/114452724","name":"Sugar Shack Lane","highway":"footway","sac_scale":null,"source":"OSM, unverified"},"geometry":{"type":"LineString","coordinates":[[-72.7193,44.4982],[-72.7179,44.4974]]}},{"type":"Feature","properties":{"osm_id":"way/114452738","name":"Meadow Trail","highway":"footway","sac_scale":null,"source":"OSM, unverified"},"geometry":{"type":"LineString","coordinates":[[-72.7206,44.4994],[-72.7212,44.5],[-72.7214,44.5007],[-72.7216,44.5009],[-72.7222,44.5006],[-72.7225,44.5007],[-72.7227,44.5013],[-72.7234,44.5016],[-72.7235,44.5011],[-72.7243,44.5002],[-72.7244,44.4998],[-72.7233,44.4994],[-72.7232,44.4984]]}},{"type":"Feature","properties":{"osm_id":"way/119957230","name":"Out'n Back","highway":"path","sac_scale":null,"source":"OSM, unverified"},"geometry":{"type":"LineString","coordinates":[[-72.9857,44.4541],[-72.987,44.4538],[-72.9895,44.4543],[-72.9943,44.4569],[-72.9952,44.4566],[-72.9964,44.4558],[-72.9971,44.4551],[-72.9972,44.4547],[-72.9968,44.4539],[-72.9949,44.4531],[-72.9935,44.4531],[-72.9922,44.4525],[-72.9906,44.4522],[-72.9904,44.4523],[-72.9904,44.4528],[-72.9899,44.4537],[-72.9892,44.4542]]}},{"type":"Feature","properties":{"osm_id":"way/119960283","name":"Lone Wolf","highway":"path","sac_scale":null,"source":"OSM, unverified"},"geometry":{"type":"LineString","coordinates":[[-72.9938,44.4549],[-72.9942,44.455],[-72.9945,44.4544],[-72.9951,44.4543],[-72.9954,44.4545],[-72.9952,44.455],[-72.996,44.4551],[-72.9963,44.4542],[-72.9966,44.4551],[-72.9972,44.4547]]}},{"type":"Feature","properties":{"osm_id":"way/119960286","name":"Old #4 Road","highway":"path","sac_scale":null,"source":"OSM, unverified"},"geometry":{"type":"LineString","coordinates":[[-72.9933,44.4563],[-72.9939,44.4539],[-72.9935,44.4531]]}},{"type":"Feature","properties":{"osm_id":"way/119962774","name":"Elm","highway":"path","sac_scale":null,"source":"OSM, unverified"},"geometry":{"type":"LineString","coordinates":[[-72.9884,44.4542],[-72.9888,44.4532],[-72.9874,44.4529],[-72.9871,44.4522]]}},{"type":"Feature","properties":{"osm_id":"way/152429912","name":"Upper Chilcoot","highway":"path","sac_scale":null,"source":"OSM, unverified"},"geometry":{"type":"LineString","coordinates":[[-72.7589,44.5615],[-72.7583,44.5616],[-72.7563,44.5635]]}},{"type":"Feature","properties":{"osm_id":"way/152429914","name":"Drifter","highway":"path","sac_scale":null,"source":"OSM, unverified"},"geometry":{"type":"LineString","coordinates":[[-72.7589,44.5615],[-72.7599,44.5595]]}},{"type":"Feature","properties":{"osm_id":"way/157774341","name":"Angell Road","highway":"track","sac_scale":null,"source":"OSM, unverified"},"geometry":{"type":"LineString","coordinates":[[-72.5111,43.9595],[-72.5119,43.961],[-72.513,43.9616],[-72.5131,43.9622]]}},{"type":"Feature","properties":{"osm_id":"way/170293919","name":"Canyon North Extension","highway":"path","sac_scale":null,"source":"OSM, unverified"},"geometry":{"type":"LineString","coordinates":[[-72.8186,44.5352],[-72.8184,44.5361],[-72.8187,44.5372],[-72.8178,44.5387],[-72.8175,44.5396]]}},{"type":"Feature","properties":{"osm_id":"way/170293920","name":"Canyon North Extension","highway":"path","sac_scale":null,"source":"OSM, unverified"},"geometry":{"type":"LineString","coordinates":[[-72.8187,44.5307],[-72.819,44.5315],[-72.8183,44.5342],[-72.8186,44.5352]]}},{"type":"Feature","properties":{"osm_id":"way/170293921","name":"Canyon Trail","highway":"path","sac_scale":null,"source":"OSM, unverified"},"geometry":{"type":"LineString","coordinates":[[-72.8165,44.5281],[-72.8185,44.5288],[-72.8189,44.5301],[-72.8187,44.5307]]}},{"type":"Feature","properties":{"osm_id":"way/170293922","name":"Lakeview Trail","highway":"path","sac_scale":null,"source":"OSM, unverified"},"geometry":{"type":"LineString","coordinates":[[-72.8168,44.5254],[-72.8178,44.5253],[-72.8181,44.5259],[-72.8184,44.5258],[-72.8186,44.5263],[-72.8183,44.5267],[-72.8171,44.5274],[-72.8164,44.5281]]}},{"type":"Feature","properties":{"osm_id":"way/170293923","name":"Maple Ridge Trail","highway":"path","sac_scale":null,"source":"OSM, unverified"},"geometry":{"type":"LineString","coordinates":[[-72.8321,44.5186],[-72.8313,44.5184],[-72.831,44.5194],[-72.8294,44.5185],[-72.8289,44.519],[-72.8264,44.5195],[-72.8265,44.52],[-72.8251,44.5197],[-72.8241,44.5201],[-72.8227,44.5201],[-72.822,44.5203]]}},{"type":"Feature","properties":{"osm_id":"way/170293924","name":"Subway","highway":"path","sac_scale":null,"source":"OSM, unverified"},"geometry":{"type":"LineString","coordinates":[[-72.817,44.5395],[-72.8174,44.5393],[-72.8175,44.5397],[-72.8171,44.5402],[-72.8168,44.5401]]}},{"type":"Feature","properties":{"osm_id":"way/170293925","name":"Maple Ridge Trail","highway":"path","sac_scale":null,"source":"OSM, unverified"},"geometry":{"type":"LineString","coordinates":[[-72.822,44.5203],[-72.8208,44.5203],[-72.8194,44.5207],[-72.8188,44.5206]]}},{"type":"Feature","properties":{"osm_id":"way/171157827","name":"Railroad Bed East","highway":"track","sac_scale":null,"source":"OSM, unverified"},"geometry":{"type":"LineString","coordinates":[[-72.3542,44.3376],[-72.3526,44.3371],[-72.3514,44.3365],[-72.3504,44.3355],[-72.3499,44.3345],[-72.3497,44.333],[-72.3498,44.3319],[-72.3508,44.33],[-72.351,44.3293],[-72.3506,44.328],[-72.349,44.3269],[-72.3455,44.3265]]}},{"type":"Feature","properties":{"osm_id":"way/171482224","name":"Sleight Road","highway":"path","sac_scale":null,"source":"OSM, unverified"},"geometry":{"type":"LineString","coordinates":[[-72.7374,44.4675],[-72.7378,44.467],[-72.7378,44.4663],[-72.7373,44.4656],[-72.7378,44.465],[-72.7372,44.4633],[-72.7375,44.4625],[-72.7383,44.4622],[-72.739,44.4616],[-72.7382,44.4605],[-72.7383,44.4601],[-72.7387,44.4599],[-72.7391,44.4601]]}},{"type":"Feature","properties":{"osm_id":"way/171482225","name":"Greenway Loop","highway":"path","sac_scale":null,"source":"OSM, unverified"},"geometry":{"type":"LineString","coordinates":[[-72.7424,44.4649],[-72.7409,44.4664]]}},{"type":"Feature","properties":{"osm_id":"way/171483046","name":"Sugar Road","highway":"track","sac_scale":null,"source":"OSM, unverified"},"geometry":{"type":"LineString","coordinates":[[-72.7484,44.4658],[-72.7509,44.4669],[-72.7534,44.4684],[-72.7538,44.469],[-72.7536,44.4698],[-72.7542,44.4703],[-72.7545,44.471],[-72.7551,44.4713],[-72.7556,44.4719],[-72.7585,44.4724],[-72.76,44.4721]]}},{"type":"Feature","properties":{"osm_id":"way/171483536","name":"Old County Road","highway":"path","sac_scale":null,"source":"OSM, unverified"},"geometry":{"type":"LineString","coordinates":[[-72.7578,44.4755],[-72.7558,44.475],[-72.7546,44.4752],[-72.754,44.4757],[-72.7527,44.4777],[-72.7522,44.478],[-72.7498,44.4788],[-72.7481,44.4785]]}},{"type":"Feature","properties":{"osm_id":"way/171483577","name":"Luce Trail","highway":"path","sac_scale":null,"source":"OSM, unverified"},"geometry":{"type":"LineString","coordinates":[[-72.7412,44.4728],[-72.7412,44.4731],[-72.7423,44.4738],[-72.7429,44.4748],[-72.7427,44.4759],[-72.7428,44.4766],[-72.7433,44.4772]]}},{"type":"Feature","properties":{"osm_id":"way/171483748","name":"Luce Hill Loop","highway":"path","sac_scale":null,"source":"OSM, unverified"},"geometry":{"type":"LineString","coordinates":[[-72.7505,44.469],[-72.7501,44.4687],[-72.75,44.4696],[-72.7497,44.4686],[-72.7495,44.4685],[-72.7501,44.4708],[-72.7498,44.4712]]}},{"type":"Feature","properties":{"osm_id":"way/171483765","name":"Telemark Trail","highway":"path","sac_scale":null,"source":"OSM, unverified"},"geometry":{"type":"LineString","coordinates":[[-72.7526,44.4716],[-72.7561,44.4723],[-72.7564,44.4722]]}},{"type":"Feature","properties":{"osm_id":"way/183502542","name":"Hillsboro Road","highway":"track","sac_scale":null,"source":"OSM, unverified"},"geometry":{"type":"LineString","coordinates":[[-73.0458,44.1943],[-73.0437,44.194],[-73.0414,44.1932],[-73.0409,44.1936],[-73.0404,44.1948],[-73.0397,44.1955],[-73.0392,44.1965],[-73.0396,44.198],[-73.0393,44.1992],[-73.0342,44.2021],[-73.0338,44.2025],[-73.0333,44.2039],[-73.0321,44.2052],[-73.0317,44.2061],[-73.0317,44.2081],[-73.031,44.21],[-73.0295,44.211],[-73.0276,44.2105]]}},{"type":"Feature","properties":{"osm_id":"way/185980437","name":"Sterling Pond Trail","highway":"path","sac_scale":null,"source":"OSM, unverified"},"geometry":{"type":"LineString","coordinates":[[-72.7942,44.5566],[-72.794,44.5561],[-72.7918,44.5562],[-72.7869,44.5556],[-72.7825,44.5543],[-72.7807,44.5545],[-72.7796,44.5555],[-72.779,44.5558],[-72.778,44.5556]]}},{"type":"Feature","properties":{"osm_id":"way/199300719","name":"A.M. Foster Bridge","highway":"footway","sac_scale":null,"source":"OSM, unverified"},"geometry":{"type":"LineString","coordinates":[[-72.2685,44.4235],[-72.2684,44.4234]]}},{"type":"Feature","properties":{"osm_id":"way/201172703","name":"Monroe Trail","highway":"path","sac_scale":null,"source":"OSM, unverified"},"geometry":{"type":"LineString","coordinates":[[-72.8497,44.3163],[-72.8514,44.316],[-72.8524,44.3146],[-72.8525,44.3134],[-72.8539,44.3126],[-72.8582,44.3112],[-72.8618,44.3097],[-72.8659,44.3093],[-72.8681,44.3094],[-72.8706,44.3106],[-72.8721,44.3117],[-72.8739,44.3122],[-72.8768,44.3144],[-72.8771,44.3151],[-72.879,44.3147],[-72.8824,44.3135],[-72.8823,44.3142],[-72.8814,44.3153],[-72.8801,44.316],[-72.8804,44.3164],[-72.8804,44.3169],[-72.8797,44.3178],[-72.8797,44.3186],[-72.8801,44.3189],[-72.8807,44.3186],[-72.8812,44.3195],[-72.8819,44.3198],[-72.8838,44.3213],[-72.8848,44.3214],[-72.8855,44.3219]]}},{"type":"Feature","properties":{"osm_id":"way/203826399","name":"Switchback","highway":"track","sac_scale":null,"source":"OSM, unverified"},"geometry":{"type":"LineString","coordinates":[[-72.8072,44.5365],[-72.8062,44.5365],[-72.8052,44.5362],[-72.8047,44.5356],[-72.8043,44.5357],[-72.8036,44.534],[-72.8026,44.5335],[-72.8015,44.5336],[-72.8008,44.5333],[-72.7994,44.5339],[-72.7991,44.5345],[-72.7978,44.5339],[-72.7975,44.5345],[-72.797,44.5346],[-72.7954,44.5337],[-72.7946,44.5323],[-72.7939,44.5318]]}},{"type":"Feature","properties":{"osm_id":"way/203826401","name":"Lower Switchback","highway":"track","sac_scale":null,"source":"OSM, unverified"},"geometry":{"type":"LineString","coordinates":[[-72.7939,44.5318],[-72.7929,44.5309],[-72.7913,44.5309],[-72.7907,44.5313]]}},{"type":"Feature","properties":{"osm_id":"way/203882803","name":"Walking Bridge","highway":"footway","sac_scale":null,"source":"OSM, unverified"},"geometry":{"type":"LineString","coordinates":[[-72.6594,44.1499],[-72.6599,44.1501]]}},{"type":"Feature","properties":{"osm_id":"way/203962263","name":"Preston Pond Loop","highway":"footway","sac_scale":null,"source":"OSM, unverified"},"geometry":{"type":"LineString","coordinates":[[-72.9062,44.4261],[-72.9058,44.426],[-72.9059,44.4242],[-72.9065,44.4235],[-72.9077,44.4232],[-72.9087,44.4226],[-72.909,44.4219],[-72.9079,44.4214],[-72.9086,44.4207],[-72.909,44.4197],[-72.9095,44.4191],[-72.9076,44.4193],[-72.9072,44.4197],[-72.9063,44.4191],[-72.905,44.4194],[-72.9046,44.4204],[-72.9035,44.4217],[-72.9027,44.4231],[-72.9023,44.4234],[-72.9009,44.4235],[-72.901,44.4243],[-72.9015,44.4248],[-72.9012,44.4257],[-72.9009,44.426]]}},{"type":"Feature","properties":{"osm_id":"way/204158325","name":"Houston","highway":"path","sac_scale":null,"source":"OSM, unverified"},"geometry":{"type":"LineString","coordinates":[[-72.7824,44.5162],[-72.7817,44.5156],[-72.7818,44.5149],[-72.7815,44.5141],[-72.7827,44.5128],[-72.7827,44.5125],[-72.7822,44.5118],[-72.7825,44.5108]]}},{"type":"Feature","properties":{"osm_id":"way/204757440","name":"Warren and Ruth Beeken Rivershore Trail","highway":"path","sac_scale":null,"source":"OSM, unverified"},"geometry":{"type":"LineString","coordinates":[[-72.9504,44.3856],[-72.9498,44.3866],[-72.9492,44.3867],[-72.9467,44.3861],[-72.9447,44.3863],[-72.9434,44.3861],[-72.9415,44.3851],[-72.9414,44.3846],[-72.9403,44.3838],[-72.9407,44.3838],[-72.9408,44.3825],[-72.9411,44.3818],[-72.9422,44.3819]]}},{"type":"Feature","properties":{"osm_id":"way/204763539","name":"West Branch Apartments Walking Path","highway":"footway","sac_scale":null,"source":"OSM, unverified"},"geometry":{"type":"LineString","coordinates":[[-72.6868,44.4689],[-72.6865,44.4686],[-72.6857,44.4692],[-72.6852,44.4705]]}},{"type":"Feature","properties":{"osm_id":"way/204877269","name":"Libby's Look Loop","highway":"footway","sac_scale":null,"source":"OSM, unverified"},"geometry":{"type":"LineString","coordinates":[[-72.9037,44.4313],[-72.9039,44.4311]]}},{"type":"Feature","properties":{"osm_id":"way/204877270","name":"Libby's Look Loop","highway":"footway","sac_scale":null,"source":"OSM, unverified"},"geometry":{"type":"LineString","coordinates":[[-72.9017,44.4265],[-72.9017,44.4268],[-72.9014,44.4269],[-72.9013,44.4281],[-72.902,44.4291],[-72.9015,44.4299],[-72.9011,44.43],[-72.9023,44.431],[-72.9037,44.4314],[-72.9032,44.4317],[-72.9031,44.4322],[-72.9026,44.4326],[-72.9027,44.4328],[-72.9039,44.4333],[-72.9045,44.4333],[-72.9048,44.4328],[-72.9049,44.4318],[-72.9052,44.4316],[-72.9057,44.4305],[-72.9066,44.4301]]}},{"type":"Feature","properties":{"osm_id":"way/204983770","name":"Warren and Ruth Beeken Rivershore Trail","highway":"path","sac_scale":null,"source":"OSM, unverified"},"geometry":{"type":"LineString","coordinates":[[-72.9818,44.3967],[-72.9808,44.3965],[-72.98,44.3967],[-72.9776,44.3968],[-72.9748,44.3961],[-72.9743,44.3956],[-72.9746,44.395],[-72.9736,44.3946],[-72.9733,44.3942],[-72.9724,44.3938],[-72.972,44.3934],[-72.9715,44.3934],[-72.971,44.3928],[-72.9693,44.392],[-72.968,44.3918],[-72.9667,44.3911],[-72.9667,44.3908],[-72.9641,44.39],[-72.9579,44.3894],[-72.9554,44.3895],[-72.9538,44.3893],[-72.9529,44.3881],[-72.9535,44.3869]]}},{"type":"Feature","properties":{"osm_id":"way/204983771","name":"Warren and Ruth Beeken Rivershore Trail","highway":"path","sac_scale":null,"source":"OSM, unverified"},"geometry":{"type":"LineString","coordinates":[[-72.9915,44.3975],[-72.9895,44.3986],[-72.9864,44.3995],[-72.9839,44.3983],[-72.9837,44.398],[-72.9839,44.3975],[-72.9837,44.3972]]}},{"type":"Feature","properties":{"osm_id":"way/205075231","name":"Old Camp","highway":"path","sac_scale":null,"source":"OSM, unverified"},"geometry":{"type":"LineString","coordinates":[[-72.7837,44.5034],[-72.7807,44.5028],[-72.7798,44.5023],[-72.7798,44.5019],[-72.7786,44.5011],[-72.7779,44.5001],[-72.778,44.4992],[-72.7786,44.4986]]}},{"type":"Feature","properties":{"osm_id":"way/205076500","name":"Ranch Camp Trail","highway":"path","sac_scale":null,"source":"OSM, unverified"},"geometry":{"type":"LineString","coordinates":[[-72.7863,44.5029],[-72.7864,44.5024],[-72.7858,44.5016],[-72.7843,44.5011],[-72.7831,44.5015],[-72.7815,44.5012],[-72.7801,44.5],[-72.7796,44.4992],[-72.7786,44.4986],[-72.7785,44.498],[-72.7778,44.4974],[-72.7758,44.4939],[-72.7748,44.4937]]}},{"type":"Feature","properties":{"osm_id":"way/215874175","name":"Beaver Meadow Loop","highway":"path","sac_scale":null,"source":"OSM, unverified"},"geometry":{"type":"LineString","coordinates":[[-72.7369,44.5671],[-72.738,44.5663],[-72.739,44.5662],[-72.7399,44.5664],[-72.7427,44.5675],[-72.7432,44.5686],[-72.7431,44.5691],[-72.7422,44.57],[-72.7423,44.5706],[-72.742,44.571],[-72.7411,44.5713],[-72.7405,44.5706],[-72.7399,44.5706],[-72.7374,44.5695],[-72.7372,44.5691],[-72.7374,44.5677],[-72.7369,44.5671]]}},{"type":"Feature","properties":{"osm_id":"way/215874178","name":"Beaver Meadow Road","highway":"track","sac_scale":null,"source":"OSM, unverified"},"geometry":{"type":"LineString","coordinates":[[-72.6985,44.5692],[-72.7009,44.5692],[-72.7048,44.5682],[-72.706,44.5684]]}},{"type":"Feature","properties":{"osm_id":"way/215874180","name":"Beaver Meadow Trail","highway":"path","sac_scale":null,"source":"OSM, unverified"},"geometry":{"type":"LineString","coordinates":[[-72.7055,44.5682],[-72.7066,44.5671],[-72.7072,44.566],[-72.7085,44.5653],[-72.7105,44.5654],[-72.7121,44.5652],[-72.7133,44.5655],[-72.7163,44.5645],[-72.7198,44.5652],[-72.7225,44.5666],[-72.7241,44.5668],[-72.7258,44.5666],[-72.7264,44.5661],[-72.729,44.566],[-72.7302,44.5664],[-72.734,44.5666],[-72.7369,44.5671]]}},{"type":"Feature","properties":{"osm_id":"way/215874183","name":"Chilcoot Pass Trail","highway":"path","sac_scale":null,"source":"OSM, unverified"},"geometry":{"type":"LineString","coordinates":[[-72.7429,44.5682],[-72.7446,44.5679],[-72.7451,44.5674],[-72.7457,44.5672],[-72.7485,44.568],[-72.7492,44.568],[-72.7511,44.5689],[-72.7532,44.5687]]}},{"type":"Feature","properties":{"osm_id":"way/215874187","name":"15/100 C","highway":"path","sac_scale":null,"source":"OSM, unverified"},"geometry":{"type":"LineString","coordinates":[[-72.7066,44.5688],[-72.7069,44.5686],[-72.7074,44.5674],[-72.7082,44.5668],[-72.7082,44.5663],[-72.7091,44.565],[-72.7093,44.5635],[-72.7085,44.5623]]}},{"type":"Feature","properties":{"osm_id":"way/215874188","name":"Whiteface Trail","highway":"path","sac_scale":null,"source":"OSM, unverified"},"geometry":{"type":"LineString","coordinates":[[-72.7412,44.5713],[-72.7393,44.5719],[-72.7388,44.5726],[-72.739,44.5734],[-72.7396,44.574],[-72.7394,44.5771],[-72.7402,44.5784],[-72.7409,44.5789]]}},{"type":"Feature","properties":{"osm_id":"way/216565185","name":"Ridge Trail","highway":"path","sac_scale":null,"source":"OSM, unverified"},"geometry":{"type":"LineString","coordinates":[[-72.5439,44.5415],[-72.5425,44.5403],[-72.5414,44.5396],[-72.5407,44.5397],[-72.5406,44.5403],[-72.5403,44.5401],[-72.54,44.539],[-72.5395,44.539],[-72.5393,44.5394]]}},{"type":"Feature","properties":{"osm_id":"way/216565187","name":"Ridge Trail","highway":"path","sac_scale":null,"source":"OSM, unverified"},"geometry":{"type":"LineString","coordinates":[[-72.5477,44.5323],[-72.5482,44.5322],[-72.5485,44.5326],[-72.5482,44.5335],[-72.5482,44.5341],[-72.5477,44.5347],[-72.5475,44.5358],[-72.547,44.5365],[-72.548,44.5377],[-72.5472,44.5386],[-72.5463,44.5409],[-72.5467,44.5426],[-72.5464,44.543],[-72.5466,44.5437],[-72.5464,44.5442],[-72.5456,44.544],[-72.5449,44.5432],[-72.545,44.5429],[-72.5447,44.5417],[-72.5439,44.5415]]}},{"type":"Feature","properties":{"osm_id":"way/218397256","name":"Harrington's View","highway":"path","sac_scale":null,"source":"OSM, unverified"},"geometry":{"type":"LineString","coordinates":[[-72.8654,44.4349],[-72.865,44.4348]]}},{"type":"Feature","properties":{"osm_id":"way/227444795","name":"Russell Trail","highway":"footway","sac_scale":null,"source":"OSM, unverified"},"geometry":{"type":"LineString","coordinates":[[-73.1077,44.3291],[-73.1067,44.3294],[-73.1059,44.3299],[-73.1067,44.3315],[-73.1066,44.3317],[-73.1046,44.3323],[-73.1044,44.3319],[-73.1036,44.3318],[-73.1031,44.3324],[-73.1027,44.3323],[-73.1023,44.3328],[-73.1004,44.333],[-73.0998,44.3329],[-73.0986,44.3322],[-73.0988,44.3315],[-73.0984,44.3314],[-73.0971,44.3303],[-73.0966,44.3294],[-73.0962,44.3292],[-73.096,44.3286],[-73.1035,44.328],[-73.1041,44.3283],[-73.105,44.3299],[-73.1059,44.3299]]}},{"type":"Feature","properties":{"osm_id":"way/227520476","name":"Sullivan Trail","highway":"footway","sac_scale":null,"source":"OSM, unverified"},"geometry":{"type":"LineString","coordinates":[[-73.1019,44.3337],[-73.1012,44.3337],[-73.1009,44.3352],[-73.1005,44.3355],[-73.0992,44.3353],[-73.0965,44.3358],[-73.0952,44.3357]]}},{"type":"Feature","properties":{"osm_id":"way/228166964","name":"Stevens Hill West","highway":"track","sac_scale":null,"source":"OSM, unverified"},"geometry":{"type":"LineString","coordinates":[[-72.2606,44.4711],[-72.2586,44.4743]]}},{"type":"Feature","properties":{"osm_id":"way/229077595","name":"Town Farm Road","highway":"track","sac_scale":null,"source":"OSM, unverified"},"geometry":{"type":"LineString","coordinates":[[-72.3635,44.5618],[-72.3629,44.5619],[-72.3622,44.5626],[-72.3614,44.5629],[-72.3578,44.562],[-72.356,44.5621]]}},{"type":"Feature","properties":{"osm_id":"way/229809086","name":"Old Duke Road","highway":"track","sac_scale":null,"source":"OSM, unverified"},"geometry":{"type":"LineString","coordinates":[[-72.2416,44.479],[-72.2413,44.4801],[-72.2417,44.4819],[-72.2415,44.484],[-72.2411,44.485],[-72.2411,44.4871],[-72.2415,44.4887],[-72.2405,44.4907],[-72.2386,44.4934],[-72.2386,44.495],[-72.2375,44.4966],[-72.236,44.4982],[-72.2315,44.5016],[-72.2293,44.5045]]}},{"type":"Feature","properties":{"osm_id":"way/231406662","name":"Bear Swamp Road","highway":"track","sac_scale":null,"source":"OSM, unverified"},"geometry":{"type":"LineString","coordinates":[[-72.642,44.3669],[-72.6417,44.368],[-72.6408,44.3694],[-72.6411,44.3711],[-72.64,44.3718]]}},{"type":"Feature","properties":{"osm_id":"way/231406663","name":"Middlesex Trail","highway":"path","sac_scale":null,"source":"OSM, unverified"},"geometry":{"type":"LineString","coordinates":[[-72.639,44.3814],[-72.6393,44.3822],[-72.6396,44.3825],[-72.6397,44.3834],[-72.6394,44.3842],[-72.6381,44.3858],[-72.6377,44.3879],[-72.6393,44.3885],[-72.6408,44.3882],[-72.6444,44.3884],[-72.6429,44.389],[-72.6418,44.3903],[-72.6401,44.3911],[-72.6415,44.3916],[-72.6405,44.3924],[-72.6417,44.393],[-72.6414,44.3938],[-72.6414,44.3944],[-72.6409,44.3957],[-72.6426,44.395],[-72.6448,44.3955],[-72.6453,44.3957]]}},{"type":"Feature","properties":{"osm_id":"way/231406664","name":"South Bear Swamp Road","highway":"track","sac_scale":null,"source":"OSM, unverified"},"geometry":{"type":"LineString","coordinates":[[-72.6424,44.3539],[-72.6381,44.3547],[-72.6364,44.356],[-72.6359,44.3568]]}},{"type":"Feature","properties":{"osm_id":"way/231406665","name":"Waterbury Trail","highway":"path","sac_scale":null,"source":"OSM, unverified"},"geometry":{"type":"LineString","coordinates":[[-72.6453,44.3957],[-72.6462,44.3956],[-72.6515,44.3964],[-72.654,44.3956],[-72.6553,44.3955],[-72.6554,44.3962],[-72.6556,44.3964],[-72.6582,44.396],[-72.6585,44.3966],[-72.6595,44.3967],[-72.6594,44.3973],[-72.6609,44.3978],[-72.6638,44.3979],[-72.6645,44.3983],[-72.665,44.3983],[-72.6663,44.3992],[-72.6674,44.3996],[-72.6693,44.3996],[-72.6719,44.4013],[-72.672,44.4018],[-72.6729,44.4028],[-72.6752,44.4026]]}},{"type":"Feature","properties":{"osm_id":"way/231406666","name":"White Rock Trail","highway":"path","sac_scale":null,"source":"OSM, unverified"},"geometry":{"type":"LineString","coordinates":[[-72.647,44.3957],[-72.6469,44.3953],[-72.6478,44.3944],[-72.6483,44.3945],[-72.6506,44.3933],[-72.651,44.3928],[-72.651,44.3921],[-72.6515,44.3915],[-72.6516,44.3909],[-72.6528,44.3896],[-72.6524,44.3891],[-72.652,44.3892],[-72.6517,44.3894],[-72.6517,44.3897],[-72.6512,44.39],[-72.6506,44.3897],[-72.6476,44.3895],[-72.6474,44.389],[-72.6469,44.3888],[-72.6469,44.3883],[-72.6472,44.388],[-72.6469,44.3878],[-72.6455,44.3882],[-72.6444,44.3883]]}},{"type":"Feature","properties":{"osm_id":"way/233856568","name":"Hooper Lane","highway":"path","sac_scale":null,"source":"OSM, unverified"},"geometry":{"type":"LineString","coordinates":[[-72.7014,44.2973],[-72.7012,44.2971]]}},{"type":"Feature","properties":{"osm_id":"way/234726231","name":"Old Center Fayston Road","highway":"track","sac_scale":null,"source":"OSM, unverified"},"geometry":{"type":"LineString","coordinates":[[-72.8358,44.2158],[-72.8351,44.2156],[-72.8345,44.2157],[-72.8334,44.2152],[-72.8296,44.2132],[-72.8278,44.2125],[-72.8256,44.2111],[-72.8223,44.2103]]}},{"type":"Feature","properties":{"osm_id":"way/234729810","name":"Carey Strong Road","highway":"track","sac_scale":null,"source":"OSM, unverified"},"geometry":{"type":"LineString","coordinates":[[-72.8193,44.2217],[-72.8144,44.2229],[-72.8135,44.2239],[-72.8115,44.2284]]}},{"type":"Feature","properties":{"osm_id":"way/235234297","name":"Farnham Road","highway":"track","sac_scale":null,"source":"OSM, unverified"},"geometry":{"type":"LineString","coordinates":[[-72.73,44.2661],[-72.7269,44.2694]]}},{"type":"Feature","properties":{"osm_id":"way/235487979","name":"Sleeper Road","highway":"track","sac_scale":null,"source":"OSM, unverified"},"geometry":{"type":"LineString","coordinates":[[-72.9024,44.1397],[-72.9026,44.1386],[-72.9036,44.1379]]}},{"type":"Feature","properties":{"osm_id":"way/235493848","name":"Racer's Edge","highway":"track","sac_scale":null,"source":"OSM, unverified"},"geometry":{"type":"LineString","coordinates":[[-72.8948,44.1303],[-72.895,44.1322],[-72.8957,44.1345]]}},{"type":"Feature","properties":{"osm_id":"way/235623660","name":"Town Highway 25","highway":"track","sac_scale":null,"source":"OSM, unverified"},"geometry":{"type":"LineString","coordinates":[[-72.8796,44.1616],[-72.8794,44.1683]]}},{"type":"Feature","properties":{"osm_id":"way/237170618","name":"Town Highway 17","highway":"track","sac_scale":null,"source":"OSM, unverified"},"geometry":{"type":"LineString","coordinates":[[-72.9778,44.1129],[-72.9779,44.1163],[-72.9784,44.1176],[-72.9793,44.1213],[-72.9806,44.1279]]}},{"type":"Feature","properties":{"osm_id":"way/238812460","name":"Cider Hill Road","highway":"track","sac_scale":null,"source":"OSM, unverified"},"geometry":{"type":"LineString","coordinates":[[-72.7997,44.1319],[-72.7989,44.1341],[-72.7989,44.1349]]}},{"type":"Feature","properties":{"osm_id":"way/238814052","name":"Farr Hill Road","highway":"track","sac_scale":null,"source":"OSM, unverified"},"geometry":{"type":"LineString","coordinates":[[-72.8606,44.0143],[-72.861,44.0118],[-72.8617,44.0107],[-72.8624,44.0082]]}},{"type":"Feature","properties":{"osm_id":"way/238914189","name":"Raynor Road","highway":"track","sac_scale":null,"source":"OSM, unverified"},"geometry":{"type":"LineString","coordinates":[[-72.7665,44.0494],[-72.7677,44.0522]]}},{"type":"Feature","properties":{"osm_id":"way/238914194","name":"Bear Farm Road","highway":"track","sac_scale":null,"source":"OSM, unverified"},"geometry":{"type":"LineString","coordinates":[[-72.7451,44.1918],[-72.7448,44.1911],[-72.7449,44.1901],[-72.7447,44.1893],[-72.7441,44.1887],[-72.7428,44.1885],[-72.7416,44.1856],[-72.741,44.1852]]}},{"type":"Feature","properties":{"osm_id":"way/239699215","name":"Town Highway 20","highway":"track","sac_scale":null,"source":"OSM, unverified"},"geometry":{"type":"LineString","coordinates":[[-73.0837,44.3274],[-73.0864,44.3271]]}},{"type":"Feature","properties":{"osm_id":"way/239700025","name":"Town Highway 9","highway":"track","sac_scale":null,"source":"OSM, unverified"},"geometry":{"type":"LineString","coordinates":[[-73.0309,44.2611],[-73.0293,44.2649],[-73.0279,44.2667],[-73.028,44.2687]]}},{"type":"Feature","properties":{"osm_id":"way/240333646","name":"Stevenson Brook Trail","highway":"footway","sac_scale":null,"source":"OSM, unverified"},"geometry":{"type":"LineString","coordinates":[[-72.7692,44.3918],[-72.7698,44.3918],[-72.771,44.3925],[-72.7718,44.3934]]}},{"type":"Feature","properties":{"osm_id":"way/242655753","name":"Onion River Road","highway":"track","sac_scale":null,"source":"OSM, unverified"},"geometry":{"type":"LineString","coordinates":[[-72.5991,44.1575],[-72.5968,44.1648],[-72.5964,44.1678],[-72.5966,44.1688]]}},{"type":"Feature","properties":{"osm_id":"way/242656322","name":"Town Highway 45","highway":"track","sac_scale":null,"source":"OSM, unverified"},"geometry":{"type":"LineString","coordinates":[[-72.5915,44.2084],[-72.5913,44.2102],[-72.5909,44.2109]]}},{"type":"Feature","properties":{"osm_id":"way/242661211","name":"Town Highway 46","highway":"track","sac_scale":null,"source":"OSM, unverified"},"geometry":{"type":"LineString","coordinates":[[-72.5476,44.2095],[-72.5462,44.2087],[-72.5448,44.2071]]}},{"type":"Feature","properties":{"osm_id":"way/242663909","name":"Town Highway 46","highway":"track","sac_scale":null,"source":"OSM, unverified"},"geometry":{"type":"LineString","coordinates":[[-72.5448,44.2071],[-72.5439,44.2063]]}},{"type":"Feature","properties":{"osm_id":"way/254686886","name":"Wright Farm Road","highway":"track","sac_scale":null,"source":"OSM, unverified"},"geometry":{"type":"LineString","coordinates":[[-72.3862,44.5107],[-72.3854,44.5114],[-72.3843,44.5132],[-72.3832,44.5138],[-72.3831,44.5147],[-72.3813,44.516],[-72.3804,44.5163],[-72.3795,44.516],[-72.3785,44.5164]]}},{"type":"Feature","properties":{"osm_id":"way/254871268","name":"Lamoille Valley Rail Trail","highway":"path","sac_scale":null,"source":"OSM, unverified"},"geometry":{"type":"LineString","coordinates":[[-72.2234,44.4237],[-72.2232,44.4237]]}},{"type":"Feature","properties":{"osm_id":"way/255614721","name":"Grand Lookout","highway":"path","sac_scale":null,"source":"OSM, unverified"},"geometry":{"type":"LineString","coordinates":[[-72.4728,44.154],[-72.4738,44.1574],[-72.4749,44.159],[-72.4758,44.1597],[-72.4762,44.1613]]}},{"type":"Feature","properties":{"osm_id":"way/261426882","name":"Liberty Meadow Trail","highway":"path","sac_scale":null,"source":"OSM, unverified"},"geometry":{"type":"LineString","coordinates":[[-73.0306,44.3518],[-73.0291,44.3519],[-73.0267,44.3515],[-73.0213,44.3526],[-73.0195,44.3527],[-73.0183,44.3524]]}},{"type":"Feature","properties":{"osm_id":"way/264478856","name":"Lower Saddle","highway":"path","sac_scale":null,"source":"OSM, unverified"},"geometry":{"type":"LineString","coordinates":[[-73.0309,44.3513],[-73.0286,44.3505],[-73.0272,44.3505],[-73.0238,44.3515],[-73.0211,44.3519],[-73.0201,44.3518],[-73.0187,44.3514]]}},{"type":"Feature","properties":{"osm_id":"way/289308455","name":"Chase Road","highway":"track","sac_scale":null,"source":"OSM, unverified"},"geometry":{"type":"LineString","coordinates":[[-72.6602,44.2239],[-72.6603,44.2248],[-72.6601,44.2253],[-72.6609,44.2256],[-72.6606,44.2263]]}},{"type":"Feature","properties":{"osm_id":"way/289492665","name":"USFS 349","highway":"track","sac_scale":null,"source":"OSM, unverified"},"geometry":{"type":"LineString","coordinates":[[-72.9411,44.092],[-72.9456,44.0925],[-72.946,44.0935],[-72.9471,44.0939],[-72.9512,44.094],[-72.9517,44.0943],[-72.9517,44.0955],[-72.9535,44.0984],[-72.9534,44.0988],[-72.954,44.1003],[-72.9542,44.102],[-72.9552,44.1041],[-72.9554,44.1063],[-72.955,44.1066],[-72.9543,44.1079],[-72.9549,44.1089],[-72.9557,44.109]]}},{"type":"Feature","properties":{"osm_id":"way/291264835","name":"Town Highway 24","highway":"track","sac_scale":null,"source":"OSM, unverified"},"geometry":{"type":"LineString","coordinates":[[-72.5939,44.3135],[-72.5922,44.3153]]}},{"type":"Feature","properties":{"osm_id":"way/291264837","name":"Town Highway 25","highway":"track","sac_scale":null,"source":"OSM, unverified"},"geometry":{"type":"LineString","coordinates":[[-72.6007,44.3072],[-72.5996,44.3076],[-72.5985,44.3077],[-72.5978,44.3082],[-72.5962,44.3114]]}},{"type":"Feature","properties":{"osm_id":"way/291264838","name":"Town Highway 28","highway":"track","sac_scale":null,"source":"OSM, unverified"},"geometry":{"type":"LineString","coordinates":[[-72.5759,44.369],[-72.5771,44.3695],[-72.5781,44.3695],[-72.5796,44.3704],[-72.5824,44.3698]]}},{"type":"Feature","properties":{"osm_id":"way/291707235","name":"Four Mile Wood Road","highway":"track","sac_scale":null,"source":"OSM, unverified"},"geometry":{"type":"LineString","coordinates":[[-72.7033,44.0621],[-72.7036,44.0611],[-72.7036,44.059],[-72.703,44.058],[-72.7012,44.057],[-72.6999,44.0569],[-72.699,44.0562],[-72.6974,44.056],[-72.6935,44.0546],[-72.6917,44.0528],[-72.6913,44.0515],[-72.689,44.0508],[-72.6881,44.0509],[-72.6874,44.0503],[-72.6871,44.0496],[-72.6862,44.0466],[-72.6854,44.0455],[-72.6829,44.0435]]}},{"type":"Feature","properties":{"osm_id":"way/291707236","name":"Old Mail Route Road","highway":"track","sac_scale":null,"source":"OSM, unverified"},"geometry":{"type":"LineString","coordinates":[[-72.6981,44.1027],[-72.6981,44.1021],[-72.6991,44.1016],[-72.6996,44.1006],[-72.7005,44.1],[-72.7018,44.0981],[-72.7021,44.0968],[-72.7024,44.0964],[-72.7035,44.0962],[-72.708,44.0968],[-72.71,44.0974],[-72.7119,44.0945]]}},{"type":"Feature","properties":{"osm_id":"way/291707237","name":"Cram Hill Road","highway":"track","sac_scale":null,"source":"OSM, unverified"},"geometry":{"type":"LineString","coordinates":[[-72.7065,44.0374],[-72.703,44.0351],[-72.6965,44.0317],[-72.6962,44.0309],[-72.6949,44.0293]]}},{"type":"Feature","properties":{"osm_id":"way/299392031","name":"Town Highway 16 (Johnnie Brook Road)","highway":"track","sac_scale":null,"source":"OSM, unverified"},"geometry":{"type":"LineString","coordinates":[[-73.0133,44.4041],[-73.0133,44.4041]]}},{"type":"Feature","properties":{"osm_id":"way/303710529","name":"Chelsea Road","highway":"track","sac_scale":null,"source":"OSM, unverified"},"geometry":{"type":"LineString","coordinates":[[-72.3799,43.9596],[-72.3852,43.961],[-72.3888,43.9612]]}},{"type":"Feature","properties":{"osm_id":"way/303710534","name":"Town Highway 33","highway":"track","sac_scale":null,"source":"OSM, unverified"},"geometry":{"type":"LineString","coordinates":[[-72.4117,44.0611],[-72.4121,44.0622],[-72.4131,44.0636],[-72.4128,44.0658]]}},{"type":"Feature","properties":{"osm_id":"way/303899283","name":"Town Highway 64 / Legal Trail 1","highway":"track","sac_scale":null,"source":"OSM, unverified"},"geometry":{"type":"LineString","coordinates":[[-72.5351,44.068],[-72.535,44.0663],[-72.5353,44.0648],[-72.5348,44.0628],[-72.5353,44.0578],[-72.5352,44.0549]]}},{"type":"Feature","properties":{"osm_id":"way/326311243","name":"Haul Road","highway":"track","sac_scale":"hiking","source":"OSM, unverified"},"geometry":{"type":"LineString","coordinates":[[-72.7453,44.4802],[-72.7464,44.4815],[-72.7477,44.4826],[-72.7494,44.4834],[-72.7505,44.4843]]}},{"type":"Feature","properties":{"osm_id":"way/326311729","name":"Ranch Camp Trail","highway":"path","sac_scale":null,"source":"OSM, unverified"},"geometry":{"type":"LineString","coordinates":[[-72.766,44.4917],[-72.7681,44.4923],[-72.7709,44.4926],[-72.7748,44.4937]]}},{"type":"Feature","properties":{"osm_id":"way/326311817","name":"Haul Road","highway":"path","sac_scale":"hiking","source":"OSM, unverified"},"geometry":{"type":"LineString","coordinates":[[-72.766,44.4917],[-72.7687,44.4908],[-72.7728,44.4885]]}},{"type":"Feature","properties":{"osm_id":"way/326811473","name":"VAST","highway":"path","sac_scale":null,"source":"OSM, unverified"},"geometry":{"type":"LineString","coordinates":[[-72.4593,44.1511],[-72.4607,44.1515],[-72.4621,44.1513],[-72.4643,44.152],[-72.4646,44.1531],[-72.466,44.1537],[-72.4664,44.1547],[-72.4672,44.1551],[-72.4683,44.1553],[-72.468,44.1564]]}},{"type":"Feature","properties":{"osm_id":"way/326813352","name":"Heifier Pasture","highway":"path","sac_scale":null,"source":"OSM, unverified"},"geometry":{"type":"LineString","coordinates":[[-72.4598,44.1528],[-72.4598,44.1525],[-72.46,44.1521],[-72.4594,44.1514],[-72.4594,44.1508],[-72.46,44.1499],[-72.4612,44.1491],[-72.4618,44.1493],[-72.4617,44.1504],[-72.4623,44.1513]]}},{"type":"Feature","properties":{"osm_id":"way/326825651","name":"Heifier Pasture","highway":"path","sac_scale":null,"source":"OSM, unverified"},"geometry":{"type":"LineString","coordinates":[[-72.4636,44.1517],[-72.464,44.1512],[-72.4644,44.1493],[-72.4651,44.1487],[-72.4654,44.1487],[-72.4655,44.1496],[-72.4664,44.1505]]}},{"type":"Feature","properties":{"osm_id":"way/326825653","name":"Scenic View","highway":"path","sac_scale":null,"source":"OSM, unverified"},"geometry":{"type":"LineString","coordinates":[[-72.461,44.1542],[-72.4601,44.1553]]}},{"type":"Feature","properties":{"osm_id":"way/326825776","name":"Mainline","highway":"path","sac_scale":null,"source":"OSM, unverified"},"geometry":{"type":"LineString","coordinates":[[-72.4683,44.1552],[-72.4672,44.1556],[-72.4661,44.1557],[-72.4654,44.1551],[-72.4648,44.1541],[-72.464,44.1541],[-72.4642,44.1539],[-72.4639,44.1535],[-72.4616,44.1525],[-72.4598,44.1528],[-72.4598,44.1535]]}},{"type":"Feature","properties":{"osm_id":"way/326826155","name":"Rambler","highway":"path","sac_scale":null,"source":"OSM, unverified"},"geometry":{"type":"LineString","coordinates":[[-72.4616,44.15],[-72.4622,44.1496],[-72.4618,44.1503],[-72.4623,44.1509],[-72.4626,44.1504],[-72.4621,44.1503],[-72.4622,44.1501],[-72.4624,44.1499],[-72.4629,44.1502],[-72.4628,44.1507],[-72.4635,44.1515],[-72.4638,44.1506],[-72.4643,44.1508],[-72.4647,44.1513]]}},{"type":"Feature","properties":{"osm_id":"way/326826789","name":"Locomotion","highway":"path","sac_scale":null,"source":"OSM, unverified"},"geometry":{"type":"LineString","coordinates":[[-72.4667,44.1509],[-72.468,44.1494],[-72.4679,44.15],[-72.4685,44.1499],[-72.469,44.1501],[-72.4693,44.1496],[-72.469,44.1497],[-72.4689,44.1494],[-72.4687,44.1493],[-72.4691,44.1485],[-72.4699,44.1483],[-72.4703,44.1475],[-72.4711,44.147],[-72.4716,44.1463],[-72.4719,44.1465],[-72.4714,44.1474],[-72.4722,44.1471],[-72.4721,44.1478],[-72.4725,44.1482],[-72.4726,44.1476],[-72.4732,44.1475],[-72.4737,44.147],[-72.4738,44.1465],[-72.4734,44.1459],[-72.4735,44.1454],[-72.4744,44.1453],[-72.4748,44.145],[-72.4757,44.145]]}},{"type":"Feature","properties":{"osm_id":"way/326831131","name":"Westside","highway":"path","sac_scale":null,"source":"OSM, unverified"},"geometry":{"type":"LineString","coordinates":[[-72.4773,44.1445],[-72.4779,44.1453],[-72.4779,44.1462],[-72.4762,44.1485],[-72.4756,44.1501],[-72.4741,44.1512]]}},{"type":"Feature","properties":{"osm_id":"way/326840457","name":"Boiler Maker","highway":"path","sac_scale":null,"source":"OSM, unverified"},"geometry":{"type":"LineString","coordinates":[[-72.4735,44.1452],[-72.4737,44.1448],[-72.4735,44.1445],[-72.4732,44.1448],[-72.4733,44.1453],[-72.4728,44.145],[-72.4726,44.1455],[-72.4728,44.1458],[-72.4735,44.1454]]}},{"type":"Feature","properties":{"osm_id":"way/326843658","name":"Dead Bird","highway":"path","sac_scale":null,"source":"OSM, unverified"},"geometry":{"type":"LineString","coordinates":[[-72.4728,44.1458],[-72.4726,44.1462],[-72.4737,44.1464]]}},{"type":"Feature","properties":{"osm_id":"way/326845027","name":"Locomotion Winter Bypass #1","highway":"path","sac_scale":null,"source":"OSM, unverified"},"geometry":{"type":"LineString","coordinates":[[-72.4726,44.1476],[-72.4721,44.1482],[-72.4707,44.1483]]}},{"type":"Feature","properties":{"osm_id":"way/326848347","name":"TNT","highway":"path","sac_scale":null,"source":"OSM, unverified"},"geometry":{"type":"LineString","coordinates":[[-72.4643,44.152],[-72.4649,44.1512],[-72.4648,44.1506],[-72.4658,44.1502],[-72.4661,44.1495],[-72.4668,44.1496],[-72.4663,44.1493],[-72.4671,44.1489],[-72.4671,44.1483],[-72.4676,44.1484],[-72.469,44.1479],[-72.4695,44.1469],[-72.4694,44.1465],[-72.4687,44.1477],[-72.4691,44.1465],[-72.4689,44.1463],[-72.4694,44.1455],[-72.4696,44.1455],[-72.4696,44.1465],[-72.4699,44.1466],[-72.4702,44.146],[-72.4705,44.1458],[-72.4709,44.1462],[-72.4706,44.1467],[-72.4712,44.1469]]}},{"type":"Feature","properties":{"osm_id":"way/326848348","name":"Littlejohn","highway":"path","sac_scale":null,"source":"OSM, unverified"},"geometry":{"type":"LineString","coordinates":[[-72.462,44.1527],[-72.4615,44.1527],[-72.4614,44.1529],[-72.4612,44.1528],[-72.4604,44.1532],[-72.4603,44.1534],[-72.4606,44.1532],[-72.4606,44.154]]}},{"type":"Feature","properties":{"osm_id":"way/326849886","name":"Sidewinder","highway":"path","sac_scale":null,"source":"OSM, unverified"},"geometry":{"type":"LineString","coordinates":[[-72.4579,44.1531],[-72.4569,44.153],[-72.4563,44.1532],[-72.4557,44.154],[-72.4562,44.1538],[-72.4562,44.1543],[-72.4558,44.1543],[-72.4558,44.1546],[-72.4564,44.1543],[-72.4568,44.1538],[-72.4574,44.1543],[-72.4569,44.1541],[-72.4566,44.1543],[-72.4565,44.1546],[-72.4568,44.1549],[-72.4572,44.1546],[-72.4576,44.1546],[-72.4573,44.155],[-72.4575,44.155],[-72.4579,44.1546],[-72.4586,44.1546]]}},{"type":"Feature","properties":{"osm_id":"way/326849950","name":"Mainline","highway":"path","sac_scale":null,"source":"OSM, unverified"},"geometry":{"type":"LineString","coordinates":[[-72.4587,44.1546],[-72.4592,44.1549]]}},{"type":"Feature","properties":{"osm_id":"way/327008417","name":"Upper Sidewinder","highway":"path","sac_scale":null,"source":"OSM, unverified"},"geometry":{"type":"LineString","coordinates":[[-72.4587,44.1532],[-72.4593,44.1537],[-72.4587,44.1542],[-72.459,44.1547],[-72.4595,44.1537],[-72.4599,44.1537],[-72.4586,44.1528],[-72.4585,44.1525],[-72.4579,44.1531]]}},{"type":"Feature","properties":{"osm_id":"way/327011060","name":"Indian Trail","highway":"path","sac_scale":null,"source":"OSM, unverified"},"geometry":{"type":"LineString","coordinates":[[-72.4662,44.1544],[-72.4656,44.155],[-72.4653,44.1547],[-72.4658,44.1542],[-72.4644,44.1537],[-72.4651,44.1538],[-72.4646,44.1535],[-72.4652,44.1536],[-72.4659,44.1538],[-72.4662,44.1543]]}},{"type":"Feature","properties":{"osm_id":"way/327011384","name":"Capitol Trail","highway":"path","sac_scale":null,"source":"OSM, unverified"},"geometry":{"type":"LineString","coordinates":[[-72.4663,44.1545],[-72.4656,44.1553]]}},{"type":"Feature","properties":{"osm_id":"way/327011385","name":"Capitol Trail","highway":"path","sac_scale":null,"source":"OSM, unverified"},"geometry":{"type":"LineString","coordinates":[[-72.4662,44.1544],[-72.4668,44.1537],[-72.467,44.1533],[-72.4667,44.1531],[-72.4672,44.1523],[-72.4669,44.1518],[-72.467,44.1513],[-72.4664,44.1505]]}},{"type":"Feature","properties":{"osm_id":"way/327012355","name":"Zig Zag","highway":"path","sac_scale":null,"source":"OSM, unverified"},"geometry":{"type":"LineString","coordinates":[[-72.4669,44.1534],[-72.466,44.1536],[-72.4664,44.1538],[-72.4662,44.1543]]}},{"type":"Feature","properties":{"osm_id":"way/327128852","name":"Crossfire","highway":"path","sac_scale":null,"source":"OSM, unverified"},"geometry":{"type":"LineString","coordinates":[[-72.4663,44.1543],[-72.4666,44.1547],[-72.4673,44.1547],[-72.4679,44.1544],[-72.4677,44.1542],[-72.4681,44.1539],[-72.4678,44.1538],[-72.468,44.1537]]}},{"type":"Feature","properties":{"osm_id":"way/327129369","name":"Ledges","highway":"path","sac_scale":null,"source":"OSM, unverified"},"geometry":{"type":"LineString","coordinates":[[-72.4684,44.1541],[-72.4695,44.1534],[-72.4689,44.1543],[-72.4698,44.1547]]}},{"type":"Feature","properties":{"osm_id":"way/327129370","name":"Lawson's Lookout","highway":"path","sac_scale":null,"source":"OSM, unverified"},"geometry":{"type":"LineString","coordinates":[[-72.4701,44.1545],[-72.4703,44.1554]]}},{"type":"Feature","properties":{"osm_id":"way/327129686","name":"Capital Loop","highway":"path","sac_scale":null,"source":"OSM, unverified"},"geometry":{"type":"LineString","coordinates":[[-72.4672,44.1523],[-72.4675,44.1526],[-72.4676,44.1523],[-72.4679,44.1525],[-72.4685,44.1521],[-72.4688,44.1515],[-72.4672,44.1523]]}},{"type":"Feature","properties":{"osm_id":"way/327131311","name":"Boulder Dash","highway":"path","sac_scale":null,"source":"OSM, unverified"},"geometry":{"type":"LineString","coordinates":[[-72.4667,44.1509],[-72.4668,44.1512],[-72.4667,44.1517],[-72.4664,44.1509],[-72.4663,44.1514],[-72.4657,44.1513],[-72.4649,44.1522],[-72.4651,44.1526],[-72.4649,44.1526],[-72.465,44.1528],[-72.4649,44.1529],[-72.4654,44.1531],[-72.4649,44.153],[-72.4647,44.1532]]}},{"type":"Feature","properties":{"osm_id":"way/327131722","name":"Boulder Dash","highway":"path","sac_scale":null,"source":"OSM, unverified"},"geometry":{"type":"LineString","coordinates":[[-72.4647,44.1533],[-72.4642,44.1539]]}},{"type":"Feature","properties":{"osm_id":"way/327135589","name":"Last Light","highway":"path","sac_scale":null,"source":"OSM, unverified"},"geometry":{"type":"LineString","coordinates":[[-72.478,44.1457],[-72.4785,44.1461],[-72.4783,44.1466],[-72.4773,44.1475],[-72.4767,44.1477]]}},{"type":"Feature","properties":{"osm_id":"way/327135590","name":"Holy Ghost","highway":"path","sac_scale":null,"source":"OSM, unverified"},"geometry":{"type":"LineString","coordinates":[[-72.4779,44.147],[-72.4775,44.1466],[-72.4762,44.1465],[-72.4756,44.1471],[-72.4757,44.1465],[-72.4746,44.1469],[-72.4742,44.1474],[-72.4743,44.1476],[-72.4748,44.1474],[-72.4754,44.1478],[-72.4744,44.149],[-72.4749,44.1493],[-72.4751,44.1499],[-72.4745,44.1509]]}},{"type":"Feature","properties":{"osm_id":"way/327135592","name":"Wynding Woods","highway":"path","sac_scale":null,"source":"OSM, unverified"},"geometry":{"type":"LineString","coordinates":[[-72.4794,44.1462],[-72.4793,44.1475],[-72.4789,44.1479],[-72.4782,44.1482],[-72.4779,44.148],[-72.4785,44.148],[-72.4791,44.1473],[-72.4779,44.1479],[-72.4778,44.1476],[-72.4773,44.1475]]}},{"type":"Feature","properties":{"osm_id":"way/327138245","name":"Black Lagoon","highway":"path","sac_scale":null,"source":"OSM, unverified"},"geometry":{"type":"LineString","coordinates":[[-72.4744,44.1509],[-72.4738,44.1506],[-72.4747,44.1499],[-72.4756,44.1486],[-72.4763,44.1483]]}},{"type":"Feature","properties":{"osm_id":"way/327138246","name":"Untitled","highway":"path","sac_scale":null,"source":"OSM, unverified"},"geometry":{"type":"LineString","coordinates":[[-72.4754,44.1488],[-72.4751,44.1487]]}},{"type":"Feature","properties":{"osm_id":"way/327138247","name":"Holy Ghost Lookout","highway":"path","sac_scale":null,"source":"OSM, unverified"},"geometry":{"type":"LineString","coordinates":[[-72.4745,44.147],[-72.4754,44.1474]]}},{"type":"Feature","properties":{"osm_id":"way/327138667","name":"Woodside","highway":"path","sac_scale":null,"source":"OSM, unverified"},"geometry":{"type":"LineString","coordinates":[[-72.4733,44.1523],[-72.4739,44.1521],[-72.4743,44.1521],[-72.4743,44.1512],[-72.4748,44.1509],[-72.4761,44.1506],[-72.4777,44.1493],[-72.4783,44.1493],[-72.4783,44.1485],[-72.4797,44.1479],[-72.4794,44.1461],[-72.4795,44.1458],[-72.4793,44.1453]]}},{"type":"Feature","properties":{"osm_id":"way/327140157","name":"Whetmore Heights","highway":"path","sac_scale":null,"source":"OSM, unverified"},"geometry":{"type":"LineString","coordinates":[[-72.4756,44.1501],[-72.4775,44.1494],[-72.4785,44.1496],[-72.4777,44.1504],[-72.4772,44.1503],[-72.4762,44.1512],[-72.4761,44.1515],[-72.4765,44.152],[-72.4751,44.1541],[-72.4747,44.1544],[-72.4748,44.1547],[-72.4751,44.1548],[-72.4746,44.1552],[-72.4738,44.1552],[-72.4733,44.1556]]}},{"type":"Feature","properties":{"osm_id":"way/327160574","name":"Whetmore West","highway":"path","sac_scale":null,"source":"OSM, unverified"},"geometry":{"type":"LineString","coordinates":[[-72.4762,44.1524],[-72.4769,44.1523],[-72.477,44.153],[-72.4765,44.1536],[-72.4753,44.1543],[-72.4754,44.1547],[-72.4751,44.1548]]}},{"type":"Feature","properties":{"osm_id":"way/327162839","name":"Hilltop","highway":"path","sac_scale":null,"source":"OSM, unverified"},"geometry":{"type":"LineString","coordinates":[[-72.4759,44.1589],[-72.476,44.1586],[-72.4762,44.1586]]}},{"type":"Feature","properties":{"osm_id":"way/327162840","name":"Hilltop","highway":"path","sac_scale":null,"source":"OSM, unverified"},"geometry":{"type":"LineString","coordinates":[[-72.4785,44.1601],[-72.4776,44.1592],[-72.4771,44.1582],[-72.4767,44.1581],[-72.4763,44.1587],[-72.4766,44.1592],[-72.4778,44.1602]]}},{"type":"Feature","properties":{"osm_id":"way/327164225","name":"Z Screaming Demon","highway":"path","sac_scale":null,"source":"OSM, unverified"},"geometry":{"type":"LineString","coordinates":[[-72.4786,44.1601],[-72.4798,44.1604],[-72.4802,44.1609],[-72.4814,44.1607],[-72.481,44.1601],[-72.4819,44.1606],[-72.482,44.161],[-72.4816,44.1617],[-72.4808,44.162]]}},{"type":"Feature","properties":{"osm_id":"way/327164226","name":"Z Screaming Demon","highway":"path","sac_scale":null,"source":"OSM, unverified"},"geometry":{"type":"LineString","coordinates":[[-72.4771,44.1635],[-72.478,44.1627],[-72.4793,44.1625],[-72.4795,44.1616],[-72.4809,44.162],[-72.482,44.1619],[-72.4822,44.1617],[-72.482,44.161]]}},{"type":"Feature","properties":{"osm_id":"way/327165117","name":"Untitled","highway":"path","sac_scale":null,"source":"OSM, unverified"},"geometry":{"type":"LineString","coordinates":[[-72.477,44.164],[-72.4755,44.1637],[-72.4748,44.1633],[-72.4734,44.1639]]}},{"type":"Feature","properties":{"osm_id":"way/327166374","name":"Abbott's Run","highway":"path","sac_scale":null,"source":"OSM, unverified"},"geometry":{"type":"LineString","coordinates":[[-72.4768,44.1643],[-72.4769,44.1655],[-72.4776,44.1663],[-72.4782,44.1664],[-72.4791,44.1659],[-72.4813,44.1663],[-72.4827,44.1661]]}},{"type":"Feature","properties":{"osm_id":"way/327166375","name":"Rock And Roll","highway":"path","sac_scale":null,"source":"OSM, unverified"},"geometry":{"type":"LineString","coordinates":[[-72.4768,44.1649],[-72.4773,44.165],[-72.4775,44.1647],[-72.4784,44.1651],[-72.4787,44.1656],[-72.4786,44.1664],[-72.4779,44.1667],[-72.4785,44.1675],[-72.4788,44.167],[-72.4787,44.1665],[-72.4791,44.1667],[-72.4794,44.1665],[-72.4791,44.166],[-72.4793,44.1656],[-72.4795,44.1657],[-72.4804,44.1654],[-72.4804,44.1658],[-72.4822,44.1655],[-72.4827,44.1661],[-72.4829,44.1656],[-72.4844,44.1647],[-72.4842,44.1643],[-72.4844,44.1642],[-72.4846,44.1635],[-72.4851,44.1634],[-72.4848,44.163],[-72.4853,44.1622],[-72.4862,44.1615],[-72.4865,44.1605],[-72.4887,44.1585]]}},{"type":"Feature","properties":{"osm_id":"way/327166376","name":"Untitled","highway":"path","sac_scale":null,"source":"OSM, unverified"},"geometry":{"type":"LineString","coordinates":[[-72.4752,44.1657],[-72.4761,44.1667],[-72.4769,44.1656]]}},{"type":"Feature","properties":{"osm_id":"way/327169937","name":"Beaver Run","highway":"path","sac_scale":null,"source":"OSM, unverified"},"geometry":{"type":"LineString","coordinates":[[-72.4861,44.1661],[-72.4872,44.1643],[-72.4871,44.163],[-72.488,44.1612],[-72.4888,44.1602],[-72.4888,44.1595]]}},{"type":"Feature","properties":{"osm_id":"way/327169938","name":"Beaver Pond","highway":"path","sac_scale":null,"source":"OSM, unverified"},"geometry":{"type":"LineString","coordinates":[[-72.4872,44.1643],[-72.4874,44.1638],[-72.4887,44.1625],[-72.4892,44.1615],[-72.49,44.1613]]}},{"type":"Feature","properties":{"osm_id":"way/327169939","name":"Harrington Ridge","highway":"path","sac_scale":null,"source":"OSM, unverified"},"geometry":{"type":"LineString","coordinates":[[-72.4865,44.1605],[-72.4846,44.1619],[-72.484,44.163],[-72.4823,44.1641],[-72.4816,44.165],[-72.4817,44.1651]]}},{"type":"Feature","properties":{"osm_id":"way/327169940","name":"Holy Roller","highway":"path","sac_scale":null,"source":"OSM, unverified"},"geometry":{"type":"LineString","coordinates":[[-72.481,44.1658],[-72.4848,44.163]]}},{"type":"Feature","properties":{"osm_id":"way/327170165","name":"Harrington Heights","highway":"path","sac_scale":null,"source":"OSM, unverified"},"geometry":{"type":"LineString","coordinates":[[-72.4819,44.1651],[-72.4813,44.165],[-72.4818,44.1639],[-72.4823,44.1636],[-72.482,44.1636],[-72.4846,44.1618],[-72.4835,44.1624],[-72.4848,44.161],[-72.4858,44.1608]]}},{"type":"Feature","properties":{"osm_id":"way/327170591","name":"Abbott's Run","highway":"path","sac_scale":null,"source":"OSM, unverified"},"geometry":{"type":"LineString","coordinates":[[-72.4845,44.1647],[-72.4849,44.1647],[-72.4854,44.1642],[-72.4866,44.1622],[-72.4877,44.162]]}},{"type":"Feature","properties":{"osm_id":"way/327170592","name":"Nature Trail","highway":"path","sac_scale":null,"source":"OSM, unverified"},"geometry":{"type":"LineString","coordinates":[[-72.4886,44.164],[-72.4886,44.1637],[-72.4894,44.1632],[-72.4895,44.1629],[-72.4887,44.1631],[-72.4871,44.1651]]}},{"type":"Feature","properties":{"osm_id":"way/327170793","name":"Untitled","highway":"path","sac_scale":null,"source":"OSM, unverified"},"geometry":{"type":"LineString","coordinates":[[-72.4861,44.1661],[-72.4872,44.165]]}},{"type":"Feature","properties":{"osm_id":"way/327170794","name":"Untitled","highway":"path","sac_scale":null,"source":"OSM, unverified"},"geometry":{"type":"LineString","coordinates":[[-72.4874,44.164],[-72.4883,44.1636]]}},{"type":"Feature","properties":{"osm_id":"way/327170795","name":"Untitled","highway":"path","sac_scale":null,"source":"OSM, unverified"},"geometry":{"type":"LineString","coordinates":[[-72.4893,44.1628],[-72.4895,44.1619],[-72.49,44.1614]]}},{"type":"Feature","properties":{"osm_id":"way/327172525","name":"Roller Coaster","highway":"path","sac_scale":null,"source":"OSM, unverified"},"geometry":{"type":"LineString","coordinates":[[-72.4768,44.1643],[-72.4772,44.1637],[-72.4768,44.1631],[-72.4772,44.1628],[-72.4771,44.1625],[-72.479,44.1618],[-72.4781,44.1611],[-72.4793,44.1606],[-72.4785,44.1601],[-72.4775,44.1602],[-72.4757,44.1595]]}},{"type":"Feature","properties":{"osm_id":"way/327172946","name":"Corridor","highway":"path","sac_scale":null,"source":"OSM, unverified"},"geometry":{"type":"LineString","coordinates":[[-72.4737,44.157],[-72.4736,44.1572],[-72.4725,44.1576],[-72.4724,44.1581],[-72.4732,44.159],[-72.4726,44.1593],[-72.4725,44.16],[-72.4708,44.1608]]}},{"type":"Feature","properties":{"osm_id":"way/327172947","name":"Corridor","highway":"path","sac_scale":null,"source":"OSM, unverified"},"geometry":{"type":"LineString","coordinates":[[-72.4723,44.1601],[-72.471,44.1597]]}},{"type":"Feature","properties":{"osm_id":"way/327173347","name":"Touring Center Trail","highway":"path","sac_scale":null,"source":"OSM, unverified"},"geometry":{"type":"LineString","coordinates":[[-72.4728,44.1586],[-72.4723,44.1592],[-72.4725,44.1597]]}},{"type":"Feature","properties":{"osm_id":"way/327173348","name":"Touring Center Trail","highway":"path","sac_scale":null,"source":"OSM, unverified"},"geometry":{"type":"LineString","coordinates":[[-72.4725,44.1598],[-72.472,44.16]]}},{"type":"Feature","properties":{"osm_id":"way/327173412","name":"Corridor","highway":"path","sac_scale":null,"source":"OSM, unverified"},"geometry":{"type":"LineString","coordinates":[[-72.4903,44.1607],[-72.4897,44.1606],[-72.4895,44.1598],[-72.4887,44.1594],[-72.4887,44.1573],[-72.489,44.1564],[-72.4888,44.1542]]}},{"type":"Feature","properties":{"osm_id":"way/327180014","name":"VAST","highway":"path","sac_scale":null,"source":"OSM, unverified"},"geometry":{"type":"LineString","coordinates":[[-72.4779,44.144],[-72.4785,44.1432],[-72.4781,44.1426],[-72.4782,44.1422],[-72.4798,44.1414],[-72.4814,44.1402],[-72.4823,44.1386],[-72.483,44.1381],[-72.4831,44.1375],[-72.4842,44.1368],[-72.4842,44.1362],[-72.4851,44.1357],[-72.488,44.1364],[-72.489,44.135]]}},{"type":"Feature","properties":{"osm_id":"way/327512137","name":"Vortex","highway":"path","sac_scale":null,"source":"OSM, unverified"},"geometry":{"type":"LineString","coordinates":[[-72.4818,44.1639],[-72.4816,44.1637],[-72.481,44.1642],[-72.4811,44.1639],[-72.4804,44.1641],[-72.4809,44.1637],[-72.4819,44.1638]]}},{"type":"Feature","properties":{"osm_id":"way/327512138","name":"Fellowship Ring","highway":"path","sac_scale":null,"source":"OSM, unverified"},"geometry":{"type":"LineString","coordinates":[[-72.4821,44.1391],[-72.4839,44.1388],[-72.4841,44.1381],[-72.4843,44.138],[-72.486,44.1377],[-72.4866,44.1373],[-72.4866,44.1369],[-72.4872,44.1369],[-72.4872,44.1366],[-72.4869,44.1367],[-72.4871,44.1365],[-72.4884,44.1364],[-72.4884,44.1368],[-72.4911,44.1363],[-72.4888,44.1365],[-72.4883,44.1363],[-72.4887,44.1363],[-72.4892,44.1351],[-72.4878,44.1348],[-72.4878,44.1356],[-72.4875,44.1357],[-72.4875,44.1361],[-72.4871,44.1356],[-72.4874,44.1355],[-72.4868,44.1352],[-72.4869,44.1354],[-72.4868,44.1359],[-72.4864,44.1356],[-72.4867,44.1357],[-72.4865,44.1355],[-72.4868,44.1353],[-72.486,44.1349],[-72.4859,44.1353],[-72.4863,44.1355],[-72.486,44.1356],[-72.4864,44.1359],[-72.4857,44.1362],[-72.4869,44.1363],[-72.4863,44.1363],[-72.4856,44.1367],[-72.4856,44.1363],[-72.4852,44.1366],[-72.4848,44.1362],[-72.4843,44.1366],[-72.4848,44.1365],[-72.4845,44.137],[-72.4844,44.1367],[-72.4837,44.1366],[-72.4839,44.1368],[-72.4836,44.1372],[-72.4837,44.1375],[-72.4828,44.1387],[-72.4834,44.1385],[-72.4832,44.1388]]}},{"type":"Feature","properties":{"osm_id":"way/331415489","name":"wild Turkey Road","highway":"track","sac_scale":null,"source":"OSM, unverified"},"geometry":{"type":"LineString","coordinates":[[-72.4354,44.5331],[-72.4362,44.5345]]}},{"type":"Feature","properties":{"osm_id":"way/360400929","name":"Crowley Road","highway":"track","sac_scale":null,"source":"OSM, unverified"},"geometry":{"type":"LineString","coordinates":[[-73.0179,44.2225],[-73.0183,44.2196],[-73.0191,44.2184],[-73.0192,44.2178],[-73.0189,44.2172],[-73.018,44.217],[-73.0178,44.2157]]}},{"type":"Feature","properties":{"osm_id":"way/363639501","name":"Long Trail","highway":"path","sac_scale":null,"source":"OSM, unverified"},"geometry":{"type":"LineString","coordinates":[[-72.9163,44.3787],[-72.9152,44.3788],[-72.9131,44.3785],[-72.9119,44.3793]]}},{"type":"Feature","properties":{"osm_id":"way/363639502","name":"Long Trail","highway":"path","sac_scale":null,"source":"OSM, unverified"},"geometry":{"type":"LineString","coordinates":[[-72.9173,44.3783],[-72.9172,44.3784]]}},{"type":"Feature","properties":{"osm_id":"way/363639503","name":"Long Trail","highway":"footway","sac_scale":null,"source":"OSM, unverified"},"geometry":{"type":"LineString","coordinates":[[-72.9172,44.3784],[-72.9163,44.3787]]}},{"type":"Feature","properties":{"osm_id":"way/365231112","name":"Pattys Crossing","highway":"track","sac_scale":null,"source":"OSM, unverified"},"geometry":{"type":"LineString","coordinates":[[-72.3748,44.3239],[-72.3701,44.3246],[-72.3668,44.3257],[-72.364,44.3263]]}},{"type":"Feature","properties":{"osm_id":"way/365231113","name":"Pigeon Pond Road","highway":"track","sac_scale":null,"source":"OSM, unverified"},"geometry":{"type":"LineString","coordinates":[[-72.354,44.2602],[-72.3505,44.2592],[-72.3487,44.2591],[-72.347,44.2594],[-72.3422,44.2588],[-72.3407,44.2585],[-72.339,44.2578],[-72.3327,44.2566],[-72.3307,44.2557]]}},{"type":"Feature","properties":{"osm_id":"way/365612389","name":"Battell Trail","highway":"path","sac_scale":null,"source":"OSM, unverified"},"geometry":{"type":"LineString","coordinates":[[-72.9507,44.115],[-72.9521,44.1161],[-72.953,44.116],[-72.9537,44.1157],[-72.9541,44.1164],[-72.9551,44.1163],[-72.9556,44.1166],[-72.9567,44.1145],[-72.9572,44.1148],[-72.9578,44.114],[-72.9582,44.1139],[-72.9593,44.1145],[-72.9601,44.1136],[-72.961,44.1141],[-72.963,44.1128],[-72.9636,44.1128]]}},{"type":"Feature","properties":{"osm_id":"way/367830924","name":"Owls Head Trail","highway":"path","sac_scale":null,"source":"OSM, unverified"},"geometry":{"type":"LineString","coordinates":[[-72.2903,44.3152],[-72.2904,44.3148],[-72.29,44.3136],[-72.2888,44.3125],[-72.2899,44.3118],[-72.2902,44.3107],[-72.2896,44.3094],[-72.2894,44.3079],[-72.2902,44.3066],[-72.2907,44.3044],[-72.2914,44.3036],[-72.2915,44.3028],[-72.2917,44.3024],[-72.2917,44.3022],[-72.2898,44.301],[-72.2897,44.3006],[-72.2908,44.2999],[-72.2941,44.2992],[-72.2939,44.2979],[-72.2946,44.2977]]}},{"type":"Feature","properties":{"osm_id":"way/367831441","name":"Multi Use connector trail","highway":"path","sac_scale":null,"source":"OSM, unverified"},"geometry":{"type":"LineString","coordinates":[[-72.304,44.3082],[-72.3029,44.3097],[-72.3027,44.3106],[-72.3021,44.3112],[-72.3017,44.3122],[-72.3011,44.3127],[-72.3004,44.3138],[-72.2988,44.315],[-72.2982,44.316],[-72.2975,44.3167],[-72.295,44.3183],[-72.2946,44.3189],[-72.2935,44.3194]]}},{"type":"Feature","properties":{"osm_id":"way/368592975","name":"Doubletrack","highway":"path","sac_scale":null,"source":"OSM, unverified"},"geometry":{"type":"LineString","coordinates":[[-72.7403,44.3273],[-72.7389,44.3281],[-72.7387,44.328],[-72.739,44.3276],[-72.7382,44.3276],[-72.7378,44.3288],[-72.7362,44.329],[-72.7337,44.3302],[-72.7324,44.3296],[-72.7314,44.3284],[-72.7296,44.3284],[-72.729,44.328],[-72.7283,44.3283],[-72.7255,44.3308],[-72.724,44.3307],[-72.7231,44.3301]]}},{"type":"Feature","properties":{"osm_id":"way/368592979","name":"Permission","highway":"path","sac_scale":null,"source":"OSM, unverified"},"geometry":{"type":"LineString","coordinates":[[-72.7238,44.3339],[-72.722,44.3319],[-72.7217,44.332],[-72.7216,44.3329],[-72.7212,44.3326],[-72.7208,44.3317],[-72.7203,44.3329],[-72.7199,44.3318],[-72.7196,44.3327]]}},{"type":"Feature","properties":{"osm_id":"way/368592986","name":"Duct Tape","highway":"path","sac_scale":null,"source":"OSM, unverified"},"geometry":{"type":"LineString","coordinates":[[-72.7238,44.3339],[-72.725,44.3321],[-72.7247,44.3311],[-72.725,44.3309]]}},{"type":"Feature","properties":{"osm_id":"way/368592987","name":"Campfire","highway":"path","sac_scale":null,"source":"OSM, unverified"},"geometry":{"type":"LineString","coordinates":[[-72.7333,44.3299],[-72.7328,44.3309],[-72.7331,44.3314],[-72.7322,44.3315],[-72.7311,44.3323],[-72.7313,44.3329],[-72.7317,44.3333],[-72.7324,44.333],[-72.7326,44.3327],[-72.7328,44.3329],[-72.733,44.3327],[-72.7331,44.3333],[-72.7333,44.3332],[-72.7336,44.3336],[-72.7345,44.3323],[-72.7347,44.3325],[-72.7346,44.3331],[-72.7353,44.3335],[-72.7372,44.3322],[-72.7375,44.3318],[-72.7386,44.3312],[-72.7395,44.3312],[-72.74,44.3308],[-72.7391,44.3304],[-72.7385,44.3306],[-72.7383,44.3309],[-72.7377,44.3306],[-72.7372,44.3309],[-72.7373,44.3304],[-72.7383,44.3298],[-72.7383,44.3295],[-72.7366,44.3292],[-72.7364,44.329]]}},{"type":"Feature","properties":{"osm_id":"way/368878940","name":"The Elbow","highway":"path","sac_scale":null,"source":"OSM, unverified"},"geometry":{"type":"LineString","coordinates":[[-73.0466,44.4495],[-73.0473,44.4498],[-73.0476,44.449],[-73.0481,44.4486],[-73.0495,44.4488]]}},{"type":"Feature","properties":{"osm_id":"way/371998467","name":"Spruce Run","highway":"path","sac_scale":null,"source":"OSM, unverified"},"geometry":{"type":"LineString","coordinates":[[-72.8631,44.4218],[-72.8635,44.4211],[-72.8631,44.4203],[-72.8633,44.4198],[-72.8631,44.4196],[-72.8619,44.4195],[-72.8615,44.4199],[-72.8619,44.4203],[-72.8618,44.4205]]}},{"type":"Feature","properties":{"osm_id":"way/371998468","name":"North Ridge","highway":"path","sac_scale":null,"source":"OSM, unverified"},"geometry":{"type":"LineString","coordinates":[[-72.8602,44.436],[-72.861,44.4341],[-72.8609,44.4336],[-72.8601,44.4323]]}},{"type":"Feature","properties":{"osm_id":"way/371998469","name":"Long Trail","highway":"path","sac_scale":null,"source":"OSM, unverified"},"geometry":{"type":"LineString","coordinates":[[-72.9147,44.3836],[-72.9139,44.384],[-72.9133,44.384],[-72.9127,44.3845],[-72.9116,44.3837],[-72.9109,44.3838],[-72.9111,44.3849],[-72.9108,44.3853],[-72.9108,44.3858]]}},{"type":"Feature","properties":{"osm_id":"way/371998470","name":"Maple Loop","highway":"path","sac_scale":null,"source":"OSM, unverified"},"geometry":{"type":"LineString","coordinates":[[-72.8698,44.4181],[-72.8698,44.4188],[-72.8695,44.419],[-72.8681,44.4192],[-72.8674,44.4199],[-72.866,44.4205],[-72.8653,44.4203],[-72.8648,44.4211],[-72.8642,44.4215],[-72.864,44.422],[-72.8643,44.4229],[-72.8639,44.4236],[-72.8639,44.4244],[-72.8628,44.4262],[-72.8624,44.4261],[-72.8614,44.425],[-72.8606,44.4247],[-72.8599,44.4253],[-72.8594,44.4252],[-72.857,44.4233],[-72.8562,44.4229],[-72.8547,44.4233],[-72.8534,44.4245]]}},{"type":"Feature","properties":{"osm_id":"way/373467091","name":"Multi-use Trail","highway":"path","sac_scale":null,"source":"OSM, unverified"},"geometry":{"type":"LineString","coordinates":[[-72.4721,44.3273],[-72.4738,44.3243],[-72.476,44.3241],[-72.4768,44.3233],[-72.4794,44.3184],[-72.4783,44.3173],[-72.4787,44.3166]]}},{"type":"Feature","properties":{"osm_id":"way/373467094","name":"Side Cut Trail","highway":"path","sac_scale":null,"source":"OSM, unverified"},"geometry":{"type":"LineString","coordinates":[[-72.4792,44.3241],[-72.48,44.3242],[-72.4801,44.3248],[-72.4807,44.3246]]}},{"type":"Feature","properties":{"osm_id":"way/373544804","name":"Chickering Bog Nature Trail","highway":"footway","sac_scale":null,"source":"OSM, unverified"},"geometry":{"type":"LineString","coordinates":[[-72.4719,44.3279],[-72.4716,44.3292],[-72.471,44.33]]}},{"type":"Feature","properties":{"osm_id":"way/373545355","name":"Boardwalk","highway":"footway","sac_scale":null,"source":"OSM, unverified"},"geometry":{"type":"LineString","coordinates":[[-72.4811,44.3249],[-72.4809,44.3247]]}},{"type":"Feature","properties":{"osm_id":"way/373545356","name":"Boardwalk","highway":"footway","sac_scale":null,"source":"OSM, unverified"},"geometry":{"type":"LineString","coordinates":[[-72.4811,44.3249],[-72.4811,44.3249]]}},{"type":"Feature","properties":{"osm_id":"way/377855820","name":"Cross-Country Ski Path","highway":"path","sac_scale":null,"source":"OSM, unverified"},"geometry":{"type":"LineString","coordinates":[[-72.4761,44.186],[-72.4769,44.1837],[-72.4748,44.1824],[-72.4728,44.1804],[-72.4724,44.1804]]}},{"type":"Feature","properties":{"osm_id":"way/396807602","name":"Lung Ta Path","highway":"path","sac_scale":null,"source":"OSM, unverified"},"geometry":{"type":"LineString","coordinates":[[-72.9961,44.3865],[-72.9961,44.3877],[-72.9953,44.3883],[-72.9948,44.3882],[-72.9944,44.3884],[-72.9939,44.3881],[-72.9938,44.3892],[-72.9931,44.3888],[-72.9928,44.39],[-72.9924,44.3898],[-72.9921,44.3892],[-72.9918,44.3903],[-72.9914,44.3903],[-72.9913,44.3893],[-72.9906,44.3888],[-72.9907,44.3896],[-72.9901,44.3897],[-72.9904,44.39],[-72.9896,44.3899],[-72.9888,44.3901],[-72.9889,44.3903],[-72.9898,44.3907],[-72.9897,44.3912],[-72.99,44.3915],[-72.99,44.3918],[-72.9907,44.3921],[-72.9911,44.3927],[-72.9912,44.3937],[-72.9919,44.3938],[-72.9916,44.394],[-72.9919,44.3945],[-72.9917,44.395],[-72.9912,44.395],[-72.9915,44.3952],[-72.991,44.3952],[-72.9909,44.3955]]}},{"type":"Feature","properties":{"osm_id":"way/396807603","name":"Merritt Parkway","highway":"path","sac_scale":null,"source":"OSM, unverified"},"geometry":{"type":"LineString","coordinates":[[-72.9965,44.3979],[-72.9967,44.3976],[-72.9963,44.397],[-72.9958,44.3968],[-72.9957,44.396],[-72.9953,44.3961],[-72.9953,44.3956],[-72.996,44.3951],[-72.9964,44.3951],[-72.9967,44.3957],[-72.9973,44.396],[-72.9978,44.3953],[-72.9974,44.3948],[-72.9965,44.3947],[-72.9951,44.3937],[-72.9938,44.3935],[-72.9932,44.3936],[-72.9932,44.3942],[-72.9929,44.3944],[-72.993,44.3946],[-72.9922,44.3949],[-72.992,44.3959],[-72.9922,44.3963],[-72.9913,44.3966],[-72.9916,44.3968],[-72.9912,44.397],[-72.9913,44.3975]]}},{"type":"Feature","properties":{"osm_id":"way/396807604","name":"Preston Loop","highway":"path","sac_scale":null,"source":"OSM, unverified"},"geometry":{"type":"LineString","coordinates":[[-72.9979,44.3955],[-72.9982,44.3953],[-72.9984,44.3947],[-72.9995,44.3941],[-73.0005,44.3925],[-73.002,44.3917],[-73.0018,44.3911],[-73.0006,44.3908],[-73.0007,44.3906],[-73.0001,44.3903],[-73.0004,44.3901],[-73.0002,44.3885],[-73.0004,44.3882],[-72.9995,44.3885],[-72.9997,44.388],[-72.9983,44.3877],[-72.9976,44.3884],[-72.998,44.3886],[-72.9976,44.3893],[-72.9975,44.3905],[-72.9963,44.3916],[-72.9962,44.392],[-72.9963,44.3924],[-72.9961,44.393],[-72.9967,44.3932],[-72.9965,44.3941],[-72.9968,44.3946]]}},{"type":"Feature","properties":{"osm_id":"way/396807606","name":"Ravine Connector","highway":"path","sac_scale":null,"source":"OSM, unverified"},"geometry":{"type":"LineString","coordinates":[[-72.979,44.3889],[-72.9796,44.3889],[-72.9805,44.3893],[-72.9803,44.3894],[-72.9806,44.3895],[-72.9806,44.3898],[-72.9819,44.39],[-72.9822,44.3906],[-72.9827,44.3908],[-72.9842,44.3904],[-72.9847,44.3894],[-72.9852,44.39],[-72.9851,44.3908],[-72.9861,44.3908],[-72.9853,44.3915],[-72.9851,44.3931]]}},{"type":"Feature","properties":{"osm_id":"way/396807608","name":"Ravine Trail","highway":"path","sac_scale":null,"source":"OSM, unverified"},"geometry":{"type":"LineString","coordinates":[[-72.992,44.3957],[-72.9907,44.3956],[-72.9905,44.3953],[-72.9894,44.3952],[-72.9897,44.3949],[-72.9887,44.3948],[-72.9884,44.3945],[-72.9865,44.3943],[-72.9858,44.3945],[-72.9855,44.3939],[-72.9855,44.3932],[-72.9848,44.3929],[-72.9846,44.3924],[-72.9844,44.3927],[-72.9839,44.3948],[-72.9817,44.3947]]}},{"type":"Feature","properties":{"osm_id":"way/396807609","name":"Adios","highway":"path","sac_scale":null,"source":"OSM, unverified"},"geometry":{"type":"LineString","coordinates":[[-72.9862,44.3788],[-72.9862,44.3779],[-72.9864,44.3773],[-72.9861,44.3767],[-72.9865,44.3767],[-72.9868,44.3763],[-72.9866,44.3755],[-72.9872,44.3737],[-72.9867,44.373],[-72.987,44.3727],[-72.9875,44.373],[-72.9874,44.3723]]}},{"type":"Feature","properties":{"osm_id":"way/396807610","name":"The Answer","highway":"path","sac_scale":null,"source":"OSM, unverified"},"geometry":{"type":"LineString","coordinates":[[-72.9819,44.378],[-72.9816,44.3777],[-72.9818,44.3772],[-72.9824,44.3772],[-72.9824,44.3766],[-72.9829,44.3768],[-72.9824,44.3762],[-72.9827,44.3758],[-72.9831,44.3756],[-72.9839,44.3759],[-72.9841,44.3757],[-72.9846,44.3753],[-72.9838,44.3753],[-72.9841,44.3752],[-72.9839,44.375],[-72.9845,44.3749],[-72.9848,44.3743],[-72.9845,44.3743],[-72.9845,44.374],[-72.9855,44.374],[-72.985,44.3738],[-72.9856,44.3734],[-72.9862,44.3736],[-72.9864,44.3733],[-72.986,44.3731],[-72.9863,44.3728],[-72.9863,44.3725],[-72.9869,44.3723],[-72.987,44.3721],[-72.9874,44.3723]]}},{"type":"Feature","properties":{"osm_id":"way/396808013","name":"IPT","highway":"path","sac_scale":null,"source":"OSM, unverified"},"geometry":{"type":"LineString","coordinates":[[-72.9822,44.3783],[-72.982,44.3791],[-72.9824,44.3794],[-72.9825,44.3807],[-72.9837,44.3826],[-72.9834,44.3839],[-72.9842,44.3848],[-72.9844,44.3859],[-72.9851,44.387],[-72.985,44.3882],[-72.9852,44.3889],[-72.9849,44.3895]]}},{"type":"Feature","properties":{"osm_id":"way/396808014","name":"Disneyland","highway":"path","sac_scale":null,"source":"OSM, unverified"},"geometry":{"type":"LineString","coordinates":[[-72.7314,44.3284],[-72.7316,44.3267],[-72.7319,44.3275],[-72.7318,44.3266],[-72.7329,44.3269],[-72.7339,44.3268],[-72.7338,44.3262],[-72.7342,44.3255]]}},{"type":"Feature","properties":{"osm_id":"way/396808015","name":"Six Flags","highway":"path","sac_scale":null,"source":"OSM, unverified"},"geometry":{"type":"LineString","coordinates":[[-72.7251,44.332],[-72.7263,44.3315],[-72.7264,44.3309],[-72.727,44.3305],[-72.7271,44.3298],[-72.7275,44.3296],[-72.7272,44.3293]]}},{"type":"Feature","properties":{"osm_id":"way/396808609","name":"Joe's","highway":"path","sac_scale":null,"source":"OSM, unverified"},"geometry":{"type":"LineString","coordinates":[[-72.7238,44.3339],[-72.7232,44.3348],[-72.7233,44.3359],[-72.7236,44.3359],[-72.7239,44.3354],[-72.7245,44.3351],[-72.7249,44.3345],[-72.726,44.3342],[-72.7266,44.3342],[-72.7282,44.3324],[-72.7286,44.3323],[-72.7288,44.3326],[-72.7292,44.3324],[-72.7295,44.3321],[-72.7294,44.3314],[-72.7296,44.3311],[-72.7308,44.3312],[-72.7311,44.3323]]}},{"type":"Feature","properties":{"osm_id":"way/396808613","name":"Burning Spear","highway":"path","sac_scale":null,"source":"OSM, unverified"},"geometry":{"type":"LineString","coordinates":[[-72.7196,44.3327],[-72.7193,44.3316],[-72.7196,44.3311],[-72.7201,44.3313],[-72.7203,44.3312],[-72.7208,44.3291],[-72.7207,44.3277],[-72.7212,44.3271],[-72.7215,44.3259],[-72.7215,44.3246],[-72.7218,44.3241],[-72.7222,44.3249],[-72.7222,44.3262],[-72.7227,44.3273]]}},{"type":"Feature","properties":{"osm_id":"way/396808614","name":"Scotch Tape","highway":"path","sac_scale":null,"source":"OSM, unverified"},"geometry":{"type":"LineString","coordinates":[[-72.7231,44.3301],[-72.7229,44.3312],[-72.7233,44.3326],[-72.7233,44.3332]]}},{"type":"Feature","properties":{"osm_id":"way/396808615","name":"Rasta Man","highway":"path","sac_scale":null,"source":"OSM, unverified"},"geometry":{"type":"LineString","coordinates":[[-72.7231,44.3301],[-72.7233,44.3292],[-72.7229,44.3287],[-72.7231,44.3275],[-72.7227,44.3271],[-72.7232,44.3259],[-72.7231,44.3246],[-72.7234,44.3238],[-72.7233,44.3224],[-72.7244,44.3212],[-72.7237,44.3207],[-72.723,44.3207],[-72.7226,44.3201],[-72.7233,44.32],[-72.7244,44.3206],[-72.7246,44.3205],[-72.7244,44.3197],[-72.7251,44.3193],[-72.726,44.3198],[-72.7265,44.3212],[-72.7281,44.3217],[-72.7295,44.3229],[-72.731,44.3236],[-72.7316,44.3243],[-72.7332,44.3248],[-72.7348,44.3258],[-72.7359,44.3282],[-72.7359,44.3291],[-72.7357,44.3292]]}},{"type":"Feature","properties":{"osm_id":"way/396809781","name":"North Branch River Path","highway":"path","sac_scale":null,"source":"OSM, unverified"},"geometry":{"type":"LineString","coordinates":[[-72.5708,44.2815],[-72.5709,44.2824],[-72.5713,44.2831],[-72.5711,44.2835]]}},{"type":"Feature","properties":{"osm_id":"way/396809784","name":"Sparrow Farm Trail","highway":"footway","sac_scale":null,"source":"OSM, unverified"},"geometry":{"type":"LineString","coordinates":[[-72.5708,44.2818],[-72.5688,44.2835],[-72.5681,44.2846],[-72.5672,44.2851],[-72.5668,44.2861]]}},{"type":"Feature","properties":{"osm_id":"way/396809785","name":"Pileated Pass","highway":"footway","sac_scale":null,"source":"OSM, unverified"},"geometry":{"type":"LineString","coordinates":[[-72.5663,44.2858],[-72.5655,44.2856],[-72.5651,44.2848],[-72.5653,44.2832],[-72.5662,44.2828],[-72.5666,44.2803],[-72.5671,44.2799]]}},{"type":"Feature","properties":{"osm_id":"way/396809786","name":"Swallowtail Trail","highway":"footway","sac_scale":null,"source":"OSM, unverified"},"geometry":{"type":"LineString","coordinates":[[-72.5705,44.2774],[-72.5696,44.2779],[-72.5694,44.2777],[-72.5696,44.2773],[-72.5689,44.2769],[-72.5687,44.2781],[-72.5682,44.2788],[-72.5673,44.2794]]}},{"type":"Feature","properties":{"osm_id":"way/396845016","name":"Cady Hill Climb","highway":"path","sac_scale":null,"source":"OSM, unverified"},"geometry":{"type":"LineString","coordinates":[[-72.6949,44.4732],[-72.6952,44.4731],[-72.6933,44.4725],[-72.6936,44.4714],[-72.6939,44.4717],[-72.695,44.4703],[-72.695,44.4706],[-72.6959,44.47],[-72.6972,44.4697],[-72.6973,44.4693],[-72.6969,44.4687],[-72.6977,44.4681]]}},{"type":"Feature","properties":{"osm_id":"way/396845018","name":"Bear's","highway":"path","sac_scale":null,"source":"OSM, unverified"},"geometry":{"type":"LineString","coordinates":[[-72.6976,44.4681],[-72.6971,44.4681],[-72.6966,44.4689],[-72.6966,44.4692],[-72.6954,44.4701],[-72.6955,44.4696],[-72.6964,44.4692],[-72.6953,44.4692],[-72.6947,44.4701],[-72.6946,44.4698],[-72.694,44.4708],[-72.6933,44.4713],[-72.693,44.4719],[-72.6931,44.4726],[-72.6946,44.4732]]}},{"type":"Feature","properties":{"osm_id":"way/396845020","name":"Sap Bucket","highway":"path","sac_scale":null,"source":"OSM, unverified"},"geometry":{"type":"LineString","coordinates":[[-72.6977,44.4681],[-72.6981,44.4672],[-72.6981,44.4668],[-72.6979,44.4667],[-72.6984,44.4651],[-72.6983,44.4644]]}},{"type":"Feature","properties":{"osm_id":"way/396845021","name":"Aryn's Loop","highway":"path","sac_scale":null,"source":"OSM, unverified"},"geometry":{"type":"LineString","coordinates":[[-72.6984,44.4672],[-72.6991,44.4658],[-72.6991,44.4656],[-72.6986,44.4656],[-72.6989,44.4652],[-72.6999,44.4657],[-72.7002,44.4656],[-72.6997,44.4658],[-72.7,44.4662]]}},{"type":"Feature","properties":{"osm_id":"way/396845022","name":"Town Loop","highway":"path","sac_scale":null,"source":"OSM, unverified"},"geometry":{"type":"LineString","coordinates":[[-72.6976,44.4681],[-72.6974,44.4677],[-72.6966,44.4678],[-72.6963,44.4682],[-72.696,44.4681],[-72.6955,44.4685]]}},{"type":"Feature","properties":{"osm_id":"way/396845023","name":"Bridgey","highway":"path","sac_scale":null,"source":"OSM, unverified"},"geometry":{"type":"LineString","coordinates":[[-72.6955,44.4685],[-72.6947,44.4685],[-72.6946,44.4681],[-72.6961,44.4659],[-72.6949,44.4653],[-72.6945,44.4655],[-72.6943,44.4653],[-72.6939,44.4656],[-72.6934,44.465]]}},{"type":"Feature","properties":{"osm_id":"way/396845024","name":"Zog's","highway":"path","sac_scale":null,"source":"OSM, unverified"},"geometry":{"type":"LineString","coordinates":[[-72.6985,44.4643],[-72.6979,44.4643],[-72.697,44.4647],[-72.6963,44.4653],[-72.6944,44.4651],[-72.6939,44.4646]]}},{"type":"Feature","properties":{"osm_id":"way/396845025","name":"Charlie's","highway":"path","sac_scale":null,"source":"OSM, unverified"},"geometry":{"type":"LineString","coordinates":[[-72.6934,44.465],[-72.6921,44.4651],[-72.6909,44.4659],[-72.6907,44.4664],[-72.6911,44.4666],[-72.6897,44.4689],[-72.6888,44.4699]]}},{"type":"Feature","properties":{"osm_id":"way/396845026","name":"Florence","highway":"path","sac_scale":null,"source":"OSM, unverified"},"geometry":{"type":"LineString","coordinates":[[-72.7015,44.4639],[-72.7013,44.4636],[-72.7008,44.4635],[-72.7012,44.4633],[-72.7009,44.4632],[-72.6993,44.4643],[-72.6985,44.4643],[-72.6984,44.4634],[-72.6987,44.4634],[-72.6989,44.4629],[-72.6996,44.4624],[-72.6994,44.4622],[-72.7,44.4621],[-72.6999,44.4616],[-72.6997,44.4614],[-72.7,44.4614],[-72.7,44.4611],[-72.6997,44.4605],[-72.6979,44.4607],[-72.6983,44.4605],[-72.6975,44.4606],[-72.6975,44.4604]]}},{"type":"Feature","properties":{"osm_id":"way/396845027","name":"Charlie's","highway":"path","sac_scale":null,"source":"OSM, unverified"},"geometry":{"type":"LineString","coordinates":[[-72.6934,44.465],[-72.6951,44.4634],[-72.6953,44.4635],[-72.6951,44.4632],[-72.6959,44.4629],[-72.6961,44.4623],[-72.6958,44.462],[-72.696,44.4617],[-72.6975,44.4604]]}},{"type":"Feature","properties":{"osm_id":"way/396845028","name":"Snake","highway":"path","sac_scale":null,"source":"OSM, unverified"},"geometry":{"type":"LineString","coordinates":[[-72.6975,44.4604],[-72.6993,44.4602],[-72.7002,44.4596],[-72.7001,44.4601],[-72.7005,44.4598],[-72.7004,44.4603],[-72.7011,44.4596],[-72.7015,44.4599],[-72.7017,44.4596],[-72.7017,44.4599],[-72.7021,44.4594],[-72.7026,44.4593],[-72.7023,44.4595],[-72.7021,44.46]]}},{"type":"Feature","properties":{"osm_id":"way/396846539","name":"Schween Outer","highway":"path","sac_scale":null,"source":"OSM, unverified"},"geometry":{"type":"LineString","coordinates":[[-72.7056,44.4611],[-72.7068,44.4608],[-72.7066,44.4615],[-72.7061,44.4621],[-72.7058,44.4629],[-72.7057,44.4641],[-72.7055,44.4642],[-72.705,44.4639],[-72.7047,44.4631],[-72.7041,44.4631],[-72.7035,44.4628],[-72.7037,44.4624],[-72.7032,44.461]]}},{"type":"Feature","properties":{"osm_id":"way/396846540","name":"Schween Inner","highway":"path","sac_scale":null,"source":"OSM, unverified"},"geometry":{"type":"LineString","coordinates":[[-72.7033,44.4611],[-72.704,44.4619],[-72.7039,44.4627],[-72.7042,44.4629],[-72.7045,44.4627],[-72.7047,44.462],[-72.7056,44.4614],[-72.7056,44.4611]]}},{"type":"Feature","properties":{"osm_id":"way/396846541","name":"Easy Out","highway":"path","sac_scale":null,"source":"OSM, unverified"},"geometry":{"type":"LineString","coordinates":[[-72.7056,44.4611],[-72.7039,44.4605]]}},{"type":"Feature","properties":{"osm_id":"way/396846545","name":"Schween Haus","highway":"path","sac_scale":null,"source":"OSM, unverified"},"geometry":{"type":"LineString","coordinates":[[-72.7069,44.4595],[-72.707,44.4598],[-72.7076,44.4598],[-72.7085,44.4593],[-72.7078,44.4572]]}},{"type":"Feature","properties":{"osm_id":"way/396846546","name":"Schween Haus","highway":"path","sac_scale":null,"source":"OSM, unverified"},"geometry":{"type":"LineString","coordinates":[[-72.7069,44.4595],[-72.7072,44.459],[-72.7067,44.4582],[-72.7069,44.4578],[-72.7073,44.4577],[-72.7078,44.4572]]}},{"type":"Feature","properties":{"osm_id":"way/396846547","name":"Schween Haus","highway":"path","sac_scale":null,"source":"OSM, unverified"},"geometry":{"type":"LineString","coordinates":[[-72.7077,44.4597],[-72.7069,44.46],[-72.7069,44.4596]]}},{"type":"Feature","properties":{"osm_id":"way/396846770","name":"Access","highway":"path","sac_scale":null,"source":"OSM, unverified"},"geometry":{"type":"LineString","coordinates":[[-72.7049,44.4571],[-72.7063,44.4571]]}},{"type":"Feature","properties":{"osm_id":"way/396847053","name":"Access","highway":"path","sac_scale":null,"source":"OSM, unverified"},"geometry":{"type":"LineString","coordinates":[[-72.6974,44.4595],[-72.6971,44.4599],[-72.6975,44.4604]]}},{"type":"Feature","properties":{"osm_id":"way/397005654","name":"Zog's","highway":"path","sac_scale":null,"source":"OSM, unverified"},"geometry":{"type":"LineString","coordinates":[[-72.7021,44.46],[-72.7021,44.4607],[-72.7012,44.4622],[-72.7001,44.4629],[-72.6995,44.4641],[-72.6985,44.4643]]}},{"type":"Feature","properties":{"osm_id":"way/397005937","name":"Zog's","highway":"path","sac_scale":null,"source":"OSM, unverified"},"geometry":{"type":"LineString","coordinates":[[-72.705,44.4598],[-72.7038,44.4598],[-72.7026,44.4595],[-72.7022,44.4597]]}},{"type":"Feature","properties":{"osm_id":"way/400287057","name":"Lauren's Loop","highway":"path","sac_scale":null,"source":"OSM, unverified"},"geometry":{"type":"LineString","coordinates":[[-72.7348,44.5279],[-72.7322,44.5293],[-72.7303,44.5288],[-72.7299,44.5289],[-72.73,44.529],[-72.7289,44.5295],[-72.7269,44.5291],[-72.7266,44.5295],[-72.726,44.5296],[-72.7256,44.5292],[-72.7255,44.5281],[-72.7257,44.5259],[-72.7244,44.5241],[-72.7239,44.5238]]}},{"type":"Feature","properties":{"osm_id":"way/400287058","name":"Billings Road","highway":"path","sac_scale":null,"source":"OSM, unverified"},"geometry":{"type":"LineString","coordinates":[[-72.7239,44.5238],[-72.7247,44.5229],[-72.7272,44.5223],[-72.7313,44.5241],[-72.7332,44.523]]}},{"type":"Feature","properties":{"osm_id":"way/400287059","name":"Peak A View","highway":"path","sac_scale":null,"source":"OSM, unverified"},"geometry":{"type":"LineString","coordinates":[[-72.7348,44.5279],[-72.7338,44.5267],[-72.7332,44.5269],[-72.7321,44.5267],[-72.7311,44.5269],[-72.7296,44.5258],[-72.7291,44.5259],[-72.729,44.5263],[-72.7294,44.5268],[-72.7295,44.5265],[-72.7301,44.5262]]}},{"type":"Feature","properties":{"osm_id":"way/410920260","name":"Eagle Ledge Road","highway":"track","sac_scale":null,"source":"OSM, unverified"},"geometry":{"type":"LineString","coordinates":[[-72.5245,44.4119],[-72.5234,44.4145],[-72.5233,44.4156],[-72.5225,44.4167],[-72.5212,44.4177],[-72.5206,44.4194],[-72.5183,44.4218],[-72.518,44.4231],[-72.5165,44.4257],[-72.5157,44.4277],[-72.5152,44.4304],[-72.5139,44.4309],[-72.5106,44.4333],[-72.5083,44.4364],[-72.5067,44.4375],[-72.5054,44.4397],[-72.5039,44.4403],[-72.5016,44.4403],[-72.5009,44.4407],[-72.5004,44.4412],[-72.5008,44.4419],[-72.4985,44.4438],[-72.4954,44.4471],[-72.4941,44.4477],[-72.492,44.4483]]}},{"type":"Feature","properties":{"osm_id":"way/412310767","name":"Daniels Farm Road","highway":"track","sac_scale":null,"source":"OSM, unverified"},"geometry":{"type":"LineString","coordinates":[[-72.652,44.3395],[-72.6536,44.3367],[-72.6537,44.3353],[-72.6542,44.3347],[-72.6538,44.3326]]}},{"type":"Feature","properties":{"osm_id":"way/432034943","name":"Hardy Haul","highway":"path","sac_scale":null,"source":"OSM, unverified"},"geometry":{"type":"LineString","coordinates":[[-72.7501,44.4872],[-72.7505,44.4866],[-72.7507,44.487],[-72.7516,44.4866],[-72.7516,44.4869],[-72.7526,44.4867],[-72.7536,44.487],[-72.7545,44.4869],[-72.7553,44.4873],[-72.7557,44.4873]]}},{"type":"Feature","properties":{"osm_id":"way/435182252","name":"Water Tower Sundown Trail","highway":"path","sac_scale":null,"source":"OSM, unverified"},"geometry":{"type":"LineString","coordinates":[[-73.0144,43.9459],[-73.0151,43.9467],[-73.016,43.9474],[-73.017,43.9486],[-73.0168,43.9491],[-73.0171,43.9496],[-73.0166,43.9502],[-73.017,43.951],[-73.0171,43.9532],[-73.0176,43.9535],[-73.0189,43.9533],[-73.0199,43.9535],[-73.0204,43.9541],[-73.0229,43.9551],[-73.0231,43.9558],[-73.0234,43.9562],[-73.025,43.9563],[-73.0259,43.956]]}},{"type":"Feature","properties":{"osm_id":"way/448606062","name":"Lower Switchback","highway":"track","sac_scale":null,"source":"OSM, unverified"},"geometry":{"type":"LineString","coordinates":[[-72.7913,44.5309],[-72.7906,44.5306]]}},{"type":"Feature","properties":{"osm_id":"way/448606063","name":"Crossover","highway":"track","sac_scale":null,"source":"OSM, unverified"},"geometry":{"type":"LineString","coordinates":[[-72.7903,44.5323],[-72.7902,44.5325]]}},{"type":"Feature","properties":{"osm_id":"way/452220192","name":"Hawk Watch","highway":"path","sac_scale":null,"source":"OSM, unverified"},"geometry":{"type":"LineString","coordinates":[[-72.6279,44.1383],[-72.6262,44.1376],[-72.6265,44.1379],[-72.6255,44.1394],[-72.6244,44.1397],[-72.6245,44.1405],[-72.6242,44.1413],[-72.6236,44.1418]]}},{"type":"Feature","properties":{"osm_id":"way/452220193","name":"Paine Mountain Trail","highway":"path","sac_scale":null,"source":"OSM, unverified"},"geometry":{"type":"LineString","coordinates":[[-72.6507,44.1437],[-72.6501,44.144],[-72.6481,44.1433],[-72.6468,44.1433],[-72.6443,44.1428],[-72.6409,44.1417],[-72.6394,44.1416],[-72.6382,44.1411],[-72.637,44.141],[-72.6359,44.1417],[-72.6353,44.1431],[-72.6338,44.1448],[-72.63,44.1469],[-72.6296,44.1475],[-72.6287,44.1476],[-72.6283,44.148],[-72.6285,44.1494],[-72.6272,44.149],[-72.6267,44.1481],[-72.6265,44.1468],[-72.6259,44.1458],[-72.625,44.1471],[-72.6246,44.1472],[-72.6235,44.144],[-72.6235,44.1418],[-72.6225,44.1425],[-72.6209,44.1455],[-72.6196,44.1463],[-72.6191,44.1474],[-72.6193,44.1481]]}},{"type":"Feature","properties":{"osm_id":"way/452220195","name":"Yellow Trail","highway":"path","sac_scale":null,"source":"OSM, unverified"},"geometry":{"type":"LineString","coordinates":[[-72.6529,44.1359],[-72.6514,44.1355],[-72.6524,44.1361],[-72.6521,44.1362],[-72.6524,44.1364],[-72.6515,44.1364],[-72.6513,44.1361],[-72.6509,44.1364],[-72.6507,44.136],[-72.6502,44.136],[-72.6499,44.1364],[-72.6498,44.1373],[-72.6497,44.1371],[-72.6494,44.1374],[-72.6495,44.1368],[-72.649,44.1367],[-72.6491,44.137],[-72.6488,44.1373],[-72.6486,44.137],[-72.6484,44.1375]]}},{"type":"Feature","properties":{"osm_id":"way/452220196","name":"Yellow Trail","highway":"path","sac_scale":null,"source":"OSM, unverified"},"geometry":{"type":"LineString","coordinates":[[-72.6484,44.1375],[-72.6482,44.1389],[-72.6484,44.1393],[-72.6483,44.1396],[-72.6487,44.1394],[-72.6487,44.1414],[-72.649,44.1414],[-72.6489,44.1419],[-72.6497,44.1409],[-72.6496,44.1422],[-72.6505,44.141],[-72.6503,44.1421],[-72.6505,44.1422],[-72.6509,44.1417],[-72.6509,44.1412],[-72.6513,44.1413],[-72.6509,44.1402]]}},{"type":"Feature","properties":{"osm_id":"way/452220197","name":"Red Trail","highway":"path","sac_scale":null,"source":"OSM, unverified"},"geometry":{"type":"LineString","coordinates":[[-72.6484,44.1376],[-72.6471,44.1392],[-72.6465,44.1407],[-72.646,44.1411],[-72.6449,44.1411],[-72.644,44.1407],[-72.6439,44.1404],[-72.6441,44.14],[-72.6439,44.1394]]}},{"type":"Feature","properties":{"osm_id":"way/452220198","name":"Orange Trail","highway":"path","sac_scale":null,"source":"OSM, unverified"},"geometry":{"type":"LineString","coordinates":[[-72.6439,44.1394],[-72.6443,44.1394],[-72.6444,44.139],[-72.6446,44.1395],[-72.6448,44.139],[-72.6451,44.1394],[-72.6454,44.1389],[-72.6453,44.138],[-72.645,44.1376],[-72.6455,44.1374],[-72.6448,44.1368],[-72.6466,44.1373],[-72.6469,44.1378],[-72.6474,44.1373],[-72.6479,44.1374],[-72.6479,44.1376],[-72.6483,44.1374],[-72.6484,44.1375]]}},{"type":"Feature","properties":{"osm_id":"way/452220199","name":"Ridgeline Trail","highway":"path","sac_scale":null,"source":"OSM, unverified"},"geometry":{"type":"LineString","coordinates":[[-72.642,44.1388],[-72.6415,44.1387],[-72.6407,44.1391],[-72.6405,44.1383],[-72.6396,44.1382],[-72.6399,44.1374],[-72.6391,44.1368],[-72.6395,44.1356],[-72.639,44.1351],[-72.639,44.1344],[-72.6386,44.1345],[-72.6382,44.1352],[-72.6378,44.1354],[-72.6375,44.1365],[-72.6368,44.1366],[-72.6354,44.1366],[-72.6346,44.1363],[-72.6336,44.135],[-72.6327,44.1368],[-72.6325,44.1378],[-72.6322,44.1375],[-72.6313,44.1377],[-72.6302,44.1371],[-72.6294,44.1381],[-72.6294,44.1385],[-72.6283,44.1392]]}},{"type":"Feature","properties":{"osm_id":"way/452220205","name":"Clark Route","highway":"path","sac_scale":null,"source":"OSM, unverified"},"geometry":{"type":"LineString","coordinates":[[-72.6258,44.1458],[-72.6263,44.1439],[-72.6276,44.1428],[-72.6285,44.1409],[-72.6282,44.1404],[-72.6283,44.1392],[-72.6278,44.1387],[-72.628,44.1381],[-72.6278,44.1368],[-72.6274,44.1353],[-72.6269,44.1347],[-72.6274,44.1341],[-72.6275,44.1321],[-72.6282,44.1303],[-72.6295,44.1255]]}},{"type":"Feature","properties":{"osm_id":"way/452220207","name":"Unmaintained Hiking Trail","highway":"path","sac_scale":null,"source":"OSM, unverified"},"geometry":{"type":"LineString","coordinates":[[-72.6291,44.132],[-72.6311,44.1304],[-72.6324,44.1299],[-72.6355,44.1331],[-72.6361,44.1333],[-72.6374,44.1328],[-72.6383,44.1334],[-72.6384,44.1342],[-72.6394,44.1343],[-72.6411,44.1334],[-72.643,44.1328],[-72.6439,44.1333],[-72.644,44.1351],[-72.6465,44.1341],[-72.6481,44.1338],[-72.6525,44.1343],[-72.6523,44.1348],[-72.6512,44.1355],[-72.6514,44.1355]]}},{"type":"Feature","properties":{"osm_id":"way/458067578","name":"Billings Road","highway":"path","sac_scale":null,"source":"OSM, unverified"},"geometry":{"type":"LineString","coordinates":[[-72.7233,44.5247],[-72.7226,44.525],[-72.7216,44.525],[-72.7185,44.5257],[-72.7179,44.5257],[-72.7164,44.5248],[-72.7162,44.5251],[-72.7156,44.5247],[-72.7155,44.5251],[-72.715,44.5248],[-72.7148,44.5252],[-72.7143,44.525]]}},{"type":"Feature","properties":{"osm_id":"way/458067579","name":"Maple Run","highway":"path","sac_scale":null,"source":"OSM, unverified"},"geometry":{"type":"LineString","coordinates":[[-72.7143,44.525],[-72.7144,44.5262],[-72.715,44.5278],[-72.716,44.5291],[-72.717,44.53],[-72.7235,44.5341],[-72.724,44.5348],[-72.7239,44.5353]]}},{"type":"Feature","properties":{"osm_id":"way/458067597","name":"Marston Trail","highway":"path","sac_scale":null,"source":"OSM, unverified"},"geometry":{"type":"LineString","coordinates":[[-72.7358,44.5269],[-72.736,44.5277],[-72.7365,44.528],[-72.7372,44.5293],[-72.7382,44.5301],[-72.738,44.5309],[-72.7389,44.5316],[-72.7388,44.5331],[-72.7379,44.5354],[-72.7374,44.5357],[-72.7372,44.5361]]}},{"type":"Feature","properties":{"osm_id":"way/458072753","name":"Haselton Trail","highway":"path","sac_scale":null,"source":"OSM, unverified"},"geometry":{"type":"LineString","coordinates":[[-72.8083,44.5265],[-72.8079,44.5268]]}},{"type":"Feature","properties":{"osm_id":"way/458072754","name":"Haselton Trail","highway":"path","sac_scale":null,"source":"OSM, unverified"},"geometry":{"type":"LineString","coordinates":[[-72.8079,44.5268],[-72.8072,44.5278],[-72.8068,44.529],[-72.8038,44.5307],[-72.8034,44.5311],[-72.8033,44.5316],[-72.8027,44.5322],[-72.8005,44.5323],[-72.7986,44.5316],[-72.7967,44.5313],[-72.7957,44.5313],[-72.793,44.5307],[-72.7912,44.5309]]}},{"type":"Feature","properties":{"osm_id":"way/458072757","name":"Long Trail","highway":"path","sac_scale":null,"source":"OSM, unverified"},"geometry":{"type":"LineString","coordinates":[[-72.8176,44.5151],[-72.8184,44.5155],[-72.8183,44.5157],[-72.8179,44.5157],[-72.8175,44.5164],[-72.8188,44.5187],[-72.8187,44.5195],[-72.8189,44.5204],[-72.8172,44.5219],[-72.8167,44.5226],[-72.8164,44.5252]]}},{"type":"Feature","properties":{"osm_id":"way/458074739","name":"Connector Trail","highway":"path","sac_scale":null,"source":"OSM, unverified"},"geometry":{"type":"LineString","coordinates":[[-72.8156,44.5372],[-72.8143,44.5369]]}},{"type":"Feature","properties":{"osm_id":"way/458074743","name":"Lower Derby Trail","highway":"path","sac_scale":null,"source":"OSM, unverified"},"geometry":{"type":"LineString","coordinates":[[-72.7658,44.5028],[-72.7656,44.5033],[-72.7661,44.5037]]}},{"type":"Feature","properties":{"osm_id":"way/458074744","name":"Kimmer's","highway":"path","sac_scale":null,"source":"OSM, unverified"},"geometry":{"type":"LineString","coordinates":[[-72.7748,44.4937],[-72.7754,44.4948],[-72.7747,44.4947],[-72.7735,44.4961],[-72.7729,44.4962],[-72.7729,44.4964],[-72.7721,44.4963],[-72.772,44.4968],[-72.7715,44.4968],[-72.771,44.4974],[-72.771,44.4978],[-72.7702,44.4984],[-72.77,44.499],[-72.7693,44.4989],[-72.7687,44.4993],[-72.7692,44.5002],[-72.7686,44.5003],[-72.7682,44.5009],[-72.7696,44.5014],[-72.7692,44.5021],[-72.7694,44.5025],[-72.7684,44.5022],[-72.7669,44.5022],[-72.7665,44.5025],[-72.7667,44.503],[-72.7658,44.5028]]}},{"type":"Feature","properties":{"osm_id":"way/458074746","name":"Haulapalooza","highway":"path","sac_scale":null,"source":"OSM, unverified"},"geometry":{"type":"LineString","coordinates":[[-72.7501,44.4872],[-72.7497,44.4872],[-72.75,44.4863],[-72.7499,44.4853]]}},{"type":"Feature","properties":{"osm_id":"way/458074747","name":"Cabin Trail","highway":"path","sac_scale":"hiking","source":"OSM, unverified"},"geometry":{"type":"LineString","coordinates":[[-72.7694,44.4809],[-72.769,44.4803],[-72.7683,44.4803],[-72.7663,44.4812],[-72.7651,44.4814],[-72.7636,44.4812]]}},{"type":"Feature","properties":{"osm_id":"way/458074748","name":"Bobcat Trail","highway":"path","sac_scale":null,"source":"OSM, unverified"},"geometry":{"type":"LineString","coordinates":[[-72.7623,44.4846],[-72.762,44.4848],[-72.7612,44.4843],[-72.7609,44.4848],[-72.7602,44.4845],[-72.7597,44.4854],[-72.7598,44.4866],[-72.7596,44.4879],[-72.76,44.4898]]}},{"type":"Feature","properties":{"osm_id":"way/458074749","name":"Parizo Trails","highway":"path","sac_scale":null,"source":"OSM, unverified"},"geometry":{"type":"LineString","coordinates":[[-72.7597,44.476],[-72.7599,44.4771],[-72.7606,44.4777],[-72.7606,44.479],[-72.7608,44.4798],[-72.7616,44.4808]]}},{"type":"Feature","properties":{"osm_id":"way/458074753","name":"Chris's Run","highway":"path","sac_scale":null,"source":"OSM, unverified"},"geometry":{"type":"LineString","coordinates":[[-72.7686,44.4773],[-72.7698,44.4773],[-72.7721,44.4779],[-72.7743,44.48],[-72.7755,44.4806],[-72.7765,44.4806],[-72.7786,44.4801],[-72.7799,44.4804],[-72.7788,44.4813],[-72.7791,44.4818],[-72.7782,44.4825],[-72.777,44.4826],[-72.7769,44.4834],[-72.7756,44.4845]]}},{"type":"Feature","properties":{"osm_id":"way/458074756","name":"Slayton Pasture Trail","highway":"path","sac_scale":null,"source":"OSM, unverified"},"geometry":{"type":"LineString","coordinates":[[-72.7698,44.4808],[-72.7704,44.4814],[-72.7721,44.4817],[-72.7752,44.4834],[-72.7756,44.4845]]}},{"type":"Feature","properties":{"osm_id":"way/458074759","name":"Growler","highway":"path","sac_scale":null,"source":"OSM, unverified"},"geometry":{"type":"LineString","coordinates":[[-72.7694,44.4809],[-72.7698,44.4808]]}},{"type":"Feature","properties":{"osm_id":"way/458074760","name":"Old County Road","highway":"path","sac_scale":null,"source":"OSM, unverified"},"geometry":{"type":"LineString","coordinates":[[-72.7697,44.4749],[-72.7645,44.4765],[-72.7638,44.4765],[-72.7626,44.4762]]}},{"type":"Feature","properties":{"osm_id":"way/458074762","name":"Yerrick's Yodel","highway":"path","sac_scale":"hiking","source":"OSM, unverified"},"geometry":{"type":"LineString","coordinates":[[-72.7636,44.4812],[-72.7638,44.4807],[-72.7629,44.4792],[-72.7641,44.4781],[-72.7642,44.4778]]}},{"type":"Feature","properties":{"osm_id":"way/458074763","name":"Old County Road","highway":"path","sac_scale":null,"source":"OSM, unverified"},"geometry":{"type":"LineString","coordinates":[[-72.7626,44.4762],[-72.76,44.4757]]}},{"type":"Feature","properties":{"osm_id":"way/458074764","name":"Luce Hill Loop","highway":"path","sac_scale":null,"source":"OSM, unverified"},"geometry":{"type":"LineString","coordinates":[[-72.7495,44.4685],[-72.749,44.4678],[-72.7473,44.4669],[-72.7465,44.4668],[-72.745,44.4672],[-72.7452,44.4669],[-72.7448,44.4672]]}},{"type":"Feature","properties":{"osm_id":"way/458074772","name":"Russel Knoll Track","highway":"path","sac_scale":null,"source":"OSM, unverified"},"geometry":{"type":"LineString","coordinates":[[-72.7612,44.4714],[-72.7591,44.4712],[-72.7592,44.4707],[-72.7564,44.4699],[-72.754,44.4683]]}},{"type":"Feature","properties":{"osm_id":"way/458074775","name":"Parizo Trails","highway":"path","sac_scale":null,"source":"OSM, unverified"},"geometry":{"type":"LineString","coordinates":[[-72.76,44.4757],[-72.7607,44.4754],[-72.7604,44.4746],[-72.7606,44.4737],[-72.7604,44.4729]]}},{"type":"Feature","properties":{"osm_id":"way/458075325","name":"Oslo Trail","highway":"path","sac_scale":null,"source":"OSM, unverified"},"geometry":{"type":"LineString","coordinates":[[-72.7616,44.4808],[-72.7612,44.4809],[-72.7601,44.4805],[-72.759,44.4811],[-72.7578,44.4813],[-72.7566,44.4822],[-72.7563,44.4875]]}},{"type":"Feature","properties":{"osm_id":"way/458076157","name":"Foster's Trail (CLOSED)","highway":"path","sac_scale":null,"source":"OSM, unverified"},"geometry":{"type":"LineString","coordinates":[[-72.7727,44.4191],[-72.7721,44.4201],[-72.7726,44.4212],[-72.7725,44.4214],[-72.7699,44.4209],[-72.7698,44.4211],[-72.7706,44.4218],[-72.7643,44.4217],[-72.7623,44.4227],[-72.7619,44.4235],[-72.7611,44.4233],[-72.7603,44.4224],[-72.7569,44.4212],[-72.7563,44.4214],[-72.757,44.4221],[-72.7556,44.4221]]}},{"type":"Feature","properties":{"osm_id":"way/458230887","name":"Greenway Loop","highway":"path","sac_scale":null,"source":"OSM, unverified"},"geometry":{"type":"LineString","coordinates":[[-72.7422,44.4626],[-72.7424,44.4631],[-72.7422,44.4636],[-72.741,44.4647],[-72.7409,44.4664]]}},{"type":"Feature","properties":{"osm_id":"way/458230890","name":"Chuck's Corkscrew","highway":"path","sac_scale":null,"source":"OSM, unverified"},"geometry":{"type":"LineString","coordinates":[[-72.7395,44.4572],[-72.7403,44.4572],[-72.7403,44.458],[-72.7407,44.4584],[-72.7402,44.4599],[-72.7406,44.4606],[-72.7404,44.4608],[-72.7402,44.4606],[-72.7401,44.4608],[-72.7394,44.4606],[-72.7393,44.4608],[-72.7389,44.4603],[-72.7391,44.4601]]}},{"type":"Feature","properties":{"osm_id":"way/458230892","name":"Ayers Track","highway":"path","sac_scale":null,"source":"OSM, unverified"},"geometry":{"type":"LineString","coordinates":[[-72.7441,44.4572],[-72.744,44.4578],[-72.7435,44.4586],[-72.7423,44.4588],[-72.7415,44.4596]]}},{"type":"Feature","properties":{"osm_id":"way/458230893","name":"Pipeline","highway":"path","sac_scale":null,"source":"OSM, unverified"},"geometry":{"type":"LineString","coordinates":[[-72.7382,44.4699],[-72.7378,44.4684],[-72.7375,44.4679]]}},{"type":"Feature","properties":{"osm_id":"way/458230894","name":"Pipeline","highway":"path","sac_scale":null,"source":"OSM, unverified"},"geometry":{"type":"LineString","coordinates":[[-72.7374,44.4675],[-72.7371,44.4675],[-72.737,44.4677],[-72.7368,44.4673],[-72.7368,44.4666],[-72.7365,44.4667],[-72.7364,44.4664],[-72.7358,44.467],[-72.7358,44.4659],[-72.7355,44.4666],[-72.7353,44.4665],[-72.7352,44.4659],[-72.7355,44.4648],[-72.7348,44.4666],[-72.7342,44.4668],[-72.734,44.4665],[-72.7341,44.4661],[-72.7338,44.4663],[-72.7339,44.466],[-72.7336,44.4661],[-72.7333,44.4667],[-72.7331,44.4663],[-72.7328,44.4667],[-72.7323,44.4667],[-72.7298,44.466],[-72.7285,44.4652]]}},{"type":"Feature","properties":{"osm_id":"way/458230912","name":"Pebbles Beach","highway":"path","sac_scale":null,"source":"OSM, unverified"},"geometry":{"type":"LineString","coordinates":[[-72.7218,44.4651],[-72.7235,44.4642],[-72.7231,44.4632],[-72.7232,44.4623],[-72.7226,44.4617],[-72.7224,44.4622],[-72.7218,44.4618],[-72.7207,44.4618]]}},{"type":"Feature","properties":{"osm_id":"way/458234014","name":"Long Trail","highway":"path","sac_scale":null,"source":"OSM, unverified"},"geometry":{"type":"LineString","coordinates":[[-72.8654,44.4349],[-72.8653,44.4355],[-72.8647,44.436],[-72.8614,44.436],[-72.8608,44.4357],[-72.86,44.4361],[-72.8574,44.4358],[-72.8571,44.4351],[-72.8555,44.4346],[-72.855,44.4341],[-72.8544,44.4341],[-72.8539,44.4345],[-72.8536,44.4344],[-72.8528,44.4356],[-72.8511,44.4357],[-72.8512,44.4362],[-72.8509,44.4363],[-72.8508,44.4367],[-72.8505,44.4369],[-72.8509,44.4372],[-72.8509,44.4378],[-72.85,44.4377],[-72.8502,44.4381],[-72.8502,44.4388],[-72.8496,44.439],[-72.8494,44.4397],[-72.8491,44.4398],[-72.849,44.4401],[-72.8476,44.4405],[-72.8474,44.4408],[-72.8467,44.441],[-72.8457,44.4422],[-72.8448,44.4427],[-72.8436,44.4428]]}},{"type":"Feature","properties":{"osm_id":"way/458234015","name":"Long Trail","highway":"path","sac_scale":null,"source":"OSM, unverified"},"geometry":{"type":"LineString","coordinates":[[-72.8436,44.4428],[-72.842,44.4439],[-72.8397,44.445],[-72.8399,44.4462],[-72.8396,44.4473],[-72.8398,44.4483],[-72.8397,44.4493],[-72.8388,44.4497],[-72.8385,44.4502],[-72.8375,44.4497],[-72.8368,44.4499],[-72.8371,44.4511],[-72.8375,44.4514],[-72.8375,44.4517],[-72.8383,44.4526],[-72.8391,44.4551],[-72.8368,44.4587],[-72.837,44.4599],[-72.8368,44.4604],[-72.8376,44.4616],[-72.8385,44.4623],[-72.8386,44.4636],[-72.8406,44.4647],[-72.8407,44.4654],[-72.8404,44.4655],[-72.8402,44.4673],[-72.8399,44.4678],[-72.8398,44.4684],[-72.8401,44.4686],[-72.8405,44.4686]]}},{"type":"Feature","properties":{"osm_id":"way/458234017","name":"Long Trail","highway":"path","sac_scale":null,"source":"OSM, unverified"},"geometry":{"type":"LineString","coordinates":[[-72.8405,44.4686],[-72.8408,44.4686],[-72.8407,44.4688],[-72.84,44.4691],[-72.8387,44.4704],[-72.839,44.4728],[-72.8393,44.4731],[-72.8387,44.474],[-72.8392,44.4745],[-72.8392,44.475],[-72.8382,44.4766],[-72.8379,44.4782],[-72.8364,44.4784],[-72.8357,44.4791],[-72.8358,44.4808],[-72.8353,44.4816],[-72.8352,44.4829],[-72.8349,44.4832],[-72.8346,44.4829],[-72.8342,44.4831],[-72.8326,44.483],[-72.8323,44.4831],[-72.8324,44.4836],[-72.8321,44.4838],[-72.8315,44.4838],[-72.83,44.4842],[-72.8297,44.4846],[-72.8286,44.4846],[-72.8275,44.485]]}},{"type":"Feature","properties":{"osm_id":"way/458236885","name":"Raven's Wind","highway":"path","sac_scale":null,"source":"OSM, unverified"},"geometry":{"type":"LineString","coordinates":[[-72.8433,44.4429],[-72.8421,44.4429],[-72.8405,44.4425],[-72.839,44.4428]]}},{"type":"Feature","properties":{"osm_id":"way/458236886","name":"Bolton - Trapp Trail","highway":"path","sac_scale":null,"source":"OSM, unverified"},"geometry":{"type":"LineString","coordinates":[[-72.7969,44.468],[-72.7982,44.4675],[-72.8004,44.4653],[-72.8037,44.4636],[-72.805,44.4637],[-72.8091,44.4631],[-72.8114,44.4635],[-72.8138,44.4635],[-72.8162,44.4624],[-72.8197,44.4594],[-72.8215,44.4589],[-72.8231,44.4587],[-72.8232,44.4585],[-72.8224,44.4566],[-72.8249,44.4566],[-72.8241,44.4553],[-72.8249,44.4539],[-72.8245,44.4535],[-72.8231,44.4528],[-72.8218,44.451],[-72.8184,44.4502],[-72.8187,44.4496],[-72.8183,44.4492],[-72.8192,44.4486],[-72.8195,44.4479],[-72.8211,44.4475],[-72.8218,44.4476],[-72.8226,44.447],[-72.8245,44.4472],[-72.8257,44.4462],[-72.8267,44.447],[-72.8274,44.4481],[-72.8282,44.4484],[-72.8285,44.4489],[-72.8328,44.4494],[-72.8331,44.4491],[-72.8357,44.4481],[-72.8365,44.447],[-72.8366,44.4459],[-72.8363,44.4452],[-72.8365,44.4445],[-72.839,44.4428]]}},{"type":"Feature","properties":{"osm_id":"way/458237838","name":"Long Trail","highway":"path","sac_scale":null,"source":"OSM, unverified"},"geometry":{"type":"LineString","coordinates":[[-72.8367,44.4886],[-72.8372,44.4901],[-72.8366,44.4907],[-72.8371,44.4913],[-72.8371,44.4918],[-72.8385,44.4933],[-72.8389,44.4947],[-72.8385,44.4952],[-72.8386,44.4964],[-72.8382,44.4973],[-72.8376,44.4977],[-72.8359,44.4979],[-72.8342,44.4988],[-72.8313,44.4988],[-72.8308,44.4992],[-72.8298,44.4995],[-72.8289,44.5011],[-72.8284,44.5032],[-72.8274,44.5037]]}},{"type":"Feature","properties":{"osm_id":"way/462459078","name":"Fire Breather","highway":"path","sac_scale":null,"source":"OSM, unverified"},"geometry":{"type":"LineString","coordinates":[[-73.0351,44.3169],[-73.0349,44.317],[-73.035,44.3175],[-73.0346,44.3174],[-73.0347,44.3177],[-73.0345,44.3177],[-73.0354,44.3187],[-73.0352,44.319],[-73.0353,44.3195],[-73.0346,44.3194],[-73.0343,44.3197]]}},{"type":"Feature","properties":{"osm_id":"way/462459079","name":"Connector","highway":"path","sac_scale":null,"source":"OSM, unverified"},"geometry":{"type":"LineString","coordinates":[[-73.0322,44.3192],[-73.0313,44.3192]]}},{"type":"Feature","properties":{"osm_id":"way/462459080","name":"Lost Trail","highway":"path","sac_scale":null,"source":"OSM, unverified"},"geometry":{"type":"LineString","coordinates":[[-73.0378,44.3227],[-73.0375,44.3215],[-73.0368,44.3211],[-73.0357,44.3209],[-73.0356,44.3202],[-73.035,44.3202],[-73.0343,44.3197],[-73.034,44.3197],[-73.0331,44.3192],[-73.0323,44.3191],[-73.0321,44.3193],[-73.0326,44.3198]]}},{"type":"Feature","properties":{"osm_id":"way/462459081","name":"Dragon's Tail","highway":"path","sac_scale":null,"source":"OSM, unverified"},"geometry":{"type":"LineString","coordinates":[[-73.043,44.3207],[-73.0425,44.3208],[-73.0424,44.3215],[-73.0411,44.3225],[-73.0408,44.3212],[-73.0404,44.3209],[-73.0401,44.3209],[-73.0396,44.3202],[-73.0389,44.3196],[-73.0378,44.3191],[-73.0375,44.3185],[-73.038,44.3178],[-73.0379,44.3175],[-73.0375,44.3175],[-73.0374,44.3177],[-73.0372,44.3169],[-73.0367,44.3167],[-73.0365,44.3169],[-73.0357,44.3168],[-73.0354,44.317],[-73.0349,44.3167],[-73.0347,44.3169],[-73.0344,44.3167],[-73.0337,44.3168],[-73.0326,44.3165],[-73.0323,44.3167],[-73.032,44.3165],[-73.0313,44.317],[-73.0325,44.3177],[-73.0317,44.3174],[-73.0307,44.3174],[-73.0297,44.317],[-73.0303,44.3174],[-73.0286,44.3171],[-73.0314,44.3193],[-73.0307,44.3197]]}},{"type":"Feature","properties":{"osm_id":"way/462459085","name":"Missing Link","highway":"path","sac_scale":null,"source":"OSM, unverified"},"geometry":{"type":"LineString","coordinates":[[-73.0458,44.3225],[-73.0442,44.3232],[-73.0442,44.3228],[-73.044,44.3227],[-73.0438,44.3229],[-73.044,44.3232],[-73.0425,44.324],[-73.042,44.3241],[-73.0414,44.3238],[-73.0407,44.324]]}},{"type":"Feature","properties":{"osm_id":"way/462459086","name":"Eagle's Trail","highway":"track","sac_scale":null,"source":"OSM, unverified"},"geometry":{"type":"LineString","coordinates":[[-73.0446,44.3296],[-73.0453,44.3286],[-73.0448,44.3275],[-73.0456,44.3257],[-73.0463,44.325],[-73.0453,44.3247],[-73.045,44.3242],[-73.0431,44.3241],[-73.0421,44.3243],[-73.0391,44.3238],[-73.0383,44.3229],[-73.0326,44.3198],[-73.0307,44.3197],[-73.0258,44.3202]]}},{"type":"Feature","properties":{"osm_id":"way/462459087","name":"Back Door","highway":"path","sac_scale":null,"source":"OSM, unverified"},"geometry":{"type":"LineString","coordinates":[[-73.0459,44.3249],[-73.0457,44.324],[-73.0452,44.3237],[-73.046,44.3229],[-73.0455,44.3222],[-73.0455,44.3218],[-73.0458,44.3216],[-73.0454,44.3214],[-73.0457,44.3208],[-73.0455,44.3206],[-73.0451,44.3206],[-73.0449,44.3199],[-73.0445,44.3197],[-73.0431,44.3207],[-73.0425,44.3205],[-73.0435,44.3191],[-73.0429,44.3181],[-73.042,44.3188],[-73.0418,44.3184],[-73.0418,44.318],[-73.0422,44.3178],[-73.0421,44.3157],[-73.0423,44.3149],[-73.0421,44.3148],[-73.0429,44.3132],[-73.0423,44.3122],[-73.0426,44.3119],[-73.0424,44.3116],[-73.0427,44.3113],[-73.042,44.3107],[-73.0435,44.3098],[-73.0438,44.3093]]}},{"type":"Feature","properties":{"osm_id":"way/462591580","name":"Slight Returns","highway":"path","sac_scale":null,"source":"OSM, unverified"},"geometry":{"type":"LineString","coordinates":[[-73.0252,44.2896],[-73.0252,44.2891],[-73.0262,44.2888],[-73.0288,44.2888],[-73.0303,44.2894],[-73.0314,44.2907],[-73.0334,44.2916],[-73.0346,44.2916],[-73.0363,44.2924],[-73.0392,44.293],[-73.0397,44.2932],[-73.0394,44.2933],[-73.0404,44.2938],[-73.0428,44.2938]]}},{"type":"Feature","properties":{"osm_id":"way/462591581","name":"Pinner","highway":"path","sac_scale":null,"source":"OSM, unverified"},"geometry":{"type":"LineString","coordinates":[[-73.0239,44.29],[-73.0257,44.2896],[-73.0265,44.2905],[-73.0261,44.2907],[-73.0262,44.291],[-73.028,44.291],[-73.0303,44.2917],[-73.0308,44.2914],[-73.032,44.2917],[-73.0312,44.2913],[-73.031,44.291],[-73.0313,44.2909],[-73.0335,44.2918],[-73.0354,44.2922],[-73.038,44.2934],[-73.0388,44.2934],[-73.0401,44.2938],[-73.0419,44.2934],[-73.0428,44.2938]]}},{"type":"Feature","properties":{"osm_id":"way/462591582","name":"Underground Railroad","highway":"path","sac_scale":null,"source":"OSM, unverified"},"geometry":{"type":"LineString","coordinates":[[-73.0352,44.2999],[-73.0325,44.2994],[-73.0316,44.2995],[-73.0308,44.2992]]}},{"type":"Feature","properties":{"osm_id":"way/462591583","name":"VAST Trail","highway":"path","sac_scale":null,"source":"OSM, unverified"},"geometry":{"type":"LineString","coordinates":[[-73.0241,44.2881],[-73.0228,44.2887],[-73.0227,44.2893],[-73.0249,44.2904],[-73.0255,44.291],[-73.0257,44.2931],[-73.0262,44.2941],[-73.0263,44.2969],[-73.0262,44.2984],[-73.0265,44.2988],[-73.0268,44.2992],[-73.0293,44.3],[-73.0314,44.3003],[-73.0361,44.2997],[-73.0371,44.2999],[-73.0402,44.3022],[-73.0404,44.3026],[-73.0402,44.3039],[-73.0394,44.305],[-73.04,44.3063],[-73.0399,44.308]]}},{"type":"Feature","properties":{"osm_id":"way/462591585","name":"Henry's Highlands","highway":"path","sac_scale":null,"source":"OSM, unverified"},"geometry":{"type":"LineString","coordinates":[[-73.0397,44.3079],[-73.0398,44.3069],[-73.0394,44.3067],[-73.0384,44.3069],[-73.0381,44.3065],[-73.0384,44.3063],[-73.0381,44.3061],[-73.0383,44.3059],[-73.038,44.3057],[-73.0385,44.3055],[-73.0376,44.3052],[-73.0392,44.3047],[-73.0389,44.3046],[-73.0396,44.3043],[-73.0398,44.3042],[-73.0394,44.3042],[-73.0401,44.3038],[-73.0395,44.3039],[-73.04,44.3037],[-73.0398,44.3035],[-73.0402,44.3028],[-73.0397,44.3034],[-73.0397,44.3031],[-73.0388,44.3032],[-73.0384,44.303],[-73.0385,44.3026],[-73.0387,44.3026],[-73.0391,44.3023],[-73.0386,44.302],[-73.0385,44.3017],[-73.0388,44.3009],[-73.0388,44.3001],[-73.0366,44.2983],[-73.0368,44.2979],[-73.0365,44.2978],[-73.0368,44.2976],[-73.0364,44.2973],[-73.0353,44.2978],[-73.0351,44.2985],[-73.0342,44.2985],[-73.0342,44.2988],[-73.0345,44.299],[-73.034,44.2992],[-73.0347,44.2993],[-73.0354,44.2998]]}},{"type":"Feature","properties":{"osm_id":"way/462591591","name":"Wolf Tree","highway":"path","sac_scale":null,"source":"OSM, unverified"},"geometry":{"type":"LineString","coordinates":[[-73.0332,44.3167],[-73.0337,44.3165],[-73.0328,44.316],[-73.0317,44.3162],[-73.0313,44.3161],[-73.0311,44.3163],[-73.0302,44.3161],[-73.029,44.315],[-73.0284,44.3147],[-73.0276,44.3152],[-73.0268,44.3152],[-73.0265,44.3155],[-73.0265,44.3161],[-73.0269,44.3163],[-73.0266,44.3167]]}},{"type":"Feature","properties":{"osm_id":"way/462591594","name":"Enchanted Forest","highway":"path","sac_scale":null,"source":"OSM, unverified"},"geometry":{"type":"LineString","coordinates":[[-73.0286,44.3171],[-73.0266,44.3167],[-73.0252,44.3166],[-73.0245,44.3163],[-73.0243,44.3157],[-73.0242,44.3167],[-73.0238,44.3165],[-73.0235,44.317],[-73.0238,44.3171],[-73.0241,44.3168],[-73.0244,44.3172],[-73.0244,44.3168],[-73.0247,44.3168],[-73.0249,44.3179],[-73.0243,44.3187],[-73.0235,44.3184],[-73.0239,44.3191],[-73.0247,44.3194],[-73.0247,44.3198],[-73.0253,44.3203]]}},{"type":"Feature","properties":{"osm_id":"way/462591596","name":"Sheep Thrills","highway":"path","sac_scale":null,"source":"OSM, unverified"},"geometry":{"type":"LineString","coordinates":[[-73.0398,44.3239],[-73.0402,44.3248],[-73.04,44.3253],[-73.0391,44.3261],[-73.0397,44.3266],[-73.0385,44.328],[-73.038,44.3293],[-73.0372,44.3302],[-73.0369,44.3303],[-73.0363,44.3315],[-73.0366,44.332],[-73.0348,44.3333],[-73.0347,44.3343],[-73.0339,44.3351]]}},{"type":"Feature","properties":{"osm_id":"way/462591597","name":"JCT","highway":"path","sac_scale":null,"source":"OSM, unverified"},"geometry":{"type":"LineString","coordinates":[[-73.0302,44.3247],[-73.0297,44.3245]]}},{"type":"Feature","properties":{"osm_id":"way/462591599","name":"Passing the Horizon","highway":"path","sac_scale":null,"source":"OSM, unverified"},"geometry":{"type":"LineString","coordinates":[[-73.0391,44.3238],[-73.038,44.3247],[-73.0385,44.3248],[-73.0393,44.3244],[-73.0393,44.3246],[-73.0385,44.3249],[-73.0384,44.3252],[-73.038,44.3251],[-73.0377,44.3255],[-73.0365,44.3256],[-73.0368,44.326],[-73.0365,44.3263],[-73.036,44.3263],[-73.0363,44.3256],[-73.036,44.3255],[-73.0358,44.3258],[-73.0348,44.3263],[-73.0343,44.327],[-73.0339,44.3258],[-73.0334,44.3259],[-73.0327,44.325],[-73.0319,44.3248],[-73.0305,44.325],[-73.0302,44.3247],[-73.0299,44.326],[-73.03,44.3267],[-73.0292,44.3284],[-73.0293,44.3288],[-73.0298,44.3287],[-73.0304,44.3293],[-73.0292,44.329],[-73.0291,44.3286],[-73.0285,44.3289],[-73.0284,44.3292],[-73.028,44.3293],[-73.0279,44.3296],[-73.0281,44.3294],[-73.0283,44.3297],[-73.0284,44.3294],[-73.0284,44.3297],[-73.0288,44.3301],[-73.031,44.3304],[-73.0318,44.3308],[-73.0313,44.3314],[-73.0321,44.3317],[-73.0322,44.3323]]}},{"type":"Feature","properties":{"osm_id":"way/462591609","name":"International","highway":"path","sac_scale":null,"source":"OSM, unverified"},"geometry":{"type":"LineString","coordinates":[[-73.0339,44.3356],[-73.0339,44.3351],[-73.0334,44.3348],[-73.0335,44.3347],[-73.0333,44.334],[-73.0322,44.3338],[-73.0317,44.3333],[-73.0324,44.3321],[-73.0335,44.3319],[-73.0347,44.331],[-73.0371,44.3309],[-73.0384,44.3294],[-73.0395,44.3284],[-73.0411,44.3277],[-73.042,44.3267],[-73.0444,44.3265],[-73.0451,44.3271]]}},{"type":"Feature","properties":{"osm_id":"way/462591617","name":"Maiden","highway":"path","sac_scale":null,"source":"OSM, unverified"},"geometry":{"type":"LineString","coordinates":[[-73.045,44.3291],[-73.0442,44.3294],[-73.0434,44.3292],[-73.0418,44.3304],[-73.0417,44.3301],[-73.0413,44.3301],[-73.0409,44.3304],[-73.0412,44.3309],[-73.0391,44.3315],[-73.038,44.3323],[-73.0367,44.3325],[-73.0375,44.3328],[-73.0363,44.3331],[-73.0356,44.3328],[-73.0351,44.3334],[-73.0345,44.3336],[-73.0345,44.3338],[-73.0347,44.334],[-73.0344,44.3342],[-73.0351,44.3345],[-73.0335,44.3347]]}},{"type":"Feature","properties":{"osm_id":"way/464787633","name":"Partridge Trail","highway":"track","sac_scale":null,"source":"OSM, unverified"},"geometry":{"type":"LineString","coordinates":[[-73.0864,43.9717],[-73.0867,43.9718],[-73.0869,43.9728],[-73.0865,43.9745],[-73.0853,43.9762],[-73.0851,43.9768],[-73.0852,43.9791],[-73.0837,43.9806],[-73.0819,43.9839],[-73.0816,43.9853],[-73.082,43.9859],[-73.0821,43.9871],[-73.0815,43.9882],[-73.0806,43.9891],[-73.0807,43.9895],[-73.0801,43.9902],[-73.0799,43.994],[-73.0795,43.9947],[-73.0795,43.9954],[-73.0791,43.9962],[-73.0778,43.9966]]}},{"type":"Feature","properties":{"osm_id":"way/464808584","name":"Town Highway 11","highway":"track","sac_scale":null,"source":"OSM, unverified"},"geometry":{"type":"LineString","coordinates":[[-72.8709,43.9937],[-72.8703,43.9946],[-72.8713,43.995]]}},{"type":"Feature","properties":{"osm_id":"way/466715258","name":"Duclos Road","highway":"track","sac_scale":null,"source":"OSM, unverified"},"geometry":{"type":"LineString","coordinates":[[-73.0329,44.048],[-73.0325,44.0484],[-73.0319,44.05],[-73.0314,44.0503],[-73.0297,44.0503],[-73.0293,44.0501],[-73.0286,44.049],[-73.0278,44.0487],[-73.0272,44.0483],[-73.0265,44.0468],[-73.0262,44.0465],[-73.0248,44.0461],[-73.022,44.0465],[-73.0216,44.0469],[-73.0214,44.0487],[-73.0216,44.0515],[-73.0221,44.0525]]}},{"type":"Feature","properties":{"osm_id":"way/469499249","name":"Sunset Trail","highway":"footway","sac_scale":null,"source":"OSM, unverified"},"geometry":{"type":"LineString","coordinates":[[-72.6818,44.465],[-72.6814,44.4645],[-72.6809,44.4643],[-72.6804,44.4648],[-72.6808,44.4649],[-72.6807,44.4652],[-72.6799,44.4654],[-72.679,44.466],[-72.6773,44.4654]]}},{"type":"Feature","properties":{"osm_id":"way/469515606","name":"Stowe Quiet Path","highway":"footway","sac_scale":null,"source":"OSM, unverified"},"geometry":{"type":"LineString","coordinates":[[-72.6849,44.4702],[-72.6832,44.4711],[-72.6838,44.472],[-72.6836,44.4728],[-72.6847,44.474],[-72.685,44.475],[-72.6855,44.4753],[-72.6849,44.4757],[-72.6852,44.4767]]}},{"type":"Feature","properties":{"osm_id":"way/474670123","name":"Goshen Brook Trail","highway":"path","sac_scale":null,"source":"OSM, unverified"},"geometry":{"type":"LineString","coordinates":[[-73.0363,43.9456],[-73.0364,43.9463],[-73.0358,43.9466],[-73.0341,43.9483],[-73.0334,43.9487],[-73.0326,43.9501]]}},{"type":"Feature","properties":{"osm_id":"way/483217761","name":"Long Trail","highway":"path","sac_scale":null,"source":"OSM, unverified"},"geometry":{"type":"LineString","coordinates":[[-72.8842,44.4209],[-72.8843,44.4231],[-72.884,44.4239],[-72.8843,44.4249],[-72.884,44.4251],[-72.8841,44.4258],[-72.8837,44.4276],[-72.884,44.429],[-72.8838,44.4299],[-72.8828,44.4301],[-72.883,44.4305],[-72.8807,44.4307],[-72.8796,44.4312],[-72.8792,44.4309],[-72.8785,44.4311],[-72.8783,44.4308],[-72.877,44.431],[-72.8756,44.4309],[-72.8748,44.4314],[-72.8743,44.4312],[-72.8738,44.4317],[-72.8735,44.4324],[-72.8725,44.4329],[-72.8717,44.4337],[-72.8713,44.4345],[-72.8708,44.4345],[-72.8699,44.4338],[-72.8694,44.4347],[-72.8674,44.4355],[-72.8654,44.4349]]}},{"type":"Feature","properties":{"osm_id":"way/483638941","name":"Access Road","highway":"track","sac_scale":null,"source":"OSM, unverified"},"geometry":{"type":"LineString","coordinates":[[-72.9466,44.5165],[-72.9466,44.5163]]}},{"type":"Feature","properties":{"osm_id":"way/484277068","name":"Long Trail","highway":"path","sac_scale":null,"source":"OSM, unverified"},"geometry":{"type":"LineString","coordinates":[[-72.9108,44.3858],[-72.9107,44.3867],[-72.9103,44.3872],[-72.9099,44.3872],[-72.9082,44.3894],[-72.9077,44.3894],[-72.9073,44.3889],[-72.9067,44.3887],[-72.9049,44.3888],[-72.9042,44.3886],[-72.9036,44.3887],[-72.9029,44.3897],[-72.9028,44.3893],[-72.9016,44.3893],[-72.8991,44.3907],[-72.8968,44.3908],[-72.897,44.3914],[-72.8964,44.3914],[-72.8964,44.3918],[-72.8961,44.3917],[-72.8961,44.3923],[-72.895,44.392],[-72.8943,44.3925],[-72.8935,44.3924],[-72.893,44.3931],[-72.8929,44.3938],[-72.8923,44.3948],[-72.8914,44.3953],[-72.8909,44.3953],[-72.8905,44.3957],[-72.8904,44.3962],[-72.8911,44.3985],[-72.8917,44.4],[-72.8922,44.4004],[-72.8926,44.4013],[-72.8921,44.402],[-72.892,44.4036],[-72.8916,44.4043],[-72.8916,44.4053],[-72.8913,44.4061],[-72.8916,44.4077],[-72.8915,44.4085],[-72.8911,44.4094],[-72.8909,44.4108],[-72.8902,44.4116],[-72.8902,44.4128],[-72.8892,44.4124],[-72.8882,44.4127],[-72.8881,44.4132],[-72.8875,44.4136],[-72.8871,44.4148],[-72.8852,44.4154],[-72.884,44.4163],[-72.8842,44.4178],[-72.8839,44.4193],[-72.8842,44.4209]]}},{"type":"Feature","properties":{"osm_id":"way/484284588","name":"Long Trail","highway":"path","sac_scale":null,"source":"OSM, unverified"},"geometry":{"type":"LineString","coordinates":[[-72.9119,44.3793],[-72.9169,44.3804]]}},{"type":"Feature","properties":{"osm_id":"way/484286509","name":"Long Trail","highway":"path","sac_scale":null,"source":"OSM, unverified"},"geometry":{"type":"LineString","coordinates":[[-72.8957,44.3719],[-72.8974,44.373],[-72.9022,44.3753],[-72.9042,44.3753],[-72.9049,44.3748],[-72.905,44.3745],[-72.906,44.3745],[-72.9056,44.3754],[-72.9064,44.3763],[-72.9065,44.3768],[-72.9107,44.3773],[-72.9121,44.3761]]}},{"type":"Feature","properties":{"osm_id":"way/484290442","name":"Clara Bow Trail","highway":"path","sac_scale":null,"source":"OSM, unverified"},"geometry":{"type":"LineString","coordinates":[[-72.8266,44.485],[-72.827,44.4851],[-72.8288,44.487]]}},{"type":"Feature","properties":{"osm_id":"way/484296453","name":"Eagles Cut Trail","highway":"path","sac_scale":null,"source":"OSM, unverified"},"geometry":{"type":"LineString","coordinates":[[-72.8419,44.5296],[-72.8393,44.5297],[-72.8356,44.531]]}},{"type":"Feature","properties":{"osm_id":"way/484297467","name":"CCC Road","highway":"track","sac_scale":null,"source":"OSM, unverified"},"geometry":{"type":"LineString","coordinates":[[-72.8329,44.5215],[-72.8336,44.5213]]}},{"type":"Feature","properties":{"osm_id":"way/484297468","name":"Maple Ridge Trail","highway":"path","sac_scale":null,"source":"OSM, unverified"},"geometry":{"type":"LineString","coordinates":[[-72.8336,44.5213],[-72.8343,44.5206],[-72.8343,44.5204],[-72.8325,44.5194],[-72.8325,44.5187],[-72.8321,44.5186]]}},{"type":"Feature","properties":{"osm_id":"way/484298984","name":"Amherst Trail","highway":"path","sac_scale":null,"source":"OSM, unverified"},"geometry":{"type":"LineString","coordinates":[[-72.8152,44.5287],[-72.8153,44.5296],[-72.8159,44.5305],[-72.8158,44.5308],[-72.8162,44.5329],[-72.8171,44.5336]]}},{"type":"Feature","properties":{"osm_id":"way/484418748","name":"Long Trail","highway":"path","sac_scale":null,"source":"OSM, unverified"},"geometry":{"type":"LineString","coordinates":[[-72.8264,44.5044],[-72.8252,44.5058],[-72.825,44.5074],[-72.8238,44.5077],[-72.8228,44.5085],[-72.822,44.5095],[-72.8216,44.5112],[-72.8208,44.5116],[-72.8205,44.5122],[-72.8196,44.5126],[-72.8196,44.5137],[-72.8184,44.5144],[-72.8183,44.5151],[-72.8176,44.5151]]}},{"type":"Feature","properties":{"osm_id":"way/484418753","name":"Long Trail","highway":"path","sac_scale":null,"source":"OSM, unverified"},"geometry":{"type":"LineString","coordinates":[[-72.8274,44.5037],[-72.8269,44.5038],[-72.8264,44.5044]]}},{"type":"Feature","properties":{"osm_id":"way/484424909","name":"Sandman's","highway":"track","sac_scale":null,"source":"OSM, unverified"},"geometry":{"type":"LineString","coordinates":[[-73.0477,44.4527],[-73.0488,44.4529],[-73.05,44.4523],[-73.0525,44.4539],[-73.0525,44.4546],[-73.0517,44.4551],[-73.0515,44.4561],[-73.0508,44.4565],[-73.0498,44.4564],[-73.0484,44.4582],[-73.0477,44.4583],[-73.0472,44.4579],[-73.047,44.4576],[-73.0472,44.4573],[-73.0479,44.4571],[-73.0498,44.4557],[-73.0502,44.4557],[-73.0504,44.4553],[-73.05,44.4551],[-73.0503,44.4546],[-73.0508,44.4545],[-73.0495,44.4545],[-73.0476,44.456],[-73.0459,44.4559],[-73.0458,44.4554],[-73.0473,44.4547],[-73.0466,44.4542],[-73.0464,44.4535],[-73.0466,44.4532]]}},{"type":"Feature","properties":{"osm_id":"way/484427698","name":"Fred and Ethel","highway":"path","sac_scale":null,"source":"OSM, unverified"},"geometry":{"type":"LineString","coordinates":[[-73.045,44.4497],[-73.0453,44.4502],[-73.0453,44.4511],[-73.0444,44.4522]]}},{"type":"Feature","properties":{"osm_id":"way/484859540","name":"Tatooine","highway":"path","sac_scale":null,"source":"OSM, unverified"},"geometry":{"type":"LineString","coordinates":[[-73.0341,44.3538],[-73.0345,44.3541],[-73.0347,44.354],[-73.0348,44.3528],[-73.0346,44.3522],[-73.0343,44.352],[-73.0344,44.351],[-73.0348,44.3501],[-73.036,44.3494],[-73.0357,44.3494],[-73.036,44.3491],[-73.0351,44.3489],[-73.0342,44.3493],[-73.0338,44.3486],[-73.0334,44.3485],[-73.0332,44.3491],[-73.0335,44.3498],[-73.0328,44.3501],[-73.0321,44.3498],[-73.032,44.3508]]}},{"type":"Feature","properties":{"osm_id":"way/484859542","name":"Storm Trooper","highway":"path","sac_scale":null,"source":"OSM, unverified"},"geometry":{"type":"LineString","coordinates":[[-73.0314,44.355],[-73.0313,44.3553],[-73.0316,44.3563],[-73.0326,44.3558],[-73.0336,44.3568],[-73.0339,44.3566],[-73.0341,44.3567],[-73.0352,44.3565],[-73.0343,44.3554]]}},{"type":"Feature","properties":{"osm_id":"way/484859545","name":"Han Solo","highway":"path","sac_scale":null,"source":"OSM, unverified"},"geometry":{"type":"LineString","coordinates":[[-73.0352,44.3565],[-73.0359,44.3565],[-73.0369,44.3557],[-73.0367,44.3552],[-73.0369,44.3536],[-73.0368,44.3527],[-73.036,44.3494]]}},{"type":"Feature","properties":{"osm_id":"way/484859547","name":"Han Solo West","highway":"path","sac_scale":null,"source":"OSM, unverified"},"geometry":{"type":"LineString","coordinates":[[-73.0368,44.3539],[-73.0373,44.3542],[-73.0379,44.3534],[-73.0375,44.3524],[-73.0375,44.3517],[-73.0366,44.35],[-73.0362,44.3497]]}},{"type":"Feature","properties":{"osm_id":"way/484859550","name":"Skywalker","highway":"path","sac_scale":null,"source":"OSM, unverified"},"geometry":{"type":"LineString","coordinates":[[-73.0304,44.3515],[-73.0296,44.3511],[-73.0283,44.3497],[-73.0286,44.3493],[-73.0293,44.3492],[-73.0297,44.3481],[-73.0292,44.3479],[-73.0288,44.3472],[-73.0278,44.3469],[-73.0279,44.3465],[-73.0271,44.3461],[-73.0261,44.3448],[-73.0259,44.3432],[-73.0255,44.3429]]}},{"type":"Feature","properties":{"osm_id":"way/484859552","name":"Light Saber","highway":"path","sac_scale":null,"source":"OSM, unverified"},"geometry":{"type":"LineString","coordinates":[[-73.0322,44.3497],[-73.0318,44.3498],[-73.0313,44.3503],[-73.0309,44.3492],[-73.0304,44.3494],[-73.0306,44.3488],[-73.0301,44.3489],[-73.0297,44.3484]]}},{"type":"Feature","properties":{"osm_id":"way/484859555","name":"X-Wing","highway":"path","sac_scale":null,"source":"OSM, unverified"},"geometry":{"type":"LineString","coordinates":[[-73.0283,44.3497],[-73.0261,44.3494],[-73.027,44.3492],[-73.0264,44.349],[-73.0272,44.3489],[-73.0266,44.3488],[-73.0265,44.3482],[-73.0276,44.3478],[-73.0271,44.3474],[-73.0276,44.3469],[-73.0275,44.3466],[-73.0265,44.3465]]}},{"type":"Feature","properties":{"osm_id":"way/484859558","name":"Princess Leia","highway":"path","sac_scale":null,"source":"OSM, unverified"},"geometry":{"type":"LineString","coordinates":[[-73.0265,44.3465],[-73.0249,44.3467],[-73.0244,44.3465],[-73.0248,44.3457],[-73.0246,44.3448]]}},{"type":"Feature","properties":{"osm_id":"way/484859560","name":"Darth Vader","highway":"path","sac_scale":null,"source":"OSM, unverified"},"geometry":{"type":"LineString","coordinates":[[-73.0195,44.3492],[-73.019,44.3494],[-73.0203,44.3497],[-73.0262,44.3495]]}},{"type":"Feature","properties":{"osm_id":"way/484859563","name":"Balance Beam","highway":"path","sac_scale":null,"source":"OSM, unverified"},"geometry":{"type":"LineString","coordinates":[[-73.0238,44.3447],[-73.0249,44.3432],[-73.0255,44.3429]]}},{"type":"Feature","properties":{"osm_id":"way/484859564","name":"Yoda","highway":"path","sac_scale":null,"source":"OSM, unverified"},"geometry":{"type":"LineString","coordinates":[[-73.0289,44.3472],[-73.0292,44.3464],[-73.0282,44.3456],[-73.029,44.3456],[-73.029,44.345],[-73.0285,44.3446],[-73.0285,44.3441],[-73.0277,44.3421],[-73.0264,44.3401],[-73.0263,44.3404],[-73.0267,44.3409],[-73.0271,44.3421],[-73.0258,44.3416],[-73.0259,44.3418],[-73.0255,44.3419],[-73.0259,44.3421],[-73.0254,44.3425],[-73.0255,44.3429]]}},{"type":"Feature","properties":{"osm_id":"way/484859568","name":"Texas Hill Trail","highway":"path","sac_scale":null,"source":"OSM, unverified"},"geometry":{"type":"LineString","coordinates":[[-73.028,44.3431],[-73.0282,44.3424],[-73.0277,44.3415],[-73.0279,44.3411],[-73.0277,44.3407],[-73.028,44.3406],[-73.0277,44.3403],[-73.0283,44.3403],[-73.0283,44.34],[-73.0287,44.3402],[-73.0287,44.3399],[-73.0296,44.3407],[-73.0289,44.3393],[-73.0297,44.3388]]}},{"type":"Feature","properties":{"osm_id":"way/484859571","name":"Wookie","highway":"path","sac_scale":null,"source":"OSM, unverified"},"geometry":{"type":"LineString","coordinates":[[-73.0265,44.3465],[-73.0253,44.345],[-73.0246,44.3448]]}},{"type":"Feature","properties":{"osm_id":"way/484860569","name":"Upper Saddle Trail","highway":"path","sac_scale":null,"source":"OSM, unverified"},"geometry":{"type":"LineString","coordinates":[[-73.0308,44.351],[-73.0289,44.3494],[-73.0279,44.3489],[-73.0259,44.3484],[-73.0252,44.3484],[-73.0247,44.3487],[-73.0237,44.3487],[-73.022,44.3491],[-73.0195,44.3492]]}},{"type":"Feature","properties":{"osm_id":"way/484860570","name":"Trois Montagnes","highway":"path","sac_scale":null,"source":"OSM, unverified"},"geometry":{"type":"LineString","coordinates":[[-73.0235,44.3487],[-73.0209,44.348],[-73.0198,44.3468],[-73.0201,44.3462],[-73.0211,44.3456],[-73.0225,44.346],[-73.0229,44.3456],[-73.0244,44.3457]]}},{"type":"Feature","properties":{"osm_id":"way/484861845","name":"Upper Saddle Trail","highway":"path","sac_scale":null,"source":"OSM, unverified"},"geometry":{"type":"LineString","coordinates":[[-73.0164,44.3497],[-73.0158,44.3489],[-73.0163,44.347],[-73.0161,44.3457],[-73.0164,44.3455]]}},{"type":"Feature","properties":{"osm_id":"way/485160924","name":"Honey Hollow Trail","highway":"track","sac_scale":null,"source":"OSM, unverified"},"geometry":{"type":"LineString","coordinates":[[-72.912,44.3539],[-72.9116,44.3539],[-72.9103,44.3544],[-72.9095,44.3543],[-72.91,44.3518],[-72.9068,44.3486],[-72.9077,44.3479],[-72.91,44.348],[-72.9138,44.3457],[-72.9176,44.3464]]}},{"type":"Feature","properties":{"osm_id":"way/485160925","name":"Honey Hollow Trail","highway":"track","sac_scale":null,"source":"OSM, unverified"},"geometry":{"type":"LineString","coordinates":[[-72.9176,44.3464],[-72.9186,44.3458],[-72.919,44.3451],[-72.9191,44.3413],[-72.9189,44.3406],[-72.9182,44.34],[-72.9178,44.3392],[-72.9174,44.3372]]}},{"type":"Feature","properties":{"osm_id":"way/485163999","name":"Stagecoach Road","highway":"track","sac_scale":null,"source":"OSM, unverified"},"geometry":{"type":"LineString","coordinates":[[-72.9414,44.3252],[-72.9378,44.3262]]}},{"type":"Feature","properties":{"osm_id":"way/485164001","name":"Big Baldy","highway":"path","sac_scale":null,"source":"OSM, unverified"},"geometry":{"type":"LineString","coordinates":[[-72.9378,44.3262],[-72.9373,44.3257]]}},{"type":"Feature","properties":{"osm_id":"way/485164002","name":"Cobble Hill","highway":"path","sac_scale":null,"source":"OSM, unverified"},"geometry":{"type":"LineString","coordinates":[[-72.9381,44.3227],[-72.9386,44.3223],[-72.9388,44.3216],[-72.9397,44.3203],[-72.9397,44.3197],[-72.9399,44.3194],[-72.939,44.3186],[-72.9391,44.3183],[-72.9393,44.3181],[-72.9404,44.3182]]}},{"type":"Feature","properties":{"osm_id":"way/485164009","name":"Bear Seat Draw","highway":"path","sac_scale":null,"source":"OSM, unverified"},"geometry":{"type":"LineString","coordinates":[[-72.942,44.3209],[-72.9423,44.3216],[-72.9419,44.3225],[-72.9417,44.3213],[-72.9413,44.321],[-72.9411,44.3211],[-72.9416,44.3234],[-72.9376,44.3253]]}},{"type":"Feature","properties":{"osm_id":"way/485164015","name":"Skunk Brook","highway":"path","sac_scale":null,"source":"OSM, unverified"},"geometry":{"type":"LineString","coordinates":[[-72.9371,44.3157],[-72.9373,44.3162],[-72.9381,44.3163],[-72.9396,44.3168],[-72.9404,44.3182]]}},{"type":"Feature","properties":{"osm_id":"way/485164021","name":"Dead River Run","highway":"path","sac_scale":null,"source":"OSM, unverified"},"geometry":{"type":"LineString","coordinates":[[-72.9341,44.3238],[-72.9347,44.3231],[-72.9348,44.3222],[-72.9355,44.3215],[-72.9352,44.3205],[-72.9345,44.3199],[-72.9346,44.3196],[-72.9344,44.3185],[-72.9347,44.3166],[-72.9356,44.3162],[-72.9362,44.3163],[-72.9371,44.3157]]}},{"type":"Feature","properties":{"osm_id":"way/485164030","name":"Big Baldy","highway":"path","sac_scale":null,"source":"OSM, unverified"},"geometry":{"type":"LineString","coordinates":[[-72.936,44.325],[-72.9352,44.3241],[-72.9341,44.3238]]}},{"type":"Feature","properties":{"osm_id":"way/485164035","name":"Big Baldy","highway":"path","sac_scale":null,"source":"OSM, unverified"},"geometry":{"type":"LineString","coordinates":[[-72.9373,44.3257],[-72.936,44.325]]}},{"type":"Feature","properties":{"osm_id":"way/485164040","name":"Bear Seat Draw","highway":"path","sac_scale":null,"source":"OSM, unverified"},"geometry":{"type":"LineString","coordinates":[[-72.9376,44.3253],[-72.9373,44.3257]]}},{"type":"Feature","properties":{"osm_id":"way/485164044","name":"Skunk Brook","highway":"path","sac_scale":null,"source":"OSM, unverified"},"geometry":{"type":"LineString","coordinates":[[-72.9404,44.3182],[-72.9412,44.3192],[-72.9416,44.3207],[-72.942,44.3209]]}},{"type":"Feature","properties":{"osm_id":"way/494697709","name":"Luce Trail","highway":"path","sac_scale":null,"source":"OSM, unverified"},"geometry":{"type":"LineString","coordinates":[[-72.7444,44.4667],[-72.7432,44.4677],[-72.743,44.4684]]}},{"type":"Feature","properties":{"osm_id":"way/504282026","name":"Zog's Spur","highway":"path","sac_scale":null,"source":"OSM, unverified"},"geometry":{"type":"LineString","coordinates":[[-72.7021,44.46],[-72.7024,44.4598],[-72.7029,44.4598],[-72.7033,44.4604],[-72.7037,44.4606]]}},{"type":"Feature","properties":{"osm_id":"way/504284517","name":"Bridgey","highway":"path","sac_scale":null,"source":"OSM, unverified"},"geometry":{"type":"LineString","coordinates":[[-72.6955,44.4685],[-72.6957,44.4679],[-72.6965,44.4669],[-72.6976,44.4667],[-72.6976,44.4672],[-72.6981,44.4671]]}},{"type":"Feature","properties":{"osm_id":"way/504290227","name":"Stowe Derby Trail","highway":"path","sac_scale":null,"source":"OSM, unverified"},"geometry":{"type":"LineString","coordinates":[[-72.7658,44.5028],[-72.7652,44.501],[-72.7619,44.5001],[-72.7589,44.498]]}},{"type":"Feature","properties":{"osm_id":"way/504290853","name":"Hardy Haul","highway":"path","sac_scale":null,"source":"OSM, unverified"},"geometry":{"type":"LineString","coordinates":[[-72.755,44.4925],[-72.7546,44.4921],[-72.7548,44.4913],[-72.7538,44.4903],[-72.7535,44.4897],[-72.7507,44.4889],[-72.7501,44.4879],[-72.7501,44.4872]]}},{"type":"Feature","properties":{"osm_id":"way/505309196","name":"Hare Line","highway":"path","sac_scale":null,"source":"OSM, unverified"},"geometry":{"type":"LineString","coordinates":[[-72.7623,44.4846],[-72.7629,44.486],[-72.7647,44.4878],[-72.7657,44.4884],[-72.7663,44.4895],[-72.7667,44.4897],[-72.7674,44.4896],[-72.7684,44.4889],[-72.77,44.4884],[-72.7715,44.4882],[-72.7728,44.4885]]}},{"type":"Feature","properties":{"osm_id":"way/505309197","name":"Bobcat Trail","highway":"path","sac_scale":null,"source":"OSM, unverified"},"geometry":{"type":"LineString","coordinates":[[-72.7618,44.4809],[-72.7618,44.482],[-72.7622,44.4829],[-72.7624,44.484],[-72.7623,44.4846]]}},{"type":"Feature","properties":{"osm_id":"way/505309199","name":"Haul Road","highway":"path","sac_scale":"hiking","source":"OSM, unverified"},"geometry":{"type":"LineString","coordinates":[[-72.7745,44.4854],[-72.7727,44.4854],[-72.7718,44.4847],[-72.7703,44.4847]]}},{"type":"Feature","properties":{"osm_id":"way/505309200","name":"Growler","highway":"path","sac_scale":null,"source":"OSM, unverified"},"geometry":{"type":"LineString","coordinates":[[-72.7645,44.4796],[-72.7627,44.4786],[-72.7635,44.4785],[-72.7628,44.4779]]}},{"type":"Feature","properties":{"osm_id":"way/505309201","name":"Old County Road","highway":"path","sac_scale":null,"source":"OSM, unverified"},"geometry":{"type":"LineString","coordinates":[[-72.7597,44.4757],[-72.7578,44.4755]]}},{"type":"Feature","properties":{"osm_id":"way/505309202","name":"Tap Line","highway":"path","sac_scale":null,"source":"OSM, unverified"},"geometry":{"type":"LineString","coordinates":[[-72.7553,44.4745],[-72.7566,44.4747],[-72.7567,44.4745],[-72.7572,44.4745],[-72.757,44.4741],[-72.7561,44.4737],[-72.7567,44.4734],[-72.7547,44.4729],[-72.7526,44.4716]]}},{"type":"Feature","properties":{"osm_id":"way/505309203","name":"Lodge Spur","highway":"path","sac_scale":null,"source":"OSM, unverified"},"geometry":{"type":"LineString","coordinates":[[-72.7505,44.469],[-72.7501,44.4683],[-72.7486,44.4669],[-72.7495,44.4671],[-72.7479,44.4665],[-72.7477,44.4663],[-72.7481,44.4663],[-72.7473,44.4659]]}},{"type":"Feature","properties":{"osm_id":"way/505326305","name":"Telemark Trail","highway":"path","sac_scale":null,"source":"OSM, unverified"},"geometry":{"type":"LineString","coordinates":[[-72.7496,44.4714],[-72.7498,44.4712]]}},{"type":"Feature","properties":{"osm_id":"way/505326307","name":"Luce Hill Loop","highway":"path","sac_scale":null,"source":"OSM, unverified"},"geometry":{"type":"LineString","coordinates":[[-72.7496,44.4714],[-72.7489,44.4712],[-72.7488,44.4714],[-72.7484,44.4711],[-72.7484,44.4714],[-72.7477,44.4709],[-72.7483,44.4719]]}},{"type":"Feature","properties":{"osm_id":"way/505326308","name":"Lodge Spur","highway":"path","sac_scale":null,"source":"OSM, unverified"},"geometry":{"type":"LineString","coordinates":[[-72.7524,44.4716],[-72.7517,44.471],[-72.7505,44.469]]}},{"type":"Feature","properties":{"osm_id":"way/512654209","name":"Split Rock","highway":"path","sac_scale":null,"source":"OSM, unverified"},"geometry":{"type":"LineString","coordinates":[[-72.7147,44.5403],[-72.7145,44.5411],[-72.7147,44.5426],[-72.7144,44.5439],[-72.714,44.5437]]}},{"type":"Feature","properties":{"osm_id":"way/512654210","name":"Split Rock","highway":"path","sac_scale":null,"source":"OSM, unverified"},"geometry":{"type":"LineString","coordinates":[[-72.714,44.5437],[-72.714,44.5441],[-72.7135,44.5442],[-72.7132,44.544],[-72.7131,44.5442],[-72.7132,44.5463],[-72.7125,44.5456],[-72.7124,44.5461]]}},{"type":"Feature","properties":{"osm_id":"way/512654211","name":"Split Rock","highway":"path","sac_scale":null,"source":"OSM, unverified"},"geometry":{"type":"LineString","coordinates":[[-72.7124,44.5461],[-72.7127,44.5479],[-72.7125,44.5477],[-72.7123,44.5479],[-72.7109,44.547],[-72.7088,44.5476],[-72.7079,44.5474],[-72.7086,44.5473],[-72.7078,44.547],[-72.7081,44.547],[-72.7083,44.5467],[-72.711,44.5461],[-72.7124,44.5461]]}},{"type":"Feature","properties":{"osm_id":"way/512654212","name":"Split Rock","highway":"path","sac_scale":null,"source":"OSM, unverified"},"geometry":{"type":"LineString","coordinates":[[-72.7124,44.5461],[-72.7131,44.5467],[-72.7133,44.5463],[-72.7139,44.5461],[-72.715,44.5461]]}},{"type":"Feature","properties":{"osm_id":"way/512654214","name":"Split Rock","highway":"path","sac_scale":null,"source":"OSM, unverified"},"geometry":{"type":"LineString","coordinates":[[-72.715,44.5461],[-72.7139,44.5451],[-72.7137,44.5446],[-72.714,44.5443],[-72.714,44.5437]]}},{"type":"Feature","properties":{"osm_id":"way/512655883","name":"Callagy's","highway":"path","sac_scale":null,"source":"OSM, unverified"},"geometry":{"type":"LineString","coordinates":[[-72.7197,44.5421],[-72.7195,44.5424],[-72.7197,44.5427],[-72.7196,44.5433],[-72.7199,44.5433],[-72.7197,44.5439],[-72.72,44.5439],[-72.7201,44.5443],[-72.7205,44.5443],[-72.7204,44.5445],[-72.7208,44.5445],[-72.7206,44.5447],[-72.721,44.545],[-72.7205,44.5453],[-72.7208,44.5455],[-72.7206,44.5457],[-72.721,44.5457],[-72.7208,44.5461],[-72.7214,44.5462],[-72.7204,44.5469],[-72.7207,44.5469],[-72.7205,44.547],[-72.7207,44.5472],[-72.7204,44.5476],[-72.7192,44.5482],[-72.7183,44.5491],[-72.7181,44.5491],[-72.7187,44.5484],[-72.7179,44.5488],[-72.7172,44.5496],[-72.7171,44.5494],[-72.7162,44.5496],[-72.716,44.5494],[-72.7162,44.5493],[-72.716,44.5492],[-72.7163,44.549],[-72.7159,44.549],[-72.7161,44.5488],[-72.7158,44.5486],[-72.7152,44.5494]]}},{"type":"Feature","properties":{"osm_id":"way/512655885","name":"Catamount Trail","highway":"path","sac_scale":null,"source":"OSM, unverified"},"geometry":{"type":"LineString","coordinates":[[-72.7152,44.5494],[-72.7159,44.5481],[-72.7174,44.5474],[-72.7191,44.5456],[-72.7193,44.5424]]}},{"type":"Feature","properties":{"osm_id":"way/513640128","name":"Charlie's Bypass","highway":"path","sac_scale":null,"source":"OSM, unverified"},"geometry":{"type":"LineString","coordinates":[[-72.6926,44.465],[-72.6914,44.4657],[-72.691,44.4665]]}},{"type":"Feature","properties":{"osm_id":"way/513642300","name":"Cady Hill Connector","highway":"path","sac_scale":null,"source":"OSM, unverified"},"geometry":{"type":"LineString","coordinates":[[-72.6967,44.4689],[-72.6977,44.4688],[-72.6985,44.4682],[-72.6985,44.4676],[-72.6989,44.4671],[-72.6989,44.4666],[-72.7005,44.4658],[-72.7005,44.4653],[-72.7009,44.4651],[-72.7017,44.4653],[-72.7015,44.4639],[-72.7019,44.4636],[-72.7019,44.4632],[-72.7026,44.4623],[-72.7029,44.4612],[-72.7052,44.4597],[-72.7054,44.4587],[-72.7063,44.4571]]}},{"type":"Feature","properties":{"osm_id":"way/513676720","name":"VAST 15B","highway":"path","sac_scale":null,"source":"OSM, unverified"},"geometry":{"type":"LineString","coordinates":[[-72.7239,44.5353],[-72.7258,44.5358],[-72.7267,44.5371],[-72.727,44.5387],[-72.7265,44.5393],[-72.7262,44.54],[-72.7235,44.5406],[-72.7235,44.5412],[-72.7217,44.5419],[-72.7218,44.5421],[-72.7212,44.5428],[-72.7181,44.5418],[-72.7169,44.541],[-72.7156,44.5411],[-72.7152,44.5426],[-72.7162,44.5443],[-72.7151,44.5453],[-72.715,44.5461]]}},{"type":"Feature","properties":{"osm_id":"way/513676721","name":"15B","highway":"path","sac_scale":null,"source":"OSM, unverified"},"geometry":{"type":"LineString","coordinates":[[-72.715,44.5499],[-72.715,44.5514],[-72.7147,44.5518],[-72.7149,44.5533],[-72.7146,44.5537],[-72.7149,44.5546],[-72.7157,44.5556],[-72.7158,44.5565],[-72.715,44.5578],[-72.7147,44.559],[-72.7141,44.5595],[-72.7119,44.5601],[-72.7112,44.56],[-72.7091,44.5585],[-72.7069,44.5585],[-72.7045,44.5574]]}},{"type":"Feature","properties":{"osm_id":"way/513705574","name":"15B","highway":"path","sac_scale":null,"source":"OSM, unverified"},"geometry":{"type":"LineString","coordinates":[[-72.715,44.5461],[-72.7152,44.547],[-72.7156,44.5475],[-72.7149,44.5487],[-72.7152,44.5494]]}},{"type":"Feature","properties":{"osm_id":"way/513707228","name":"Maple Run Lane","highway":"track","sac_scale":null,"source":"OSM, unverified"},"geometry":{"type":"LineString","coordinates":[[-72.7061,44.5231],[-72.7077,44.5236],[-72.7143,44.525]]}},{"type":"Feature","properties":{"osm_id":"way/513713453","name":"Billings Road","highway":"path","sac_scale":null,"source":"OSM, unverified"},"geometry":{"type":"LineString","coordinates":[[-72.7232,44.5243],[-72.722,44.525]]}},{"type":"Feature","properties":{"osm_id":"way/513713455","name":"Marston Trail","highway":"path","sac_scale":null,"source":"OSM, unverified"},"geometry":{"type":"LineString","coordinates":[[-72.7236,44.5369],[-72.7258,44.5374],[-72.7281,44.5375]]}},{"type":"Feature","properties":{"osm_id":"way/513713456","name":"Maple Run","highway":"path","sac_scale":null,"source":"OSM, unverified"},"geometry":{"type":"LineString","coordinates":[[-72.721,44.5385],[-72.7233,44.5373],[-72.7236,44.5369]]}},{"type":"Feature","properties":{"osm_id":"way/513713457","name":"Billings Road","highway":"path","sac_scale":null,"source":"OSM, unverified"},"geometry":{"type":"LineString","coordinates":[[-72.7164,44.5248],[-72.7154,44.5244],[-72.7143,44.525]]}},{"type":"Feature","properties":{"osm_id":"way/514275698","name":"Catamount Trail","highway":"path","sac_scale":null,"source":"OSM, unverified"},"geometry":{"type":"LineString","coordinates":[[-72.7203,44.5394],[-72.7193,44.5411],[-72.7193,44.5424]]}},{"type":"Feature","properties":{"osm_id":"way/514277845","name":"Sterling Run","highway":"path","sac_scale":null,"source":"OSM, unverified"},"geometry":{"type":"LineString","coordinates":[[-72.7348,44.5279],[-72.7354,44.5278],[-72.736,44.5263],[-72.7357,44.5252],[-72.7359,44.5245],[-72.7355,44.5239],[-72.7358,44.5233],[-72.7354,44.5229]]}},{"type":"Feature","properties":{"osm_id":"way/514277849","name":"Catamount Trail","highway":"path","sac_scale":null,"source":"OSM, unverified"},"geometry":{"type":"LineString","coordinates":[[-72.7203,44.5394],[-72.7207,44.5392],[-72.721,44.5385]]}},{"type":"Feature","properties":{"osm_id":"way/514317923","name":"15/100 C","highway":"path","sac_scale":null,"source":"OSM, unverified"},"geometry":{"type":"LineString","coordinates":[[-72.7085,44.5623],[-72.7052,44.5617],[-72.7044,44.5612],[-72.703,44.5611],[-72.7019,44.5608]]}},{"type":"Feature","properties":{"osm_id":"way/514317924","name":"VAST 15B","highway":"track","sac_scale":null,"source":"OSM, unverified"},"geometry":{"type":"LineString","coordinates":[[-72.7019,44.5608],[-72.6942,44.5587],[-72.6933,44.5583],[-72.6923,44.5571]]}},{"type":"Feature","properties":{"osm_id":"way/514317926","name":"15/100 C","highway":"path","sac_scale":null,"source":"OSM, unverified"},"geometry":{"type":"LineString","coordinates":[[-72.7066,44.5688],[-72.7066,44.5695],[-72.7062,44.57],[-72.7024,44.5711],[-72.7017,44.5712],[-72.701,44.5708],[-72.6999,44.5713],[-72.699,44.5723],[-72.6982,44.5739],[-72.6976,44.5744],[-72.6952,44.574],[-72.6927,44.5728],[-72.6914,44.5729],[-72.6896,44.5738],[-72.6892,44.5743],[-72.6886,44.5745],[-72.6864,44.5733],[-72.6844,44.5726],[-72.6834,44.5719]]}},{"type":"Feature","properties":{"osm_id":"way/514321090","name":"Ledges","highway":"path","sac_scale":null,"source":"OSM, unverified"},"geometry":{"type":"LineString","coordinates":[[-72.7141,44.5653],[-72.7141,44.5657],[-72.7132,44.5668],[-72.7121,44.5673],[-72.7125,44.5678],[-72.7117,44.5684],[-72.7107,44.5682],[-72.7106,44.5685],[-72.71,44.5686],[-72.7096,44.5692],[-72.7086,44.5688],[-72.7079,44.5674]]}},{"type":"Feature","properties":{"osm_id":"way/514321098","name":"Rapids","highway":"path","sac_scale":null,"source":"OSM, unverified"},"geometry":{"type":"LineString","coordinates":[[-72.7144,44.5651],[-72.714,44.5647],[-72.7126,44.5644],[-72.7125,44.5635],[-72.7122,44.5632],[-72.7091,44.5622],[-72.7085,44.5623]]}},{"type":"Feature","properties":{"osm_id":"way/514321101","name":"Rapids","highway":"path","sac_scale":null,"source":"OSM, unverified"},"geometry":{"type":"LineString","coordinates":[[-72.7019,44.5608],[-72.7021,44.5596],[-72.7017,44.5592],[-72.6999,44.5581],[-72.6988,44.5581],[-72.6973,44.5574],[-72.6965,44.5576],[-72.6949,44.5574],[-72.6922,44.5581],[-72.6897,44.5576],[-72.6876,44.5581]]}},{"type":"Feature","properties":{"osm_id":"way/514321102","name":"Tom G's","highway":"path","sac_scale":null,"source":"OSM, unverified"},"geometry":{"type":"LineString","coordinates":[[-72.6615,44.5634],[-72.6607,44.5634],[-72.66,44.5647],[-72.6609,44.5647],[-72.6611,44.5648],[-72.6608,44.565],[-72.6614,44.5651],[-72.6607,44.5659],[-72.6608,44.5663],[-72.6612,44.5663],[-72.6611,44.5666],[-72.6617,44.5665],[-72.6613,44.5675],[-72.6634,44.5673],[-72.6641,44.5675],[-72.6649,44.5681],[-72.6651,44.5691],[-72.6644,44.5695],[-72.6649,44.5704],[-72.665,44.5716],[-72.6632,44.5713],[-72.6628,44.5715],[-72.6623,44.571],[-72.6614,44.5708],[-72.6603,44.5701],[-72.6594,44.57],[-72.6593,44.5692],[-72.6589,44.5698],[-72.6573,44.5691],[-72.6567,44.5693],[-72.6562,44.5689],[-72.6547,44.569],[-72.6545,44.5695],[-72.654,44.5693],[-72.6537,44.5698],[-72.653,44.5701],[-72.6526,44.5711],[-72.652,44.571]]}},{"type":"Feature","properties":{"osm_id":"way/515921890","name":"Cabin Trail","highway":"path","sac_scale":"hiking","source":"OSM, unverified"},"geometry":{"type":"LineString","coordinates":[[-72.7703,44.4847],[-72.7699,44.4845],[-72.7699,44.4838],[-72.7695,44.4835],[-72.7692,44.4823],[-72.7694,44.4809]]}},{"type":"Feature","properties":{"osm_id":"way/515921894","name":"Haul Road","highway":"path","sac_scale":"hiking","source":"OSM, unverified"},"geometry":{"type":"LineString","coordinates":[[-72.7728,44.4885],[-72.7739,44.4882],[-72.7751,44.487],[-72.7745,44.4854]]}},{"type":"Feature","properties":{"osm_id":"way/515921898","name":"Haul Road","highway":"track","sac_scale":null,"source":"OSM, unverified"},"geometry":{"type":"LineString","coordinates":[[-72.76,44.4898],[-72.7644,44.4913],[-72.766,44.4917]]}},{"type":"Feature","properties":{"osm_id":"way/515921904","name":"Luce Trail","highway":"path","sac_scale":null,"source":"OSM, unverified"},"geometry":{"type":"LineString","coordinates":[[-72.743,44.4684],[-72.7424,44.4697],[-72.7425,44.4703]]}},{"type":"Feature","properties":{"osm_id":"way/515926845","name":"Stepping Stone","highway":"path","sac_scale":null,"source":"OSM, unverified"},"geometry":{"type":"LineString","coordinates":[[-72.7415,44.4596],[-72.7415,44.4592],[-72.741,44.4596],[-72.7409,44.4594],[-72.7407,44.4596],[-72.741,44.4602],[-72.7406,44.4599],[-72.7407,44.4603],[-72.7404,44.4602],[-72.7409,44.4609],[-72.7409,44.4617],[-72.7415,44.4616],[-72.7413,44.462],[-72.7417,44.4623],[-72.7419,44.462],[-72.7418,44.46]]}},{"type":"Feature","properties":{"osm_id":"way/515926849","name":"Greenway Loop","highway":"path","sac_scale":null,"source":"OSM, unverified"},"geometry":{"type":"LineString","coordinates":[[-72.7409,44.4664],[-72.7402,44.4674],[-72.7397,44.4692]]}},{"type":"Feature","properties":{"osm_id":"way/530133986","name":"Labyrinth","highway":"path","sac_scale":"hiking","source":"OSM, unverified"},"geometry":{"type":"LineString","coordinates":[[-73.0478,44.4508],[-73.0465,44.4506],[-73.0461,44.4508],[-73.0453,44.4506],[-73.0443,44.4498],[-73.0439,44.4499],[-73.0427,44.4493],[-73.0423,44.4494],[-73.0422,44.4492],[-73.0417,44.4489],[-73.0411,44.4488],[-73.0411,44.4491]]}},{"type":"Feature","properties":{"osm_id":"way/530136064","name":"Porcupine","highway":"path","sac_scale":"hiking","source":"OSM, unverified"},"geometry":{"type":"LineString","coordinates":[[-73.0485,44.4515],[-73.0488,44.4519],[-73.0493,44.452],[-73.0494,44.4523],[-73.0492,44.4526],[-73.0497,44.4527],[-73.0498,44.4529],[-73.051,44.4528]]}},{"type":"Feature","properties":{"osm_id":"way/530136065","name":"Slick Rock","highway":"path","sac_scale":null,"source":"OSM, unverified"},"geometry":{"type":"LineString","coordinates":[[-73.0521,44.4535],[-73.0518,44.4538],[-73.0524,44.4537]]}},{"type":"Feature","properties":{"osm_id":"way/530136066","name":"Cow Path","highway":"path","sac_scale":null,"source":"OSM, unverified"},"geometry":{"type":"LineString","coordinates":[[-73.0489,44.4578],[-73.0489,44.4581],[-73.0484,44.4582]]}},{"type":"Feature","properties":{"osm_id":"way/530136067","name":"Liquid Velvet","highway":"path","sac_scale":null,"source":"OSM, unverified"},"geometry":{"type":"LineString","coordinates":[[-73.0482,44.4582],[-73.0476,44.4576],[-73.0489,44.4567],[-73.0491,44.4562]]}},{"type":"Feature","properties":{"osm_id":"way/530136069","name":"Cliffs of Insanity","highway":"path","sac_scale":null,"source":"OSM, unverified"},"geometry":{"type":"LineString","coordinates":[[-73.0474,44.4548],[-73.0488,44.4551],[-73.0489,44.4557],[-73.0481,44.456],[-73.048,44.4562],[-73.0477,44.4561],[-73.0477,44.4564],[-73.0457,44.456],[-73.0454,44.4554],[-73.0465,44.4549]]}},{"type":"Feature","properties":{"osm_id":"way/530136070","name":"Pure Bliss","highway":"path","sac_scale":null,"source":"OSM, unverified"},"geometry":{"type":"LineString","coordinates":[[-73.0461,44.456],[-73.0465,44.4554],[-73.0464,44.4552],[-73.0469,44.455],[-73.0473,44.4551],[-73.0467,44.4554],[-73.0471,44.4555],[-73.047,44.4557],[-73.0475,44.4558],[-73.0475,44.4553],[-73.0478,44.4552],[-73.0479,44.4556],[-73.0482,44.4555],[-73.0482,44.4552],[-73.0473,44.4548]]}},{"type":"Feature","properties":{"osm_id":"way/530136071","name":"Balsams","highway":"path","sac_scale":"hiking","source":"OSM, unverified"},"geometry":{"type":"LineString","coordinates":[[-73.0474,44.4497],[-73.048,44.4502],[-73.0477,44.4504],[-73.0478,44.4508],[-73.0485,44.4508],[-73.0487,44.4512],[-73.048,44.4518],[-73.0482,44.452],[-73.0477,44.4525],[-73.0462,44.4535],[-73.0463,44.4545],[-73.0473,44.4547]]}},{"type":"Feature","properties":{"osm_id":"way/530144666","name":"Deer Yard","highway":"path","sac_scale":null,"source":"OSM, unverified"},"geometry":{"type":"LineString","coordinates":[[-73.0498,44.4529],[-73.05,44.4534],[-73.0499,44.4536],[-73.0496,44.4533]]}},{"type":"Feature","properties":{"osm_id":"way/530144667","name":"Ridge Run","highway":"track","sac_scale":null,"source":"OSM, unverified"},"geometry":{"type":"LineString","coordinates":[[-73.0494,44.4526],[-73.0496,44.4535],[-73.0488,44.4547],[-73.0491,44.4549]]}},{"type":"Feature","properties":{"osm_id":"way/530144668","name":"Rock Spine","highway":"path","sac_scale":null,"source":"OSM, unverified"},"geometry":{"type":"LineString","coordinates":[[-73.0492,44.4536],[-73.0486,44.4544],[-73.0487,44.4548],[-73.0491,44.4549]]}},{"type":"Feature","properties":{"osm_id":"way/530144669","name":"Watermelon","highway":"path","sac_scale":null,"source":"OSM, unverified"},"geometry":{"type":"LineString","coordinates":[[-73.0416,44.4494],[-73.0432,44.45],[-73.0448,44.4502]]}},{"type":"Feature","properties":{"osm_id":"way/530538714","name":"Eagle Ridge Loop","highway":"path","sac_scale":null,"source":"OSM, unverified"},"geometry":{"type":"LineString","coordinates":[[-72.6935,44.465],[-72.6929,44.4659],[-72.6928,44.4668],[-72.6919,44.4677],[-72.6919,44.468],[-72.6923,44.4685],[-72.6934,44.4687],[-72.6938,44.4685],[-72.6941,44.4687],[-72.6946,44.4682]]}},{"type":"Feature","properties":{"osm_id":"way/530551314","name":"S'Mores","highway":"path","sac_scale":null,"source":"OSM, unverified"},"geometry":{"type":"LineString","coordinates":[[-72.7326,44.3327],[-72.7327,44.332],[-72.7333,44.3323],[-72.7334,44.3319],[-72.7337,44.332],[-72.7337,44.3318],[-72.7346,44.3318],[-72.734,44.3305]]}},{"type":"Feature","properties":{"osm_id":"way/531822139","name":"Night Trail","highway":"track","sac_scale":null,"source":"OSM, unverified"},"geometry":{"type":"LineString","coordinates":[[-73.0488,44.4482],[-73.0473,44.4482],[-73.046,44.4477],[-73.0453,44.4493]]}},{"type":"Feature","properties":{"osm_id":"way/531822140","name":"Cabin Run","highway":"track","sac_scale":null,"source":"OSM, unverified"},"geometry":{"type":"LineString","coordinates":[[-73.0421,44.4487],[-73.0427,44.4476],[-73.0427,44.4469]]}},{"type":"Feature","properties":{"osm_id":"way/531822141","name":"Indian Lookout","highway":"track","sac_scale":null,"source":"OSM, unverified"},"geometry":{"type":"LineString","coordinates":[[-73.0431,44.4468],[-73.0423,44.4469],[-73.0404,44.4467],[-73.039,44.4469],[-73.0376,44.4461],[-73.0372,44.4461],[-73.0369,44.4466],[-73.0374,44.447],[-73.0368,44.4472],[-73.037,44.4475],[-73.0388,44.4473],[-73.0409,44.4474],[-73.0412,44.4476],[-73.0407,44.4488],[-73.0404,44.449],[-73.0388,44.4493],[-73.0387,44.4488],[-73.0378,44.4486],[-73.0369,44.4491],[-73.036,44.4499],[-73.0357,44.4499],[-73.0357,44.4519],[-73.0354,44.4524],[-73.0352,44.4531],[-73.036,44.4533],[-73.0365,44.4527],[-73.0383,44.4521],[-73.0388,44.4516],[-73.0389,44.4506],[-73.0403,44.4505]]}},{"type":"Feature","properties":{"osm_id":"way/531822142","name":"Three Rivers","highway":"track","sac_scale":null,"source":"OSM, unverified"},"geometry":{"type":"LineString","coordinates":[[-73.0455,44.4534],[-73.0453,44.4537],[-73.0444,44.4541],[-73.0444,44.4545],[-73.0441,44.4548],[-73.0433,44.4546],[-73.0431,44.4537],[-73.0427,44.4532],[-73.0416,44.4533],[-73.0411,44.4526],[-73.0396,44.4531],[-73.0386,44.4529],[-73.0386,44.4524],[-73.0401,44.4515]]}},{"type":"Feature","properties":{"osm_id":"way/531822143","name":"Geronimo","highway":"track","sac_scale":null,"source":"OSM, unverified"},"geometry":{"type":"LineString","coordinates":[[-73.0462,44.453],[-73.045,44.4534],[-73.0435,44.4529],[-73.0424,44.4519],[-73.0416,44.4517],[-73.0415,44.4513],[-73.0401,44.4506]]}},{"type":"Feature","properties":{"osm_id":"way/531822144","name":"Skidway","highway":"track","sac_scale":null,"source":"OSM, unverified"},"geometry":{"type":"LineString","coordinates":[[-73.0358,44.4499],[-73.0363,44.4503],[-73.0373,44.4495],[-73.0377,44.4495],[-73.0388,44.4498],[-73.0394,44.4505]]}},{"type":"Feature","properties":{"osm_id":"way/531838383","name":"Night Trail","highway":"track","sac_scale":null,"source":"OSM, unverified"},"geometry":{"type":"LineString","coordinates":[[-73.0453,44.4493],[-73.0451,44.4496],[-73.0446,44.4495],[-73.0446,44.4491],[-73.044,44.4488],[-73.0421,44.4487],[-73.0412,44.4492],[-73.0397,44.4509],[-73.0401,44.4515],[-73.0412,44.4516],[-73.0422,44.4507],[-73.0441,44.4501],[-73.0445,44.4495]]}},{"type":"Feature","properties":{"osm_id":"way/531838385","name":"The Wall","highway":"track","sac_scale":null,"source":"OSM, unverified"},"geometry":{"type":"LineString","coordinates":[[-73.0394,44.4474],[-73.0381,44.4487],[-73.0379,44.4494]]}},{"type":"Feature","properties":{"osm_id":"way/531838386","name":"NIght Trail","highway":"track","sac_scale":null,"source":"OSM, unverified"},"geometry":{"type":"LineString","coordinates":[[-73.0473,44.4482],[-73.0471,44.449],[-73.0466,44.4495],[-73.0453,44.4493]]}},{"type":"Feature","properties":{"osm_id":"way/531838387","name":"Powerline","highway":"path","sac_scale":"hiking","source":"OSM, unverified"},"geometry":{"type":"LineString","coordinates":[[-73.0449,44.4499],[-73.0436,44.4494],[-73.0432,44.4495],[-73.043,44.4493],[-73.0431,44.4491],[-73.042,44.4489],[-73.0414,44.4483],[-73.0407,44.4487]]}},{"type":"Feature","properties":{"osm_id":"way/531841160","name":"Ski Connector","highway":"track","sac_scale":null,"source":"OSM, unverified"},"geometry":{"type":"LineString","coordinates":[[-73.0413,44.4502],[-73.042,44.4505],[-73.0432,44.4505]]}},{"type":"Feature","properties":{"osm_id":"way/532104942","name":"Farm Road","highway":"track","sac_scale":null,"source":"OSM, unverified"},"geometry":{"type":"LineString","coordinates":[[-73.0481,44.4476],[-73.0492,44.4462],[-73.0505,44.4465],[-73.0511,44.4463],[-73.0524,44.4449],[-73.052,44.4446]]}},{"type":"Feature","properties":{"osm_id":"way/532104944","name":"Goose Hill","highway":"track","sac_scale":null,"source":"OSM, unverified"},"geometry":{"type":"LineString","coordinates":[[-73.0494,44.4464],[-73.0509,44.4469],[-73.0515,44.4465],[-73.0521,44.4464],[-73.0524,44.4461],[-73.052,44.4456],[-73.0517,44.4459],[-73.0518,44.4464],[-73.0515,44.4464],[-73.0509,44.4458],[-73.0508,44.4449],[-73.0504,44.4448],[-73.0501,44.4451],[-73.0494,44.4448],[-73.0495,44.4441],[-73.0502,44.4445],[-73.0507,44.4442]]}},{"type":"Feature","properties":{"osm_id":"way/532104948","name":"Snowshoe trail","highway":"path","sac_scale":null,"source":"OSM, unverified"},"geometry":{"type":"LineString","coordinates":[[-73.0441,44.4469],[-73.0447,44.4465],[-73.0446,44.4457],[-73.0453,44.4448]]}},{"type":"Feature","properties":{"osm_id":"way/532104949","name":"Sheep and Blackberry","highway":"path","sac_scale":null,"source":"OSM, unverified"},"geometry":{"type":"LineString","coordinates":[[-73.0485,44.4469],[-73.0478,44.4469],[-73.0473,44.4466],[-73.0447,44.4465]]}},{"type":"Feature","properties":{"osm_id":"way/532104951","name":"Sled Hill","highway":"path","sac_scale":null,"source":"OSM, unverified"},"geometry":{"type":"LineString","coordinates":[[-73.0491,44.4462],[-73.0513,44.4445]]}},{"type":"Feature","properties":{"osm_id":"way/532104955","name":"Dual Slalom Course","highway":"path","sac_scale":null,"source":"OSM, unverified"},"geometry":{"type":"LineString","coordinates":[[-73.0508,44.4452],[-73.0499,44.4456],[-73.0498,44.4459],[-73.0492,44.4462]]}},{"type":"Feature","properties":{"osm_id":"way/532104956","name":"Dirt Jumps","highway":"path","sac_scale":null,"source":"OSM, unverified"},"geometry":{"type":"LineString","coordinates":[[-73.0508,44.4452],[-73.0508,44.446],[-73.0501,44.4465]]}},{"type":"Feature","properties":{"osm_id":"way/532104957","name":"Dirt Jump Climb","highway":"path","sac_scale":null,"source":"OSM, unverified"},"geometry":{"type":"LineString","coordinates":[[-73.0503,44.4463],[-73.0508,44.4452]]}},{"type":"Feature","properties":{"osm_id":"way/532104959","name":"Race A-Line","highway":"path","sac_scale":null,"source":"OSM, unverified"},"geometry":{"type":"LineString","coordinates":[[-73.0505,44.4441],[-73.05,44.4442],[-73.0496,44.4437]]}},{"type":"Feature","properties":{"osm_id":"way/532104963","name":"Bobolink","highway":"track","sac_scale":null,"source":"OSM, unverified"},"geometry":{"type":"LineString","coordinates":[[-73.0464,44.4431],[-73.047,44.4444]]}},{"type":"Feature","properties":{"osm_id":"way/532104964","name":"Finish Line","highway":"track","sac_scale":null,"source":"OSM, unverified"},"geometry":{"type":"LineString","coordinates":[[-73.0486,44.4459],[-73.0493,44.4458],[-73.0494,44.4454]]}},{"type":"Feature","properties":{"osm_id":"way/532104965","name":"Going Back for More","highway":"track","sac_scale":null,"source":"OSM, unverified"},"geometry":{"type":"LineString","coordinates":[[-73.0494,44.4454],[-73.0485,44.4451],[-73.048,44.4445],[-73.0483,44.4442],[-73.0493,44.444],[-73.0496,44.4435]]}},{"type":"Feature","properties":{"osm_id":"way/534701446","name":"Trout Lily","highway":"path","sac_scale":null,"source":"OSM, unverified"},"geometry":{"type":"LineString","coordinates":[[-73.0404,44.449],[-73.04,44.4496],[-73.0388,44.4501],[-73.0378,44.4509],[-73.0378,44.4519],[-73.0373,44.4525],[-73.0367,44.4521],[-73.0369,44.4514],[-73.0361,44.4516],[-73.0365,44.4511],[-73.0361,44.4509],[-73.0363,44.4504]]}},{"type":"Feature","properties":{"osm_id":"way/534701447","name":"Powerline A-Line","highway":"path","sac_scale":null,"source":"OSM, unverified"},"geometry":{"type":"LineString","coordinates":[[-73.0399,44.4483],[-73.0406,44.4483],[-73.0408,44.4485]]}},{"type":"Feature","properties":{"osm_id":"way/534701449","name":"Clover's Rollers","highway":"path","sac_scale":null,"source":"OSM, unverified"},"geometry":{"type":"LineString","coordinates":[[-73.0401,44.4497],[-73.0408,44.4492],[-73.0412,44.4492],[-73.0411,44.4499],[-73.0403,44.4504],[-73.0403,44.4507],[-73.0414,44.4502],[-73.0424,44.4503],[-73.0426,44.4501],[-73.0433,44.4501],[-73.0436,44.4499],[-73.0441,44.4501]]}},{"type":"Feature","properties":{"osm_id":"way/534701453","name":"Slalom","highway":"path","sac_scale":null,"source":"OSM, unverified"},"geometry":{"type":"LineString","coordinates":[[-73.0391,44.4474],[-73.0396,44.4471],[-73.0387,44.4471],[-73.0379,44.4464],[-73.0372,44.4461],[-73.0371,44.4458],[-73.0383,44.4458],[-73.0381,44.4462],[-73.0389,44.4463],[-73.0385,44.4466],[-73.0395,44.4467],[-73.0391,44.4468],[-73.0397,44.4469],[-73.0403,44.4473],[-73.0415,44.4471]]}},{"type":"Feature","properties":{"osm_id":"way/534701454","name":"Pop's","highway":"path","sac_scale":null,"source":"OSM, unverified"},"geometry":{"type":"LineString","coordinates":[[-73.0356,44.4501],[-73.0359,44.4505],[-73.0374,44.4505],[-73.0375,44.4504],[-73.0373,44.45],[-73.0383,44.449],[-73.041,44.4479]]}},{"type":"Feature","properties":{"osm_id":"way/534701457","name":"Bear Run","highway":"path","sac_scale":null,"source":"OSM, unverified"},"geometry":{"type":"LineString","coordinates":[[-73.0374,44.4476],[-73.0364,44.4477],[-73.0371,44.448],[-73.0358,44.4482],[-73.0363,44.4483],[-73.0373,44.4482],[-73.0364,44.4486],[-73.0357,44.4499]]}},{"type":"Feature","properties":{"osm_id":"way/534701458","name":"Getting Started","highway":"path","sac_scale":null,"source":"OSM, unverified"},"geometry":{"type":"LineString","coordinates":[[-73.0467,44.4479],[-73.0453,44.4481],[-73.045,44.4491],[-73.0453,44.4493]]}},{"type":"Feature","properties":{"osm_id":"way/534701459","name":"Off the Wall","highway":"path","sac_scale":null,"source":"OSM, unverified"},"geometry":{"type":"LineString","coordinates":[[-73.0374,44.4475],[-73.0382,44.4476],[-73.038,44.4479],[-73.0385,44.4478],[-73.0384,44.4482],[-73.0386,44.4486],[-73.0395,44.4484],[-73.0387,44.4488]]}},{"type":"Feature","properties":{"osm_id":"way/535377574","name":"Central Avenue","highway":"track","sac_scale":null,"source":"OSM, unverified"},"geometry":{"type":"LineString","coordinates":[[-73.0502,44.4557],[-73.0481,44.4574],[-73.048,44.4575],[-73.0482,44.4582]]}},{"type":"Feature","properties":{"osm_id":"way/535377575","name":"Moose Poop","highway":"path","sac_scale":null,"source":"OSM, unverified"},"geometry":{"type":"LineString","coordinates":[[-73.0507,44.4546],[-73.051,44.4549],[-73.0509,44.4554],[-73.0514,44.4557],[-73.0513,44.456],[-73.0508,44.4558],[-73.0495,44.4563],[-73.0491,44.457],[-73.0484,44.4572]]}},{"type":"Feature","properties":{"osm_id":"way/535381570","name":"Black Bridge","highway":"path","sac_scale":null,"source":"OSM, unverified"},"geometry":{"type":"LineString","coordinates":[[-73.0469,44.4428],[-73.0474,44.4438],[-73.0474,44.4433],[-73.0472,44.4432],[-73.0473,44.4419],[-73.0477,44.4426]]}},{"type":"Feature","properties":{"osm_id":"way/535381571","name":"Chameleon","highway":"path","sac_scale":null,"source":"OSM, unverified"},"geometry":{"type":"LineString","coordinates":[[-73.0513,44.4445],[-73.0518,44.4446],[-73.0519,44.4451],[-73.051,44.4456],[-73.0505,44.4456],[-73.0497,44.4463],[-73.0498,44.446],[-73.0496,44.4457],[-73.0482,44.4454],[-73.048,44.4455]]}},{"type":"Feature","properties":{"osm_id":"way/535381572","name":"Gully Whumper","highway":"path","sac_scale":null,"source":"OSM, unverified"},"geometry":{"type":"LineString","coordinates":[[-73.0479,44.4419],[-73.048,44.4414],[-73.0477,44.4414],[-73.0476,44.4417],[-73.0471,44.4414],[-73.0465,44.4415],[-73.047,44.4422]]}},{"type":"Feature","properties":{"osm_id":"way/535381573","name":"UVM Talcott Traverse","highway":"path","sac_scale":null,"source":"OSM, unverified"},"geometry":{"type":"LineString","coordinates":[[-73.0483,44.4414],[-73.051,44.4403],[-73.0529,44.4401],[-73.0536,44.4395]]}},{"type":"Feature","properties":{"osm_id":"way/535381574","name":"Shovelhead","highway":"path","sac_scale":null,"source":"OSM, unverified"},"geometry":{"type":"LineString","coordinates":[[-73.0511,44.4431],[-73.0506,44.4429],[-73.0501,44.4435],[-73.05,44.4433],[-73.0509,44.4426],[-73.0509,44.4424],[-73.0497,44.4428],[-73.0499,44.4426],[-73.0496,44.4427],[-73.0498,44.4424],[-73.0506,44.4421],[-73.0503,44.442],[-73.0501,44.4422],[-73.0499,44.4418],[-73.0496,44.442],[-73.0493,44.4417],[-73.0486,44.4417],[-73.0483,44.4414],[-73.0479,44.4419],[-73.048,44.4428],[-73.0477,44.443]]}},{"type":"Feature","properties":{"osm_id":"way/535381575","name":"Taiga's Pines","highway":"path","sac_scale":null,"source":"OSM, unverified"},"geometry":{"type":"LineString","coordinates":[[-73.0509,44.4527],[-73.0506,44.4525],[-73.0507,44.4522],[-73.0495,44.4526]]}},{"type":"Feature","properties":{"osm_id":"way/535381577","name":"Newt's Ridge","highway":"path","sac_scale":null,"source":"OSM, unverified"},"geometry":{"type":"LineString","coordinates":[[-73.0485,44.4531],[-73.0479,44.4531]]}},{"type":"Feature","properties":{"osm_id":"way/535381578","name":"Twister","highway":"path","sac_scale":null,"source":"OSM, unverified"},"geometry":{"type":"LineString","coordinates":[[-73.0485,44.4539],[-73.0482,44.4535],[-73.0485,44.4535],[-73.0484,44.4532],[-73.0486,44.4531]]}},{"type":"Feature","properties":{"osm_id":"way/535381579","name":"Newt's Ridge","highway":"path","sac_scale":null,"source":"OSM, unverified"},"geometry":{"type":"LineString","coordinates":[[-73.0496,44.4535],[-73.0492,44.4536],[-73.0491,44.4532],[-73.0486,44.4531],[-73.0488,44.4539],[-73.0486,44.4538],[-73.0481,44.4541]]}},{"type":"Feature","properties":{"osm_id":"way/535386527","name":"Elliott's Oaks","highway":"track","sac_scale":null,"source":"OSM, unverified"},"geometry":{"type":"LineString","coordinates":[[-73.0494,44.4433],[-73.0497,44.4428],[-73.0506,44.4421],[-73.0494,44.4423]]}},{"type":"Feature","properties":{"osm_id":"way/535386528","name":"Stonesteps","highway":"path","sac_scale":null,"source":"OSM, unverified"},"geometry":{"type":"LineString","coordinates":[[-73.0496,44.4435],[-73.0502,44.444],[-73.0504,44.4439],[-73.0502,44.4435],[-73.0498,44.4435],[-73.0499,44.443],[-73.0501,44.4429]]}},{"type":"Feature","properties":{"osm_id":"way/535386530","name":"Mullet","highway":"path","sac_scale":null,"source":"OSM, unverified"},"geometry":{"type":"LineString","coordinates":[[-73.0511,44.4461],[-73.0516,44.4458],[-73.0519,44.4451]]}},{"type":"Feature","properties":{"osm_id":"way/535395468","name":"Connector","highway":"path","sac_scale":null,"source":"OSM, unverified"},"geometry":{"type":"LineString","coordinates":[[-73.0479,44.442],[-73.0477,44.4421]]}},{"type":"Feature","properties":{"osm_id":"way/535395469","name":"Newt's Ridge","highway":"path","sac_scale":null,"source":"OSM, unverified"},"geometry":{"type":"LineString","coordinates":[[-73.0493,44.4527],[-73.0491,44.4532]]}},{"type":"Feature","properties":{"osm_id":"way/536230589","name":"Trillium","highway":"path","sac_scale":null,"source":"OSM, unverified"},"geometry":{"type":"LineString","coordinates":[[-73.0416,44.4484],[-73.0412,44.4478]]}},{"type":"Feature","properties":{"osm_id":"way/536734718","name":"Hawk","highway":"path","sac_scale":null,"source":"OSM, unverified"},"geometry":{"type":"LineString","coordinates":[[-73.0515,44.4551],[-73.0508,44.4549],[-73.0506,44.4555],[-73.0503,44.4556]]}},{"type":"Feature","properties":{"osm_id":"way/536734719","name":"Sandman Cutoff","highway":"track","sac_scale":null,"source":"OSM, unverified"},"geometry":{"type":"LineString","coordinates":[[-73.0517,44.4551],[-73.0508,44.4545]]}},{"type":"Feature","properties":{"osm_id":"way/536734720","name":"Snowshoe trail","highway":"path","sac_scale":null,"source":"OSM, unverified"},"geometry":{"type":"LineString","coordinates":[[-73.0519,44.4515],[-73.0524,44.4504],[-73.0517,44.4506],[-73.0516,44.4501],[-73.05,44.4493]]}},{"type":"Feature","properties":{"osm_id":"way/537837646","name":"Mad Max","highway":"path","sac_scale":null,"source":"OSM, unverified"},"geometry":{"type":"LineString","coordinates":[[-73.04,44.449],[-73.0396,44.4494],[-73.0401,44.4498],[-73.0401,44.4505]]}},{"type":"Feature","properties":{"osm_id":"way/537837647","name":"Post Road","highway":"track","sac_scale":null,"source":"OSM, unverified"},"geometry":{"type":"LineString","coordinates":[[-73.0489,44.455],[-73.0484,44.4548],[-73.0477,44.4527]]}},{"type":"Feature","properties":{"osm_id":"way/539443480","name":"Long Trail","highway":"path","sac_scale":null,"source":"OSM, unverified"},"geometry":{"type":"LineString","coordinates":[[-72.7563,44.5635],[-72.7556,44.5641],[-72.756,44.5647],[-72.7549,44.5661],[-72.7547,44.567],[-72.7539,44.5681],[-72.7534,44.5682],[-72.7532,44.5687],[-72.7535,44.5691],[-72.7535,44.5701],[-72.7525,44.5704],[-72.7526,44.5712],[-72.7524,44.5717],[-72.7526,44.5721],[-72.7525,44.5726],[-72.7528,44.5738],[-72.7521,44.5753],[-72.751,44.5768],[-72.7509,44.5774],[-72.7497,44.5781],[-72.7478,44.5783],[-72.7462,44.5794],[-72.7439,44.5799],[-72.7431,44.5799],[-72.7409,44.5789]]}},{"type":"Feature","properties":{"osm_id":"way/539443498","name":"Long Trail","highway":"path","sac_scale":null,"source":"OSM, unverified"},"geometry":{"type":"LineString","coordinates":[[-72.7409,44.5789],[-72.7412,44.5794],[-72.7425,44.5803],[-72.7428,44.5809],[-72.7413,44.5822],[-72.7403,44.5825],[-72.74,44.5822],[-72.74,44.5825],[-72.7408,44.5833],[-72.7417,44.5851],[-72.7413,44.5863],[-72.742,44.5873],[-72.7415,44.5881],[-72.7404,44.589],[-72.7394,44.5889],[-72.7389,44.5894],[-72.7376,44.589],[-72.7368,44.5896],[-72.7327,44.59],[-72.7309,44.5906],[-72.7296,44.5907],[-72.7277,44.5904],[-72.727,44.5907],[-72.7259,44.5905],[-72.7237,44.5907],[-72.7218,44.5914],[-72.7207,44.5926],[-72.7192,44.5935],[-72.7179,44.5948],[-72.718,44.5952],[-72.7195,44.5966],[-72.7186,44.5979],[-72.7191,44.5987],[-72.7186,44.5993],[-72.7184,44.5999],[-72.7196,44.6013],[-72.7199,44.6022],[-72.7195,44.6025],[-72.7185,44.6026],[-72.7174,44.6035],[-72.7172,44.6041],[-72.7173,44.6055],[-72.7185,44.6068],[-72.7207,44.6075],[-72.7218,44.6081],[-72.7233,44.6083],[-72.7241,44.6088],[-72.7244,44.6093],[-72.7242,44.6102],[-72.7243,44.611],[-72.7246,44.6115],[-72.7247,44.6138],[-72.7242,44.6149],[-72.7231,44.6159],[-72.7218,44.6181],[-72.7217,44.6197],[-72.7221,44.6204],[-72.7228,44.6209]]}},{"type":"Feature","properties":{"osm_id":"way/539474293","name":"Upper Gorge Loop","highway":"path","sac_scale":null,"source":"OSM, unverified"},"geometry":{"type":"LineString","coordinates":[[-72.7198,44.5416],[-72.7217,44.5423]]}},{"type":"Feature","properties":{"osm_id":"way/539474294","name":"Upper Gorge Loop","highway":"path","sac_scale":null,"source":"OSM, unverified"},"geometry":{"type":"LineString","coordinates":[[-72.7217,44.5423],[-72.7238,44.5443],[-72.7248,44.5448],[-72.7262,44.5452]]}},{"type":"Feature","properties":{"osm_id":"way/539474295","name":"Papa's Trail","highway":"path","sac_scale":null,"source":"OSM, unverified"},"geometry":{"type":"LineString","coordinates":[[-72.7224,44.5415],[-72.7233,44.5419],[-72.7245,44.5417],[-72.725,44.5418],[-72.7258,44.5426],[-72.7275,44.5438],[-72.7279,44.5443]]}},{"type":"Feature","properties":{"osm_id":"way/539474296","name":"Papa's Trail","highway":"path","sac_scale":null,"source":"OSM, unverified"},"geometry":{"type":"LineString","coordinates":[[-72.7201,44.5395],[-72.7224,44.5415]]}},{"type":"Feature","properties":{"osm_id":"way/539474298","name":"Upper Gorge Loop","highway":"path","sac_scale":null,"source":"OSM, unverified"},"geometry":{"type":"LineString","coordinates":[[-72.7262,44.5452],[-72.7282,44.5455],[-72.7294,44.546],[-72.7302,44.5472],[-72.7309,44.5474],[-72.7318,44.5483],[-72.732,44.5491],[-72.7332,44.5507],[-72.7339,44.5509],[-72.7352,44.5521],[-72.7365,44.5528],[-72.7379,44.553],[-72.7417,44.5544],[-72.7424,44.5541],[-72.7439,44.5549],[-72.7445,44.5544],[-72.7451,44.5545],[-72.7451,44.5532],[-72.7436,44.5525]]}},{"type":"Feature","properties":{"osm_id":"way/539474299","name":"Papa's Trail","highway":"path","sac_scale":null,"source":"OSM, unverified"},"geometry":{"type":"LineString","coordinates":[[-72.7279,44.5443],[-72.7291,44.5447],[-72.7301,44.5457],[-72.7314,44.5461],[-72.7324,44.5472],[-72.7328,44.5471],[-72.7329,44.5465],[-72.735,44.5473],[-72.7367,44.5497],[-72.7389,44.5506],[-72.7397,44.5521],[-72.7412,44.5526],[-72.7436,44.5525]]}},{"type":"Feature","properties":{"osm_id":"way/539480681","name":"Ruschp Sterling Ridge Trail","highway":"path","sac_scale":null,"source":"OSM, unverified"},"geometry":{"type":"LineString","coordinates":[[-72.7436,44.5525],[-72.7435,44.5518],[-72.7437,44.5513],[-72.7452,44.5502],[-72.7476,44.5494],[-72.7488,44.5486],[-72.7515,44.5475],[-72.7527,44.5477],[-72.7542,44.5473],[-72.7544,44.5469],[-72.753,44.5454],[-72.7523,44.5451],[-72.7521,44.5441],[-72.7523,44.5438],[-72.7519,44.5426],[-72.7521,44.5421],[-72.7512,44.5409],[-72.7508,44.5392],[-72.7499,44.5384],[-72.7486,44.5382],[-72.748,44.5371],[-72.7469,44.5367],[-72.7466,44.5363],[-72.7458,44.5362],[-72.7433,44.5375],[-72.7428,44.5386],[-72.7424,44.5388],[-72.7416,44.5387],[-72.741,44.5396],[-72.7398,44.5396],[-72.739,44.5394],[-72.738,44.5377],[-72.7375,44.5364],[-72.7372,44.5361]]}},{"type":"Feature","properties":{"osm_id":"way/539480693","name":"Marston Trail","highway":"path","sac_scale":null,"source":"OSM, unverified"},"geometry":{"type":"LineString","coordinates":[[-72.7372,44.5361],[-72.7363,44.5366],[-72.7348,44.5367],[-72.7328,44.5364],[-72.7302,44.5375],[-72.7281,44.5375]]}},{"type":"Feature","properties":{"osm_id":"way/539480697","name":"8 Bridges","highway":"path","sac_scale":null,"source":"OSM, unverified"},"geometry":{"type":"LineString","coordinates":[[-72.7232,44.5243],[-72.724,44.5254],[-72.7239,44.5273],[-72.7248,44.5292],[-72.7275,44.5318],[-72.7282,44.5334],[-72.7286,44.5336],[-72.7283,44.5341],[-72.7286,44.5347],[-72.7282,44.5354],[-72.7281,44.5375]]}},{"type":"Feature","properties":{"osm_id":"way/539480732","name":"Tamarack","highway":"path","sac_scale":null,"source":"OSM, unverified"},"geometry":{"type":"LineString","coordinates":[[-72.6876,44.5064],[-72.6872,44.5064],[-72.6866,44.5058],[-72.6851,44.5053],[-72.6845,44.5046],[-72.6849,44.5036],[-72.6846,44.5028],[-72.6848,44.5019],[-72.6841,44.5013],[-72.6837,44.5003],[-72.6826,44.4996],[-72.6815,44.4994],[-72.6807,44.4996]]}},{"type":"Feature","properties":{"osm_id":"way/539480733","name":"Tony's","highway":"path","sac_scale":null,"source":"OSM, unverified"},"geometry":{"type":"LineString","coordinates":[[-72.6846,44.4937],[-72.6861,44.4926],[-72.6869,44.4924],[-72.6874,44.4916],[-72.6889,44.4904],[-72.6886,44.4893],[-72.6896,44.4889]]}},{"type":"Feature","properties":{"osm_id":"way/539480734","name":"Tony's","highway":"path","sac_scale":null,"source":"OSM, unverified"},"geometry":{"type":"LineString","coordinates":[[-72.6861,44.4926],[-72.6863,44.4919],[-72.6866,44.4916],[-72.6865,44.491],[-72.6873,44.4898],[-72.6879,44.4892],[-72.6887,44.4893]]}},{"type":"Feature","properties":{"osm_id":"way/539480735","name":"Tony's","highway":"path","sac_scale":null,"source":"OSM, unverified"},"geometry":{"type":"LineString","coordinates":[[-72.6902,44.4889],[-72.6918,44.4877],[-72.6919,44.487],[-72.6915,44.4858],[-72.691,44.4854],[-72.6919,44.484],[-72.6925,44.4838]]}},{"type":"Feature","properties":{"osm_id":"way/539838259","name":"Access Road","highway":"track","sac_scale":null,"source":"OSM, unverified"},"geometry":{"type":"LineString","coordinates":[[-72.947,44.5167],[-72.9466,44.5165]]}},{"type":"Feature","properties":{"osm_id":"way/539846973","name":"Sparrow Farm Trail","highway":"path","sac_scale":null,"source":"OSM, unverified"},"geometry":{"type":"LineString","coordinates":[[-72.5584,44.2991],[-72.5586,44.2995],[-72.558,44.2999],[-72.5558,44.2999],[-72.5552,44.3002],[-72.5552,44.3004],[-72.556,44.3012],[-72.5553,44.3022],[-72.5554,44.3026],[-72.5548,44.3029],[-72.5549,44.3034]]}},{"type":"Feature","properties":{"osm_id":"way/540278071","name":"Hobbit Hole","highway":"path","sac_scale":null,"source":"OSM, unverified"},"geometry":{"type":"LineString","coordinates":[[-73.0519,44.4449],[-73.0523,44.445]]}},{"type":"Feature","properties":{"osm_id":"way/540278072","name":"Ramway","highway":"track","sac_scale":null,"source":"OSM, unverified"},"geometry":{"type":"LineString","coordinates":[[-73.0471,44.4452],[-73.0479,44.4435],[-73.0477,44.4419],[-73.0474,44.4418],[-73.047,44.4419],[-73.047,44.4427],[-73.0464,44.4431]]}},{"type":"Feature","properties":{"osm_id":"way/540278075","name":"To the dirt jumps","highway":"track","sac_scale":null,"source":"OSM, unverified"},"geometry":{"type":"LineString","coordinates":[[-73.0508,44.4452],[-73.0505,44.4451]]}},{"type":"Feature","properties":{"osm_id":"way/540278077","name":"Cutoff","highway":"track","sac_scale":null,"source":"OSM, unverified"},"geometry":{"type":"LineString","coordinates":[[-73.0411,44.4469],[-73.0394,44.4474]]}},{"type":"Feature","properties":{"osm_id":"way/542173821","name":"A-Line Drop","highway":"path","sac_scale":null,"source":"OSM, unverified"},"geometry":{"type":"LineString","coordinates":[[-73.0518,44.4446],[-73.0523,44.4447]]}},{"type":"Feature","properties":{"osm_id":"way/542173822","name":"Coyote Turnpike","highway":"path","sac_scale":null,"source":"OSM, unverified"},"geometry":{"type":"LineString","coordinates":[[-73.0355,44.4503],[-73.0352,44.4515],[-73.0359,44.4516],[-73.0363,44.452],[-73.0362,44.4524],[-73.0354,44.453],[-73.036,44.4528],[-73.0362,44.4531],[-73.0368,44.4531],[-73.0373,44.4526],[-73.0378,44.4527],[-73.0381,44.4518],[-73.0388,44.4519],[-73.0395,44.4514],[-73.0393,44.452]]}},{"type":"Feature","properties":{"osm_id":"way/542173824","name":"Newt's Run","highway":"path","sac_scale":null,"source":"OSM, unverified"},"geometry":{"type":"LineString","coordinates":[[-73.0486,44.4529],[-73.0486,44.4531]]}},{"type":"Feature","properties":{"osm_id":"way/542173825","name":"Gremlins","highway":"path","sac_scale":null,"source":"OSM, unverified"},"geometry":{"type":"LineString","coordinates":[[-73.0503,44.4546],[-73.0493,44.4553],[-73.0499,44.4552],[-73.0504,44.4555]]}},{"type":"Feature","properties":{"osm_id":"way/542343080","name":"Connector","highway":"path","sac_scale":null,"source":"OSM, unverified"},"geometry":{"type":"LineString","coordinates":[[-73.0524,44.4449],[-73.0524,44.4449]]}},{"type":"Feature","properties":{"osm_id":"way/542672194","name":"Garden twist","highway":"path","sac_scale":null,"source":"OSM, unverified"},"geometry":{"type":"LineString","coordinates":[[-73.0508,44.4439],[-73.0525,44.4427],[-73.0522,44.4427],[-73.0522,44.4429],[-73.0517,44.4431],[-73.0511,44.4431]]}},{"type":"Feature","properties":{"osm_id":"way/543014506","name":"Connector","highway":"path","sac_scale":null,"source":"OSM, unverified"},"geometry":{"type":"LineString","coordinates":[[-73.0465,44.4549],[-73.0466,44.4551]]}},{"type":"Feature","properties":{"osm_id":"way/543014507","name":"Connector","highway":"path","sac_scale":null,"source":"OSM, unverified"},"geometry":{"type":"LineString","coordinates":[[-73.042,44.4482],[-73.0417,44.4489]]}},{"type":"Feature","properties":{"osm_id":"way/543014508","name":"Connector","highway":"path","sac_scale":null,"source":"OSM, unverified"},"geometry":{"type":"LineString","coordinates":[[-73.0407,44.4487],[-73.0408,44.4485]]}},{"type":"Feature","properties":{"osm_id":"way/543014509","name":"Connector","highway":"path","sac_scale":null,"source":"OSM, unverified"},"geometry":{"type":"LineString","coordinates":[[-73.049,44.4566],[-73.0491,44.4566]]}},{"type":"Feature","properties":{"osm_id":"way/544771187","name":"Connector","highway":"path","sac_scale":null,"source":"OSM, unverified"},"geometry":{"type":"LineString","coordinates":[[-73.0498,44.4424],[-73.0495,44.4423]]}},{"type":"Feature","properties":{"osm_id":"way/544978269","name":"Connector","highway":"path","sac_scale":null,"source":"OSM, unverified"},"geometry":{"type":"LineString","coordinates":[[-73.04,44.4513],[-73.0397,44.4509]]}},{"type":"Feature","properties":{"osm_id":"way/546785656","name":"The Beach","highway":"track","sac_scale":null,"source":"OSM, unverified"},"geometry":{"type":"LineString","coordinates":[[-73.0479,44.4434],[-73.0484,44.4427],[-73.049,44.4423],[-73.0494,44.4423],[-73.0487,44.4433],[-73.049,44.4435],[-73.0511,44.4422],[-73.0514,44.4423],[-73.0508,44.4436],[-73.0508,44.4439],[-73.0504,44.4443],[-73.0498,44.4442],[-73.0491,44.4436],[-73.048,44.4443],[-73.0468,44.4445],[-73.0468,44.4451]]}},{"type":"Feature","properties":{"osm_id":"way/546785657","name":"The Garden","highway":"track","sac_scale":null,"source":"OSM, unverified"},"geometry":{"type":"LineString","coordinates":[[-73.0507,44.4442],[-73.0518,44.4446],[-73.0525,44.4442],[-73.0528,44.4444],[-73.0524,44.4449],[-73.0531,44.445],[-73.0542,44.4432],[-73.0525,44.4428],[-73.0521,44.4435],[-73.0508,44.4439]]}},{"type":"Feature","properties":{"osm_id":"way/546785659","name":"Goose Hill Return","highway":"track","sac_scale":null,"source":"OSM, unverified"},"geometry":{"type":"LineString","coordinates":[[-73.0464,44.4431],[-73.046,44.4434],[-73.0461,44.4439],[-73.0459,44.4441],[-73.0461,44.4443],[-73.0458,44.4443],[-73.0456,44.4439],[-73.0454,44.4439],[-73.045,44.4444],[-73.0451,44.4447],[-73.0455,44.4449],[-73.046,44.4447],[-73.0492,44.4462]]}},{"type":"Feature","properties":{"osm_id":"way/546795061","name":"Monster berms","highway":"path","sac_scale":null,"source":"OSM, unverified"},"geometry":{"type":"LineString","coordinates":[[-73.0499,44.4429],[-73.0496,44.4429]]}},{"type":"Feature","properties":{"osm_id":"way/547766516","name":"Torch","highway":"track","sac_scale":null,"source":"OSM, unverified"},"geometry":{"type":"LineString","coordinates":[[-73.042,44.4489],[-73.0413,44.4502],[-73.0401,44.4506]]}},{"type":"Feature","properties":{"osm_id":"way/547766517","name":"Service Road","highway":"track","sac_scale":null,"source":"OSM, unverified"},"geometry":{"type":"LineString","coordinates":[[-73.0438,44.452],[-73.0416,44.4521],[-73.0405,44.453],[-73.0406,44.4548]]}},{"type":"Feature","properties":{"osm_id":"way/547766518","name":"Applesauce","highway":"path","sac_scale":null,"source":"OSM, unverified"},"geometry":{"type":"LineString","coordinates":[[-73.051,44.4469],[-73.0513,44.4471],[-73.052,44.4468],[-73.052,44.4465]]}},{"type":"Feature","properties":{"osm_id":"way/549724441","name":"Gap Jump A-Line","highway":"path","sac_scale":null,"source":"OSM, unverified"},"geometry":{"type":"LineString","coordinates":[[-73.0499,44.4429],[-73.0494,44.4433]]}},{"type":"Feature","properties":{"osm_id":"way/549724444","name":"Cyclocross Steps","highway":"path","sac_scale":null,"source":"OSM, unverified"},"geometry":{"type":"LineString","coordinates":[[-73.0522,44.4446],[-73.0524,44.4444],[-73.0526,44.4447]]}},{"type":"Feature","properties":{"osm_id":"way/549724447","name":"Midgard","highway":"track","sac_scale":null,"source":"OSM, unverified"},"geometry":{"type":"LineString","coordinates":[[-73.0523,44.4442],[-73.0524,44.4428]]}},{"type":"Feature","properties":{"osm_id":"way/549724448","name":"Midgard","highway":"track","sac_scale":null,"source":"OSM, unverified"},"geometry":{"type":"LineString","coordinates":[[-73.0525,44.4442],[-73.0531,44.4428]]}},{"type":"Feature","properties":{"osm_id":"way/549724450","name":"Sumacs","highway":"path","sac_scale":null,"source":"OSM, unverified"},"geometry":{"type":"LineString","coordinates":[[-73.0492,44.4436],[-73.0488,44.4439],[-73.049,44.4443],[-73.0488,44.4444],[-73.0488,44.4447],[-73.0492,44.4451],[-73.0495,44.4449]]}},{"type":"Feature","properties":{"osm_id":"way/550328484","name":"Snowshoe trail","highway":"path","sac_scale":null,"source":"OSM, unverified"},"geometry":{"type":"LineString","coordinates":[[-73.047,44.4529],[-73.0464,44.4527],[-73.0464,44.4522],[-73.0471,44.452],[-73.0478,44.4508]]}},{"type":"Feature","properties":{"osm_id":"way/557517403","name":"Entrance Trail","highway":"path","sac_scale":null,"source":"OSM, unverified"},"geometry":{"type":"LineString","coordinates":[[-72.6228,44.5726],[-72.6235,44.5729],[-72.6236,44.5745],[-72.6241,44.5759]]}},{"type":"Feature","properties":{"osm_id":"way/557517405","name":"Entrance Trail","highway":"path","sac_scale":null,"source":"OSM, unverified"},"geometry":{"type":"LineString","coordinates":[[-72.6241,44.5759],[-72.6228,44.5781],[-72.6227,44.5803]]}},{"type":"Feature","properties":{"osm_id":"way/557517409","name":"Lower Ridge Trail","highway":"path","sac_scale":null,"source":"OSM, unverified"},"geometry":{"type":"LineString","coordinates":[[-72.624,44.5798],[-72.6246,44.5794],[-72.625,44.5794],[-72.6245,44.579]]}},{"type":"Feature","properties":{"osm_id":"way/557517410","name":"Lower Ridge Trail","highway":"path","sac_scale":null,"source":"OSM, unverified"},"geometry":{"type":"LineString","coordinates":[[-72.6263,44.58],[-72.6245,44.579],[-72.624,44.579],[-72.6236,44.5817],[-72.6233,44.5817],[-72.6237,44.5818],[-72.624,44.581],[-72.624,44.5798],[-72.6251,44.5804],[-72.6255,44.5798],[-72.6263,44.5808]]}},{"type":"Feature","properties":{"osm_id":"way/557517415","name":"Climb Up","highway":"path","sac_scale":null,"source":"OSM, unverified"},"geometry":{"type":"LineString","coordinates":[[-72.6252,44.5821],[-72.626,44.5814],[-72.6264,44.5803],[-72.6268,44.5808],[-72.627,44.5804],[-72.6271,44.5806],[-72.6273,44.5804],[-72.6277,44.5807],[-72.6281,44.58],[-72.6276,44.5794],[-72.6277,44.5786],[-72.6274,44.5782],[-72.6275,44.5777],[-72.628,44.5775]]}},{"type":"Feature","properties":{"osm_id":"way/557517446","name":"Main Vain","highway":"path","sac_scale":null,"source":"OSM, unverified"},"geometry":{"type":"LineString","coordinates":[[-72.6289,44.5803],[-72.629,44.5781],[-72.6287,44.5775],[-72.629,44.577],[-72.6284,44.5763]]}},{"type":"Feature","properties":{"osm_id":"way/557517474","name":"Sniper","highway":"path","sac_scale":null,"source":"OSM, unverified"},"geometry":{"type":"LineString","coordinates":[[-72.6314,44.5776],[-72.6313,44.5781],[-72.6303,44.5786],[-72.6305,44.579],[-72.6303,44.5786]]}},{"type":"Feature","properties":{"osm_id":"way/557517475","name":"Man Down","highway":"path","sac_scale":null,"source":"OSM, unverified"},"geometry":{"type":"LineString","coordinates":[[-72.6318,44.5782],[-72.6306,44.5805],[-72.6293,44.5807]]}},{"type":"Feature","properties":{"osm_id":"way/557521299","name":"Bench Cut","highway":"path","sac_scale":null,"source":"OSM, unverified"},"geometry":{"type":"LineString","coordinates":[[-72.6271,44.5752],[-72.6269,44.5751],[-72.6269,44.5747],[-72.6258,44.5753],[-72.6236,44.5743]]}},{"type":"Feature","properties":{"osm_id":"way/557521317","name":"Left Side","highway":"path","sac_scale":null,"source":"OSM, unverified"},"geometry":{"type":"LineString","coordinates":[[-72.6284,44.5647],[-72.627,44.565],[-72.6267,44.5674],[-72.6262,44.5678],[-72.6265,44.5667],[-72.6261,44.5651],[-72.6267,44.5637],[-72.6258,44.5634],[-72.6257,44.5637],[-72.6263,44.564],[-72.6259,44.5646],[-72.6248,44.5674],[-72.6247,44.5662],[-72.6239,44.5654],[-72.6234,44.5662],[-72.623,44.5678],[-72.6244,44.5693],[-72.6253,44.5693],[-72.6252,44.5704],[-72.6265,44.571],[-72.6266,44.5716],[-72.6272,44.5717],[-72.6278,44.5711],[-72.6278,44.5715],[-72.6293,44.5727]]}},{"type":"Feature","properties":{"osm_id":"way/557521327","name":"Rock'n Roll","highway":"path","sac_scale":null,"source":"OSM, unverified"},"geometry":{"type":"LineString","coordinates":[[-72.6321,44.5743],[-72.6314,44.5744],[-72.6299,44.5737],[-72.6293,44.5727]]}},{"type":"Feature","properties":{"osm_id":"way/557521329","name":"Steep Down","highway":"path","sac_scale":null,"source":"OSM, unverified"},"geometry":{"type":"LineString","coordinates":[[-72.6351,44.5776],[-72.6342,44.5778],[-72.6339,44.5768],[-72.6339,44.5762],[-72.6331,44.576],[-72.633,44.5754],[-72.632,44.5746]]}},{"type":"Feature","properties":{"osm_id":"way/557521332","name":"Tower Climb","highway":"path","sac_scale":null,"source":"OSM, unverified"},"geometry":{"type":"LineString","coordinates":[[-72.6319,44.5783],[-72.6326,44.5786],[-72.6329,44.5792],[-72.6342,44.5802],[-72.6338,44.5819],[-72.6332,44.5821],[-72.6335,44.5824],[-72.6338,44.5833],[-72.635,44.5842],[-72.6358,44.584],[-72.6361,44.5849]]}},{"type":"Feature","properties":{"osm_id":"way/557521336","name":"Tower Climb","highway":"path","sac_scale":null,"source":"OSM, unverified"},"geometry":{"type":"LineString","coordinates":[[-72.6361,44.5849],[-72.6365,44.5832],[-72.6364,44.583],[-72.6355,44.5832],[-72.6353,44.583],[-72.636,44.5803],[-72.6356,44.5803],[-72.6355,44.5799],[-72.6353,44.5789],[-72.6354,44.5779],[-72.6351,44.5776]]}},{"type":"Feature","properties":{"osm_id":"way/563372481","name":"West Wheelock Road","highway":"track","sac_scale":null,"source":"OSM, unverified"},"geometry":{"type":"LineString","coordinates":[[-72.2094,44.571],[-72.209,44.572],[-72.2066,44.5734],[-72.2053,44.5749],[-72.2049,44.5767],[-72.2028,44.5832]]}},{"type":"Feature","properties":{"osm_id":"way/564106944","name":"Gallup Road","highway":"track","sac_scale":null,"source":"OSM, unverified"},"geometry":{"type":"LineString","coordinates":[[-72.6491,44.5493],[-72.6467,44.5484],[-72.645,44.5481],[-72.643,44.5473],[-72.6401,44.5454],[-72.6394,44.5452]]}},{"type":"Feature","properties":{"osm_id":"way/564111442","name":"Snap to Connector","highway":"path","sac_scale":null,"source":"OSM, unverified"},"geometry":{"type":"LineString","coordinates":[[-72.6981,44.4672],[-72.6989,44.4666]]}},{"type":"Feature","properties":{"osm_id":"way/564394510","name":"Stonewall","highway":"path","sac_scale":null,"source":"OSM, unverified"},"geometry":{"type":"LineString","coordinates":[[-72.7701,44.399],[-72.7707,44.3989],[-72.7714,44.3984],[-72.771,44.3982],[-72.7712,44.3981],[-72.7711,44.3979],[-72.7702,44.3976],[-72.7717,44.3975],[-72.7712,44.3973],[-72.7715,44.3972],[-72.7711,44.3969],[-72.7715,44.3967],[-72.7712,44.396],[-72.7705,44.3957],[-72.7706,44.3954]]}},{"type":"Feature","properties":{"osm_id":"way/564394514","name":"Hillfarmer","highway":"path","sac_scale":null,"source":"OSM, unverified"},"geometry":{"type":"LineString","coordinates":[[-72.7772,44.4071],[-72.7776,44.4068],[-72.7772,44.4063],[-72.777,44.4057],[-72.7787,44.4063],[-72.7788,44.4057],[-72.7793,44.4056],[-72.7791,44.4052],[-72.7798,44.4054],[-72.7795,44.4047],[-72.7782,44.4035],[-72.7774,44.4031]]}},{"type":"Feature","properties":{"osm_id":"way/564394517","name":"Highbridge","highway":"path","sac_scale":null,"source":"OSM, unverified"},"geometry":{"type":"LineString","coordinates":[[-72.7732,44.4022],[-72.7743,44.4023],[-72.7757,44.403],[-72.7804,44.4032],[-72.7805,44.4026],[-72.7817,44.403],[-72.7819,44.4024],[-72.7824,44.4019]]}},{"type":"Feature","properties":{"osm_id":"way/564394519","name":"Dalley Loop","highway":"track","sac_scale":null,"source":"OSM, unverified"},"geometry":{"type":"LineString","coordinates":[[-72.7926,44.4044],[-72.7934,44.4048],[-72.7944,44.4047],[-72.7975,44.403],[-72.7984,44.4021],[-72.7991,44.4022]]}},{"type":"Feature","properties":{"osm_id":"way/564394520","name":"Dalley Loop","highway":"track","sac_scale":null,"source":"OSM, unverified"},"geometry":{"type":"LineString","coordinates":[[-72.7684,44.3942],[-72.7699,44.3977],[-72.77,44.3995],[-72.7711,44.4004]]}},{"type":"Feature","properties":{"osm_id":"way/564395740","name":"Stump Dump","highway":"track","sac_scale":null,"source":"OSM, unverified"},"geometry":{"type":"LineString","coordinates":[[-72.7221,44.4406],[-72.7231,44.4409],[-72.7236,44.4404],[-72.7245,44.4406]]}},{"type":"Feature","properties":{"osm_id":"way/564395743","name":"Alex's Trail","highway":"path","sac_scale":null,"source":"OSM, unverified"},"geometry":{"type":"LineString","coordinates":[[-72.7245,44.4406],[-72.7255,44.4403],[-72.7271,44.441],[-72.7287,44.4421],[-72.7291,44.4426],[-72.7291,44.4429],[-72.7287,44.4429],[-72.7289,44.4435],[-72.7286,44.4438],[-72.729,44.4448],[-72.7306,44.4453],[-72.7305,44.4447],[-72.7295,44.4442],[-72.7289,44.4435]]}},{"type":"Feature","properties":{"osm_id":"way/564842474","name":"Logging Road","highway":"path","sac_scale":null,"source":"OSM, unverified"},"geometry":{"type":"LineString","coordinates":[[-73.0297,44.3245],[-73.0302,44.3241],[-73.0304,44.3237]]}},{"type":"Feature","properties":{"osm_id":"way/564842475","name":"Homestead","highway":"path","sac_scale":null,"source":"OSM, unverified"},"geometry":{"type":"LineString","coordinates":[[-73.0333,44.334],[-73.0326,44.3336],[-73.032,44.3326],[-73.0304,44.3319],[-73.0292,44.3318],[-73.0281,44.3323],[-73.0272,44.332],[-73.0266,44.3312],[-73.0266,44.3308],[-73.0269,44.3306],[-73.0261,44.3296],[-73.0257,44.3279],[-73.0263,44.3276],[-73.0261,44.3273],[-73.0273,44.3272],[-73.0272,44.3268],[-73.0276,44.3264],[-73.0273,44.3253],[-73.0275,44.3247],[-73.0278,44.3247],[-73.0282,44.3251],[-73.0286,44.3246],[-73.0289,44.3245],[-73.0288,44.3249],[-73.0293,44.3247],[-73.0295,44.3243],[-73.0297,44.3243],[-73.0297,44.3245]]}},{"type":"Feature","properties":{"osm_id":"way/564842476","name":"The Preacher","highway":"path","sac_scale":null,"source":"OSM, unverified"},"geometry":{"type":"LineString","coordinates":[[-73.0342,44.2986],[-73.033,44.298],[-73.0323,44.2981],[-73.0324,44.2984],[-73.0318,44.298],[-73.0311,44.2982],[-73.0311,44.2976],[-73.0304,44.2973],[-73.0313,44.2973],[-73.0313,44.297],[-73.0308,44.2969],[-73.0304,44.2961],[-73.03,44.2962],[-73.0291,44.2952],[-73.0285,44.295],[-73.0269,44.2951],[-73.0267,44.2942],[-73.0269,44.2937],[-73.0264,44.2936],[-73.0263,44.2929],[-73.0259,44.293],[-73.0258,44.2926],[-73.0254,44.2925],[-73.0249,44.2927],[-73.0246,44.2922]]}},{"type":"Feature","properties":{"osm_id":"way/564842478","name":"Front Door","highway":"path","sac_scale":null,"source":"OSM, unverified"},"geometry":{"type":"LineString","coordinates":[[-73.0293,44.3],[-73.027,44.3],[-73.0264,44.2997],[-73.0259,44.2983],[-73.0249,44.2986],[-73.0249,44.2988],[-73.0243,44.2992],[-73.0235,44.296],[-73.024,44.2955],[-73.0239,44.2949],[-73.0245,44.294],[-73.0243,44.2926],[-73.0245,44.2923],[-73.024,44.2925],[-73.0238,44.2921],[-73.0233,44.2928],[-73.023,44.2912],[-73.022,44.2915],[-73.0214,44.291],[-73.0198,44.2912],[-73.0194,44.291],[-73.0199,44.2902],[-73.021,44.2894],[-73.0228,44.2887]]}},{"type":"Feature","properties":{"osm_id":"way/564842479","name":"Repeat","highway":"path","sac_scale":null,"source":"OSM, unverified"},"geometry":{"type":"LineString","coordinates":[[-73.0304,44.2974],[-73.0296,44.2977],[-73.0303,44.2982],[-73.0305,44.2989],[-73.0313,44.2998],[-73.03,44.2997],[-73.0293,44.3]]}},{"type":"Feature","properties":{"osm_id":"way/564842480","name":"Connector","highway":"path","sac_scale":null,"source":"OSM, unverified"},"geometry":{"type":"LineString","coordinates":[[-73.0217,44.2912],[-73.0223,44.2906],[-73.0239,44.29]]}},{"type":"Feature","properties":{"osm_id":"way/564842481","name":"Crucible","highway":"path","sac_scale":null,"source":"OSM, unverified"},"geometry":{"type":"LineString","coordinates":[[-73.0245,44.2923],[-73.0255,44.2918],[-73.0254,44.2912],[-73.0241,44.2912],[-73.0239,44.2911],[-73.0243,44.2906],[-73.0237,44.2908],[-73.0239,44.2905],[-73.0235,44.2901]]}},{"type":"Feature","properties":{"osm_id":"way/564842482","name":"Voodoo Child","highway":"path","sac_scale":null,"source":"OSM, unverified"},"geometry":{"type":"LineString","coordinates":[[-73.0249,44.2898],[-73.0247,44.2891],[-73.0243,44.2888],[-73.0228,44.2887]]}},{"type":"Feature","properties":{"osm_id":"way/564843395","name":"Millenium Falcon","highway":"path","sac_scale":null,"source":"OSM, unverified"},"geometry":{"type":"LineString","coordinates":[[-73.0379,44.3534],[-73.0383,44.3536],[-73.0378,44.3542],[-73.0376,44.3551],[-73.0381,44.3556],[-73.0393,44.3558],[-73.0402,44.3554],[-73.041,44.3559],[-73.0413,44.3558],[-73.0412,44.3554],[-73.0399,44.3527],[-73.0398,44.3513],[-73.0386,44.3504],[-73.0383,44.3494],[-73.0367,44.3484],[-73.0359,44.3485],[-73.0353,44.3489]]}},{"type":"Feature","properties":{"osm_id":"way/564843396","name":"Chewy's Connector","highway":"path","sac_scale":null,"source":"OSM, unverified"},"geometry":{"type":"LineString","coordinates":[[-73.0474,44.3569],[-73.0477,44.3574],[-73.0486,44.3574],[-73.0488,44.3578],[-73.0493,44.3581],[-73.0497,44.359],[-73.0495,44.3593],[-73.0498,44.3595],[-73.0496,44.3603],[-73.0499,44.361],[-73.0497,44.3613],[-73.0504,44.3624],[-73.0524,44.3642],[-73.0539,44.3649],[-73.0544,44.3657],[-73.0556,44.3666],[-73.0556,44.3688]]}},{"type":"Feature","properties":{"osm_id":"way/565827703","name":"County Cross Road","highway":"track","sac_scale":null,"source":"OSM, unverified"},"geometry":{"type":"LineString","coordinates":[[-73.0477,43.9932],[-73.0531,43.9931],[-73.0554,43.9935],[-73.0571,43.9931],[-73.0586,43.9932]]}},{"type":"Feature","properties":{"osm_id":"way/565851889","name":"Leonard Road","highway":"track","sac_scale":null,"source":"OSM, unverified"},"geometry":{"type":"LineString","coordinates":[[-72.4818,44.3445],[-72.4794,44.3447],[-72.4772,44.3446],[-72.4732,44.3433],[-72.4685,44.3424],[-72.4673,44.3418]]}},{"type":"Feature","properties":{"osm_id":"way/565851907","name":"Old Log Road","highway":"track","sac_scale":null,"source":"OSM, unverified"},"geometry":{"type":"LineString","coordinates":[[-72.4618,44.4177],[-72.4619,44.4189],[-72.4605,44.4209],[-72.461,44.4219],[-72.4607,44.423]]}},{"type":"Feature","properties":{"osm_id":"way/565864306","name":"Extendo","highway":"path","sac_scale":null,"source":"OSM, unverified"},"geometry":{"type":"LineString","coordinates":[[-73.0325,44.4914],[-73.0325,44.4916],[-73.0333,44.4919],[-73.0328,44.4924]]}},{"type":"Feature","properties":{"osm_id":"way/565869409","name":"Valley View Shortcut","highway":"path","sac_scale":null,"source":"OSM, unverified"},"geometry":{"type":"LineString","coordinates":[[-72.991,44.4551],[-72.9921,44.4544]]}},{"type":"Feature","properties":{"osm_id":"way/565869411","name":"Ridge Connector","highway":"path","sac_scale":null,"source":"OSM, unverified"},"geometry":{"type":"LineString","coordinates":[[-72.9904,44.4516],[-72.9906,44.4512]]}},{"type":"Feature","properties":{"osm_id":"way/565869412","name":"Browns Trace Access","highway":"path","sac_scale":null,"source":"OSM, unverified"},"geometry":{"type":"LineString","coordinates":[[-72.9762,44.4491],[-72.9759,44.4497],[-72.9772,44.4508],[-72.9771,44.4517],[-72.9777,44.4526],[-72.9791,44.4526],[-72.9805,44.4533],[-72.9814,44.4544],[-72.982,44.4545],[-72.9825,44.4549],[-72.9829,44.4549],[-72.9832,44.4546]]}},{"type":"Feature","properties":{"osm_id":"way/565869413","name":"Lost Island","highway":"path","sac_scale":null,"source":"OSM, unverified"},"geometry":{"type":"LineString","coordinates":[[-72.9829,44.4518],[-72.9824,44.4521],[-72.9821,44.4526],[-72.9818,44.452],[-72.9817,44.4525],[-72.9812,44.4524],[-72.9824,44.4534],[-72.9828,44.453],[-72.9824,44.4527]]}},{"type":"Feature","properties":{"osm_id":"way/565869414","name":"Southern Border","highway":"path","sac_scale":null,"source":"OSM, unverified"},"geometry":{"type":"LineString","coordinates":[[-72.9857,44.4505],[-72.9846,44.4501],[-72.982,44.4504]]}},{"type":"Feature","properties":{"osm_id":"way/565996169","name":"North Road","highway":"track","sac_scale":null,"source":"OSM, unverified"},"geometry":{"type":"LineString","coordinates":[[-72.3417,44.4425],[-72.3391,44.4432],[-72.3355,44.4457],[-72.3335,44.4462]]}},{"type":"Feature","properties":{"osm_id":"way/567920915","name":"Curtis Road","highway":"track","sac_scale":null,"source":"OSM, unverified"},"geometry":{"type":"LineString","coordinates":[[-72.4358,44.2154],[-72.4298,44.2143],[-72.4297,44.2141],[-72.43,44.2137],[-72.4298,44.2132]]}},{"type":"Feature","properties":{"osm_id":"way/581661057","name":"Darling Hill Road","highway":"track","sac_scale":null,"source":"OSM, unverified"},"geometry":{"type":"LineString","coordinates":[[-72.3231,43.9608],[-72.3222,43.9605],[-72.3214,43.9599],[-72.3192,43.9611],[-72.3179,43.9614]]}},{"type":"Feature","properties":{"osm_id":"way/595153641","name":"Telemark Trail","highway":"path","sac_scale":null,"source":"OSM, unverified"},"geometry":{"type":"LineString","coordinates":[[-72.7462,44.4658],[-72.7452,44.466],[-72.7444,44.4667]]}},{"type":"Feature","properties":{"osm_id":"way/595153645","name":"Telemark Trail","highway":"path","sac_scale":null,"source":"OSM, unverified"},"geometry":{"type":"LineString","coordinates":[[-72.7441,44.4682],[-72.7442,44.4685]]}},{"type":"Feature","properties":{"osm_id":"way/595153648","name":"Luce Hill Loop","highway":"path","sac_scale":null,"source":"OSM, unverified"},"geometry":{"type":"LineString","coordinates":[[-72.7471,44.4718],[-72.7459,44.4705],[-72.7455,44.4695],[-72.7452,44.4693],[-72.745,44.4695],[-72.7445,44.4691],[-72.7442,44.4685]]}},{"type":"Feature","properties":{"osm_id":"way/595153653","name":"Telemark Trail","highway":"path","sac_scale":null,"source":"OSM, unverified"},"geometry":{"type":"LineString","coordinates":[[-72.7442,44.4685],[-72.7443,44.4691],[-72.7451,44.4698],[-72.7457,44.4708],[-72.7467,44.4718],[-72.7471,44.4718]]}},{"type":"Feature","properties":{"osm_id":"way/595153657","name":"Luce Hill Loop","highway":"path","sac_scale":null,"source":"OSM, unverified"},"geometry":{"type":"LineString","coordinates":[[-72.7483,44.4719],[-72.7487,44.4724],[-72.7478,44.472],[-72.7486,44.4727],[-72.7471,44.4718]]}},{"type":"Feature","properties":{"osm_id":"way/595153661","name":"Telemark Trail","highway":"path","sac_scale":null,"source":"OSM, unverified"},"geometry":{"type":"LineString","coordinates":[[-72.7471,44.4718],[-72.7486,44.4719],[-72.7496,44.4714]]}},{"type":"Feature","properties":{"osm_id":"way/595153665","name":"Telemark Trail","highway":"path","sac_scale":null,"source":"OSM, unverified"},"geometry":{"type":"LineString","coordinates":[[-72.7505,44.4714],[-72.7524,44.4716]]}},{"type":"Feature","properties":{"osm_id":"way/595153668","name":"Telemark Trail","highway":"path","sac_scale":null,"source":"OSM, unverified"},"geometry":{"type":"LineString","coordinates":[[-72.7524,44.4716],[-72.7526,44.4716]]}},{"type":"Feature","properties":{"osm_id":"way/595159714","name":"Greenway Loop","highway":"path","sac_scale":null,"source":"OSM, unverified"},"geometry":{"type":"LineString","coordinates":[[-72.7434,44.4604],[-72.743,44.4623]]}},{"type":"Feature","properties":{"osm_id":"way/595188850","name":"Hop Over","highway":"path","sac_scale":null,"source":"OSM, unverified"},"geometry":{"type":"LineString","coordinates":[[-72.7359,44.4671],[-72.7357,44.4688],[-72.7358,44.469],[-72.7347,44.4695]]}},{"type":"Feature","properties":{"osm_id":"way/597935280","name":"Pickles Path","highway":"path","sac_scale":null,"source":"OSM, unverified"},"geometry":{"type":"LineString","coordinates":[[-72.718,44.4692],[-72.7189,44.4679],[-72.7191,44.4665],[-72.7198,44.4662],[-72.72,44.4657],[-72.7216,44.4656],[-72.7221,44.465]]}},{"type":"Feature","properties":{"osm_id":"way/607123380","name":"Robert Frost Interpretive Trail","highway":"path","sac_scale":null,"source":"OSM, unverified"},"geometry":{"type":"LineString","coordinates":[[-73.0099,43.9555],[-73.0091,43.9558],[-73.0067,43.9555],[-73.0063,43.9556],[-73.0064,43.9557],[-73.0063,43.9559],[-73.0068,43.9563],[-73.0076,43.9564],[-73.0078,43.9564],[-73.008,43.956],[-73.0085,43.9559],[-73.011,43.9562],[-73.0108,43.956],[-73.0097,43.956],[-73.0102,43.9557],[-73.0099,43.9555]]}},{"type":"Feature","properties":{"osm_id":"way/607123591","name":"Water Tower Crosswalk trail","highway":"path","sac_scale":null,"source":"OSM, unverified"},"geometry":{"type":"LineString","coordinates":[[-73.0099,43.9555],[-73.0126,43.9547],[-73.0157,43.9529],[-73.0167,43.9526],[-73.0171,43.9527]]}},{"type":"Feature","properties":{"osm_id":"way/607123811","name":"Water Tower Afternoon Delight Trail","highway":"path","sac_scale":null,"source":"OSM, unverified"},"geometry":{"type":"LineString","coordinates":[[-73.0146,43.9536],[-73.0147,43.9532],[-73.0143,43.9524],[-73.0139,43.9521],[-73.0132,43.9499],[-73.0151,43.9467]]}},{"type":"Feature","properties":{"osm_id":"way/607123961","name":"Water Tower North Star Trail","highway":"path","sac_scale":null,"source":"OSM, unverified"},"geometry":{"type":"LineString","coordinates":[[-73.0116,43.9552],[-73.0091,43.9532],[-73.0085,43.9516],[-73.0086,43.9497],[-73.0083,43.9484],[-73.0076,43.9475],[-73.0077,43.9469],[-73.0085,43.9461]]}},{"type":"Feature","properties":{"osm_id":"way/609606281","name":"Skylight Pond Trail West","highway":"path","sac_scale":null,"source":"OSM, unverified"},"geometry":{"type":"LineString","coordinates":[[-72.9374,43.9887],[-72.9383,43.9888],[-72.9386,43.9891],[-72.9384,43.9895],[-72.9386,43.9897],[-72.9398,43.9892],[-72.94,43.9888],[-72.9405,43.9886],[-72.9414,43.9894],[-72.9413,43.9905],[-72.9426,43.99],[-72.9427,43.9905],[-72.9433,43.9902],[-72.9441,43.9894],[-72.9441,43.9891],[-72.9458,43.9872],[-72.9461,43.9872],[-72.9464,43.9877],[-72.949,43.9859],[-72.9492,43.9863],[-72.9501,43.9857],[-72.9505,43.9857],[-72.9508,43.9862],[-72.9515,43.9862],[-72.9513,43.9869],[-72.9514,43.9873],[-72.952,43.9873],[-72.9527,43.9883],[-72.9534,43.9881],[-72.9572,43.988],[-72.9588,43.9886],[-72.9599,43.9887],[-72.9615,43.9894],[-72.963,43.9916],[-72.9635,43.9919],[-72.9663,43.9923]]}},{"type":"Feature","properties":{"osm_id":"way/609606282","name":"Hill Trail","highway":"footway","sac_scale":null,"source":"OSM, unverified"},"geometry":{"type":"LineString","coordinates":[[-72.9448,43.9595],[-72.9456,43.9603],[-72.9464,43.9606],[-72.9475,43.9603],[-72.9489,43.9607],[-72.9522,43.9605],[-72.9542,43.9608],[-72.9592,43.9601],[-72.9601,43.9596],[-72.9635,43.9589],[-72.9667,43.9588],[-72.9674,43.9591],[-72.9707,43.9587],[-72.9716,43.9581]]}},{"type":"Feature","properties":{"osm_id":"way/609606284","name":"Clark Brook Trail","highway":"footway","sac_scale":null,"source":"OSM, unverified"},"geometry":{"type":"LineString","coordinates":[[-72.9194,44.0161],[-72.9186,44.0157],[-72.9169,44.0156],[-72.9155,44.0158],[-72.9145,44.0152],[-72.913,44.0157],[-72.9117,44.0155],[-72.9108,44.0151],[-72.9106,44.0136],[-72.9102,44.0132],[-72.91,44.0125],[-72.9092,44.012],[-72.9088,44.012],[-72.908,44.0114],[-72.9037,44.0101],[-72.8989,44.0079],[-72.898,44.0079],[-72.8973,44.0073],[-72.8963,44.0071],[-72.8954,44.0062],[-72.893,44.0054],[-72.8912,44.0039],[-72.891,44.0035],[-72.8903,44.0033],[-72.89,44.0027],[-72.8877,44.0013],[-72.8867,44.001],[-72.8866,44.0006],[-72.886,44.0002],[-72.8834,43.9995],[-72.8793,43.9971],[-72.8782,43.9956],[-72.8781,43.9952],[-72.8784,43.9946]]}},{"type":"Feature","properties":{"osm_id":"way/609606285","name":"Emily Proctor Trail","highway":"path","sac_scale":null,"source":"OSM, unverified"},"geometry":{"type":"LineString","coordinates":[[-72.9322,44.0015],[-72.9323,44.0035],[-72.9327,44.0045],[-72.9337,44.0056],[-72.9339,44.0066],[-72.9334,44.0085],[-72.9324,44.0112],[-72.9322,44.0135],[-72.9342,44.0154],[-72.9345,44.0164],[-72.9356,44.0171],[-72.9362,44.0171],[-72.9363,44.0184],[-72.937,44.019],[-72.9377,44.02],[-72.9379,44.0205],[-72.9377,44.021],[-72.9383,44.0233],[-72.9385,44.025],[-72.9392,44.0256],[-72.9396,44.0269],[-72.9389,44.0284],[-72.939,44.0297],[-72.9418,44.0314],[-72.9453,44.0324],[-72.9456,44.0326],[-72.9461,44.0338],[-72.9473,44.0348],[-72.9497,44.0357],[-72.9502,44.0361],[-72.9504,44.0371],[-72.952,44.0386],[-72.9521,44.0395],[-72.9529,44.0397],[-72.9534,44.0402],[-72.9533,44.0406]]}},{"type":"Feature","properties":{"osm_id":"way/609606286","name":"Cooley Glen Trail","highway":"footway","sac_scale":null,"source":"OSM, unverified"},"geometry":{"type":"LineString","coordinates":[[-72.9533,44.0406],[-72.9525,44.0404],[-72.9501,44.0387],[-72.9489,44.0375],[-72.9483,44.0366],[-72.946,44.0359],[-72.9449,44.0353],[-72.9436,44.0354],[-72.9431,44.0347],[-72.9424,44.0344],[-72.9413,44.0343],[-72.9395,44.0336],[-72.935,44.0337],[-72.9326,44.0342],[-72.9306,44.0341],[-72.9291,44.0344],[-72.9281,44.0342],[-72.9274,44.0345],[-72.9255,44.0338],[-72.9236,44.034],[-72.9232,44.0344],[-72.9244,44.037],[-72.9243,44.038],[-72.9248,44.0389],[-72.9246,44.0391],[-72.9228,44.0395],[-72.9212,44.0405],[-72.9196,44.0424],[-72.9187,44.0453],[-72.9181,44.0458],[-72.9168,44.0463],[-72.9152,44.0486],[-72.914,44.0495]]}},{"type":"Feature","properties":{"osm_id":"way/609951280","name":"Catamount Trail","highway":"path","sac_scale":null,"source":"OSM, unverified"},"geometry":{"type":"LineString","coordinates":[[-72.715,44.5499],[-72.7148,44.55],[-72.7142,44.5509],[-72.7135,44.5512],[-72.7133,44.5524],[-72.7137,44.5534],[-72.7145,44.5543],[-72.7147,44.5553],[-72.7128,44.5558],[-72.7091,44.5556],[-72.7082,44.5562],[-72.7074,44.5577],[-72.7045,44.5574]]}},{"type":"Feature","properties":{"osm_id":"way/610030767","name":"Log Town Road","highway":"track","sac_scale":null,"source":"OSM, unverified"},"geometry":{"type":"LineString","coordinates":[[-72.4679,44.4237],[-72.4664,44.425],[-72.4636,44.4261]]}},{"type":"Feature","properties":{"osm_id":"way/610067097","name":"Pop's Ledges","highway":"path","sac_scale":null,"source":"OSM, unverified"},"geometry":{"type":"LineString","coordinates":[[-73.0365,44.4504],[-73.0371,44.4499],[-73.0367,44.4506]]}},{"type":"Feature","properties":{"osm_id":"way/610198487","name":"Lower Derby Trail","highway":"path","sac_scale":null,"source":"OSM, unverified"},"geometry":{"type":"LineString","coordinates":[[-72.7661,44.5037],[-72.7661,44.5039]]}},{"type":"Feature","properties":{"osm_id":"way/610198488","name":"Lower Derby Trail","highway":"path","sac_scale":null,"source":"OSM, unverified"},"geometry":{"type":"LineString","coordinates":[[-72.7661,44.5039],[-72.7661,44.504]]}},{"type":"Feature","properties":{"osm_id":"way/616903783","name":"Enchanted Forest Trail","highway":"path","sac_scale":null,"source":"OSM, unverified"},"geometry":{"type":"LineString","coordinates":[[-72.8697,44.1647],[-72.869,44.1641],[-72.8685,44.1641],[-72.8678,44.1645],[-72.867,44.1642],[-72.8669,44.1639],[-72.8673,44.1633],[-72.8671,44.1631],[-72.8659,44.1635],[-72.8655,44.1634],[-72.8653,44.1628],[-72.8656,44.1624],[-72.8649,44.1617],[-72.8615,44.162],[-72.8601,44.1634],[-72.8589,44.1633],[-72.858,44.1635],[-72.8571,44.1628],[-72.8548,44.1633],[-72.8511,44.1626],[-72.8503,44.1627]]}},{"type":"Feature","properties":{"osm_id":"way/618059833","name":"Kettle Pond Loop Trail","highway":"path","sac_scale":null,"source":"OSM, unverified"},"geometry":{"type":"LineString","coordinates":[[-72.3049,44.2952],[-72.3076,44.296],[-72.3081,44.2969],[-72.3116,44.2986],[-72.3123,44.2984],[-72.3125,44.2981],[-72.314,44.2981],[-72.3149,44.2977],[-72.3164,44.296],[-72.3179,44.2961],[-72.3187,44.2966],[-72.3198,44.2969],[-72.3212,44.2965],[-72.3219,44.2966],[-72.3237,44.2965],[-72.3241,44.2962]]}},{"type":"Feature","properties":{"osm_id":"way/618059834","name":"Kettle Pond Loop Trail","highway":"path","sac_scale":null,"source":"OSM, unverified"},"geometry":{"type":"LineString","coordinates":[[-72.3241,44.2962],[-72.325,44.2959],[-72.3265,44.2959],[-72.3273,44.2952],[-72.3286,44.2955],[-72.33,44.2956],[-72.3313,44.2945],[-72.3312,44.2942],[-72.3302,44.2939],[-72.3286,44.2938],[-72.3274,44.2935],[-72.3263,44.294],[-72.3251,44.2937],[-72.3174,44.294],[-72.3124,44.2937],[-72.311,44.2941],[-72.3104,44.2938]]}},{"type":"Feature","properties":{"osm_id":"way/618680551","name":"Mount Worcester Trail","highway":"path","sac_scale":null,"source":"OSM, unverified"},"geometry":{"type":"LineString","coordinates":[[-72.574,44.4218],[-72.5775,44.4223],[-72.5778,44.4227],[-72.579,44.4231],[-72.5802,44.4241],[-72.5812,44.4243],[-72.5819,44.4255],[-72.5826,44.426],[-72.5839,44.4264],[-72.5841,44.4274],[-72.5859,44.4277],[-72.5875,44.4285],[-72.5895,44.4305],[-72.5908,44.4314],[-72.5905,44.4331],[-72.5909,44.4338],[-72.5907,44.4365],[-72.591,44.4374],[-72.591,44.4382],[-72.5889,44.4398],[-72.5882,44.4419],[-72.589,44.4421],[-72.5905,44.4431],[-72.5914,44.4433],[-72.5919,44.4431]]}},{"type":"Feature","properties":{"osm_id":"way/620727849","name":"Connector","highway":"path","sac_scale":null,"source":"OSM, unverified"},"geometry":{"type":"LineString","coordinates":[[-72.5719,44.2774],[-72.5718,44.2773]]}},{"type":"Feature","properties":{"osm_id":"way/620727850","name":"Connector","highway":"path","sac_scale":null,"source":"OSM, unverified"},"geometry":{"type":"LineString","coordinates":[[-72.5718,44.2773],[-72.5714,44.2773]]}},{"type":"Feature","properties":{"osm_id":"way/620727851","name":"Connector","highway":"path","sac_scale":null,"source":"OSM, unverified"},"geometry":{"type":"LineString","coordinates":[[-72.5714,44.2773],[-72.571,44.2773],[-72.5705,44.2768]]}},{"type":"Feature","properties":{"osm_id":"way/620906638","name":"Buffalo Mountain Road","highway":"track","sac_scale":null,"source":"OSM, unverified"},"geometry":{"type":"LineString","coordinates":[[-72.4032,44.4941],[-72.4005,44.4954],[-72.3968,44.4963],[-72.3945,44.4965],[-72.3932,44.4959],[-72.3909,44.4959],[-72.3901,44.4948],[-72.3886,44.4939],[-72.3871,44.4937],[-72.3849,44.494]]}},{"type":"Feature","properties":{"osm_id":"way/620929600","name":"North Branch Trail","highway":"path","sac_scale":null,"source":"OSM, unverified"},"geometry":{"type":"LineString","coordinates":[[-72.5713,44.2836],[-72.5728,44.2854],[-72.5745,44.2867],[-72.5763,44.2856],[-72.5764,44.2852],[-72.5757,44.2848]]}},{"type":"Feature","properties":{"osm_id":"way/620929602","name":"North Branch Trail","highway":"path","sac_scale":null,"source":"OSM, unverified"},"geometry":{"type":"LineString","coordinates":[[-72.5711,44.2835],[-72.5713,44.2836]]}},{"type":"Feature","properties":{"osm_id":"way/624734132","name":"Catamount","highway":"path","sac_scale":null,"source":"OSM, unverified"},"geometry":{"type":"LineString","coordinates":[[-72.8829,44.1795],[-72.8827,44.1793],[-72.8819,44.1794],[-72.8808,44.18],[-72.8807,44.1805],[-72.8804,44.1806],[-72.8805,44.1803],[-72.8801,44.1803],[-72.8804,44.1801],[-72.8799,44.1802],[-72.8797,44.1798],[-72.8784,44.1792],[-72.8792,44.1784],[-72.881,44.1775],[-72.8811,44.1768],[-72.8816,44.1759],[-72.8813,44.1749],[-72.881,44.1745],[-72.8805,44.1745],[-72.8804,44.1742],[-72.8818,44.1725],[-72.8819,44.172],[-72.8819,44.1701],[-72.8815,44.1694],[-72.8816,44.1683],[-72.8812,44.1676],[-72.881,44.1674],[-72.8807,44.1682],[-72.8803,44.1685],[-72.8796,44.1687],[-72.8794,44.1683]]}},{"type":"Feature","properties":{"osm_id":"way/624734133","name":"Harris Hill Connector","highway":"path","sac_scale":null,"source":"OSM, unverified"},"geometry":{"type":"LineString","coordinates":[[-72.8784,44.1792],[-72.8773,44.1792],[-72.8749,44.1798],[-72.8747,44.1802],[-72.8746,44.1809]]}},{"type":"Feature","properties":{"osm_id":"way/624734134","name":"Misty Maple","highway":"path","sac_scale":null,"source":"OSM, unverified"},"geometry":{"type":"LineString","coordinates":[[-72.8738,44.1616],[-72.8741,44.1615],[-72.8749,44.1603],[-72.8748,44.1599],[-72.8735,44.1593]]}},{"type":"Feature","properties":{"osm_id":"way/624734135","name":"Maple Twist","highway":"path","sac_scale":null,"source":"OSM, unverified"},"geometry":{"type":"LineString","coordinates":[[-72.8725,44.1623],[-72.8732,44.1617],[-72.8738,44.1617],[-72.873,44.1609],[-72.8735,44.1605],[-72.8734,44.1603],[-72.8738,44.1605],[-72.8733,44.16],[-72.8737,44.16],[-72.8733,44.1598],[-72.8739,44.1599],[-72.8735,44.1593]]}},{"type":"Feature","properties":{"osm_id":"way/624734136","name":"Swell Hill","highway":"path","sac_scale":null,"source":"OSM, unverified"},"geometry":{"type":"LineString","coordinates":[[-72.8669,44.1553],[-72.8674,44.154],[-72.8688,44.1532],[-72.8694,44.1525],[-72.8695,44.1529],[-72.869,44.1538],[-72.8692,44.1541],[-72.8689,44.1546],[-72.8698,44.1555],[-72.8703,44.1556],[-72.8701,44.1547],[-72.871,44.1534],[-72.8713,44.1525],[-72.8712,44.152],[-72.8705,44.1515],[-72.8709,44.1513],[-72.8702,44.151],[-72.871,44.1507],[-72.8719,44.1509],[-72.8723,44.1499]]}},{"type":"Feature","properties":{"osm_id":"way/624734137","name":"Plum Line","highway":"path","sac_scale":null,"source":"OSM, unverified"},"geometry":{"type":"LineString","coordinates":[[-72.8723,44.1499],[-72.8688,44.1501],[-72.8675,44.1498],[-72.8664,44.1492],[-72.8647,44.1474],[-72.8651,44.1472],[-72.8645,44.1455],[-72.8634,44.144],[-72.8628,44.1438],[-72.8606,44.146],[-72.8608,44.1464],[-72.86,44.147],[-72.8586,44.1461],[-72.8573,44.146],[-72.857,44.1456],[-72.8557,44.1456],[-72.8553,44.1452],[-72.8553,44.1448],[-72.855,44.1446],[-72.8547,44.1447],[-72.8539,44.1452],[-72.8535,44.1464],[-72.8526,44.148],[-72.8525,44.1494],[-72.8521,44.1497],[-72.8521,44.1508],[-72.8515,44.152],[-72.8509,44.1514],[-72.8499,44.1519],[-72.8497,44.1512],[-72.849,44.1513],[-72.8483,44.151],[-72.8488,44.1498],[-72.8486,44.1493],[-72.8481,44.1481],[-72.847,44.1472],[-72.8474,44.1457],[-72.8468,44.1457],[-72.8467,44.1446],[-72.8464,44.1444],[-72.846,44.1437]]}},{"type":"Feature","properties":{"osm_id":"way/624734139","name":"Pusherman","highway":"path","sac_scale":null,"source":"OSM, unverified"},"geometry":{"type":"LineString","coordinates":[[-72.8669,44.1553],[-72.8662,44.1556],[-72.8648,44.1547],[-72.8647,44.1545],[-72.8649,44.1536],[-72.8643,44.1528],[-72.8644,44.1521],[-72.8629,44.1503],[-72.862,44.15],[-72.8604,44.1501],[-72.8598,44.1499],[-72.8594,44.1495],[-72.8579,44.149],[-72.8579,44.1482]]}},{"type":"Feature","properties":{"osm_id":"way/624734140","name":"Clinic","highway":"path","sac_scale":null,"source":"OSM, unverified"},"geometry":{"type":"LineString","coordinates":[[-72.848,44.1684],[-72.8477,44.1682],[-72.8467,44.1684],[-72.8456,44.1689],[-72.845,44.1688],[-72.8445,44.1691],[-72.8436,44.1689],[-72.843,44.1694],[-72.8421,44.1689],[-72.8421,44.1681],[-72.8424,44.1669],[-72.8438,44.1665],[-72.844,44.166],[-72.8458,44.1647],[-72.8451,44.1649],[-72.8448,44.1646],[-72.845,44.1641],[-72.8444,44.1635],[-72.8441,44.1625],[-72.8443,44.1622],[-72.844,44.162],[-72.8441,44.1608],[-72.8443,44.1606],[-72.845,44.1608],[-72.8454,44.1605]]}},{"type":"Feature","properties":{"osm_id":"way/624734141","name":"Evolution","highway":"path","sac_scale":null,"source":"OSM, unverified"},"geometry":{"type":"LineString","coordinates":[[-72.8593,44.1633],[-72.8593,44.164],[-72.8586,44.1646],[-72.8584,44.1655],[-72.8582,44.1648],[-72.8572,44.165],[-72.8568,44.1668],[-72.8555,44.1687],[-72.8536,44.1692],[-72.8529,44.169],[-72.8516,44.169],[-72.8509,44.1699],[-72.8518,44.1711],[-72.8516,44.1711],[-72.8521,44.1715],[-72.8511,44.1714],[-72.8518,44.1717],[-72.851,44.1718],[-72.8513,44.172],[-72.8493,44.1718],[-72.8495,44.1723],[-72.8473,44.1726],[-72.8475,44.1729],[-72.8459,44.1738],[-72.8467,44.1739],[-72.8458,44.1744],[-72.8471,44.1745],[-72.8459,44.1748],[-72.8454,44.1747],[-72.8467,44.1753],[-72.8459,44.1753],[-72.8464,44.1756],[-72.8457,44.1757],[-72.8463,44.1764],[-72.8457,44.1764],[-72.8459,44.1766],[-72.8452,44.1764],[-72.8457,44.1771],[-72.8449,44.1772]]}},{"type":"Feature","properties":{"osm_id":"way/624734143","name":"Busternut","highway":"path","sac_scale":null,"source":"OSM, unverified"},"geometry":{"type":"LineString","coordinates":[[-72.8454,44.1605],[-72.8465,44.1595],[-72.8471,44.1595],[-72.848,44.1587],[-72.8482,44.1573],[-72.85,44.1591],[-72.8507,44.1588],[-72.8511,44.159],[-72.8511,44.1587],[-72.8514,44.159]]}},{"type":"Feature","properties":{"osm_id":"way/624734148","name":"Race","highway":"path","sac_scale":null,"source":"OSM, unverified"},"geometry":{"type":"LineString","coordinates":[[-72.8724,44.1561],[-72.8717,44.1556],[-72.8709,44.1558],[-72.8707,44.1566],[-72.87,44.1566],[-72.8684,44.1562],[-72.8681,44.156],[-72.8678,44.1552],[-72.8669,44.1553]]}},{"type":"Feature","properties":{"osm_id":"way/626293437","name":"Honey Hollow Trail","highway":"path","sac_scale":null,"source":"OSM, unverified"},"geometry":{"type":"LineString","coordinates":[[-72.9174,44.3372],[-72.9175,44.3363],[-72.9179,44.3357],[-72.9175,44.3341],[-72.9183,44.3332],[-72.9183,44.3322],[-72.9204,44.3326],[-72.922,44.3332],[-72.9237,44.3351],[-72.9247,44.3357],[-72.9257,44.3354],[-72.9261,44.335],[-72.9265,44.3343],[-72.9272,44.3337],[-72.9273,44.3331]]}},{"type":"Feature","properties":{"osm_id":"way/626378742","name":"Logging Road","highway":"track","sac_scale":null,"source":"OSM, unverified"},"geometry":{"type":"LineString","coordinates":[[-73.0304,44.3237],[-73.0311,44.3217],[-73.031,44.3214],[-73.0304,44.3211],[-73.0295,44.3211],[-73.0281,44.3201]]}},{"type":"Feature","properties":{"osm_id":"way/627434569","name":"The Short Trail","highway":"footway","sac_scale":null,"source":"OSM, unverified"},"geometry":{"type":"LineString","coordinates":[[-72.7203,44.3973],[-72.7212,44.3974],[-72.7222,44.3973],[-72.7223,44.3975],[-72.7233,44.3973],[-72.7245,44.3977],[-72.7254,44.3971],[-72.7251,44.3965],[-72.7247,44.3963],[-72.7226,44.3965],[-72.7221,44.3973]]}},{"type":"Feature","properties":{"osm_id":"way/627818799","name":"Greenway Connector","highway":"path","sac_scale":null,"source":"OSM, unverified"},"geometry":{"type":"LineString","coordinates":[[-72.7388,44.4689],[-72.7387,44.4685],[-72.739,44.4678],[-72.7394,44.4676],[-72.7399,44.4667]]}},{"type":"Feature","properties":{"osm_id":"way/627818801","name":"Green Way Connector","highway":"path","sac_scale":null,"source":"OSM, unverified"},"geometry":{"type":"LineString","coordinates":[[-72.7399,44.4667],[-72.7399,44.4664],[-72.7396,44.4664],[-72.7397,44.4659],[-72.7401,44.4654],[-72.7403,44.4657],[-72.7409,44.4642],[-72.741,44.4647]]}},{"type":"Feature","properties":{"osm_id":"way/629491749","name":"Alpine View Road","highway":"track","sac_scale":null,"source":"OSM, unverified"},"geometry":{"type":"LineString","coordinates":[[-72.6941,44.5013],[-72.6949,44.5006]]}},{"type":"Feature","properties":{"osm_id":"way/636329981","name":"Peacham Bog Loop","highway":"path","sac_scale":null,"source":"OSM, unverified"},"geometry":{"type":"LineString","coordinates":[[-72.2605,44.2885],[-72.2604,44.2892],[-72.2593,44.2886],[-72.2577,44.2894],[-72.2557,44.2893],[-72.2505,44.2882],[-72.249,44.2881],[-72.2472,44.2874],[-72.2466,44.2869],[-72.2443,44.2867],[-72.2427,44.2861],[-72.2419,44.2864],[-72.2401,44.2878],[-72.2392,44.288],[-72.2362,44.2903],[-72.2353,44.2896],[-72.2336,44.2895],[-72.2314,44.2897],[-72.2279,44.2908],[-72.227,44.2895],[-72.2262,44.2894],[-72.2267,44.2885],[-72.2269,44.2873],[-72.2278,44.2867],[-72.2304,44.2866],[-72.2346,44.2852],[-72.2353,44.2852],[-72.2391,44.2829],[-72.241,44.2822],[-72.243,44.2823],[-72.2447,44.2834],[-72.2456,44.2832],[-72.2479,44.2822],[-72.2503,44.2801],[-72.2514,44.2797]]}},{"type":"Feature","properties":{"osm_id":"way/636329982","name":"Little Loop Trail","highway":"path","sac_scale":null,"source":"OSM, unverified"},"geometry":{"type":"LineString","coordinates":[[-72.2643,44.2856],[-72.2639,44.2853],[-72.262,44.2853],[-72.2615,44.2849],[-72.261,44.2856],[-72.2602,44.286],[-72.2593,44.2868],[-72.2598,44.287],[-72.2605,44.2885],[-72.2604,44.2874],[-72.2607,44.287],[-72.2622,44.2868],[-72.2629,44.2858],[-72.2641,44.2855]]}},{"type":"Feature","properties":{"osm_id":"way/637201469","name":"Robert Frost Interpretive Trail","highway":"path","sac_scale":null,"source":"OSM, unverified"},"geometry":{"type":"LineString","coordinates":[[-73.0109,43.9565],[-73.0098,43.9561]]}},{"type":"Feature","properties":{"osm_id":"way/637201470","name":"Robert Frost Interpretive Trail","highway":"path","sac_scale":null,"source":"OSM, unverified"},"geometry":{"type":"LineString","coordinates":[[-73.0109,43.9567],[-73.0109,43.9565]]}},{"type":"Feature","properties":{"osm_id":"way/637201471","name":"Robert Frost Interpretive Trail","highway":"path","sac_scale":null,"source":"OSM, unverified"},"geometry":{"type":"LineString","coordinates":[[-73.0112,43.9579],[-73.0109,43.958],[-73.0106,43.9578],[-73.0112,43.9571],[-73.0109,43.9567]]}},{"type":"Feature","properties":{"osm_id":"way/637201472","name":"Robert Frost Interpretive Trail","highway":"path","sac_scale":null,"source":"OSM, unverified"},"geometry":{"type":"LineString","coordinates":[[-73.0112,43.958],[-73.0121,43.9577],[-73.0121,43.9575],[-73.0112,43.9571]]}},{"type":"Feature","properties":{"osm_id":"way/648975173","name":"Sniper","highway":"path","sac_scale":null,"source":"OSM, unverified"},"geometry":{"type":"LineString","coordinates":[[-72.6303,44.5786],[-72.629,44.5785]]}},{"type":"Feature","properties":{"osm_id":"way/651777181","name":"Climb Up","highway":"path","sac_scale":null,"source":"OSM, unverified"},"geometry":{"type":"LineString","coordinates":[[-72.628,44.5775],[-72.6277,44.5771],[-72.6287,44.5775]]}},{"type":"Feature","properties":{"osm_id":"way/651777182","name":"Climb Up","highway":"path","sac_scale":null,"source":"OSM, unverified"},"geometry":{"type":"LineString","coordinates":[[-72.628,44.5775],[-72.6283,44.5776],[-72.628,44.5775]]}},{"type":"Feature","properties":{"osm_id":"way/651777184","name":"Bench Cut","highway":"path","sac_scale":null,"source":"OSM, unverified"},"geometry":{"type":"LineString","coordinates":[[-72.627,44.5749],[-72.6271,44.5752]]}},{"type":"Feature","properties":{"osm_id":"way/651777185","name":"Bench Cut","highway":"path","sac_scale":null,"source":"OSM, unverified"},"geometry":{"type":"LineString","coordinates":[[-72.6271,44.5752],[-72.627,44.5749]]}},{"type":"Feature","properties":{"osm_id":"way/651777186","name":"Bench Cut","highway":"path","sac_scale":null,"source":"OSM, unverified"},"geometry":{"type":"LineString","coordinates":[[-72.627,44.5749],[-72.6274,44.5752],[-72.6273,44.575],[-72.6276,44.5746],[-72.6273,44.5746],[-72.627,44.5749]]}},{"type":"Feature","properties":{"osm_id":"way/651777187","name":"Bench Cut","highway":"path","sac_scale":null,"source":"OSM, unverified"},"geometry":{"type":"LineString","coordinates":[[-72.6277,44.5754],[-72.6271,44.5752]]}},{"type":"Feature","properties":{"osm_id":"way/653252186","name":"89th Street","highway":"path","sac_scale":null,"source":"OSM, unverified"},"geometry":{"type":"LineString","coordinates":[[-72.9833,44.4543],[-72.9844,44.4542],[-72.9853,44.4546],[-72.9856,44.4544]]}},{"type":"Feature","properties":{"osm_id":"way/663657139","name":"Marshfield Ledges approach trail","highway":"path","sac_scale":"hiking","source":"OSM, unverified"},"geometry":{"type":"LineString","coordinates":[[-72.3204,44.3241],[-72.32,44.3244],[-72.3191,44.3242],[-72.3177,44.3246],[-72.3165,44.3259],[-72.3155,44.3262],[-72.3155,44.3269],[-72.3148,44.3279],[-72.3129,44.3277],[-72.3126,44.3271],[-72.3114,44.3266]]}},{"type":"Feature","properties":{"osm_id":"way/665367481","name":"Levi Pond Road","highway":"track","sac_scale":null,"source":"OSM, unverified"},"geometry":{"type":"LineString","coordinates":[[-72.2294,44.259],[-72.2304,44.2593],[-72.2313,44.2604],[-72.233,44.2608],[-72.2352,44.264],[-72.2354,44.2657],[-72.236,44.2671],[-72.236,44.2702],[-72.2365,44.2729],[-72.2367,44.2745],[-72.2365,44.2756]]}},{"type":"Feature","properties":{"osm_id":"way/671140672","name":"Snowshoe trail","highway":"path","sac_scale":null,"source":"OSM, unverified"},"geometry":{"type":"LineString","coordinates":[[-73.046,44.4495],[-73.0457,44.45],[-73.0459,44.4507],[-73.0453,44.4514],[-73.0446,44.4517],[-73.0437,44.4517]]}},{"type":"Feature","properties":{"osm_id":"way/677299019","name":"Bean Road","highway":"track","sac_scale":null,"source":"OSM, unverified"},"geometry":{"type":"LineString","coordinates":[[-72.3705,44.2574],[-72.3692,44.259]]}},{"type":"Feature","properties":{"osm_id":"way/684015620","name":"Dalley Loop","highway":"track","sac_scale":null,"source":"OSM, unverified"},"geometry":{"type":"LineString","coordinates":[[-72.7772,44.4071],[-72.7766,44.4065],[-72.7754,44.4041],[-72.7732,44.4022]]}},{"type":"Feature","properties":{"osm_id":"way/684015621","name":"Dalley Loop","highway":"track","sac_scale":null,"source":"OSM, unverified"},"geometry":{"type":"LineString","coordinates":[[-72.7732,44.4022],[-72.7711,44.4004]]}},{"type":"Feature","properties":{"osm_id":"way/684015622","name":"Dalley Loop","highway":"track","sac_scale":null,"source":"OSM, unverified"},"geometry":{"type":"LineString","coordinates":[[-72.7824,44.4019],[-72.7832,44.4016],[-72.787,44.4029],[-72.7892,44.4033],[-72.791,44.4033],[-72.792,44.4037],[-72.7926,44.4044],[-72.7889,44.4094],[-72.7844,44.4093],[-72.7788,44.4085],[-72.7772,44.4071]]}},{"type":"Feature","properties":{"osm_id":"way/684015623","name":"Cottonbrooke Road","highway":"track","sac_scale":null,"source":"OSM, unverified"},"geometry":{"type":"LineString","coordinates":[[-72.7727,44.4191],[-72.7708,44.418],[-72.7689,44.4175],[-72.7668,44.4154],[-72.7667,44.4149]]}},{"type":"Feature","properties":{"osm_id":"way/684015624","name":"Cottonbrook Road","highway":"track","sac_scale":null,"source":"OSM, unverified"},"geometry":{"type":"LineString","coordinates":[[-72.7556,44.4221],[-72.7588,44.4228],[-72.7602,44.4234],[-72.7605,44.4244],[-72.7626,44.4258],[-72.7633,44.4257],[-72.7665,44.4245],[-72.7682,44.4245],[-72.7698,44.4251],[-72.7726,44.4269],[-72.7752,44.4276],[-72.7772,44.4289],[-72.7777,44.4294],[-72.7781,44.4308],[-72.7789,44.4321],[-72.7802,44.4317],[-72.7814,44.4321],[-72.783,44.4316],[-72.7847,44.4306],[-72.7865,44.4302],[-72.7876,44.4303],[-72.7912,44.4321],[-72.7921,44.4333],[-72.7959,44.4334],[-72.7982,44.4344],[-72.799,44.435],[-72.8001,44.4349],[-72.8019,44.4353],[-72.8053,44.4372],[-72.807,44.4361],[-72.8068,44.4355],[-72.8049,44.4339],[-72.8047,44.4334],[-72.8046,44.4326],[-72.8051,44.432],[-72.8051,44.4315],[-72.8034,44.4313],[-72.8005,44.4306],[-72.7987,44.4292],[-72.7975,44.4287],[-72.7967,44.4275],[-72.7931,44.4258],[-72.7906,44.4238],[-72.7886,44.4231],[-72.7872,44.4216],[-72.7874,44.4205],[-72.7871,44.4201],[-72.7864,44.4198],[-72.7824,44.4208],[-72.781,44.4208],[-72.7794,44.4201],[-72.7773,44.4182],[-72.776,44.4178],[-72.7743,44.4181],[-72.7727,44.4191]]}},{"type":"Feature","properties":{"osm_id":"way/684154649","name":"Chute Bypass","highway":"path","sac_scale":null,"source":"OSM, unverified"},"geometry":{"type":"LineString","coordinates":[[-72.7502,44.4853],[-72.7504,44.4858],[-72.7511,44.4861],[-72.7523,44.4858],[-72.7537,44.486]]}},{"type":"Feature","properties":{"osm_id":"way/684171640","name":"Fox Track","highway":"track","sac_scale":null,"source":"OSM, unverified"},"geometry":{"type":"LineString","coordinates":[[-72.7477,44.4663],[-72.75,44.4669],[-72.7522,44.4691],[-72.7536,44.4698]]}},{"type":"Feature","properties":{"osm_id":"way/684171641","name":"Skater's Waltz","highway":"path","sac_scale":null,"source":"OSM, unverified"},"geometry":{"type":"LineString","coordinates":[[-72.7569,44.465],[-72.7568,44.4639],[-72.7542,44.462],[-72.7533,44.461],[-72.7525,44.4604],[-72.7522,44.4592]]}},{"type":"Feature","properties":{"osm_id":"way/684171642","name":"Skater's Waltz","highway":"path","sac_scale":null,"source":"OSM, unverified"},"geometry":{"type":"LineString","coordinates":[[-72.7522,44.4592],[-72.7524,44.4584],[-72.7514,44.457],[-72.7513,44.4553],[-72.7505,44.4546],[-72.7499,44.4546],[-72.7486,44.4554],[-72.7472,44.4552],[-72.7444,44.4537]]}},{"type":"Feature","properties":{"osm_id":"way/684171644","name":"Aither Trail","highway":"path","sac_scale":null,"source":"OSM, unverified"},"geometry":{"type":"LineString","coordinates":[[-72.7488,44.4596],[-72.7493,44.4606],[-72.7492,44.461]]}},{"type":"Feature","properties":{"osm_id":"way/684171646","name":"Aither Trail","highway":"path","sac_scale":null,"source":"OSM, unverified"},"geometry":{"type":"LineString","coordinates":[[-72.7441,44.4572],[-72.7448,44.4575],[-72.7475,44.4574],[-72.7479,44.4578],[-72.7488,44.4596]]}},{"type":"Feature","properties":{"osm_id":"way/684171647","name":"Aither Trail","highway":"path","sac_scale":null,"source":"OSM, unverified"},"geometry":{"type":"LineString","coordinates":[[-72.7395,44.4572],[-72.7397,44.4566],[-72.7394,44.4552],[-72.7401,44.4539]]}},{"type":"Feature","properties":{"osm_id":"way/684171656","name":"Morton's Maze","highway":"path","sac_scale":null,"source":"OSM, unverified"},"geometry":{"type":"LineString","coordinates":[[-72.7493,44.4644],[-72.7494,44.4649],[-72.7487,44.4655]]}},{"type":"Feature","properties":{"osm_id":"way/684180720","name":"Aither Trail","highway":"path","sac_scale":null,"source":"OSM, unverified"},"geometry":{"type":"LineString","coordinates":[[-72.7401,44.4539],[-72.7404,44.4537],[-72.7427,44.4533],[-72.7444,44.4537]]}},{"type":"Feature","properties":{"osm_id":"way/684180721","name":"Aither Trail","highway":"path","sac_scale":null,"source":"OSM, unverified"},"geometry":{"type":"LineString","coordinates":[[-72.7401,44.4539],[-72.7408,44.4545],[-72.7414,44.4545],[-72.7413,44.4557],[-72.7428,44.4568],[-72.7441,44.4572]]}},{"type":"Feature","properties":{"osm_id":"way/684180722","name":"Old Camp","highway":"path","sac_scale":null,"source":"OSM, unverified"},"geometry":{"type":"LineString","coordinates":[[-72.7743,44.4879],[-72.7763,44.4888],[-72.7767,44.4895],[-72.7762,44.4905]]}},{"type":"Feature","properties":{"osm_id":"way/684180723","name":"Stowe Derby Trail","highway":"path","sac_scale":null,"source":"OSM, unverified"},"geometry":{"type":"LineString","coordinates":[[-72.7589,44.498],[-72.759,44.4973],[-72.7585,44.496],[-72.7572,44.4949],[-72.7562,44.4947],[-72.7557,44.4942]]}},{"type":"Feature","properties":{"osm_id":"way/684180724","name":"Lower Derby Trail","highway":"path","sac_scale":null,"source":"OSM, unverified"},"geometry":{"type":"LineString","coordinates":[[-72.7589,44.498],[-72.7548,44.4971],[-72.7537,44.4956],[-72.7532,44.4954]]}},{"type":"Feature","properties":{"osm_id":"way/684180733","name":"Adams Camp","highway":"path","sac_scale":null,"source":"OSM, unverified"},"geometry":{"type":"LineString","coordinates":[[-72.7571,44.488],[-72.7569,44.4885],[-72.7571,44.4891],[-72.7559,44.4907],[-72.7557,44.4916],[-72.755,44.4925]]}},{"type":"Feature","properties":{"osm_id":"way/684180735","name":"Adam's Camp","highway":"path","sac_scale":null,"source":"OSM, unverified"},"geometry":{"type":"LineString","coordinates":[[-72.755,44.4925],[-72.7549,44.4932],[-72.7532,44.4946],[-72.7522,44.4951],[-72.7522,44.4954],[-72.7531,44.4969],[-72.7541,44.4972],[-72.7548,44.4971]]}},{"type":"Feature","properties":{"osm_id":"way/684180736","name":"Valley View","highway":"path","sac_scale":null,"source":"OSM, unverified"},"geometry":{"type":"LineString","coordinates":[[-72.755,44.4925],[-72.7523,44.4916],[-72.7508,44.4908],[-72.7486,44.4901],[-72.7465,44.4891],[-72.7459,44.4885],[-72.7458,44.4879],[-72.7464,44.487]]}},{"type":"Feature","properties":{"osm_id":"way/684180737","name":"Haul Road Chute","highway":"track","sac_scale":null,"source":"OSM, unverified"},"geometry":{"type":"LineString","coordinates":[[-72.7537,44.486],[-72.7522,44.4848],[-72.7505,44.4843]]}},{"type":"Feature","properties":{"osm_id":"way/684180739","name":"Haulapalooza","highway":"path","sac_scale":null,"source":"OSM, unverified"},"geometry":{"type":"LineString","coordinates":[[-72.7464,44.487],[-72.7465,44.4863],[-72.7472,44.4853],[-72.7484,44.4845]]}},{"type":"Feature","properties":{"osm_id":"way/684185077","name":"Houston","highway":"path","sac_scale":null,"source":"OSM, unverified"},"geometry":{"type":"LineString","coordinates":[[-72.7825,44.5108],[-72.7825,44.5102],[-72.7828,44.5094],[-72.7834,44.5091],[-72.7837,44.5085],[-72.7834,44.5074]]}},{"type":"Feature","properties":{"osm_id":"way/684185080","name":"Houston","highway":"path","sac_scale":null,"source":"OSM, unverified"},"geometry":{"type":"LineString","coordinates":[[-72.7834,44.5074],[-72.7832,44.5065],[-72.7807,44.5055],[-72.7803,44.505]]}},{"type":"Feature","properties":{"osm_id":"way/684193909","name":"Jerry's Trail","highway":"path","sac_scale":null,"source":"OSM, unverified"},"geometry":{"type":"LineString","coordinates":[[-72.6573,44.4571],[-72.6568,44.4579],[-72.657,44.4582],[-72.6568,44.4586],[-72.6576,44.4584],[-72.6571,44.4588],[-72.6579,44.4592]]}},{"type":"Feature","properties":{"osm_id":"way/684193910","name":"Lower Bucket Trail","highway":"path","sac_scale":null,"source":"OSM, unverified"},"geometry":{"type":"LineString","coordinates":[[-72.6579,44.4592],[-72.6569,44.4601],[-72.6552,44.4606],[-72.6554,44.4608],[-72.6552,44.4608],[-72.6553,44.4612],[-72.6556,44.4614]]}},{"type":"Feature","properties":{"osm_id":"way/684193911","name":"Upper Bucket Trail","highway":"path","sac_scale":null,"source":"OSM, unverified"},"geometry":{"type":"LineString","coordinates":[[-72.6556,44.4614],[-72.6581,44.4608]]}},{"type":"Feature","properties":{"osm_id":"way/684195509","name":"Upper Bucket Trail","highway":"path","sac_scale":null,"source":"OSM, unverified"},"geometry":{"type":"LineString","coordinates":[[-72.6581,44.4608],[-72.6588,44.4608],[-72.6589,44.4605],[-72.6586,44.4603],[-72.659,44.46],[-72.6588,44.4599],[-72.659,44.4593],[-72.6585,44.4586],[-72.6579,44.4592]]}},{"type":"Feature","properties":{"osm_id":"way/685505900","name":"Indian Brook Loop Trail","highway":"path","sac_scale":null,"source":"OSM, unverified"},"geometry":{"type":"LineString","coordinates":[[-73.1015,44.5392],[-73.1015,44.5383],[-73.1023,44.5358],[-73.1015,44.5351],[-73.1013,44.5341],[-73.1001,44.5326],[-73.0999,44.5315],[-73.0993,44.5313],[-73.0982,44.5304],[-73.0977,44.5305],[-73.0973,44.5301]]}},{"type":"Feature","properties":{"osm_id":"way/694113805","name":"goodrich trail","highway":"footway","sac_scale":null,"source":"OSM, unverified"},"geometry":{"type":"LineString","coordinates":[[-72.9725,44.5779],[-72.9738,44.5779],[-72.9773,44.5784],[-72.9782,44.5791],[-72.9784,44.5796],[-72.9774,44.5823],[-72.9773,44.5837],[-72.9775,44.5843]]}},{"type":"Feature","properties":{"osm_id":"way/694189960","name":"Urban Farm Road","highway":"track","sac_scale":null,"source":"OSM, unverified"},"geometry":{"type":"LineString","coordinates":[[-72.252,44.4081],[-72.2504,44.4103]]}},{"type":"Feature","properties":{"osm_id":"way/697182014","name":"Catamount Trail","highway":"footway","sac_scale":null,"source":"OSM, unverified"},"geometry":{"type":"LineString","coordinates":[[-72.7176,44.4996],[-72.7181,44.4983],[-72.7179,44.4974],[-72.7189,44.4969],[-72.7198,44.4969]]}},{"type":"Feature","properties":{"osm_id":"way/697182015","name":"Catamount","highway":"path","sac_scale":null,"source":"OSM, unverified"},"geometry":{"type":"LineString","coordinates":[[-72.7176,44.4996],[-72.7186,44.5001],[-72.719,44.5008],[-72.7198,44.5017],[-72.7189,44.502],[-72.7187,44.5025],[-72.7179,44.5029],[-72.7174,44.5037],[-72.721,44.5051],[-72.7213,44.505],[-72.7221,44.5036],[-72.7226,44.5034],[-72.7242,44.5049]]}},{"type":"Feature","properties":{"osm_id":"way/697182016","name":"Catamount","highway":"path","sac_scale":null,"source":"OSM, unverified"},"geometry":{"type":"LineString","coordinates":[[-72.7242,44.5053],[-72.728,44.5054],[-72.7298,44.5056],[-72.7308,44.506],[-72.7305,44.5064],[-72.7307,44.5066]]}},{"type":"Feature","properties":{"osm_id":"way/697182017","name":"Catamount","highway":"path","sac_scale":null,"source":"OSM, unverified"},"geometry":{"type":"LineString","coordinates":[[-72.7354,44.5093],[-72.7359,44.5104],[-72.7352,44.5109],[-72.7358,44.511],[-72.7358,44.5112],[-72.7346,44.5119],[-72.7341,44.5129]]}},{"type":"Feature","properties":{"osm_id":"way/697182018","name":"Catamount","highway":"path","sac_scale":null,"source":"OSM, unverified"},"geometry":{"type":"LineString","coordinates":[[-72.7368,44.5167],[-72.736,44.5177]]}},{"type":"Feature","properties":{"osm_id":"way/697182019","name":"Pannschuss","highway":"path","sac_scale":null,"source":"OSM, unverified"},"geometry":{"type":"LineString","coordinates":[[-72.7341,44.5129],[-72.7339,44.5134],[-72.736,44.5177]]}},{"type":"Feature","properties":{"osm_id":"way/697182020","name":"Spring Trail","highway":"path","sac_scale":null,"source":"OSM, unverified"},"geometry":{"type":"LineString","coordinates":[[-72.7355,44.5087],[-72.7366,44.509],[-72.7381,44.5104],[-72.7382,44.5119],[-72.7379,44.5134]]}},{"type":"Feature","properties":{"osm_id":"way/697182022","name":"Catamount","highway":"path","sac_scale":null,"source":"OSM, unverified"},"geometry":{"type":"LineString","coordinates":[[-72.736,44.5177],[-72.7354,44.5189],[-72.7328,44.5221],[-72.7328,44.5227],[-72.7332,44.523]]}},{"type":"Feature","properties":{"osm_id":"way/697182023","name":"Spring Trail","highway":"path","sac_scale":null,"source":"OSM, unverified"},"geometry":{"type":"LineString","coordinates":[[-72.7379,44.5134],[-72.7375,44.5146],[-72.7366,44.5152]]}},{"type":"Feature","properties":{"osm_id":"way/697182024","name":"Catamount","highway":"path","sac_scale":null,"source":"OSM, unverified"},"geometry":{"type":"LineString","coordinates":[[-72.7366,44.5152],[-72.7369,44.516],[-72.7368,44.5167]]}},{"type":"Feature","properties":{"osm_id":"way/697182025","name":"Catamount","highway":"path","sac_scale":null,"source":"OSM, unverified"},"geometry":{"type":"LineString","coordinates":[[-72.7341,44.5129],[-72.7347,44.5131],[-72.7361,44.5149],[-72.7366,44.5152]]}},{"type":"Feature","properties":{"osm_id":"way/697182026","name":"Stonewall","highway":"path","sac_scale":null,"source":"OSM, unverified"},"geometry":{"type":"LineString","coordinates":[[-72.7379,44.5134],[-72.7387,44.5138]]}},{"type":"Feature","properties":{"osm_id":"way/697182027","name":"Stonewall","highway":"path","sac_scale":null,"source":"OSM, unverified"},"geometry":{"type":"LineString","coordinates":[[-72.7387,44.5138],[-72.7368,44.5167]]}},{"type":"Feature","properties":{"osm_id":"way/703045283","name":"Sterling Falls Gorge","highway":"path","sac_scale":null,"source":"OSM, unverified"},"geometry":{"type":"LineString","coordinates":[[-72.7176,44.5381],[-72.7172,44.5381],[-72.7172,44.5379],[-72.7169,44.5378],[-72.7171,44.5377],[-72.7177,44.538],[-72.7185,44.538],[-72.7188,44.5385],[-72.7197,44.5389]]}},{"type":"Feature","properties":{"osm_id":"way/708293448","name":"Waterbury Community Path","highway":"path","sac_scale":null,"source":"OSM, unverified"},"geometry":{"type":"LineString","coordinates":[[-72.7366,44.3502],[-72.7344,44.352],[-72.7349,44.3534],[-72.7345,44.3537]]}},{"type":"Feature","properties":{"osm_id":"way/708293449","name":"Waterbury Community Path","highway":"path","sac_scale":null,"source":"OSM, unverified"},"geometry":{"type":"LineString","coordinates":[[-72.7383,44.3486],[-72.7385,44.3478],[-72.7394,44.3465],[-72.7405,44.3455],[-72.7415,44.3452]]}},{"type":"Feature","properties":{"osm_id":"way/708307669","name":"LT 11","highway":"track","sac_scale":null,"source":"OSM, unverified"},"geometry":{"type":"LineString","coordinates":[[-72.709,44.2305],[-72.708,44.2313],[-72.7066,44.2313],[-72.7063,44.231],[-72.7028,44.2316],[-72.7014,44.2378]]}},{"type":"Feature","properties":{"osm_id":"way/708320166","name":"Taylor Valley Road","highway":"track","sac_scale":null,"source":"OSM, unverified"},"geometry":{"type":"LineString","coordinates":[[-72.3748,43.9539],[-72.3744,43.9534],[-72.3743,43.9524],[-72.3754,43.9466],[-72.3765,43.9436],[-72.3769,43.9407],[-72.3762,43.9395],[-72.3742,43.9381]]}},{"type":"Feature","properties":{"osm_id":"way/718492098","name":"Cross Vermont Trail","highway":"path","sac_scale":null,"source":"OSM, unverified"},"geometry":{"type":"LineString","coordinates":[[-72.3032,44.2944],[-72.3025,44.2932],[-72.292,44.2844],[-72.2882,44.2822],[-72.2847,44.2795],[-72.2822,44.2769],[-72.2797,44.2749],[-72.2781,44.2721],[-72.2756,44.2691],[-72.2733,44.2677],[-72.2709,44.2657],[-72.2695,44.2633],[-72.2669,44.2569],[-72.2661,44.2559],[-72.2641,44.2541],[-72.2614,44.2503]]}},{"type":"Feature","properties":{"osm_id":"way/727175275","name":"Stevenson Brook Trail","highway":"footway","sac_scale":null,"source":"OSM, unverified"},"geometry":{"type":"LineString","coordinates":[[-72.7718,44.3934],[-72.7719,44.3935]]}},{"type":"Feature","properties":{"osm_id":"way/727175276","name":"Stevenson Brook Trail","highway":"footway","sac_scale":null,"source":"OSM, unverified"},"geometry":{"type":"LineString","coordinates":[[-72.7719,44.3935],[-72.7727,44.3936],[-72.7736,44.3943],[-72.7764,44.3949],[-72.7771,44.3957],[-72.7794,44.397],[-72.7806,44.3983],[-72.7825,44.3992],[-72.7862,44.399]]}},{"type":"Feature","properties":{"osm_id":"way/727175277","name":"Stevenson Brook Trail","highway":"footway","sac_scale":null,"source":"OSM, unverified"},"geometry":{"type":"LineString","coordinates":[[-72.7862,44.399],[-72.7863,44.399]]}},{"type":"Feature","properties":{"osm_id":"way/727175278","name":"Stevenson Brook Trail","highway":"footway","sac_scale":null,"source":"OSM, unverified"},"geometry":{"type":"LineString","coordinates":[[-72.7863,44.399],[-72.7876,44.3991],[-72.7893,44.3986]]}},{"type":"Feature","properties":{"osm_id":"way/727175279","name":"Stevenson Brook Trail","highway":"footway","sac_scale":null,"source":"OSM, unverified"},"geometry":{"type":"LineString","coordinates":[[-72.7893,44.3986],[-72.7895,44.3986]]}},{"type":"Feature","properties":{"osm_id":"way/727175280","name":"Stevenson Brook Trail","highway":"footway","sac_scale":null,"source":"OSM, unverified"},"geometry":{"type":"LineString","coordinates":[[-72.7895,44.3986],[-72.7933,44.3981],[-72.7947,44.3984],[-72.7952,44.3988]]}},{"type":"Feature","properties":{"osm_id":"way/727175281","name":"Stevenson Brook Trail","highway":"footway","sac_scale":null,"source":"OSM, unverified"},"geometry":{"type":"LineString","coordinates":[[-72.7952,44.3989],[-72.7953,44.399]]}},{"type":"Feature","properties":{"osm_id":"way/727175282","name":"Stevenson Brook Trail","highway":"footway","sac_scale":null,"source":"OSM, unverified"},"geometry":{"type":"LineString","coordinates":[[-72.7952,44.3988],[-72.7952,44.3989]]}},{"type":"Feature","properties":{"osm_id":"way/727175283","name":"Stevenson Brook Trail","highway":"footway","sac_scale":null,"source":"OSM, unverified"},"geometry":{"type":"LineString","coordinates":[[-72.7954,44.399],[-72.7955,44.3991]]}},{"type":"Feature","properties":{"osm_id":"way/727175284","name":"Stevenson Brook Trail","highway":"footway","sac_scale":null,"source":"OSM, unverified"},"geometry":{"type":"LineString","coordinates":[[-72.7953,44.399],[-72.7954,44.399]]}},{"type":"Feature","properties":{"osm_id":"way/727175285","name":"Stevenson Brook Trail","highway":"footway","sac_scale":null,"source":"OSM, unverified"},"geometry":{"type":"LineString","coordinates":[[-72.7955,44.3991],[-72.7956,44.3992]]}},{"type":"Feature","properties":{"osm_id":"way/727175286","name":"Stevenson Brook Trail","highway":"footway","sac_scale":null,"source":"OSM, unverified"},"geometry":{"type":"LineString","coordinates":[[-72.7956,44.3992],[-72.7958,44.3999],[-72.7952,44.4002],[-72.7951,44.401],[-72.7944,44.4017],[-72.7937,44.4019]]}},{"type":"Feature","properties":{"osm_id":"way/727175287","name":"Stevenson Brook Trail","highway":"footway","sac_scale":null,"source":"OSM, unverified"},"geometry":{"type":"LineString","coordinates":[[-72.7936,44.4019],[-72.792,44.4025],[-72.7919,44.403]]}},{"type":"Feature","properties":{"osm_id":"way/727175288","name":"Stevenson Brook Trail","highway":"footway","sac_scale":null,"source":"OSM, unverified"},"geometry":{"type":"LineString","coordinates":[[-72.7937,44.4019],[-72.7936,44.4019]]}},{"type":"Feature","properties":{"osm_id":"way/727175289","name":"Stevenson Brook Trail","highway":"footway","sac_scale":null,"source":"OSM, unverified"},"geometry":{"type":"LineString","coordinates":[[-72.7919,44.403],[-72.7919,44.403]]}},{"type":"Feature","properties":{"osm_id":"way/727175290","name":"Stevenson Brook Trail","highway":"footway","sac_scale":null,"source":"OSM, unverified"},"geometry":{"type":"LineString","coordinates":[[-72.7919,44.403],[-72.7917,44.4035]]}},{"type":"Feature","properties":{"osm_id":"way/727175292","name":"Cut-Off Trauk","highway":"footway","sac_scale":null,"source":"OSM, unverified"},"geometry":{"type":"LineString","coordinates":[[-72.7751,44.3967],[-72.7753,44.3961],[-72.7761,44.3958],[-72.7768,44.3952]]}},{"type":"Feature","properties":{"osm_id":"way/745959104","name":"Stagecoach Road","highway":"track","sac_scale":null,"source":"OSM, unverified"},"geometry":{"type":"LineString","coordinates":[[-72.6852,43.9571],[-72.6833,43.9534],[-72.6828,43.9528],[-72.6815,43.9499],[-72.6803,43.9449],[-72.6793,43.9427]]}},{"type":"Feature","properties":{"osm_id":"way/753366495","name":"Haulapalooza","highway":"path","sac_scale":null,"source":"OSM, unverified"},"geometry":{"type":"LineString","coordinates":[[-72.7443,44.4914],[-72.7435,44.4898],[-72.7443,44.49],[-72.7441,44.4894],[-72.7448,44.4895],[-72.7448,44.4892],[-72.7451,44.4891],[-72.7452,44.4884],[-72.7457,44.4882],[-72.7457,44.4876],[-72.7464,44.487]]}},{"type":"Feature","properties":{"osm_id":"way/753366496","name":"Haulapalooza","highway":"path","sac_scale":null,"source":"OSM, unverified"},"geometry":{"type":"LineString","coordinates":[[-72.7484,44.4845],[-72.7489,44.4851],[-72.7492,44.485],[-72.7496,44.4854],[-72.7499,44.4853]]}},{"type":"Feature","properties":{"osm_id":"way/753366497","name":"Cheddar","highway":"path","sac_scale":null,"source":"OSM, unverified"},"geometry":{"type":"LineString","coordinates":[[-72.7564,44.4876],[-72.757,44.4877],[-72.7566,44.4874],[-72.7568,44.4872],[-72.7565,44.487],[-72.7569,44.4867],[-72.7573,44.4871],[-72.758,44.4872],[-72.7579,44.487],[-72.7587,44.4873],[-72.7595,44.4872],[-72.7597,44.4873]]}},{"type":"Feature","properties":{"osm_id":"way/753366498","name":"Cheddar","highway":"path","sac_scale":null,"source":"OSM, unverified"},"geometry":{"type":"LineString","coordinates":[[-72.7597,44.4873],[-72.7602,44.4877],[-72.7608,44.4877],[-72.7617,44.4884],[-72.7616,44.4882],[-72.7621,44.4885],[-72.7627,44.4884],[-72.7635,44.4891],[-72.764,44.4892],[-72.7641,44.4891]]}},{"type":"Feature","properties":{"osm_id":"way/753366499","name":"Shredder","highway":"path","sac_scale":null,"source":"OSM, unverified"},"geometry":{"type":"LineString","coordinates":[[-72.772,44.489],[-72.7722,44.4892],[-72.7738,44.4892],[-72.7749,44.4896],[-72.7751,44.4899],[-72.7748,44.49],[-72.7749,44.4905],[-72.7746,44.4909],[-72.7756,44.4916],[-72.7757,44.492],[-72.7754,44.4919],[-72.7759,44.4926],[-72.7753,44.4924],[-72.7753,44.4926],[-72.7748,44.4927],[-72.7752,44.4936],[-72.7748,44.4937]]}},{"type":"Feature","properties":{"osm_id":"way/791468518","name":"Oxbow Walking Path","highway":"footway","sac_scale":null,"source":"OSM, unverified"},"geometry":{"type":"LineString","coordinates":[[-72.5973,44.5641],[-72.5977,44.565],[-72.598,44.5675],[-72.5984,44.5678],[-72.5991,44.5673],[-72.5992,44.5664],[-72.5997,44.565],[-72.5997,44.5648],[-72.5991,44.5645]]}},{"type":"Feature","properties":{"osm_id":"way/794906805","name":"Norton Farm Road","highway":"track","sac_scale":null,"source":"OSM, unverified"},"geometry":{"type":"LineString","coordinates":[[-73.0185,44.0062],[-73.0158,44.0098],[-73.0144,44.0103],[-73.0126,44.0114],[-73.0119,44.0114],[-73.0108,44.0094],[-73.0092,44.0088],[-73.0086,44.0084],[-73.0049,44.0079],[-73.003,44.0087],[-73.002,44.0094],[-73.0005,44.0098],[-72.9982,44.0114],[-72.9965,44.0117]]}},{"type":"Feature","properties":{"osm_id":"way/797479945","name":"Churchill Road","highway":"track","sac_scale":null,"source":"OSM, unverified"},"geometry":{"type":"LineString","coordinates":[[-72.5822,44.502],[-72.5833,44.5026],[-72.5843,44.5043],[-72.5844,44.5048],[-72.584,44.506],[-72.585,44.507]]}},{"type":"Feature","properties":{"osm_id":"way/797479946","name":"Worcester Ridge Road","highway":"track","sac_scale":null,"source":"OSM, unverified"},"geometry":{"type":"LineString","coordinates":[[-72.5728,44.4841],[-72.5723,44.4834],[-72.5709,44.4832],[-72.5707,44.4834],[-72.5707,44.4844],[-72.5693,44.4844],[-72.5688,44.4839],[-72.5685,44.4846],[-72.5675,44.4846],[-72.5661,44.4841],[-72.5651,44.4829],[-72.5645,44.4826],[-72.5643,44.4831],[-72.5636,44.4829],[-72.5638,44.4835],[-72.5626,44.4845],[-72.5619,44.484],[-72.5614,44.483],[-72.5616,44.4822],[-72.5612,44.4823]]}},{"type":"Feature","properties":{"osm_id":"way/800439648","name":"VAST 15B F","highway":"track","sac_scale":null,"source":"OSM, unverified"},"geometry":{"type":"LineString","coordinates":[[-72.6836,44.4828],[-72.6845,44.4825],[-72.6861,44.4808],[-72.6869,44.4794],[-72.6878,44.4787],[-72.6885,44.4779],[-72.6898,44.4771]]}},{"type":"Feature","properties":{"osm_id":"way/800439650","name":"VAST 100","highway":"track","sac_scale":null,"source":"OSM, unverified"},"geometry":{"type":"LineString","coordinates":[[-72.634,44.4894],[-72.6315,44.4894]]}},{"type":"Feature","properties":{"osm_id":"way/800439651","name":"VAST 100","highway":"track","sac_scale":null,"source":"OSM, unverified"},"geometry":{"type":"LineString","coordinates":[[-72.592,44.5233],[-72.5905,44.5214],[-72.5899,44.5193],[-72.5903,44.5165],[-72.591,44.514],[-72.5973,44.5133],[-72.6008,44.5141],[-72.6031,44.5141],[-72.6046,44.5149],[-72.6059,44.5152],[-72.6086,44.5138],[-72.6132,44.5126],[-72.6137,44.5119],[-72.6132,44.511],[-72.613,44.5094],[-72.6123,44.5081],[-72.6158,44.5037],[-72.6163,44.5035],[-72.6179,44.5036],[-72.6186,44.5035],[-72.6197,44.502],[-72.62,44.5004],[-72.6198,44.4999],[-72.6199,44.4997],[-72.6231,44.4971],[-72.625,44.4972],[-72.6276,44.496],[-72.6286,44.4951],[-72.6301,44.4933],[-72.6308,44.493],[-72.6339,44.491],[-72.634,44.4894]]}},{"type":"Feature","properties":{"osm_id":"way/800439652","name":"VAST 15B","highway":"track","sac_scale":null,"source":"OSM, unverified"},"geometry":{"type":"LineString","coordinates":[[-72.6836,44.4828],[-72.6834,44.4817],[-72.6822,44.4805],[-72.6818,44.4795],[-72.6813,44.479],[-72.6787,44.4789],[-72.6767,44.4795],[-72.6759,44.48],[-72.6715,44.4796],[-72.6687,44.4798],[-72.6668,44.4817],[-72.6674,44.4852],[-72.6673,44.4867],[-72.6655,44.4874],[-72.6656,44.4879],[-72.6643,44.4894],[-72.6652,44.4902],[-72.6647,44.4913],[-72.6641,44.4917],[-72.6628,44.492],[-72.6616,44.492],[-72.6613,44.4918]]}},{"type":"Feature","properties":{"osm_id":"way/800439653","name":"VAST 100","highway":"track","sac_scale":null,"source":"OSM, unverified"},"geometry":{"type":"LineString","coordinates":[[-72.5631,44.5588],[-72.5641,44.5564],[-72.5652,44.555],[-72.5661,44.5546],[-72.5682,44.5542],[-72.5704,44.5544],[-72.5724,44.5516],[-72.5738,44.5516],[-72.5752,44.5511],[-72.5777,44.5513],[-72.5783,44.5508],[-72.5784,44.5504],[-72.578,44.5497],[-72.5776,44.5477],[-72.5767,44.5471],[-72.575,44.5468],[-72.5748,44.5465],[-72.5761,44.5456],[-72.5786,44.5422],[-72.5806,44.5412],[-72.5813,44.5403],[-72.5825,44.5382],[-72.5834,44.5372],[-72.5845,44.5351],[-72.5842,44.5341],[-72.5843,44.5334],[-72.5866,44.5332],[-72.5879,44.5326],[-72.5889,44.5315],[-72.5897,44.5302],[-72.5902,44.5286],[-72.5913,44.5279],[-72.5917,44.527],[-72.5916,44.5265],[-72.5922,44.5257],[-72.5912,44.5247],[-72.592,44.5233]]}},{"type":"Feature","properties":{"osm_id":"way/800439654","name":"VAST 15/100C","highway":"track","sac_scale":null,"source":"OSM, unverified"},"geometry":{"type":"LineString","coordinates":[[-72.6923,44.5571],[-72.6888,44.5544],[-72.6887,44.5533],[-72.6876,44.5521],[-72.6864,44.5512],[-72.6856,44.5513],[-72.6847,44.5541],[-72.6845,44.5543],[-72.6826,44.5539],[-72.6815,44.5533],[-72.6794,44.5527],[-72.6772,44.5533],[-72.6761,44.5517],[-72.6744,44.5515],[-72.6697,44.549],[-72.6634,44.5494],[-72.6624,44.5479],[-72.6608,44.5471],[-72.6589,44.5468],[-72.6573,44.547],[-72.6555,44.5478],[-72.6544,44.5491],[-72.6511,44.5498],[-72.6502,44.5498],[-72.6462,44.5486],[-72.6432,44.5474],[-72.6417,44.5464],[-72.6416,44.5452],[-72.6413,44.5445],[-72.6399,44.5439],[-72.6393,44.543],[-72.6397,44.5422],[-72.6395,44.5417],[-72.6399,44.5398],[-72.6397,44.5391],[-72.6388,44.5385],[-72.6388,44.5377],[-72.6393,44.5371],[-72.639,44.5366],[-72.6388,44.5365],[-72.6388,44.5363],[-72.6384,44.536],[-72.6385,44.5352],[-72.6381,44.5348],[-72.6353,44.5351],[-72.6339,44.5367],[-72.6335,44.5369],[-72.6307,44.5365],[-72.6302,44.5369],[-72.6292,44.5385],[-72.6289,44.5396],[-72.628,44.5411],[-72.6258,44.5415],[-72.6254,44.542],[-72.6247,44.5424],[-72.6215,44.5426],[-72.6198,44.5424],[-72.6181,44.5433]]}},{"type":"Feature","properties":{"osm_id":"way/800453471","name":"VAST 15B","highway":"track","sac_scale":null,"source":"OSM, unverified"},"geometry":{"type":"LineString","coordinates":[[-72.6836,44.4828],[-72.6844,44.4835],[-72.6847,44.4857],[-72.6849,44.4861],[-72.6864,44.4865],[-72.6873,44.4877],[-72.6883,44.4879],[-72.6894,44.4888],[-72.6914,44.4891],[-72.6924,44.4912],[-72.6956,44.4912],[-72.697,44.4935],[-72.7007,44.4971],[-72.7006,44.4977],[-72.701,44.4984],[-72.701,44.4993],[-72.7003,44.5008],[-72.6987,44.5014],[-72.6986,44.5018],[-72.6976,44.5027],[-72.6971,44.5028],[-72.6965,44.5034],[-72.6959,44.5035],[-72.6956,44.5038],[-72.6952,44.5064],[-72.6947,44.5073],[-72.6949,44.5078],[-72.6944,44.5109],[-72.6946,44.5133],[-72.696,44.5143],[-72.6987,44.5144],[-72.7,44.5153],[-72.7023,44.5163],[-72.7038,44.5178],[-72.7032,44.52],[-72.7036,44.5212],[-72.7032,44.5217],[-72.7032,44.5221],[-72.7041,44.523],[-72.7061,44.5231]]}},{"type":"Feature","properties":{"osm_id":"way/800453472","name":"VAST 15/100C","highway":"track","sac_scale":null,"source":"OSM, unverified"},"geometry":{"type":"LineString","coordinates":[[-72.6116,44.5337],[-72.6109,44.5336],[-72.6106,44.5323],[-72.6112,44.5311],[-72.6111,44.5303],[-72.6117,44.5296],[-72.6118,44.5278],[-72.6113,44.5271],[-72.6103,44.527],[-72.6096,44.5275],[-72.6087,44.5274],[-72.6073,44.5265],[-72.6063,44.5273],[-72.6051,44.5279],[-72.6043,44.528],[-72.603,44.5288],[-72.602,44.5271],[-72.6016,44.5269],[-72.6017,44.5261],[-72.6011,44.525],[-72.5994,44.5244],[-72.599,44.5238],[-72.5957,44.5234],[-72.5943,44.5229],[-72.592,44.5233]]}},{"type":"Feature","properties":{"osm_id":"way/800453473","name":"VAST 15/100C","highway":"track","sac_scale":null,"source":"OSM, unverified"},"geometry":{"type":"LineString","coordinates":[[-72.6181,44.5433],[-72.6179,44.5433]]}},{"type":"Feature","properties":{"osm_id":"way/800453474","name":"VAST 15B","highway":"track","sac_scale":null,"source":"OSM, unverified"},"geometry":{"type":"LineString","coordinates":[[-72.6606,44.4899],[-72.658,44.4907],[-72.6544,44.4932],[-72.6519,44.4937],[-72.6498,44.4939],[-72.6472,44.4936],[-72.6435,44.4922],[-72.6422,44.4898],[-72.6415,44.4893],[-72.6368,44.4889],[-72.634,44.4894]]}},{"type":"Feature","properties":{"osm_id":"way/801343174","name":"VAST 100","highway":"track","sac_scale":null,"source":"OSM, unverified"},"geometry":{"type":"LineString","coordinates":[[-72.6292,44.4875],[-72.6271,44.4869],[-72.6259,44.4869],[-72.6246,44.4862],[-72.6244,44.4858],[-72.6244,44.4842],[-72.6231,44.4832],[-72.6237,44.4818],[-72.6224,44.4813],[-72.6218,44.4791],[-72.6206,44.4781],[-72.6196,44.4768],[-72.6177,44.476],[-72.6173,44.4754],[-72.6153,44.4746],[-72.6142,44.4723],[-72.6137,44.4719],[-72.6124,44.4703],[-72.6131,44.4695],[-72.6124,44.4685],[-72.6125,44.4678],[-72.6117,44.4672],[-72.6087,44.4661],[-72.6082,44.4655],[-72.6075,44.4652],[-72.607,44.4637],[-72.6088,44.4622],[-72.6088,44.4613],[-72.6095,44.4605],[-72.6086,44.4597],[-72.6084,44.4591],[-72.609,44.459],[-72.6101,44.4595],[-72.6108,44.4593],[-72.6114,44.4594],[-72.6116,44.459]]}},{"type":"Feature","properties":{"osm_id":"way/801343175","name":"VAST 100","highway":"track","sac_scale":null,"source":"OSM, unverified"},"geometry":{"type":"LineString","coordinates":[[-72.6216,44.4606],[-72.6237,44.4588],[-72.6251,44.4568],[-72.6265,44.4568],[-72.6275,44.4563],[-72.6279,44.4554],[-72.6299,44.4549],[-72.6301,44.4551],[-72.6316,44.4545],[-72.6319,44.4534],[-72.6318,44.4525],[-72.6323,44.4521],[-72.6322,44.4517],[-72.6311,44.4511],[-72.6298,44.45],[-72.6282,44.45],[-72.6278,44.4497],[-72.6305,44.4465],[-72.6318,44.4467],[-72.6328,44.4473],[-72.634,44.4469],[-72.6357,44.4475],[-72.6366,44.4476],[-72.6376,44.4475],[-72.6388,44.4466],[-72.6397,44.4466],[-72.6404,44.4468],[-72.6408,44.4475],[-72.6414,44.4477],[-72.6435,44.4468],[-72.6445,44.4467],[-72.6448,44.4462]]}},{"type":"Feature","properties":{"osm_id":"way/801343178","name":"Brownsville Road","highway":"track","sac_scale":null,"source":"OSM, unverified"},"geometry":{"type":"LineString","coordinates":[[-72.6389,44.4701],[-72.6367,44.4709],[-72.6351,44.4709],[-72.6328,44.4716],[-72.6305,44.4709],[-72.6279,44.4718],[-72.6262,44.4716],[-72.6251,44.4734]]}},{"type":"Feature","properties":{"osm_id":"way/801668082","name":"VAST 15B","highway":"track","sac_scale":null,"source":"OSM, unverified"},"geometry":{"type":"LineString","coordinates":[[-72.6611,44.4917],[-72.661,44.49],[-72.6606,44.4899]]}},{"type":"Feature","properties":{"osm_id":"way/801668083","name":"VAST 15B","highway":"track","sac_scale":null,"source":"OSM, unverified"},"geometry":{"type":"LineString","coordinates":[[-72.6613,44.4918],[-72.6611,44.4917]]}},{"type":"Feature","properties":{"osm_id":"way/802739941","name":"Old Goshen Road","highway":"track","sac_scale":null,"source":"OSM, unverified"},"geometry":{"type":"LineString","coordinates":[[-73.0227,43.9449],[-73.0233,43.9464],[-73.0229,43.9468],[-73.0231,43.9473],[-73.0229,43.9482],[-73.023,43.9488],[-73.0241,43.9502],[-73.024,43.9506]]}},{"type":"Feature","properties":{"osm_id":"way/818079168","name":"Cliff Hanger","highway":"path","sac_scale":null,"source":"OSM, unverified"},"geometry":{"type":"LineString","coordinates":[[-72.8492,44.4284],[-72.849,44.4303],[-72.8506,44.4305],[-72.8514,44.4304],[-72.8517,44.4305],[-72.8528,44.4301],[-72.8531,44.4293],[-72.8558,44.4292],[-72.8566,44.4289],[-72.8567,44.4284],[-72.8574,44.4282]]}},{"type":"Feature","properties":{"osm_id":"way/818079169","name":"George's Gorge","highway":"path","sac_scale":null,"source":"OSM, unverified"},"geometry":{"type":"LineString","coordinates":[[-72.8496,44.4304],[-72.8488,44.4311],[-72.8479,44.4311],[-72.8474,44.4314],[-72.8466,44.433],[-72.8466,44.4341],[-72.8449,44.4352],[-72.8451,44.4357],[-72.8443,44.4367],[-72.8435,44.4371]]}},{"type":"Feature","properties":{"osm_id":"way/818079170","name":"Brook Run","highway":"path","sac_scale":null,"source":"OSM, unverified"},"geometry":{"type":"LineString","coordinates":[[-72.8496,44.4304],[-72.8498,44.4296],[-72.8504,44.4291],[-72.8505,44.4286],[-72.8536,44.4257],[-72.8538,44.4248],[-72.8534,44.4245]]}},{"type":"Feature","properties":{"osm_id":"way/818079171","name":"Pika","highway":"path","sac_scale":null,"source":"OSM, unverified"},"geometry":{"type":"LineString","coordinates":[[-72.8547,44.4244],[-72.8551,44.4241],[-72.8559,44.4242],[-72.8567,44.4239],[-72.8566,44.4233],[-72.8563,44.423]]}},{"type":"Feature","properties":{"osm_id":"way/818079172","name":"Holden's Hollow","highway":"path","sac_scale":null,"source":"OSM, unverified"},"geometry":{"type":"LineString","coordinates":[[-72.8537,44.4248],[-72.8541,44.4248],[-72.8549,44.4255],[-72.8548,44.426],[-72.8552,44.4267],[-72.8546,44.427],[-72.854,44.4277],[-72.8552,44.4283],[-72.8555,44.4288],[-72.8552,44.4292]]}},{"type":"Feature","properties":{"osm_id":"way/818079737","name":"One Love","highway":"path","sac_scale":null,"source":"OSM, unverified"},"geometry":{"type":"LineString","coordinates":[[-72.8467,44.4232],[-72.8462,44.4235]]}},{"type":"Feature","properties":{"osm_id":"way/819208823","name":"Pond Loop","highway":"path","sac_scale":null,"source":"OSM, unverified"},"geometry":{"type":"LineString","coordinates":[[-72.8492,44.4231],[-72.8502,44.4231],[-72.851,44.4236],[-72.852,44.4247]]}},{"type":"Feature","properties":{"osm_id":"way/819584786","name":"Possum","highway":"path","sac_scale":null,"source":"OSM, unverified"},"geometry":{"type":"LineString","coordinates":[[-72.8465,44.4303],[-72.8469,44.4309],[-72.8481,44.4306],[-72.8489,44.43]]}},{"type":"Feature","properties":{"osm_id":"way/820225049","name":"Old Town Road","highway":"track","sac_scale":null,"source":"OSM, unverified"},"geometry":{"type":"LineString","coordinates":[[-73.0404,43.9714],[-73.0416,43.9712]]}},{"type":"Feature","properties":{"osm_id":"way/820225050","name":"Old Town Road","highway":"track","sac_scale":null,"source":"OSM, unverified"},"geometry":{"type":"LineString","coordinates":[[-73.0725,43.9716],[-73.0735,43.9715],[-73.074,43.9717]]}},{"type":"Feature","properties":{"osm_id":"way/824261069","name":"Camp Ride / Picnic Loop","highway":"path","sac_scale":null,"source":"OSM, unverified"},"geometry":{"type":"LineString","coordinates":[[-72.853,44.4216],[-72.8535,44.4212],[-72.853,44.4205],[-72.8531,44.4201],[-72.854,44.4191],[-72.8545,44.4179],[-72.8553,44.4178],[-72.855,44.4188],[-72.8544,44.4195],[-72.8545,44.4199],[-72.8543,44.4204],[-72.8547,44.421],[-72.8546,44.4212],[-72.8542,44.4211],[-72.854,44.4202],[-72.8538,44.42],[-72.8534,44.4201],[-72.8537,44.4207],[-72.8535,44.4209]]}},{"type":"Feature","properties":{"osm_id":"way/824261071","name":"Camp Loop","highway":"path","sac_scale":null,"source":"OSM, unverified"},"geometry":{"type":"LineString","coordinates":[[-72.8543,44.4186],[-72.8548,44.4189],[-72.8551,44.4187],[-72.8552,44.4189],[-72.8548,44.4192],[-72.8547,44.4204],[-72.854,44.4211],[-72.854,44.4215],[-72.8531,44.4216]]}},{"type":"Feature","properties":{"osm_id":"way/824261072","name":"Camp Ride Access","highway":"path","sac_scale":null,"source":"OSM, unverified"},"geometry":{"type":"LineString","coordinates":[[-72.8527,44.4215],[-72.8522,44.4214]]}},{"type":"Feature","properties":{"osm_id":"way/825274085","name":"New Discovery to Osmore Pond Trail","highway":"footway","sac_scale":null,"source":"OSM, unverified"},"geometry":{"type":"LineString","coordinates":[[-72.2879,44.3187],[-72.287,44.3185],[-72.2857,44.3175],[-72.2855,44.3163],[-72.2839,44.3147],[-72.2824,44.3137],[-72.282,44.3136],[-72.2817,44.3138]]}},{"type":"Feature","properties":{"osm_id":"way/825274086","name":"Littte Deer Mountain Trail","highway":"footway","sac_scale":null,"source":"OSM, unverified"},"geometry":{"type":"LineString","coordinates":[[-72.2769,44.3022],[-72.2769,44.3016],[-72.279,44.3001],[-72.2787,44.2999],[-72.2786,44.2989],[-72.2782,44.2981],[-72.2773,44.2973]]}},{"type":"Feature","properties":{"osm_id":"way/826594056","name":"Telemark","highway":"path","sac_scale":null,"source":"OSM, unverified"},"geometry":{"type":"LineString","coordinates":[[-72.8578,44.4273],[-72.8574,44.428],[-72.8575,44.4288],[-72.8585,44.4295],[-72.8594,44.429],[-72.8594,44.4287],[-72.859,44.4282],[-72.8592,44.428],[-72.8599,44.4281],[-72.8613,44.4288],[-72.8618,44.4282],[-72.8617,44.4278],[-72.8606,44.4267],[-72.8604,44.4257],[-72.8595,44.4244],[-72.8592,44.4229],[-72.8595,44.4223],[-72.859,44.4218]]}},{"type":"Feature","properties":{"osm_id":"way/826594057","name":"Bobcat","highway":"path","sac_scale":null,"source":"OSM, unverified"},"geometry":{"type":"LineString","coordinates":[[-72.8566,44.4233],[-72.8574,44.4248],[-72.8587,44.4265],[-72.8589,44.4274],[-72.8586,44.428]]}},{"type":"Feature","properties":{"osm_id":"way/826789275","name":"Lynx","highway":"path","sac_scale":null,"source":"OSM, unverified"},"geometry":{"type":"LineString","coordinates":[[-72.8563,44.423],[-72.8564,44.4227],[-72.8578,44.4231],[-72.8583,44.4222]]}},{"type":"Feature","properties":{"osm_id":"way/826789919","name":"Herm","highway":"path","sac_scale":null,"source":"OSM, unverified"},"geometry":{"type":"LineString","coordinates":[[-72.8586,44.428],[-72.8578,44.4273]]}},{"type":"Feature","properties":{"osm_id":"way/826790024","name":"Fox Hollow","highway":"path","sac_scale":null,"source":"OSM, unverified"},"geometry":{"type":"LineString","coordinates":[[-72.8618,44.4282],[-72.862,44.4286],[-72.8627,44.4289],[-72.8636,44.4303],[-72.863,44.4307],[-72.8621,44.4301],[-72.8613,44.4299]]}},{"type":"Feature","properties":{"osm_id":"way/828774814","name":"Groton Nature Trail","highway":"path","sac_scale":null,"source":"OSM, unverified"},"geometry":{"type":"LineString","coordinates":[[-72.2645,44.2865],[-72.2636,44.2864],[-72.263,44.2866],[-72.2624,44.2872],[-72.2615,44.2873],[-72.2628,44.2879],[-72.2643,44.2873],[-72.2645,44.2865]]}},{"type":"Feature","properties":{"osm_id":"way/828774815","name":"Groton Nature Trail","highway":"path","sac_scale":null,"source":"OSM, unverified"},"geometry":{"type":"LineString","coordinates":[[-72.2649,44.2863],[-72.2645,44.2865]]}},{"type":"Feature","properties":{"osm_id":"way/829242695","name":"Hosmer Brook Trail","highway":"path","sac_scale":null,"source":"OSM, unverified"},"geometry":{"type":"LineString","coordinates":[[-72.2635,44.2876],[-72.2636,44.2879],[-72.2628,44.2884],[-72.2643,44.2896]]}},{"type":"Feature","properties":{"osm_id":"way/829379145","name":"Telephone Line Trail","highway":"path","sac_scale":null,"source":"OSM, unverified"},"geometry":{"type":"LineString","coordinates":[[-72.2978,44.3163],[-72.2975,44.3159],[-72.2939,44.3159],[-72.2933,44.315],[-72.2937,44.3141],[-72.2911,44.3133],[-72.2908,44.313],[-72.2906,44.3131],[-72.2886,44.3125],[-72.2864,44.311],[-72.2861,44.3104],[-72.2863,44.3097],[-72.286,44.3086],[-72.2841,44.3058],[-72.2834,44.3039],[-72.2825,44.3033],[-72.2804,44.3024],[-72.2776,44.3019],[-72.2768,44.3014],[-72.2754,44.2999],[-72.2749,44.2988],[-72.2751,44.2981],[-72.2739,44.2972],[-72.2719,44.2937],[-72.2724,44.2931],[-72.2722,44.2921],[-72.2726,44.2911],[-72.272,44.2908],[-72.2705,44.2911],[-72.2697,44.2897],[-72.269,44.2897],[-72.2676,44.2889],[-72.2666,44.2889],[-72.2663,44.2893],[-72.2643,44.2896],[-72.2644,44.2901],[-72.2636,44.2907],[-72.2628,44.2923],[-72.2625,44.2938],[-72.2626,44.296],[-72.2623,44.2967],[-72.2615,44.2968]]}},{"type":"Feature","properties":{"osm_id":"way/829417350","name":"Old Post Road","highway":"track","sac_scale":null,"source":"OSM, unverified"},"geometry":{"type":"LineString","coordinates":[[-72.5741,44.0186],[-72.5739,44.0186]]}},{"type":"Feature","properties":{"osm_id":"way/829450805","name":"Telephone Line Trail","highway":"path","sac_scale":null,"source":"OSM, unverified"},"geometry":{"type":"LineString","coordinates":[[-72.2864,44.311],[-72.2864,44.3126]]}},{"type":"Feature","properties":{"osm_id":"way/829450870","name":"Goat Path","highway":"path","sac_scale":null,"source":"OSM, unverified"},"geometry":{"type":"LineString","coordinates":[[-72.87,44.4338],[-72.8704,44.4335],[-72.8702,44.433],[-72.8706,44.432],[-72.8702,44.4316],[-72.8699,44.4302],[-72.8694,44.4298],[-72.8693,44.4289],[-72.8685,44.4286],[-72.8684,44.4283],[-72.8678,44.4281],[-72.8669,44.4268],[-72.8652,44.4257],[-72.8644,44.424],[-72.8639,44.4241]]}},{"type":"Feature","properties":{"osm_id":"way/829451733","name":"Eagle's Nest","highway":"path","sac_scale":null,"source":"OSM, unverified"},"geometry":{"type":"LineString","coordinates":[[-72.856,44.4301],[-72.8565,44.4306],[-72.8565,44.4314],[-72.8567,44.4316],[-72.8584,44.4318],[-72.8587,44.4317],[-72.8601,44.4321],[-72.8601,44.4323],[-72.8605,44.432],[-72.8608,44.4307],[-72.8614,44.4298],[-72.8615,44.4293],[-72.8613,44.4288]]}},{"type":"Feature","properties":{"osm_id":"way/830293626","name":"Hosmer Brook Trail","highway":"path","sac_scale":null,"source":"OSM, unverified"},"geometry":{"type":"LineString","coordinates":[[-72.2691,44.2897],[-72.2694,44.2903],[-72.2693,44.2907],[-72.2703,44.2927],[-72.2705,44.2938],[-72.2711,44.2947],[-72.2716,44.2971],[-72.2723,44.2979],[-72.2727,44.2993],[-72.2743,44.3011],[-72.2749,44.303]]}},{"type":"Feature","properties":{"osm_id":"way/830300455","name":"Coldwater Brook Trail","highway":"path","sac_scale":null,"source":"OSM, unverified"},"geometry":{"type":"LineString","coordinates":[[-72.2605,44.2885],[-72.261,44.289],[-72.261,44.2905],[-72.2621,44.2915],[-72.2623,44.2923],[-72.2627,44.2929]]}},{"type":"Feature","properties":{"osm_id":"way/830301449","name":"Coldwater Brook Trail","highway":"path","sac_scale":null,"source":"OSM, unverified"},"geometry":{"type":"LineString","coordinates":[[-72.2622,44.2967],[-72.262,44.2973],[-72.2608,44.2982],[-72.2627,44.2987],[-72.2633,44.2994],[-72.2648,44.2995],[-72.2649,44.3007],[-72.2656,44.3017],[-72.2663,44.3022],[-72.2663,44.3035],[-72.2674,44.3045],[-72.2678,44.3055]]}},{"type":"Feature","properties":{"osm_id":"way/830304079","name":"Big Deer Mountain Trail","highway":"path","sac_scale":null,"source":"OSM, unverified"},"geometry":{"type":"LineString","coordinates":[[-72.2749,44.303],[-72.2676,44.3056],[-72.2672,44.3062],[-72.2669,44.3088]]}},{"type":"Feature","properties":{"osm_id":"way/830304080","name":"Big Deer Mountain Trail","highway":"path","sac_scale":"hiking","source":"OSM, unverified"},"geometry":{"type":"LineString","coordinates":[[-72.2816,44.3197],[-72.2805,44.3191],[-72.2793,44.3189],[-72.2765,44.3169],[-72.2757,44.3166],[-72.2747,44.3159],[-72.2726,44.3152],[-72.2697,44.3125],[-72.2688,44.3104],[-72.2669,44.3088],[-72.2642,44.3072],[-72.2637,44.3064],[-72.2638,44.3059]]}},{"type":"Feature","properties":{"osm_id":"way/830399368","name":"Osmore Pond Loop","highway":"footway","sac_scale":null,"source":"OSM, unverified"},"geometry":{"type":"LineString","coordinates":[[-72.2817,44.3138],[-72.282,44.3135],[-72.282,44.3128],[-72.2812,44.3103],[-72.2793,44.307],[-72.2781,44.3055],[-72.2773,44.3025],[-72.2769,44.3022],[-72.2755,44.3024],[-72.2749,44.303],[-72.2748,44.3036],[-72.2753,44.3049],[-72.2758,44.3052],[-72.2761,44.3061],[-72.2758,44.3073],[-72.2759,44.3089],[-72.2781,44.3104],[-72.2798,44.313],[-72.2817,44.3138]]}},{"type":"Feature","properties":{"osm_id":"way/833143425","name":"Devil's Hill Trail","highway":"path","sac_scale":null,"source":"OSM, unverified"},"geometry":{"type":"LineString","coordinates":[[-72.2247,44.3125],[-72.225,44.3118],[-72.2247,44.3102],[-72.2259,44.3098],[-72.2262,44.3091],[-72.2266,44.309],[-72.2265,44.3087],[-72.2269,44.3085],[-72.227,44.308],[-72.2278,44.3081],[-72.2282,44.309],[-72.2296,44.3095],[-72.2295,44.3099],[-72.2302,44.3105],[-72.2302,44.3108],[-72.2296,44.3113],[-72.227,44.3128],[-72.226,44.3131],[-72.2223,44.3118],[-72.2185,44.3119]]}},{"type":"Feature","properties":{"osm_id":"way/833146988","name":"Coldwater Brook Road","highway":"path","sac_scale":null,"source":"OSM, unverified"},"geometry":{"type":"LineString","coordinates":[[-72.2542,44.2864],[-72.2547,44.287],[-72.2555,44.2895],[-72.2567,44.2908],[-72.2564,44.2933],[-72.2571,44.294],[-72.2583,44.2965],[-72.2598,44.2971],[-72.2615,44.2968]]}},{"type":"Feature","properties":{"osm_id":"way/833177736","name":"Connector Trail","highway":"path","sac_scale":null,"source":"OSM, unverified"},"geometry":{"type":"LineString","coordinates":[[-72.3047,44.2941],[-72.3032,44.2943]]}},{"type":"Feature","properties":{"osm_id":"way/833246202","name":"Bog Loop to Devils Hill","highway":"path","sac_scale":null,"source":"OSM, unverified"},"geometry":{"type":"LineString","coordinates":[[-72.2279,44.2908],[-72.2278,44.292],[-72.2283,44.2928],[-72.2283,44.2943],[-72.2287,44.2956],[-72.2282,44.2962],[-72.2275,44.2964],[-72.2269,44.2961],[-72.2261,44.2964],[-72.2258,44.2968],[-72.226,44.2974],[-72.2256,44.2978],[-72.2243,44.2981],[-72.2241,44.2983],[-72.2241,44.2987],[-72.2232,44.3006],[-72.2233,44.3015],[-72.2231,44.3018],[-72.2236,44.3023],[-72.2239,44.3042],[-72.2245,44.3053],[-72.2242,44.3057],[-72.2222,44.3063],[-72.2233,44.3078],[-72.2236,44.3086],[-72.2247,44.3102]]}},{"type":"Feature","properties":{"osm_id":"way/833662784","name":"Old Town Road","highway":"track","sac_scale":null,"source":"OSM, unverified"},"geometry":{"type":"LineString","coordinates":[[-73.0506,43.9684],[-73.0517,43.968]]}},{"type":"Feature","properties":{"osm_id":"way/837362298","name":"Reed Road Extension","highway":"path","sac_scale":null,"source":"OSM, unverified"},"geometry":{"type":"LineString","coordinates":[[-72.3677,43.9658],[-72.3691,43.9667],[-72.3702,43.9681],[-72.371,43.9686],[-72.3727,43.9691],[-72.3737,43.9692]]}},{"type":"Feature","properties":{"osm_id":"way/837362299","name":"Cross Rivendell Trail","highway":"path","sac_scale":null,"source":"OSM, unverified"},"geometry":{"type":"LineString","coordinates":[[-72.3769,43.9703],[-72.3737,43.9692],[-72.3737,43.9684]]}},{"type":"Feature","properties":{"osm_id":"way/849631635","name":"Catamount Trail","highway":"path","sac_scale":null,"source":"OSM, unverified"},"geometry":{"type":"LineString","coordinates":[[-72.8941,44.2039],[-72.8939,44.2042],[-72.8929,44.2036],[-72.8922,44.2037],[-72.8922,44.2055],[-72.8907,44.2066],[-72.89,44.2083],[-72.8899,44.211],[-72.8906,44.2113],[-72.8905,44.2131],[-72.8891,44.2152],[-72.8891,44.2168],[-72.8883,44.2187],[-72.8887,44.2204],[-72.8892,44.2211],[-72.8908,44.222],[-72.8925,44.222],[-72.8938,44.2245]]}},{"type":"Feature","properties":{"osm_id":"way/851986610","name":"Cottonbrook Reservoir Trail","highway":"path","sac_scale":null,"source":"OSM, unverified"},"geometry":{"type":"LineString","coordinates":[[-72.7563,44.4214],[-72.7558,44.4208],[-72.7544,44.4204],[-72.7544,44.4199],[-72.7538,44.4188],[-72.7539,44.4185]]}},{"type":"Feature","properties":{"osm_id":"way/852102757","name":"Elephant\u2019s Head Spur","highway":"path","sac_scale":null,"source":"OSM, unverified"},"geometry":{"type":"LineString","coordinates":[[-72.7926,44.5532],[-72.7941,44.553]]}},{"type":"Feature","properties":{"osm_id":"way/852137148","name":"Barnes Camp Loop","highway":"path","sac_scale":null,"source":"OSM, unverified"},"geometry":{"type":"LineString","coordinates":[[-72.7894,44.5362],[-72.7896,44.5365],[-72.7903,44.5369],[-72.7904,44.539]]}},{"type":"Feature","properties":{"osm_id":"way/852564405","name":"Old Long Trail","highway":"path","sac_scale":null,"source":"OSM, unverified"},"geometry":{"type":"LineString","coordinates":[[-72.9061,44.4191],[-72.9057,44.4183],[-72.9019,44.4177],[-72.8999,44.4175],[-72.8992,44.4181],[-72.8977,44.4181]]}},{"type":"Feature","properties":{"osm_id":"way/852712864","name":"Long Trail","highway":"path","sac_scale":null,"source":"OSM, unverified"},"geometry":{"type":"LineString","coordinates":[[-72.7894,44.5362],[-72.7906,44.5354],[-72.7907,44.5346],[-72.7918,44.5348],[-72.7918,44.5352],[-72.7934,44.5363],[-72.7939,44.5364],[-72.795,44.5371],[-72.7962,44.537],[-72.7966,44.5376],[-72.7978,44.5382],[-72.7978,44.5396],[-72.7991,44.5401],[-72.8013,44.5392],[-72.8025,44.5393],[-72.8028,44.5398],[-72.8035,44.5399],[-72.8045,44.5405],[-72.805,44.5397],[-72.8049,44.5386],[-72.8052,44.538],[-72.8057,44.5381],[-72.8069,44.538],[-72.8071,44.5382],[-72.8065,44.539],[-72.8085,44.5404],[-72.8084,44.5407],[-72.8088,44.541],[-72.8087,44.5414],[-72.8094,44.5418],[-72.8094,44.543],[-72.8099,44.5431],[-72.8108,44.544],[-72.8117,44.5456],[-72.8126,44.5455],[-72.8128,44.5452],[-72.8138,44.5449],[-72.8144,44.5438],[-72.8155,44.543],[-72.816,44.541],[-72.8168,44.5403],[-72.8171,44.5394],[-72.8169,44.5386],[-72.8174,44.5369],[-72.8174,44.5358],[-72.8176,44.5354],[-72.8173,44.5346],[-72.8174,44.5343],[-72.817,44.5324],[-72.8171,44.5306],[-72.8174,44.53],[-72.8156,44.5278],[-72.8156,44.5275],[-72.8163,44.5272]]}},{"type":"Feature","properties":{"osm_id":"way/852712865","name":"Long Trail","highway":"path","sac_scale":null,"source":"OSM, unverified"},"geometry":{"type":"LineString","coordinates":[[-72.7861,44.5333],[-72.7862,44.5333]]}},{"type":"Feature","properties":{"osm_id":"way/854051136","name":"Bolton Potholes","highway":"path","sac_scale":null,"source":"OSM, unverified"},"geometry":{"type":"LineString","coordinates":[[-72.8772,44.3751],[-72.8768,44.3752]]}},{"type":"Feature","properties":{"osm_id":"way/854051137","name":"Potholes lower falls trail","highway":"path","sac_scale":null,"source":"OSM, unverified"},"geometry":{"type":"LineString","coordinates":[[-72.8768,44.3752],[-72.8766,44.375],[-72.8766,44.3745]]}},{"type":"Feature","properties":{"osm_id":"way/854051140","name":"Upper Falls Trail","highway":"path","sac_scale":null,"source":"OSM, unverified"},"geometry":{"type":"LineString","coordinates":[[-72.8768,44.3752],[-72.8763,44.3754],[-72.876,44.3752]]}},{"type":"Feature","properties":{"osm_id":"way/854059356","name":"Timberline Run #40","highway":"path","sac_scale":null,"source":"OSM, unverified"},"geometry":{"type":"LineString","coordinates":[[-72.8618,44.4121],[-72.8628,44.4113],[-72.8643,44.4108],[-72.8645,44.4109]]}},{"type":"Feature","properties":{"osm_id":"way/854059357","name":"Timberline Run #40","highway":"track","sac_scale":null,"source":"OSM, unverified"},"geometry":{"type":"LineString","coordinates":[[-72.8508,44.4147],[-72.8521,44.4141],[-72.8542,44.4157],[-72.8561,44.4154],[-72.8593,44.4135],[-72.86,44.4128],[-72.8618,44.4121]]}},{"type":"Feature","properties":{"osm_id":"way/854064252","name":"Vista Work Road","highway":"track","sac_scale":null,"source":"OSM, unverified"},"geometry":{"type":"LineString","coordinates":[[-72.8499,44.4206],[-72.8481,44.4206],[-72.8467,44.4204],[-72.8467,44.4199],[-72.8459,44.4194],[-72.8453,44.4185],[-72.844,44.418],[-72.8422,44.4183],[-72.8416,44.4188],[-72.8402,44.418],[-72.8378,44.4182],[-72.8367,44.4186],[-72.8361,44.4192],[-72.8347,44.4198],[-72.8345,44.4193],[-72.835,44.4184],[-72.8353,44.4171],[-72.8359,44.4158],[-72.8369,44.4149],[-72.8367,44.4146],[-72.836,44.4145],[-72.8348,44.4147],[-72.8342,44.4149],[-72.8343,44.4154]]}},{"type":"Feature","properties":{"osm_id":"way/854064253","name":"Swing Work Road","highway":"track","sac_scale":null,"source":"OSM, unverified"},"geometry":{"type":"LineString","coordinates":[[-72.8348,44.4206],[-72.8341,44.4202],[-72.8345,44.4193]]}},{"type":"Feature","properties":{"osm_id":"way/860771059","name":"Logging Road","highway":"track","sac_scale":null,"source":"OSM, unverified"},"geometry":{"type":"LineString","coordinates":[[-72.4885,44.4009],[-72.493,44.3984],[-72.4978,44.3945],[-72.4997,44.3925],[-72.5007,44.392],[-72.5022,44.3921],[-72.5027,44.3918],[-72.5037,44.3901],[-72.5049,44.3892]]}},{"type":"Feature","properties":{"osm_id":"way/868640056","name":"Town Forest-County Road-Peck Farm Trail","highway":"path","sac_scale":null,"source":"OSM, unverified"},"geometry":{"type":"LineString","coordinates":[[-72.5122,44.3306],[-72.513,44.3294],[-72.5147,44.3288],[-72.5156,44.328],[-72.5162,44.3282],[-72.5179,44.3276],[-72.5179,44.3269],[-72.5181,44.3266],[-72.5188,44.3266],[-72.5189,44.3259],[-72.5193,44.3251],[-72.5191,44.3246],[-72.518,44.3246],[-72.518,44.3234],[-72.5173,44.3225],[-72.5169,44.3225],[-72.5156,44.3234],[-72.5146,44.3229],[-72.5149,44.3223],[-72.5158,44.3216],[-72.5157,44.3214],[-72.5153,44.3213],[-72.5153,44.3208],[-72.5148,44.3201],[-72.515,44.3194],[-72.5163,44.3195],[-72.5167,44.3191],[-72.5175,44.3189],[-72.5186,44.3178],[-72.5196,44.3179],[-72.521,44.3168]]}},{"type":"Feature","properties":{"osm_id":"way/868640057","name":"Town Forest-County Road-Peck Farm Trail","highway":"path","sac_scale":null,"source":"OSM, unverified"},"geometry":{"type":"LineString","coordinates":[[-72.521,44.3167],[-72.521,44.3158]]}},{"type":"Feature","properties":{"osm_id":"way/868640058","name":"Town Forest-County Road-Peck Farm Trail","highway":"path","sac_scale":null,"source":"OSM, unverified"},"geometry":{"type":"LineString","coordinates":[[-72.521,44.3168],[-72.521,44.3167]]}},{"type":"Feature","properties":{"osm_id":"way/869093296","name":"Holden-Templeton Trail","highway":"path","sac_scale":null,"source":"OSM, unverified"},"geometry":{"type":"LineString","coordinates":[[-72.5199,44.3122],[-72.5233,44.3077],[-72.5223,44.3077],[-72.521,44.3068],[-72.5201,44.3066],[-72.5185,44.3057],[-72.5174,44.3055],[-72.5127,44.3035]]}},{"type":"Feature","properties":{"osm_id":"way/872065726","name":"A-Day","highway":"path","sac_scale":null,"source":"OSM, unverified"},"geometry":{"type":"LineString","coordinates":[[-72.9952,44.386],[-72.9941,44.387],[-72.9931,44.3874],[-72.9918,44.3865],[-72.9901,44.3865],[-72.9893,44.3867],[-72.9875,44.3862],[-72.9864,44.3864],[-72.9846,44.3863]]}},{"type":"Feature","properties":{"osm_id":"way/872138102","name":"Mother's Day","highway":"path","sac_scale":null,"source":"OSM, unverified"},"geometry":{"type":"LineString","coordinates":[[-72.9755,44.3908],[-72.976,44.3911],[-72.9753,44.3909],[-72.9754,44.3913],[-72.9759,44.3915],[-72.9783,44.392],[-72.98,44.392],[-72.9801,44.3922],[-72.9797,44.3924],[-72.9799,44.3927],[-72.9794,44.3929],[-72.9803,44.3932],[-72.9794,44.3934],[-72.9793,44.3939],[-72.9795,44.3941],[-72.9813,44.3945]]}},{"type":"Feature","properties":{"osm_id":"way/872138103","name":"Lower Roosters Comb","highway":"path","sac_scale":null,"source":"OSM, unverified"},"geometry":{"type":"LineString","coordinates":[[-72.9801,44.3922],[-72.9806,44.3925],[-72.9816,44.3926],[-72.9818,44.3938],[-72.9816,44.3945]]}},{"type":"Feature","properties":{"osm_id":"way/872138104","name":"AC/DC","highway":"path","sac_scale":null,"source":"OSM, unverified"},"geometry":{"type":"LineString","coordinates":[[-72.979,44.3889],[-72.9783,44.3896],[-72.979,44.3899],[-72.9782,44.3901],[-72.9767,44.391],[-72.9742,44.3905],[-72.9718,44.3895],[-72.9716,44.3898],[-72.9717,44.3902],[-72.9706,44.3897],[-72.9702,44.3898],[-72.9697,44.3909]]}},{"type":"Feature","properties":{"osm_id":"way/872138105","name":"Skully's","highway":"path","sac_scale":null,"source":"OSM, unverified"},"geometry":{"type":"LineString","coordinates":[[-72.9762,44.3873],[-72.9725,44.3854],[-72.9726,44.3859],[-72.973,44.3862],[-72.9727,44.3865],[-72.9736,44.3869],[-72.9736,44.3871],[-72.9741,44.3871],[-72.9738,44.3873],[-72.9749,44.3879],[-72.974,44.3879],[-72.9738,44.3882],[-72.9741,44.3885],[-72.9737,44.3887],[-72.974,44.3888],[-72.9728,44.3888],[-72.9739,44.3895],[-72.9728,44.3894],[-72.9733,44.3901]]}},{"type":"Feature","properties":{"osm_id":"way/872138107","name":"The Connector","highway":"path","sac_scale":null,"source":"OSM, unverified"},"geometry":{"type":"LineString","coordinates":[[-72.9976,44.3884],[-72.9978,44.387],[-72.9974,44.3864],[-72.9967,44.3862],[-72.9969,44.3871],[-72.9965,44.3865],[-72.9961,44.3865],[-72.9952,44.386],[-72.9951,44.3855],[-72.9959,44.3848],[-72.9961,44.3844],[-72.9957,44.3837],[-72.9957,44.3845],[-72.9953,44.3846],[-72.9956,44.3841],[-72.9952,44.384],[-72.9954,44.3829],[-72.9952,44.3826],[-72.995,44.3826],[-72.995,44.3833],[-72.9946,44.3837],[-72.994,44.3837],[-72.9917,44.3819],[-72.9916,44.3822],[-72.9915,44.3819],[-72.9912,44.3821],[-72.988,44.381],[-72.9883,44.3806],[-72.9878,44.3803],[-72.9883,44.3803],[-72.9877,44.38],[-72.9873,44.3792],[-72.987,44.3791],[-72.9867,44.3795],[-72.9861,44.3797],[-72.9863,44.3788],[-72.9852,44.3783],[-72.9833,44.3788],[-72.9827,44.3782],[-72.9822,44.3784],[-72.9819,44.378],[-72.9813,44.3779],[-72.9807,44.3769]]}},{"type":"Feature","properties":{"osm_id":"way/872138108","name":"Jimmy Cliff","highway":"path","sac_scale":null,"source":"OSM, unverified"},"geometry":{"type":"LineString","coordinates":[[-72.9807,44.3769],[-72.9807,44.3785],[-72.9793,44.3789],[-72.978,44.3807],[-72.9777,44.3819],[-72.9778,44.3829],[-72.9772,44.3832],[-72.9772,44.3838],[-72.9775,44.3844],[-72.9778,44.3845],[-72.9766,44.3859],[-72.9765,44.3865],[-72.9771,44.3867],[-72.9762,44.3873]]}},{"type":"Feature","properties":{"osm_id":"way/872138109","name":"Climb To Skullys","highway":"path","sac_scale":null,"source":"OSM, unverified"},"geometry":{"type":"LineString","coordinates":[[-72.9762,44.3873],[-72.9767,44.3874],[-72.9765,44.3878],[-72.9772,44.3879],[-72.9766,44.3886],[-72.9768,44.3887],[-72.9765,44.3889],[-72.9776,44.3886],[-72.9777,44.3888],[-72.9788,44.3881],[-72.9794,44.388],[-72.979,44.3889]]}},{"type":"Feature","properties":{"osm_id":"way/885737887","name":"Indian Brook Loop Trail","highway":"path","sac_scale":null,"source":"OSM, unverified"},"geometry":{"type":"LineString","coordinates":[[-73.0968,44.5372],[-73.0971,44.5378],[-73.0974,44.5416]]}},{"type":"Feature","properties":{"osm_id":"way/885737888","name":"Indian Brook Loop Trail","highway":"path","sac_scale":null,"source":"OSM, unverified"},"geometry":{"type":"LineString","coordinates":[[-73.0991,44.5412],[-73.0993,44.5412]]}},{"type":"Feature","properties":{"osm_id":"way/885737889","name":"Indian Brook Loop Trail","highway":"path","sac_scale":null,"source":"OSM, unverified"},"geometry":{"type":"LineString","coordinates":[[-73.0993,44.5412],[-73.1002,44.5405],[-73.1003,44.5395],[-73.1014,44.5393]]}},{"type":"Feature","properties":{"osm_id":"way/892697501","name":"TUCXS (Teds Unicorn Express)","highway":"path","sac_scale":null,"source":"OSM, unverified"},"geometry":{"type":"LineString","coordinates":[[-72.7486,44.4847],[-72.7491,44.4842],[-72.7488,44.4841],[-72.7494,44.484],[-72.7486,44.4834],[-72.7489,44.4833],[-72.7486,44.4828],[-72.7492,44.4828],[-72.7485,44.4825],[-72.7481,44.4827],[-72.7477,44.4818],[-72.7472,44.4817],[-72.7472,44.4812],[-72.7467,44.4805],[-72.7465,44.4805],[-72.7464,44.4809],[-72.7458,44.4806],[-72.7441,44.4788],[-72.744,44.4782],[-72.7434,44.4773]]}},{"type":"Feature","properties":{"osm_id":"way/892697502","name":"Haulapalooza Down Only","highway":"path","sac_scale":null,"source":"OSM, unverified"},"geometry":{"type":"LineString","coordinates":[[-72.7487,44.4849],[-72.7483,44.4852],[-72.748,44.4851],[-72.748,44.4854],[-72.7471,44.4854]]}},{"type":"Feature","properties":{"osm_id":"way/892704738","name":"Double Bypass","highway":"path","sac_scale":null,"source":"OSM, unverified"},"geometry":{"type":"LineString","coordinates":[[-72.7505,44.4843],[-72.7504,44.4847],[-72.7499,44.485],[-72.7502,44.4853]]}},{"type":"Feature","properties":{"osm_id":"way/895306490","name":"Pop's","highway":"path","sac_scale":null,"source":"OSM, unverified"},"geometry":{"type":"LineString","coordinates":[[-73.0411,44.4478],[-73.0416,44.4478],[-73.0416,44.448],[-73.042,44.4478],[-73.0418,44.4481],[-73.042,44.4482],[-73.0422,44.4479],[-73.0411,44.4469]]}},{"type":"Feature","properties":{"osm_id":"way/900522086","name":"Crane Brook Trail","highway":"path","sac_scale":null,"source":"OSM, unverified"},"geometry":{"type":"LineString","coordinates":[[-72.8829,44.5284],[-72.8822,44.53],[-72.8823,44.5319],[-72.8814,44.5336]]}},{"type":"Feature","properties":{"osm_id":"way/902832161","name":"Indian Brook Loop Trail","highway":"path","sac_scale":null,"source":"OSM, unverified"},"geometry":{"type":"LineString","coordinates":[[-73.0956,44.5325],[-73.0953,44.533],[-73.0953,44.5335],[-73.096,44.5345],[-73.0963,44.5366],[-73.0968,44.5372]]}},{"type":"Feature","properties":{"osm_id":"way/902832162","name":"Indian Brook Loop Trail","highway":"path","sac_scale":null,"source":"OSM, unverified"},"geometry":{"type":"LineString","coordinates":[[-73.0974,44.5416],[-73.0983,44.5415],[-73.0986,44.5411],[-73.0991,44.5412]]}},{"type":"Feature","properties":{"osm_id":"way/902881062","name":"Indian Brook Outer Loop","highway":"path","sac_scale":null,"source":"OSM, unverified"},"geometry":{"type":"LineString","coordinates":[[-73.1042,44.5368],[-73.1036,44.5361],[-73.1041,44.5348],[-73.1036,44.5342],[-73.1038,44.5326],[-73.1032,44.5323],[-73.1015,44.5325],[-73.101,44.5319],[-73.1006,44.5319],[-73.1004,44.5314],[-73.0999,44.5315]]}},{"type":"Feature","properties":{"osm_id":"way/902881063","name":"Indian Brook Outer Loop","highway":"path","sac_scale":null,"source":"OSM, unverified"},"geometry":{"type":"LineString","coordinates":[[-73.0996,44.5456],[-73.0997,44.5456]]}},{"type":"Feature","properties":{"osm_id":"way/902881064","name":"Indian Brook Outer Loop","highway":"path","sac_scale":null,"source":"OSM, unverified"},"geometry":{"type":"LineString","coordinates":[[-73.0961,44.5309],[-73.0952,44.5308],[-73.0944,44.5313],[-73.0944,44.532],[-73.0938,44.5337],[-73.0944,44.5346],[-73.0942,44.5351],[-73.0946,44.5356],[-73.0954,44.5361],[-73.0955,44.5367],[-73.0954,44.5372],[-73.0952,44.5372],[-73.0939,44.5387],[-73.0938,44.5392],[-73.0932,44.5396],[-73.0931,44.5409],[-73.0931,44.5412],[-73.0943,44.5422],[-73.0944,44.5429],[-73.0948,44.5431],[-73.0949,44.5446],[-73.0954,44.5448],[-73.0961,44.5444],[-73.0966,44.545]]}},{"type":"Feature","properties":{"osm_id":"way/905272432","name":"Long Trail","highway":"path","sac_scale":null,"source":"OSM, unverified"},"geometry":{"type":"LineString","coordinates":[[-72.7862,44.5333],[-72.7872,44.5335]]}},{"type":"Feature","properties":{"osm_id":"way/905272433","name":"Long Trail","highway":"path","sac_scale":null,"source":"OSM, unverified"},"geometry":{"type":"LineString","coordinates":[[-72.788,44.5348],[-72.7885,44.5347],[-72.789,44.535],[-72.7892,44.5361],[-72.7894,44.5362]]}},{"type":"Feature","properties":{"osm_id":"way/905272434","name":"Long Trail","highway":"path","sac_scale":null,"source":"OSM, unverified"},"geometry":{"type":"LineString","coordinates":[[-72.7874,44.5396],[-72.7872,44.5386],[-72.7866,44.5382],[-72.7868,44.5379],[-72.7864,44.5374],[-72.7858,44.5356],[-72.7855,44.5332],[-72.7861,44.5333]]}},{"type":"Feature","properties":{"osm_id":"way/905272435","name":"Barnes Camp Loop","highway":"path","sac_scale":null,"source":"OSM, unverified"},"geometry":{"type":"LineString","coordinates":[[-72.791,44.5396],[-72.7904,44.539]]}},{"type":"Feature","properties":{"osm_id":"way/905272436","name":"Long Trail","highway":"footway","sac_scale":null,"source":"OSM, unverified"},"geometry":{"type":"LineString","coordinates":[[-72.7872,44.5335],[-72.7877,44.5342],[-72.7877,44.5348],[-72.788,44.5348]]}},{"type":"Feature","properties":{"osm_id":"way/907792694","name":"Parks Connector","highway":"footway","sac_scale":null,"source":"OSM, unverified"},"geometry":{"type":"LineString","coordinates":[[-72.5789,44.276],[-72.5786,44.2766],[-72.5771,44.2777],[-72.5765,44.2777],[-72.5757,44.2773]]}},{"type":"Feature","properties":{"osm_id":"way/908818779","name":"Barred Owl Boulevard","highway":"path","sac_scale":null,"source":"OSM, unverified"},"geometry":{"type":"LineString","coordinates":[[-72.5671,44.2821],[-72.5664,44.2846],[-72.5667,44.2848],[-72.5664,44.2852],[-72.5668,44.2861]]}},{"type":"Feature","properties":{"osm_id":"way/908818780","name":"Tower Road","highway":"track","sac_scale":null,"source":"OSM, unverified"},"geometry":{"type":"LineString","coordinates":[[-72.5771,44.2658],[-72.5767,44.2661],[-72.5769,44.2668],[-72.5767,44.2672]]}},{"type":"Feature","properties":{"osm_id":"way/908918533","name":"Flow","highway":"path","sac_scale":null,"source":"OSM, unverified"},"geometry":{"type":"LineString","coordinates":[[-73.0334,44.4889],[-73.0316,44.4882],[-73.0313,44.4883],[-73.0311,44.4888],[-73.0318,44.4884],[-73.0317,44.4886],[-73.0328,44.4889],[-73.0329,44.4892],[-73.0334,44.4889]]}},{"type":"Feature","properties":{"osm_id":"way/908918534","name":"Flow","highway":"path","sac_scale":null,"source":"OSM, unverified"},"geometry":{"type":"LineString","coordinates":[[-73.0334,44.4889],[-73.0345,44.4891],[-73.0348,44.4894],[-73.0341,44.4895],[-73.0338,44.4902],[-73.034,44.4904],[-73.0339,44.4907],[-73.0331,44.491],[-73.0329,44.4908],[-73.0322,44.4917]]}},{"type":"Feature","properties":{"osm_id":"way/910657141","name":"Upper Rumrunner","highway":"track","sac_scale":null,"source":"OSM, unverified"},"geometry":{"type":"LineString","coordinates":[[-72.7724,44.5604],[-72.7723,44.5606]]}},{"type":"Feature","properties":{"osm_id":"way/917253444","name":"Indian Brook Outer Loop","highway":"path","sac_scale":null,"source":"OSM, unverified"},"geometry":{"type":"LineString","coordinates":[[-73.0997,44.5456],[-73.1017,44.5456],[-73.1028,44.546],[-73.1035,44.5455],[-73.1044,44.5456],[-73.1049,44.5451],[-73.1049,44.5446],[-73.1064,44.5432],[-73.1072,44.542],[-73.1073,44.5415],[-73.1072,44.5408],[-73.1079,44.5392],[-73.1078,44.5385],[-73.1075,44.5379],[-73.1063,44.5371],[-73.1058,44.5362],[-73.1053,44.5362]]}},{"type":"Feature","properties":{"osm_id":"way/928283137","name":"Boundary Trail","highway":"path","sac_scale":null,"source":"OSM, unverified"},"geometry":{"type":"LineString","coordinates":[[-72.5801,44.2689],[-72.5807,44.2684],[-72.5798,44.266]]}},{"type":"Feature","properties":{"osm_id":"way/928285637","name":"Ravine Trail","highway":"path","sac_scale":null,"source":"OSM, unverified"},"geometry":{"type":"LineString","coordinates":[[-72.5798,44.2659],[-72.5775,44.2665],[-72.5769,44.2673]]}},{"type":"Feature","properties":{"osm_id":"way/928287180","name":"Tower Circle","highway":"path","sac_scale":null,"source":"OSM, unverified"},"geometry":{"type":"LineString","coordinates":[[-72.5791,44.2656],[-72.5792,44.2652],[-72.5783,44.2648],[-72.5776,44.2648],[-72.5771,44.2654]]}},{"type":"Feature","properties":{"osm_id":"way/928287796","name":"Pond-Tower Trail","highway":"path","sac_scale":null,"source":"OSM, unverified"},"geometry":{"type":"LineString","coordinates":[[-72.5737,44.2674],[-72.5744,44.2671],[-72.5748,44.2667],[-72.5752,44.2668],[-72.5756,44.266],[-72.5763,44.2664],[-72.5766,44.2655]]}},{"type":"Feature","properties":{"osm_id":"way/928311419","name":"Hemlock Hill Trail","highway":"path","sac_scale":null,"source":"OSM, unverified"},"geometry":{"type":"LineString","coordinates":[[-72.5771,44.2713],[-72.5778,44.2731],[-72.5792,44.2731],[-72.5797,44.2727]]}},{"type":"Feature","properties":{"osm_id":"way/928349272","name":"Cliffside","highway":"path","sac_scale":null,"source":"OSM, unverified"},"geometry":{"type":"LineString","coordinates":[[-72.5799,44.2733],[-72.5792,44.275],[-72.5796,44.2752]]}},{"type":"Feature","properties":{"osm_id":"way/928352485","name":"Streamside","highway":"path","sac_scale":null,"source":"OSM, unverified"},"geometry":{"type":"LineString","coordinates":[[-72.5799,44.2733],[-72.5789,44.2742],[-72.5778,44.2758],[-72.5781,44.2763],[-72.5789,44.276]]}},{"type":"Feature","properties":{"osm_id":"way/928355531","name":"Nature Center Trail","highway":"path","sac_scale":null,"source":"OSM, unverified"},"geometry":{"type":"LineString","coordinates":[[-72.5786,44.2766],[-72.5792,44.2771],[-72.5788,44.2781],[-72.579,44.2794],[-72.5784,44.28],[-72.5765,44.2809],[-72.576,44.2817],[-72.5766,44.2832],[-72.5761,44.2838],[-72.5765,44.284],[-72.5763,44.2844]]}},{"type":"Feature","properties":{"osm_id":"way/931202540","name":"Spruce - Seyon Trail","highway":"path","sac_scale":null,"source":"OSM, unverified"},"geometry":{"type":"LineString","coordinates":[[-72.3671,44.2256],[-72.3663,44.2255],[-72.3646,44.2237],[-72.3629,44.2234],[-72.3608,44.2236],[-72.3599,44.2233],[-72.3595,44.2235],[-72.3582,44.223],[-72.3567,44.222],[-72.3543,44.2209],[-72.3539,44.2204],[-72.3524,44.2199],[-72.3522,44.2194],[-72.3507,44.2199],[-72.3494,44.2196],[-72.3484,44.2197],[-72.3479,44.2192],[-72.3447,44.2186],[-72.3434,44.2176],[-72.3433,44.2172],[-72.3427,44.217],[-72.3425,44.2166],[-72.3422,44.2167],[-72.3417,44.2164],[-72.3401,44.2167],[-72.3389,44.2163],[-72.3386,44.2159],[-72.3378,44.2156],[-72.3358,44.2151],[-72.333,44.2161],[-72.3326,44.2164],[-72.3307,44.2168],[-72.3307,44.2176],[-72.3294,44.2176],[-72.3282,44.2181],[-72.3271,44.2181],[-72.3243,44.2197],[-72.3203,44.221],[-72.3156,44.2231],[-72.3135,44.2236],[-72.3124,44.2242]]}},{"type":"Feature","properties":{"osm_id":"way/936134922","name":"Beaver Meadow Trail","highway":"track","sac_scale":null,"source":"OSM, unverified"},"geometry":{"type":"LineString","coordinates":[[-73.0493,44.0629],[-73.0503,44.0615],[-73.0501,44.0604],[-73.0502,44.0588],[-73.0508,44.0508]]}},{"type":"Feature","properties":{"osm_id":"way/936134934","name":"Cobb Hill Road","highway":"track","sac_scale":null,"source":"OSM, unverified"},"geometry":{"type":"LineString","coordinates":[[-72.9925,44.0382],[-72.9965,44.0355]]}},{"type":"Feature","properties":{"osm_id":"way/936134961","name":"Pearl Lee Road","highway":"track","sac_scale":null,"source":"OSM, unverified"},"geometry":{"type":"LineString","coordinates":[[-73.0074,44.0295],[-73.0066,44.0299],[-73.0048,44.0315],[-73.0031,44.0317],[-73.0012,44.0323],[-73.0002,44.0337],[-72.9994,44.0342],[-72.9981,44.0342],[-72.9965,44.0355]]}},{"type":"Feature","properties":{"osm_id":"way/936168813","name":"Crowley Road","highway":"track","sac_scale":null,"source":"OSM, unverified"},"geometry":{"type":"LineString","coordinates":[[-73.0178,44.2157],[-73.0189,44.2147],[-73.0211,44.2115],[-73.0213,44.2108]]}},{"type":"Feature","properties":{"osm_id":"way/936412872","name":"Purinton Road West","highway":"track","sac_scale":null,"source":"OSM, unverified"},"geometry":{"type":"LineString","coordinates":[[-72.9869,44.1326],[-72.9899,44.132],[-72.999,44.1312]]}},{"type":"Feature","properties":{"osm_id":"way/940883372","name":"Shepard's Trail","highway":"track","sac_scale":null,"source":"OSM, unverified"},"geometry":{"type":"LineString","coordinates":[[-72.364,44.5134],[-72.3636,44.5136],[-72.3636,44.5139],[-72.3647,44.5151],[-72.3649,44.516],[-72.3659,44.5164],[-72.3663,44.5173],[-72.367,44.5179],[-72.3668,44.5188],[-72.3678,44.5196],[-72.3678,44.52],[-72.3674,44.5204],[-72.368,44.5208],[-72.3679,44.521],[-72.3666,44.5208],[-72.3655,44.5201],[-72.3651,44.5197],[-72.3654,44.5191],[-72.3652,44.5183],[-72.3659,44.5176],[-72.3654,44.5165],[-72.3649,44.5163],[-72.3642,44.5167],[-72.3643,44.5175],[-72.3636,44.5182],[-72.3635,44.5189],[-72.363,44.5197],[-72.3633,44.5203],[-72.3631,44.5208],[-72.3623,44.5205],[-72.3616,44.5207],[-72.3617,44.5193],[-72.362,44.5188],[-72.3627,44.5186],[-72.3628,44.518],[-72.3633,44.5178],[-72.3638,44.5172],[-72.363,44.5154],[-72.3626,44.5151],[-72.3621,44.5132],[-72.3609,44.5125]]}},{"type":"Feature","properties":{"osm_id":"way/940883375","name":"Eaton Brooke Loop","highway":"track","sac_scale":null,"source":"OSM, unverified"},"geometry":{"type":"LineString","coordinates":[[-72.3606,44.5123],[-72.362,44.5112],[-72.3617,44.511],[-72.361,44.5111],[-72.3609,44.5108],[-72.3615,44.5105],[-72.3623,44.5106],[-72.3625,44.5101],[-72.3631,44.5097],[-72.362,44.5093],[-72.362,44.509],[-72.3634,44.5093],[-72.3636,44.509]]}},{"type":"Feature","properties":{"osm_id":"way/944856121","name":"Nature Area Trails","highway":"footway","sac_scale":null,"source":"OSM, unverified"},"geometry":{"type":"LineString","coordinates":[[-72.5798,44.27],[-72.5791,44.2683],[-72.5769,44.2676]]}},{"type":"Feature","properties":{"osm_id":"way/944856122","name":"Short and Steep","highway":"footway","sac_scale":null,"source":"OSM, unverified"},"geometry":{"type":"LineString","coordinates":[[-72.5796,44.2713],[-72.5794,44.2711],[-72.5797,44.2702]]}},{"type":"Feature","properties":{"osm_id":"way/944856123","name":"Stone Tower Path","highway":"track","sac_scale":null,"source":"OSM, unverified"},"geometry":{"type":"LineString","coordinates":[[-72.5781,44.2701],[-72.5788,44.2705],[-72.5797,44.2702]]}},{"type":"Feature","properties":{"osm_id":"way/944856124","name":"Corse Trail","highway":"footway","sac_scale":null,"source":"OSM, unverified"},"geometry":{"type":"LineString","coordinates":[[-72.5769,44.2676],[-72.5758,44.267],[-72.5756,44.266]]}},{"type":"Feature","properties":{"osm_id":"way/944856125","name":"Portal Ballfield Tr.","highway":"path","sac_scale":null,"source":"OSM, unverified"},"geometry":{"type":"LineString","coordinates":[[-72.5736,44.2674],[-72.5735,44.2683]]}},{"type":"Feature","properties":{"osm_id":"way/944856126","name":"Deer Yard Tr.","highway":"path","sac_scale":null,"source":"OSM, unverified"},"geometry":{"type":"LineString","coordinates":[[-72.5792,44.2771],[-72.5799,44.2769],[-72.5799,44.2762],[-72.5794,44.2756]]}},{"type":"Feature","properties":{"osm_id":"way/944856127","name":"CCV Trail","highway":"path","sac_scale":null,"source":"OSM, unverified"},"geometry":{"type":"LineString","coordinates":[[-72.5765,44.2809],[-72.5758,44.2805],[-72.575,44.2805]]}},{"type":"Feature","properties":{"osm_id":"way/944856128","name":"Hermit Thrush Hill","highway":"path","sac_scale":null,"source":"OSM, unverified"},"geometry":{"type":"LineString","coordinates":[[-72.5671,44.2803],[-72.5672,44.2801],[-72.5678,44.2804],[-72.5679,44.2799],[-72.5682,44.2797],[-72.5695,44.2799],[-72.5696,44.2796],[-72.5699,44.2798],[-72.5702,44.2795]]}},{"type":"Feature","properties":{"osm_id":"way/949043458","name":"Noyes Pond Loop Trail","highway":"path","sac_scale":null,"source":"OSM, unverified"},"geometry":{"type":"LineString","coordinates":[[-72.3045,44.2274],[-72.3058,44.2287],[-72.3069,44.2284],[-72.313,44.2292],[-72.3135,44.229],[-72.3137,44.2285],[-72.315,44.2287],[-72.3153,44.2285],[-72.3156,44.2279],[-72.3153,44.2274],[-72.3158,44.2272],[-72.3148,44.2265],[-72.3123,44.2256],[-72.3111,44.2259],[-72.3077,44.2255],[-72.3054,44.2262],[-72.3045,44.2271],[-72.3045,44.2274]]}},{"type":"Feature","properties":{"osm_id":"way/949043459","name":"Owl Cutoff","highway":"path","sac_scale":null,"source":"OSM, unverified"},"geometry":{"type":"LineString","coordinates":[[-72.3115,44.2242],[-72.3114,44.2245],[-72.3119,44.2252],[-72.3119,44.2257]]}},{"type":"Feature","properties":{"osm_id":"way/949043460","name":"Power Line Trail","highway":"path","sac_scale":null,"source":"OSM, unverified"},"geometry":{"type":"LineString","coordinates":[[-72.3008,44.2241],[-72.3031,44.2263],[-72.3034,44.2274]]}},{"type":"Feature","properties":{"osm_id":"way/949043461","name":"Moose Tracks Trail","highway":"path","sac_scale":null,"source":"OSM, unverified"},"geometry":{"type":"LineString","coordinates":[[-72.3124,44.2242],[-72.3076,44.2239],[-72.3021,44.2238],[-72.3005,44.2241]]}},{"type":"Feature","properties":{"osm_id":"way/949043464","name":"Thrush Cutoff","highway":"path","sac_scale":null,"source":"OSM, unverified"},"geometry":{"type":"LineString","coordinates":[[-72.3093,44.224],[-72.3096,44.2253],[-72.3093,44.2256]]}},{"type":"Feature","properties":{"osm_id":"way/949051488","name":"Silver Ledge Trail","highway":"path","sac_scale":"mountain_hiking","source":"OSM, unverified"},"geometry":{"type":"LineString","coordinates":[[-72.2821,44.2604],[-72.2822,44.2607],[-72.2813,44.2615],[-72.2815,44.2619],[-72.2827,44.2631],[-72.2833,44.2644],[-72.2846,44.2659],[-72.2861,44.2667],[-72.286,44.2671]]}},{"type":"Feature","properties":{"osm_id":"way/949195205","name":"Connector Trail","highway":"path","sac_scale":null,"source":"OSM, unverified"},"geometry":{"type":"LineString","coordinates":[[-72.2701,44.2556],[-72.2677,44.2552],[-72.2654,44.2553]]}},{"type":"Feature","properties":{"osm_id":"way/949202714","name":"Cross Cut Trail","highway":"path","sac_scale":null,"source":"OSM, unverified"},"geometry":{"type":"LineString","coordinates":[[-72.2797,44.2446],[-72.2792,44.2445],[-72.2785,44.2448],[-72.2781,44.2451],[-72.2777,44.2459],[-72.2766,44.2462],[-72.2748,44.245],[-72.2741,44.2449],[-72.2711,44.2464],[-72.2673,44.2465],[-72.265,44.2474],[-72.2634,44.2469],[-72.2623,44.2468],[-72.2602,44.2477],[-72.2598,44.2481],[-72.2594,44.2491]]}},{"type":"Feature","properties":{"osm_id":"way/949210821","name":"Owls Head Trail","highway":"path","sac_scale":null,"source":"OSM, unverified"},"geometry":{"type":"LineString","coordinates":[[-72.2949,44.2981],[-72.2943,44.2971],[-72.2949,44.2969],[-72.2943,44.2966],[-72.2947,44.2964]]}},{"type":"Feature","properties":{"osm_id":"way/949545522","name":"VAST 100","highway":"track","sac_scale":null,"source":"OSM, unverified"},"geometry":{"type":"LineString","coordinates":[[-72.6116,44.459],[-72.6114,44.4582],[-72.6116,44.4575],[-72.6112,44.4568],[-72.6114,44.4563],[-72.6118,44.4561],[-72.6126,44.4566],[-72.613,44.4579],[-72.6133,44.4581],[-72.6154,44.4588],[-72.6162,44.4584],[-72.6169,44.4586],[-72.6171,44.4593],[-72.6175,44.4597],[-72.6172,44.4606],[-72.6192,44.4607],[-72.6202,44.4611],[-72.6207,44.4617],[-72.621,44.4616]]}},{"type":"Feature","properties":{"osm_id":"way/949545523","name":"VAST 100","highway":"track","sac_scale":null,"source":"OSM, unverified"},"geometry":{"type":"LineString","coordinates":[[-72.6116,44.459],[-72.6116,44.459]]}},{"type":"Feature","properties":{"osm_id":"way/953616676","name":"Noyes Pond Loop Trail","highway":"path","sac_scale":null,"source":"OSM, unverified"},"geometry":{"type":"LineString","coordinates":[[-72.3043,44.2274],[-72.3045,44.2274]]}},{"type":"Feature","properties":{"osm_id":"way/954734105","name":"Ward Hill Road","highway":"footway","sac_scale":null,"source":"OSM, unverified"},"geometry":{"type":"LineString","coordinates":[[-72.8327,44.2628],[-72.8309,44.267]]}},{"type":"Feature","properties":{"osm_id":"way/955840979","name":"Town Highway 25","highway":"track","sac_scale":null,"source":"OSM, unverified"},"geometry":{"type":"LineString","coordinates":[[-73.009,44.0844],[-73.0086,44.0825],[-73.0078,44.081]]}},{"type":"Feature","properties":{"osm_id":"way/955840982","name":"Town Highway 25","highway":"track","sac_scale":null,"source":"OSM, unverified"},"geometry":{"type":"LineString","coordinates":[[-73.0044,44.0766],[-73.0029,44.0757],[-73.0024,44.0757],[-73.0018,44.0754],[-73.0011,44.0726]]}},{"type":"Feature","properties":{"osm_id":"way/958700351","name":"CCC Road","highway":"track","sac_scale":null,"source":"OSM, unverified"},"geometry":{"type":"LineString","coordinates":[[-72.8346,44.5322],[-72.8339,44.5333],[-72.8311,44.5341]]}},{"type":"Feature","properties":{"osm_id":"way/963491852","name":"Hump Brook Trail","highway":"path","sac_scale":null,"source":"OSM, unverified"},"geometry":{"type":"LineString","coordinates":[[-72.8721,44.3095],[-72.871,44.3088]]}},{"type":"Feature","properties":{"osm_id":"way/963496018","name":"Fire Tower Trail","highway":"path","sac_scale":null,"source":"OSM, unverified"},"geometry":{"type":"LineString","coordinates":[[-72.5393,44.5394],[-72.5393,44.5367],[-72.5397,44.5356]]}},{"type":"Feature","properties":{"osm_id":"way/963749483","name":"Tenny Hill Road","highway":"track","sac_scale":null,"source":"OSM, unverified"},"geometry":{"type":"LineString","coordinates":[[-72.3453,43.9517],[-72.3483,43.9511],[-72.3492,43.9512],[-72.3512,43.951],[-72.3525,43.9512],[-72.353,43.9509],[-72.3531,43.9495],[-72.3528,43.9485],[-72.3537,43.9477],[-72.355,43.9481],[-72.3557,43.9473],[-72.3562,43.944],[-72.3566,43.9434],[-72.3557,43.9412],[-72.3564,43.94]]}},{"type":"Feature","properties":{"osm_id":"way/964677400","name":"Uttero Lane","highway":"track","sac_scale":null,"source":"OSM, unverified"},"geometry":{"type":"LineString","coordinates":[[-72.2972,44.1935],[-72.2966,44.1938],[-72.2958,44.1952],[-72.2954,44.1954],[-72.2912,44.197],[-72.2899,44.1971]]}},{"type":"Feature","properties":{"osm_id":"way/964683114","name":"Tillotson Lane","highway":"track","sac_scale":null,"source":"OSM, unverified"},"geometry":{"type":"LineString","coordinates":[[-72.2279,44.0569],[-72.2265,44.0573]]}},{"type":"Feature","properties":{"osm_id":"way/964683115","name":"Tillotson Lane","highway":"path","sac_scale":null,"source":"OSM, unverified"},"geometry":{"type":"LineString","coordinates":[[-72.2262,44.0575],[-72.2265,44.0573]]}},{"type":"Feature","properties":{"osm_id":"way/964964400","name":"Langone Road","highway":"track","sac_scale":null,"source":"OSM, unverified"},"geometry":{"type":"LineString","coordinates":[[-72.2889,44.4088],[-72.2849,44.4081]]}},{"type":"Feature","properties":{"osm_id":"way/964979136","name":"VAST 15/100C","highway":"track","sac_scale":null,"source":"OSM, unverified"},"geometry":{"type":"LineString","coordinates":[[-72.6179,44.5433],[-72.6172,44.5432],[-72.6161,44.5425],[-72.6134,44.5417],[-72.6127,44.541],[-72.6119,44.5393],[-72.6121,44.5365],[-72.6118,44.5354],[-72.6123,44.5341],[-72.6121,44.5337],[-72.6118,44.5337]]}},{"type":"Feature","properties":{"osm_id":"way/964979137","name":"VAST 15/100C","highway":"track","sac_scale":null,"source":"OSM, unverified"},"geometry":{"type":"LineString","coordinates":[[-72.6118,44.5337],[-72.6116,44.5337]]}},{"type":"Feature","properties":{"osm_id":"way/967572274","name":"Momsen Road","highway":"track","sac_scale":null,"source":"OSM, unverified"},"geometry":{"type":"LineString","coordinates":[[-72.5131,43.9622],[-72.5139,43.9644]]}},{"type":"Feature","properties":{"osm_id":"way/967572275","name":"Klondike Road","highway":"track","sac_scale":null,"source":"OSM, unverified"},"geometry":{"type":"LineString","coordinates":[[-72.4992,43.9915],[-72.495,43.9902],[-72.4932,43.9892],[-72.49,43.9883],[-72.4884,43.9881],[-72.4876,43.9876],[-72.4858,43.9872]]}},{"type":"Feature","properties":{"osm_id":"way/967572276","name":"Parker Drive","highway":"track","sac_scale":null,"source":"OSM, unverified"},"geometry":{"type":"LineString","coordinates":[[-72.5167,43.9883],[-72.5173,43.988],[-72.5215,43.9891]]}},{"type":"Feature","properties":{"osm_id":"way/969321421","name":"Snuffy's","highway":"path","sac_scale":null,"source":"OSM, unverified"},"geometry":{"type":"LineString","coordinates":[[-72.7817,44.5515],[-72.7816,44.5518],[-72.7812,44.5523]]}},{"type":"Feature","properties":{"osm_id":"way/971758952","name":"Carpenter Road","highway":"track","sac_scale":null,"source":"OSM, unverified"},"geometry":{"type":"LineString","coordinates":[[-72.5267,44.0713],[-72.5274,44.0714],[-72.5278,44.0711]]}},{"type":"Feature","properties":{"osm_id":"way/971788283","name":"Batchelder Road","highway":"track","sac_scale":null,"source":"OSM, unverified"},"geometry":{"type":"LineString","coordinates":[[-72.4533,44.0829],[-72.4545,44.0833]]}},{"type":"Feature","properties":{"osm_id":"way/971788284","name":"Batchelder Road","highway":"track","sac_scale":null,"source":"OSM, unverified"},"geometry":{"type":"LineString","coordinates":[[-72.4453,44.081],[-72.4457,44.0811],[-72.4475,44.0808],[-72.4503,44.0818],[-72.4517,44.0828],[-72.4533,44.0829]]}},{"type":"Feature","properties":{"osm_id":"way/971788286","name":"Grandview Road","highway":"track","sac_scale":null,"source":"OSM, unverified"},"geometry":{"type":"LineString","coordinates":[[-72.4897,44.0856],[-72.4916,44.086]]}},{"type":"Feature","properties":{"osm_id":"way/971788287","name":"Grandview Road","highway":"track","sac_scale":null,"source":"OSM, unverified"},"geometry":{"type":"LineString","coordinates":[[-72.4969,44.0865],[-72.4981,44.0862]]}},{"type":"Feature","properties":{"osm_id":"way/971788289","name":"Grandview Road","highway":"track","sac_scale":null,"source":"OSM, unverified"},"geometry":{"type":"LineString","coordinates":[[-72.4916,44.086],[-72.4953,44.0872],[-72.4961,44.0866],[-72.4969,44.0865]]}},{"type":"Feature","properties":{"osm_id":"way/971868297","name":"Tenney Road","highway":"track","sac_scale":null,"source":"OSM, unverified"},"geometry":{"type":"LineString","coordinates":[[-72.329,44.0257],[-72.3313,44.0257],[-72.3327,44.026],[-72.3329,44.0257],[-72.333,44.0237],[-72.3335,44.0232]]}},{"type":"Feature","properties":{"osm_id":"way/971868298","name":"Tenney Road","highway":"track","sac_scale":null,"source":"OSM, unverified"},"geometry":{"type":"LineString","coordinates":[[-72.3104,44.0195],[-72.3162,44.0218],[-72.32,44.0224],[-72.3228,44.0235],[-72.3254,44.0248],[-72.3283,44.0257],[-72.329,44.0257]]}},{"type":"Feature","properties":{"osm_id":"way/971868302","name":"Clermont Road","highway":"track","sac_scale":null,"source":"OSM, unverified"},"geometry":{"type":"LineString","coordinates":[[-72.373,44.0301],[-72.3748,44.0311]]}},{"type":"Feature","properties":{"osm_id":"way/972078714","name":"Beaver Meadow Road","highway":"track","sac_scale":null,"source":"OSM, unverified"},"geometry":{"type":"LineString","coordinates":[[-72.2431,43.9768],[-72.2444,43.98]]}},{"type":"Feature","properties":{"osm_id":"way/972078716","name":"Bear Notch Road","highway":"track","sac_scale":null,"source":"OSM, unverified"},"geometry":{"type":"LineString","coordinates":[[-72.2367,43.9674],[-72.2372,43.9683],[-72.2377,43.9702],[-72.239,43.9718],[-72.2413,43.9735],[-72.243,43.9767]]}},{"type":"Feature","properties":{"osm_id":"way/972078717","name":"Bear Notch Road","highway":"track","sac_scale":null,"source":"OSM, unverified"},"geometry":{"type":"LineString","coordinates":[[-72.2301,43.9479],[-72.2309,43.9494],[-72.2325,43.9547],[-72.2337,43.9574]]}},{"type":"Feature","properties":{"osm_id":"way/972078721","name":"Scrutton Hill Road","highway":"track","sac_scale":null,"source":"OSM, unverified"},"geometry":{"type":"LineString","coordinates":[[-72.2228,43.9689],[-72.2239,43.9713],[-72.2244,43.9742],[-72.2251,43.9756],[-72.2253,43.9767],[-72.2248,43.9789],[-72.2248,43.9804],[-72.2246,43.9807]]}},{"type":"Feature","properties":{"osm_id":"way/972080404","name":"Bear Notch Road","highway":"track","sac_scale":null,"source":"OSM, unverified"},"geometry":{"type":"LineString","coordinates":[[-72.2444,43.98],[-72.2444,43.9804],[-72.2434,43.9816],[-72.2417,43.9825],[-72.241,43.9844],[-72.241,43.9869],[-72.2406,43.9885],[-72.242,43.9896],[-72.2421,43.9903]]}},{"type":"Feature","properties":{"osm_id":"way/972084777","name":"Reed Road","highway":"track","sac_scale":null,"source":"OSM, unverified"},"geometry":{"type":"LineString","coordinates":[[-72.3678,43.9625],[-72.3681,43.9619],[-72.3679,43.9611],[-72.3638,43.9598]]}},{"type":"Feature","properties":{"osm_id":"way/972084778","name":"Reed Road","highway":"track","sac_scale":null,"source":"OSM, unverified"},"geometry":{"type":"LineString","coordinates":[[-72.3647,43.9664],[-72.3664,43.9664],[-72.3678,43.9658],[-72.3672,43.965],[-72.3675,43.9631],[-72.3678,43.9625]]}},{"type":"Feature","properties":{"osm_id":"way/972106986","name":"Chelsea Road","highway":"track","sac_scale":null,"source":"OSM, unverified"},"geometry":{"type":"LineString","coordinates":[[-72.3888,43.9612],[-72.3926,43.9614]]}},{"type":"Feature","properties":{"osm_id":"way/975409646","name":"Stowe Pinnacle Trail","highway":"path","sac_scale":null,"source":"OSM, unverified"},"geometry":{"type":"LineString","coordinates":[[-72.6675,44.4387],[-72.6656,44.4381],[-72.6628,44.4366],[-72.6615,44.4363],[-72.6606,44.4355],[-72.6599,44.4356],[-72.6591,44.4352],[-72.6583,44.4352],[-72.6577,44.4347],[-72.6566,44.4346],[-72.6559,44.4339],[-72.6553,44.4339],[-72.655,44.4334],[-72.654,44.4334],[-72.6533,44.4329],[-72.6521,44.431],[-72.6515,44.4309],[-72.6505,44.4313],[-72.6491,44.4309],[-72.6485,44.431],[-72.6469,44.43],[-72.6478,44.4293],[-72.6503,44.4299]]}},{"type":"Feature","properties":{"osm_id":"way/975766550","name":"Old Hieghts Road","highway":"track","sac_scale":null,"source":"OSM, unverified"},"geometry":{"type":"LineString","coordinates":[[-72.2379,44.4676],[-72.2396,44.4655]]}},{"type":"Feature","properties":{"osm_id":"way/978884428","name":"Tanager Trail","highway":"path","sac_scale":null,"source":"OSM, unverified"},"geometry":{"type":"LineString","coordinates":[[-72.5664,44.2815],[-72.5668,44.2817],[-72.5671,44.2813],[-72.5673,44.2819],[-72.568,44.2815],[-72.5683,44.2806],[-72.569,44.2804],[-72.5693,44.2806],[-72.5697,44.2802],[-72.5704,44.2801],[-72.5704,44.2798]]}},{"type":"Feature","properties":{"osm_id":"way/978885217","name":"Snipe Hill Trail","highway":"path","sac_scale":null,"source":"OSM, unverified"},"geometry":{"type":"LineString","coordinates":[[-72.5666,44.2802],[-72.5662,44.2795],[-72.566,44.2795],[-72.5649,44.2796],[-72.5647,44.2801],[-72.5649,44.2802]]}},{"type":"Feature","properties":{"osm_id":"way/978886840","name":"Downy","highway":"path","sac_scale":null,"source":"OSM, unverified"},"geometry":{"type":"LineString","coordinates":[[-72.5641,44.2879],[-72.5641,44.2883],[-72.5651,44.2889],[-72.565,44.2891],[-72.5654,44.2888],[-72.5653,44.2887],[-72.5659,44.2892],[-72.566,44.2887],[-72.5668,44.2892]]}},{"type":"Feature","properties":{"osm_id":"way/978886841","name":"Roll Call","highway":"path","sac_scale":null,"source":"OSM, unverified"},"geometry":{"type":"LineString","coordinates":[[-72.5668,44.2881],[-72.5663,44.2877],[-72.5654,44.288],[-72.5656,44.2878],[-72.5655,44.2875],[-72.565,44.2879],[-72.5646,44.2878]]}},{"type":"Feature","properties":{"osm_id":"way/978886842","name":"Sapsucker","highway":"path","sac_scale":null,"source":"OSM, unverified"},"geometry":{"type":"LineString","coordinates":[[-72.5641,44.2879],[-72.5632,44.2874],[-72.5636,44.2883],[-72.562,44.2874],[-72.5618,44.2866],[-72.5637,44.2846],[-72.5641,44.2836],[-72.5642,44.2838],[-72.5648,44.2835],[-72.5651,44.2838],[-72.5654,44.2835]]}},{"type":"Feature","properties":{"osm_id":"way/978887409","name":"Hairy","highway":"path","sac_scale":null,"source":"OSM, unverified"},"geometry":{"type":"LineString","coordinates":[[-72.5624,44.2861],[-72.5631,44.2859],[-72.5643,44.2861],[-72.5663,44.2858]]}},{"type":"Feature","properties":{"osm_id":"way/978887664","name":"Grouse Grind","highway":"footway","sac_scale":null,"source":"OSM, unverified"},"geometry":{"type":"LineString","coordinates":[[-72.5708,44.2815],[-72.5703,44.2818],[-72.5693,44.2812],[-72.5683,44.281]]}},{"type":"Feature","properties":{"osm_id":"way/978887742","name":"Grouse Grind","highway":"footway","sac_scale":null,"source":"OSM, unverified"},"geometry":{"type":"LineString","coordinates":[[-72.5703,44.2818],[-72.5705,44.2822]]}},{"type":"Feature","properties":{"osm_id":"way/978887863","name":"Gould Hill Trail","highway":"path","sac_scale":null,"source":"OSM, unverified"},"geometry":{"type":"LineString","coordinates":[[-72.5691,44.2907],[-72.568,44.2903],[-72.5684,44.2893],[-72.5677,44.2894],[-72.5676,44.289],[-72.5666,44.2885]]}},{"type":"Feature","properties":{"osm_id":"way/978888588","name":"Barred Owl Boulevard","highway":"path","sac_scale":null,"source":"OSM, unverified"},"geometry":{"type":"LineString","coordinates":[[-72.57,44.2737],[-72.5696,44.2744],[-72.5695,44.2742]]}},{"type":"Feature","properties":{"osm_id":"way/978888739","name":"Pump Track","highway":"path","sac_scale":null,"source":"OSM, unverified"},"geometry":{"type":"LineString","coordinates":[[-72.5706,44.2746],[-72.5712,44.2747],[-72.571,44.2746]]}},{"type":"Feature","properties":{"osm_id":"way/978889425","name":"Invasives Trail","highway":"footway","sac_scale":null,"source":"OSM, unverified"},"geometry":{"type":"LineString","coordinates":[[-72.5705,44.2765],[-72.5716,44.2754],[-72.5715,44.2744]]}},{"type":"Feature","properties":{"osm_id":"way/978894897","name":"Shire Connector","highway":"footway","sac_scale":null,"source":"OSM, unverified"},"geometry":{"type":"LineString","coordinates":[[-72.5796,44.2752],[-72.5805,44.2748],[-72.5805,44.2739]]}},{"type":"Feature","properties":{"osm_id":"way/978895154","name":"New Shelter Connector","highway":"footway","sac_scale":null,"source":"OSM, unverified"},"geometry":{"type":"LineString","coordinates":[[-72.5778,44.2706],[-72.5782,44.2702]]}},{"type":"Feature","properties":{"osm_id":"way/979432333","name":"Langelaut","highway":"footway","sac_scale":null,"source":"OSM, unverified"},"geometry":{"type":"LineString","coordinates":[[-72.7834,44.5896],[-72.7844,44.5902],[-72.7871,44.5907],[-72.7874,44.5912],[-72.7883,44.5911],[-72.7895,44.5914]]}},{"type":"Feature","properties":{"osm_id":"way/980377783","name":"Upper West Bolton Climbing Path","highway":"footway","sac_scale":null,"source":"OSM, unverified"},"geometry":{"type":"LineString","coordinates":[[-72.9017,44.4177],[-72.9023,44.4181],[-72.9015,44.4191],[-72.9018,44.4193],[-72.9015,44.4209],[-72.902,44.4211]]}},{"type":"Feature","properties":{"osm_id":"way/980378425","name":"Bog Wall Rock Climbing Path","highway":"path","sac_scale":null,"source":"OSM, unverified"},"geometry":{"type":"LineString","coordinates":[[-72.8437,44.3609],[-72.8438,44.3605],[-72.8455,44.3593]]}},{"type":"Feature","properties":{"osm_id":"way/983649003","name":"Cyclone Connector","highway":"path","sac_scale":null,"source":"OSM, unverified"},"geometry":{"type":"LineString","coordinates":[[-72.8558,44.163],[-72.8552,44.1646],[-72.8526,44.1666],[-72.8493,44.1675]]}},{"type":"Feature","properties":{"osm_id":"way/985352194","name":"Brown Hill East","highway":"track","sac_scale":null,"source":"OSM, unverified"},"geometry":{"type":"LineString","coordinates":[[-72.995,44.2473],[-72.9921,44.2467]]}},{"type":"Feature","properties":{"osm_id":"way/985358910","name":"West Woodbury Road","highway":"track","sac_scale":null,"source":"OSM, unverified"},"geometry":{"type":"LineString","coordinates":[[-72.4564,44.4674],[-72.4515,44.475],[-72.4498,44.4767]]}},{"type":"Feature","properties":{"osm_id":"way/985358911","name":"West Woodbury Road","highway":"track","sac_scale":null,"source":"OSM, unverified"},"geometry":{"type":"LineString","coordinates":[[-72.4116,44.4939],[-72.4079,44.493],[-72.4058,44.4937],[-72.4032,44.4941]]}},{"type":"Feature","properties":{"osm_id":"way/985358912","name":"Wright Farm Road","highway":"track","sac_scale":null,"source":"OSM, unverified"},"geometry":{"type":"LineString","coordinates":[[-72.3862,44.5107],[-72.3872,44.5084],[-72.3889,44.5071],[-72.3898,44.5041],[-72.3913,44.5002],[-72.3922,44.4992],[-72.3935,44.497],[-72.3945,44.4965]]}},{"type":"Feature","properties":{"osm_id":"way/985912421","name":"West Woodbury Road","highway":"track","sac_scale":null,"source":"OSM, unverified"},"geometry":{"type":"LineString","coordinates":[[-72.459,44.4637],[-72.4564,44.4674]]}},{"type":"Feature","properties":{"osm_id":"way/985912422","name":"Tallman Road","highway":"track","sac_scale":null,"source":"OSM, unverified"},"geometry":{"type":"LineString","coordinates":[[-72.4557,44.4685],[-72.4584,44.4692],[-72.4594,44.4698],[-72.4602,44.4697],[-72.4606,44.4699],[-72.4617,44.4693],[-72.463,44.4695],[-72.4645,44.4692],[-72.4657,44.4685],[-72.4666,44.4685],[-72.4681,44.4674],[-72.4694,44.4682],[-72.4705,44.468],[-72.4715,44.4686]]}},{"type":"Feature","properties":{"osm_id":"way/985912423","name":"West Woodbury Road","highway":"track","sac_scale":null,"source":"OSM, unverified"},"geometry":{"type":"LineString","coordinates":[[-72.4498,44.4767],[-72.448,44.4779]]}},{"type":"Feature","properties":{"osm_id":"way/990994023","name":"Taber Trail","highway":"footway","sac_scale":null,"source":"OSM, unverified"},"geometry":{"type":"LineString","coordinates":[[-72.678,44.4648],[-72.6782,44.4655],[-72.6779,44.4657]]}},{"type":"Feature","properties":{"osm_id":"way/1002148313","name":"Mo Flow","highway":"path","sac_scale":null,"source":"OSM, unverified"},"geometry":{"type":"LineString","coordinates":[[-73.0382,44.4974],[-73.0381,44.4969],[-73.0361,44.4968],[-73.0352,44.4966],[-73.0362,44.4965],[-73.0363,44.4962],[-73.0371,44.4963],[-73.0372,44.4961],[-73.036,44.4959],[-73.0363,44.4955],[-73.0373,44.4952],[-73.0379,44.4954],[-73.0378,44.4956],[-73.0384,44.4957],[-73.0384,44.4953],[-73.037,44.4949],[-73.0363,44.4953],[-73.0355,44.4954],[-73.036,44.4949],[-73.0363,44.495],[-73.0366,44.4948],[-73.0365,44.494],[-73.0361,44.4942],[-73.0355,44.4953]]}},{"type":"Feature","properties":{"osm_id":"way/1002471015","name":"Out 'n Back","highway":"path","sac_scale":null,"source":"OSM, unverified"},"geometry":{"type":"LineString","coordinates":[[-73.0381,44.4969],[-73.0382,44.4965],[-73.0388,44.4963],[-73.0432,44.4973],[-73.0446,44.4971],[-73.0447,44.4967],[-73.0442,44.4969],[-73.044,44.4968],[-73.045,44.496],[-73.0457,44.4949],[-73.0447,44.4947],[-73.0457,44.4943],[-73.0461,44.4938],[-73.0456,44.494],[-73.0458,44.4934],[-73.0456,44.4934],[-73.0452,44.4939],[-73.0445,44.4941],[-73.0445,44.4936],[-73.045,44.4938],[-73.0453,44.4933],[-73.0442,44.4929],[-73.0459,44.4923],[-73.0459,44.492],[-73.0445,44.4925],[-73.0432,44.4923],[-73.0426,44.492],[-73.0399,44.4921],[-73.0392,44.4929],[-73.0393,44.4941],[-73.0375,44.4941],[-73.0366,44.4945]]}},{"type":"Feature","properties":{"osm_id":"way/1002473989","name":"Outer Limits","highway":"path","sac_scale":null,"source":"OSM, unverified"},"geometry":{"type":"LineString","coordinates":[[-73.0382,44.4971],[-73.0387,44.4968],[-73.04,44.4969],[-73.0411,44.4975],[-73.0412,44.4979],[-73.0415,44.4982],[-73.0425,44.4981],[-73.0424,44.4984],[-73.0427,44.4987],[-73.0448,44.4979],[-73.0459,44.4963],[-73.0461,44.4955],[-73.047,44.495],[-73.0475,44.4932],[-73.0478,44.4929],[-73.0478,44.4922],[-73.0473,44.4913],[-73.0475,44.4902],[-73.0469,44.4898],[-73.045,44.491],[-73.0446,44.4909],[-73.0446,44.4904],[-73.0442,44.4903],[-73.0438,44.4897],[-73.0434,44.49],[-73.0431,44.4906],[-73.0418,44.491],[-73.0411,44.4917],[-73.0394,44.4911],[-73.0375,44.4911],[-73.0373,44.4914],[-73.0379,44.4921],[-73.0378,44.4926],[-73.0371,44.4928]]}},{"type":"Feature","properties":{"osm_id":"way/1004776692","name":"Story Trail","highway":"path","sac_scale":null,"source":"OSM, unverified"},"geometry":{"type":"LineString","coordinates":[[-73.007,44.3518],[-73.0071,44.351],[-73.0069,44.3505],[-73.0077,44.3495],[-73.008,44.3486],[-73.0084,44.3485],[-73.0097,44.3488],[-73.0097,44.3474],[-73.0107,44.3473],[-73.0108,44.3469],[-73.0103,44.3465],[-73.0089,44.3462],[-73.0077,44.3466],[-73.0079,44.3471],[-73.0076,44.3476],[-73.0079,44.3483],[-73.0077,44.3487],[-73.0062,44.3491],[-73.0063,44.35],[-73.0071,44.3503]]}},{"type":"Feature","properties":{"osm_id":"way/1004776693","name":"Museum Trail","highway":"path","sac_scale":null,"source":"OSM, unverified"},"geometry":{"type":"LineString","coordinates":[[-73.0062,44.3491],[-73.0054,44.3489],[-73.0044,44.3481],[-73.0032,44.3483],[-73.0028,44.3481]]}},{"type":"Feature","properties":{"osm_id":"way/1004776695","name":"Spear Trail","highway":"path","sac_scale":null,"source":"OSM, unverified"},"geometry":{"type":"LineString","coordinates":[[-72.9985,44.3475],[-72.9989,44.3473],[-72.9986,44.3471],[-72.9987,44.3467],[-72.9994,44.3464],[-72.9998,44.3459],[-73.0005,44.3458],[-73.0022,44.3465],[-73.0029,44.3471],[-73.0027,44.3484],[-73.0029,44.3488],[-73.0014,44.3492],[-72.9993,44.3492],[-72.9979,44.348]]}},{"type":"Feature","properties":{"osm_id":"way/1004776697","name":"Bailey Trail","highway":"path","sac_scale":null,"source":"OSM, unverified"},"geometry":{"type":"LineString","coordinates":[[-72.9964,44.3504],[-72.9963,44.3499],[-72.9954,44.3493],[-72.9946,44.3491],[-72.9936,44.3493],[-72.9938,44.3504],[-72.9947,44.3501]]}},{"type":"Feature","properties":{"osm_id":"way/1004776698","name":"Beaver Pond Trail","highway":"path","sac_scale":null,"source":"OSM, unverified"},"geometry":{"type":"LineString","coordinates":[[-72.9937,44.3501],[-72.9926,44.3492],[-72.9926,44.3489],[-72.9928,44.3482],[-72.9937,44.348],[-72.9961,44.3486],[-72.9967,44.3498],[-72.9964,44.3501]]}},{"type":"Feature","properties":{"osm_id":"way/1004776706","name":"Hires Trail","highway":"path","sac_scale":null,"source":"OSM, unverified"},"geometry":{"type":"LineString","coordinates":[[-72.9985,44.3475],[-72.9998,44.3478],[-72.9992,44.3481],[-72.998,44.3482]]}},{"type":"Feature","properties":{"osm_id":"way/1004776707","name":"White Pine Trail","highway":"path","sac_scale":null,"source":"OSM, unverified"},"geometry":{"type":"LineString","coordinates":[[-72.9964,44.3467],[-72.9955,44.3465],[-72.9951,44.3471],[-72.995,44.3482]]}},{"type":"Feature","properties":{"osm_id":"way/1004776708","name":"Erny's Pass","highway":"path","sac_scale":null,"source":"OSM, unverified"},"geometry":{"type":"LineString","coordinates":[[-72.998,44.3491],[-72.9975,44.3496],[-72.9966,44.3495]]}},{"type":"Feature","properties":{"osm_id":"way/1004776711","name":"Gale's Trail","highway":"path","sac_scale":null,"source":"OSM, unverified"},"geometry":{"type":"LineString","coordinates":[[-73.0039,44.3555],[-73.0045,44.3552],[-73.0041,44.3545],[-73.0043,44.3541],[-73.0054,44.3539],[-73.0065,44.3524]]}},{"type":"Feature","properties":{"osm_id":"way/1004776712","name":"Bob's Trail","highway":"path","sac_scale":null,"source":"OSM, unverified"},"geometry":{"type":"LineString","coordinates":[[-73.0071,44.3518],[-73.0067,44.3518],[-73.0065,44.3524],[-73.0032,44.3515],[-73.0005,44.3513],[-73.0001,44.3519],[-73.0004,44.3524],[-73.0016,44.3539],[-73.0026,44.3544],[-73.0034,44.3553],[-73.0039,44.3555]]}},{"type":"Feature","properties":{"osm_id":"way/1004776714","name":"Pop's Trail","highway":"path","sac_scale":null,"source":"OSM, unverified"},"geometry":{"type":"LineString","coordinates":[[-73.0001,44.352],[-73.0035,44.3531],[-73.0043,44.3537],[-73.0078,44.3542],[-73.0077,44.3538],[-73.007,44.3537],[-73.0068,44.353],[-73.0064,44.3526]]}},{"type":"Feature","properties":{"osm_id":"way/1011752884","name":"Fitness Trail","highway":"footway","sac_scale":null,"source":"OSM, unverified"},"geometry":{"type":"LineString","coordinates":[[-72.5761,44.2693],[-72.5763,44.2701]]}},{"type":"Feature","properties":{"osm_id":"way/1011933024","name":"Preston Pond Loop Cutoff","highway":"footway","sac_scale":null,"source":"OSM, unverified"},"geometry":{"type":"LineString","coordinates":[[-72.9079,44.4214],[-72.905,44.421],[-72.9037,44.4216]]}},{"type":"Feature","properties":{"osm_id":"way/1011933026","name":"Preston Pond Loop","highway":"footway","sac_scale":null,"source":"OSM, unverified"},"geometry":{"type":"LineString","coordinates":[[-72.8968,44.4299],[-72.8977,44.4297],[-72.8984,44.4289],[-72.8983,44.4279],[-72.899,44.4272],[-72.9009,44.426],[-72.9017,44.4265],[-72.9023,44.427],[-72.9038,44.4272],[-72.9047,44.4278],[-72.9059,44.4282],[-72.9063,44.4286],[-72.9066,44.4301],[-72.907,44.4305],[-72.9076,44.4305],[-72.9083,44.4297],[-72.9078,44.4287],[-72.9084,44.4275],[-72.9093,44.4264]]}},{"type":"Feature","properties":{"osm_id":"way/1011933027","name":"Preston Pond Loop","highway":"footway","sac_scale":null,"source":"OSM, unverified"},"geometry":{"type":"LineString","coordinates":[[-72.9087,44.4264],[-72.9086,44.4264]]}},{"type":"Feature","properties":{"osm_id":"way/1011933029","name":"Preston Pond Loop","highway":"footway","sac_scale":null,"source":"OSM, unverified"},"geometry":{"type":"LineString","coordinates":[[-72.9086,44.4264],[-72.9076,44.4261],[-72.9074,44.4268],[-72.9069,44.4264],[-72.9063,44.4264],[-72.9062,44.4261]]}},{"type":"Feature","properties":{"osm_id":"way/1011933030","name":"Preston Pond Loop","highway":"footway","sac_scale":null,"source":"OSM, unverified"},"geometry":{"type":"LineString","coordinates":[[-72.9062,44.4261],[-72.9062,44.4261]]}},{"type":"Feature","properties":{"osm_id":"way/1018667845","name":"Riddell Road","highway":"track","sac_scale":null,"source":"OSM, unverified"},"geometry":{"type":"LineString","coordinates":[[-72.5698,44.1281],[-72.5706,44.1278],[-72.5712,44.1258]]}},{"type":"Feature","properties":{"osm_id":"way/1021927414","name":"Clara Bow Trail","highway":"path","sac_scale":null,"source":"OSM, unverified"},"geometry":{"type":"LineString","coordinates":[[-72.8295,44.4871],[-72.8314,44.4869],[-72.8318,44.4871],[-72.8332,44.4866]]}},{"type":"Feature","properties":{"osm_id":"way/1021927415","name":"Clara Bow Trail","highway":"path","sac_scale":null,"source":"OSM, unverified"},"geometry":{"type":"LineString","coordinates":[[-72.8288,44.487],[-72.8295,44.4871]]}},{"type":"Feature","properties":{"osm_id":"way/1027428410","name":"Grass Road","highway":"track","sac_scale":null,"source":"OSM, unverified"},"geometry":{"type":"LineString","coordinates":[[-72.4319,44.0364],[-72.432,44.0366],[-72.4336,44.037],[-72.4362,44.0385],[-72.4381,44.0392],[-72.4436,44.0398],[-72.4471,44.0396]]}},{"type":"Feature","properties":{"osm_id":"way/1045994368","name":"River Trail","highway":"path","sac_scale":null,"source":"OSM, unverified"},"geometry":{"type":"LineString","coordinates":[[-72.9932,44.3501],[-72.9936,44.3509],[-72.9951,44.3508]]}},{"type":"Feature","properties":{"osm_id":"way/1045994370","name":"Sugarbush Trail","highway":"path","sac_scale":null,"source":"OSM, unverified"},"geometry":{"type":"LineString","coordinates":[[-72.9955,44.3507],[-72.9955,44.3505],[-72.9937,44.3498]]}},{"type":"Feature","properties":{"osm_id":"way/1067720311","name":"Piperville Road","highway":"track","sac_scale":null,"source":"OSM, unverified"},"geometry":{"type":"LineString","coordinates":[[-72.1926,44.5802],[-72.1934,44.58],[-72.1948,44.5803],[-72.1991,44.5825],[-72.2028,44.5832]]}},{"type":"Feature","properties":{"osm_id":"way/1069257663","name":"Double Down","highway":"path","sac_scale":null,"source":"OSM, unverified"},"geometry":{"type":"LineString","coordinates":[[-72.8313,44.4252],[-72.8321,44.4244],[-72.8333,44.4237],[-72.8354,44.4235],[-72.8358,44.4233],[-72.8364,44.4234]]}},{"type":"Feature","properties":{"osm_id":"way/1069257664","name":"Double Down Connector","highway":"path","sac_scale":null,"source":"OSM, unverified"},"geometry":{"type":"LineString","coordinates":[[-72.8337,44.4237],[-72.8337,44.4227]]}},{"type":"Feature","properties":{"osm_id":"way/1069257665","name":"Outslaw","highway":"path","sac_scale":null,"source":"OSM, unverified"},"geometry":{"type":"LineString","coordinates":[[-72.8302,44.4231],[-72.8305,44.4227],[-72.8315,44.4223],[-72.8325,44.4213],[-72.8341,44.4213]]}},{"type":"Feature","properties":{"osm_id":"way/1069257666","name":"Ledges","highway":"path","sac_scale":null,"source":"OSM, unverified"},"geometry":{"type":"LineString","coordinates":[[-72.8341,44.4213],[-72.836,44.4214]]}},{"type":"Feature","properties":{"osm_id":"way/1069257667","name":"Coleslaw","highway":"path","sac_scale":null,"source":"OSM, unverified"},"geometry":{"type":"LineString","coordinates":[[-72.8305,44.4227],[-72.8307,44.4225],[-72.8313,44.4224],[-72.8329,44.4229]]}},{"type":"Feature","properties":{"osm_id":"way/1069257668","name":"Lavigne's","highway":"path","sac_scale":null,"source":"OSM, unverified"},"geometry":{"type":"LineString","coordinates":[[-72.8339,44.4225],[-72.8351,44.4224],[-72.8367,44.423]]}},{"type":"Feature","properties":{"osm_id":"way/1069257669","name":"Double Down","highway":"path","sac_scale":null,"source":"OSM, unverified"},"geometry":{"type":"LineString","coordinates":[[-72.8364,44.4234],[-72.8371,44.4227],[-72.8387,44.4226],[-72.8393,44.4228],[-72.84,44.4225],[-72.8405,44.4226],[-72.8425,44.4224],[-72.8456,44.4228],[-72.8471,44.4222]]}},{"type":"Feature","properties":{"osm_id":"way/1069257670","name":"Racecourse","highway":"path","sac_scale":null,"source":"OSM, unverified"},"geometry":{"type":"LineString","coordinates":[[-72.8371,44.4227],[-72.8377,44.4222],[-72.8387,44.4219],[-72.8397,44.4221],[-72.8407,44.4219],[-72.8415,44.422]]}},{"type":"Feature","properties":{"osm_id":"way/1069257671","name":"Wright Brothers","highway":"path","sac_scale":null,"source":"OSM, unverified"},"geometry":{"type":"LineString","coordinates":[[-72.842,44.4217],[-72.8425,44.4221],[-72.8434,44.4218],[-72.8437,44.422],[-72.8439,44.4217],[-72.8441,44.422],[-72.8442,44.4218],[-72.8445,44.422],[-72.8446,44.4218],[-72.8448,44.4221],[-72.8456,44.422],[-72.8471,44.4222]]}},{"type":"Feature","properties":{"osm_id":"way/1069257672","name":"Lower Ledges","highway":"path","sac_scale":null,"source":"OSM, unverified"},"geometry":{"type":"LineString","coordinates":[[-72.836,44.4214],[-72.8363,44.4216],[-72.8365,44.4222]]}},{"type":"Feature","properties":{"osm_id":"way/1069257673","name":"Broken Bridge","highway":"path","sac_scale":null,"source":"OSM, unverified"},"geometry":{"type":"LineString","coordinates":[[-72.836,44.4214],[-72.8369,44.4205],[-72.8385,44.4208],[-72.8394,44.4205],[-72.8394,44.4206],[-72.8401,44.4207],[-72.8402,44.4209],[-72.8414,44.4207],[-72.8431,44.4215],[-72.8435,44.421],[-72.8457,44.4206],[-72.8465,44.4209],[-72.8465,44.4215],[-72.8485,44.4211]]}},{"type":"Feature","properties":{"osm_id":"way/1069257674","name":"00","highway":"path","sac_scale":null,"source":"OSM, unverified"},"geometry":{"type":"LineString","coordinates":[[-72.8351,44.4205],[-72.8365,44.4202],[-72.837,44.4205],[-72.8373,44.421],[-72.839,44.4213],[-72.8403,44.4211],[-72.8426,44.4214]]}},{"type":"Feature","properties":{"osm_id":"way/1069257675","name":"Bottom Out","highway":"path","sac_scale":null,"source":"OSM, unverified"},"geometry":{"type":"LineString","coordinates":[[-72.8443,44.4209],[-72.8465,44.4217],[-72.8475,44.4216]]}},{"type":"Feature","properties":{"osm_id":"way/1069257676","name":"Sleepy Hollow","highway":"path","sac_scale":null,"source":"OSM, unverified"},"geometry":{"type":"LineString","coordinates":[[-72.8389,44.4196],[-72.8391,44.4199],[-72.8401,44.4201],[-72.8409,44.4211]]}},{"type":"Feature","properties":{"osm_id":"way/1069257677","name":"Waterfall","highway":"path","sac_scale":null,"source":"OSM, unverified"},"geometry":{"type":"LineString","coordinates":[[-72.8341,44.4199],[-72.8353,44.4199],[-72.8358,44.4193]]}},{"type":"Feature","properties":{"osm_id":"way/1069257678","name":"Danger Pond","highway":"path","sac_scale":null,"source":"OSM, unverified"},"geometry":{"type":"LineString","coordinates":[[-72.8373,44.4185],[-72.8385,44.4195],[-72.8404,44.4194],[-72.842,44.42],[-72.8427,44.4206],[-72.8442,44.42],[-72.8439,44.4208]]}},{"type":"Feature","properties":{"osm_id":"way/1069257679","name":"Power Lines","highway":"path","sac_scale":null,"source":"OSM, unverified"},"geometry":{"type":"LineString","coordinates":[[-72.8418,44.4188],[-72.8423,44.4194],[-72.8432,44.4197],[-72.8428,44.4205],[-72.8433,44.4206],[-72.8435,44.421]]}},{"type":"Feature","properties":{"osm_id":"way/1069257680","name":"Enchanted Forest","highway":"path","sac_scale":null,"source":"OSM, unverified"},"geometry":{"type":"LineString","coordinates":[[-72.8418,44.4188],[-72.8441,44.4189],[-72.8467,44.4204]]}},{"type":"Feature","properties":{"osm_id":"way/1069257681","name":"Boulder Gap","highway":"path","sac_scale":null,"source":"OSM, unverified"},"geometry":{"type":"LineString","coordinates":[[-72.8376,44.4184],[-72.8393,44.4185],[-72.8398,44.4182],[-72.8404,44.4183]]}},{"type":"Feature","properties":{"osm_id":"way/1069257682","name":"Hydra","highway":"path","sac_scale":null,"source":"OSM, unverified"},"geometry":{"type":"LineString","coordinates":[[-72.835,44.4183],[-72.8357,44.4187],[-72.8368,44.4183],[-72.8373,44.4185]]}},{"type":"Feature","properties":{"osm_id":"way/1069257683","name":"Little Rock","highway":"path","sac_scale":null,"source":"OSM, unverified"},"geometry":{"type":"LineString","coordinates":[[-72.8377,44.4176],[-72.8387,44.4174],[-72.84,44.418]]}},{"type":"Feature","properties":{"osm_id":"way/1069257684","name":"Vista Glades","highway":"path","sac_scale":null,"source":"OSM, unverified"},"geometry":{"type":"LineString","coordinates":[[-72.8343,44.4154],[-72.834,44.4157],[-72.8344,44.4158],[-72.8343,44.416],[-72.8336,44.4162],[-72.8338,44.4163],[-72.8335,44.4166],[-72.8338,44.4168],[-72.8332,44.4169],[-72.8336,44.417],[-72.8334,44.4172],[-72.8337,44.4172],[-72.8337,44.4174],[-72.8343,44.4173],[-72.834,44.4176],[-72.8343,44.4175],[-72.8341,44.4177],[-72.8344,44.4176],[-72.8343,44.4178],[-72.8346,44.4178],[-72.8346,44.4182],[-72.835,44.4184]]}},{"type":"Feature","properties":{"osm_id":"way/1069257685","name":"Vista","highway":"path","sac_scale":null,"source":"OSM, unverified"},"geometry":{"type":"LineString","coordinates":[[-72.8344,44.4153],[-72.835,44.4161],[-72.8347,44.4177],[-72.8351,44.4183]]}},{"type":"Feature","properties":{"osm_id":"way/1069257686","name":"Spillway Chute","highway":"path","sac_scale":null,"source":"OSM, unverified"},"geometry":{"type":"LineString","coordinates":[[-72.8356,44.4146],[-72.8368,44.4151]]}},{"type":"Feature","properties":{"osm_id":"way/1069257687","name":"Hard Luck Chute","highway":"path","sac_scale":null,"source":"OSM, unverified"},"geometry":{"type":"LineString","coordinates":[[-72.8353,44.4147],[-72.836,44.4157]]}},{"type":"Feature","properties":{"osm_id":"way/1069264254","name":"Racecourse","highway":"path","sac_scale":null,"source":"OSM, unverified"},"geometry":{"type":"LineString","coordinates":[[-72.8408,44.4219],[-72.8417,44.4219]]}},{"type":"Feature","properties":{"osm_id":"way/1069273483","name":"Link to Double Down","highway":"path","sac_scale":null,"source":"OSM, unverified"},"geometry":{"type":"LineString","coordinates":[[-72.8366,44.4223],[-72.8371,44.4227]]}},{"type":"Feature","properties":{"osm_id":"way/1069282133","name":"Catamount Trail","highway":"track","sac_scale":null,"source":"OSM, unverified"},"geometry":{"type":"LineString","coordinates":[[-72.8765,44.3995],[-72.8755,44.3985],[-72.8747,44.3969],[-72.8752,44.3959],[-72.8736,44.3944],[-72.8718,44.3921],[-72.8706,44.3915],[-72.868,44.3916],[-72.8668,44.391],[-72.8656,44.3887],[-72.8655,44.3881],[-72.8682,44.3875],[-72.8684,44.3859],[-72.8677,44.3848],[-72.8661,44.3832],[-72.8653,44.3829],[-72.8648,44.3817],[-72.8634,44.3805],[-72.8624,44.3791]]}},{"type":"Feature","properties":{"osm_id":"way/1069928308","name":"Wiley's","highway":"path","sac_scale":null,"source":"OSM, unverified"},"geometry":{"type":"LineString","coordinates":[[-72.9739,44.388],[-72.9732,44.388],[-72.9723,44.3872],[-72.972,44.3873],[-72.9723,44.3877],[-72.9712,44.3874],[-72.9717,44.3878],[-72.9713,44.3881],[-72.9722,44.3891],[-72.9719,44.3891],[-72.9723,44.3898]]}},{"type":"Feature","properties":{"osm_id":"way/1069928309","name":"Amigos","highway":"path","sac_scale":null,"source":"OSM, unverified"},"geometry":{"type":"LineString","coordinates":[[-72.9873,44.3792],[-72.9873,44.3783],[-72.9878,44.3778],[-72.9879,44.378],[-72.9886,44.3781],[-72.9887,44.3788],[-72.989,44.3788],[-72.9891,44.3784],[-72.9894,44.3784],[-72.9896,44.3792],[-72.9902,44.38],[-72.99,44.3803],[-72.9903,44.3808],[-72.99,44.3785],[-72.99,44.3767],[-72.9903,44.3763],[-72.991,44.3783],[-72.9916,44.3788],[-72.9918,44.3782],[-72.9923,44.3782],[-72.9935,44.3797],[-72.9935,44.3803],[-72.9939,44.3804],[-72.9955,44.382],[-72.9959,44.383],[-72.9958,44.3838]]}},{"type":"Feature","properties":{"osm_id":"way/1069928310","name":"D-Day","highway":"path","sac_scale":null,"source":"OSM, unverified"},"geometry":{"type":"LineString","coordinates":[[-72.9846,44.3863],[-72.9803,44.3885],[-72.9804,44.3892]]}},{"type":"Feature","properties":{"osm_id":"way/1069928311","name":"Lung Ta Path","highway":"path","sac_scale":null,"source":"OSM, unverified"},"geometry":{"type":"LineString","coordinates":[[-72.9936,44.3935],[-72.9932,44.3932],[-72.9927,44.3931],[-72.9924,44.3927],[-72.9928,44.3927],[-72.9927,44.3923],[-72.9935,44.3925],[-72.993,44.3923],[-72.9931,44.392],[-72.994,44.3917],[-72.9943,44.3918],[-72.9943,44.3912],[-72.9947,44.3908],[-72.9947,44.3906],[-72.9932,44.391],[-72.9927,44.3907],[-72.9929,44.3902],[-72.9933,44.3903],[-72.9937,44.3895],[-72.9936,44.3892],[-72.9937,44.3893]]}},{"type":"Feature","properties":{"osm_id":"way/1069928312","name":"Visceral","highway":"path","sac_scale":null,"source":"OSM, unverified"},"geometry":{"type":"LineString","coordinates":[[-72.9961,44.3877],[-72.9959,44.3882],[-72.9964,44.3884],[-72.9964,44.3888],[-72.9959,44.3895],[-72.9965,44.3894],[-72.9965,44.3898],[-72.9968,44.3904],[-72.9963,44.391],[-72.9959,44.3909],[-72.9957,44.3919],[-72.9942,44.3926],[-72.9952,44.3937]]}},{"type":"Feature","properties":{"osm_id":"way/1069928313","name":"Ravine Connector","highway":"path","sac_scale":null,"source":"OSM, unverified"},"geometry":{"type":"LineString","coordinates":[[-72.9845,44.3924],[-72.9845,44.3921],[-72.984,44.3918],[-72.9838,44.3907]]}},{"type":"Feature","properties":{"osm_id":"way/1069928314","name":"Rock'n Roll Loop","highway":"path","sac_scale":null,"source":"OSM, unverified"},"geometry":{"type":"LineString","coordinates":[[-72.9774,44.3939],[-72.9778,44.3937],[-72.9783,44.3942],[-72.9784,44.394],[-72.9781,44.3939],[-72.9783,44.3935],[-72.9792,44.3937]]}},{"type":"Feature","properties":{"osm_id":"way/1069928315","name":"Brookside","highway":"path","sac_scale":null,"source":"OSM, unverified"},"geometry":{"type":"LineString","coordinates":[[-72.9814,44.3954],[-72.9816,44.3956],[-72.9821,44.3956],[-72.9828,44.3951],[-72.9829,44.3959],[-72.9836,44.3962],[-72.9839,44.3959],[-72.9838,44.3949]]}},{"type":"Feature","properties":{"osm_id":"way/1072300689","name":"Hooper Lane","highway":"path","sac_scale":null,"source":"OSM, unverified"},"geometry":{"type":"LineString","coordinates":[[-72.7015,44.2973],[-72.7014,44.2973]]}},{"type":"Feature","properties":{"osm_id":"way/1074362925","name":"Eagle's Trail","highway":"track","sac_scale":null,"source":"OSM, unverified"},"geometry":{"type":"LineString","coordinates":[[-73.0257,44.3202],[-73.0226,44.3204]]}},{"type":"Feature","properties":{"osm_id":"way/1074362926","name":"Eagle's Trail","highway":"track","sac_scale":null,"source":"OSM, unverified"},"geometry":{"type":"LineString","coordinates":[[-73.0258,44.3202],[-73.0257,44.3202]]}},{"type":"Feature","properties":{"osm_id":"way/1076150390","name":"Leonard's Loop Access","highway":"path","sac_scale":null,"source":"OSM, unverified"},"geometry":{"type":"LineString","coordinates":[[-72.8383,44.0799],[-72.84,44.0798],[-72.8398,44.0796],[-72.8415,44.0792],[-72.8429,44.0794],[-72.8435,44.0791],[-72.8429,44.0792],[-72.8429,44.0789],[-72.8433,44.0787]]}},{"type":"Feature","properties":{"osm_id":"way/1076150392","name":"Leonard's Loop","highway":"path","sac_scale":null,"source":"OSM, unverified"},"geometry":{"type":"LineString","coordinates":[[-72.8433,44.0787],[-72.8446,44.0787],[-72.8452,44.079],[-72.8481,44.0777],[-72.8482,44.0774],[-72.8478,44.0776],[-72.848,44.0773],[-72.8474,44.0774],[-72.8476,44.0771],[-72.8464,44.0773],[-72.847,44.0764],[-72.8474,44.0748],[-72.8472,44.0752],[-72.8465,44.0756],[-72.8464,44.0748],[-72.8461,44.0742],[-72.8453,44.0753],[-72.8435,44.0763],[-72.8435,44.0767],[-72.8441,44.0766],[-72.843,44.0772],[-72.8438,44.0772],[-72.8435,44.0773],[-72.844,44.0773],[-72.8439,44.0775],[-72.8419,44.0782],[-72.8427,44.0787],[-72.8433,44.0787]]}},{"type":"Feature","properties":{"osm_id":"way/1076150393","name":"Amenta's Way","highway":"path","sac_scale":null,"source":"OSM, unverified"},"geometry":{"type":"LineString","coordinates":[[-72.8461,44.0742],[-72.8472,44.0729],[-72.8481,44.073],[-72.8501,44.072],[-72.8516,44.0718],[-72.8521,44.0721],[-72.8526,44.0718],[-72.8526,44.0714],[-72.8516,44.0711],[-72.8499,44.0684],[-72.8494,44.068],[-72.8492,44.0684],[-72.8496,44.0707],[-72.849,44.0711],[-72.8488,44.0717],[-72.8487,44.07],[-72.8484,44.0702],[-72.8483,44.0714],[-72.8474,44.0723],[-72.8468,44.0724],[-72.8459,44.074],[-72.8458,44.0745]]}},{"type":"Feature","properties":{"osm_id":"way/1076150394","name":"Flying Squirrel","highway":"path","sac_scale":null,"source":"OSM, unverified"},"geometry":{"type":"LineString","coordinates":[[-72.8435,44.0763],[-72.8427,44.0763],[-72.842,44.0759],[-72.8435,44.0758],[-72.843,44.0759],[-72.8427,44.0757],[-72.843,44.0757],[-72.8427,44.0753],[-72.8433,44.0755],[-72.8427,44.075],[-72.842,44.0748],[-72.8424,44.0751],[-72.8422,44.0751],[-72.8414,44.0747],[-72.8424,44.0754],[-72.842,44.0754],[-72.8405,44.0745],[-72.8411,44.0753],[-72.8397,44.0742],[-72.8394,44.0743],[-72.8396,44.0747],[-72.8411,44.076],[-72.8391,44.0746],[-72.8391,44.0749],[-72.8383,44.0742],[-72.8387,44.0748],[-72.8385,44.0748],[-72.8392,44.0754],[-72.841,44.0761],[-72.8434,44.0764]]}},{"type":"Feature","properties":{"osm_id":"way/1076150395","name":"Tootsie Roll","highway":"path","sac_scale":null,"source":"OSM, unverified"},"geometry":{"type":"LineString","coordinates":[[-72.8405,44.08],[-72.8409,44.08],[-72.8418,44.0807],[-72.8427,44.0808],[-72.8414,44.0813],[-72.842,44.0813],[-72.8421,44.0815],[-72.8414,44.0819],[-72.8414,44.0816],[-72.8409,44.0824],[-72.8392,44.082],[-72.8393,44.0807],[-72.8388,44.0804],[-72.8395,44.0801],[-72.8405,44.0803],[-72.8405,44.08]]}},{"type":"Feature","properties":{"osm_id":"way/1076150396","name":"Tootsie Roll Link","highway":"path","sac_scale":null,"source":"OSM, unverified"},"geometry":{"type":"LineString","coordinates":[[-72.84,44.0798],[-72.8405,44.08]]}},{"type":"Feature","properties":{"osm_id":"way/1076150397","name":"Suki's Alley","highway":"path","sac_scale":null,"source":"OSM, unverified"},"geometry":{"type":"LineString","coordinates":[[-72.8414,44.0792],[-72.8425,44.0798],[-72.844,44.0798],[-72.8449,44.0802],[-72.8446,44.0803],[-72.8449,44.0803],[-72.843,44.0804],[-72.8421,44.0808]]}},{"type":"Feature","properties":{"osm_id":"way/1077268366","name":"Cliff Trail","highway":"path","sac_scale":null,"source":"OSM, unverified"},"geometry":{"type":"LineString","coordinates":[[-72.8145,44.5368],[-72.815,44.5361]]}},{"type":"Feature","properties":{"osm_id":"way/1083247129","name":"Rock Tiger","highway":"path","sac_scale":null,"source":"OSM, unverified"},"geometry":{"type":"LineString","coordinates":[[-72.7405,44.4651],[-72.7403,44.4649],[-72.7402,44.4652],[-72.7402,44.4648],[-72.74,44.465],[-72.7399,44.4647],[-72.7404,44.4644],[-72.7405,44.4646],[-72.7406,44.4639],[-72.7403,44.4642],[-72.7401,44.4639]]}},{"type":"Feature","properties":{"osm_id":"way/1084137713","name":"Serenity and Adrenaline Part 1","highway":"path","sac_scale":null,"source":"OSM, unverified"},"geometry":{"type":"LineString","coordinates":[[-72.754,44.487],[-72.7547,44.4872],[-72.754,44.4871],[-72.7539,44.4875],[-72.7535,44.4875],[-72.7531,44.4878],[-72.7526,44.4874],[-72.752,44.4877],[-72.7515,44.4875],[-72.7511,44.4879],[-72.75,44.4877]]}},{"type":"Feature","properties":{"osm_id":"way/1085988788","name":"Dave's Drop","highway":"path","sac_scale":null,"source":"OSM, unverified"},"geometry":{"type":"LineString","coordinates":[[-72.3674,44.5204],[-72.3669,44.5206],[-72.3664,44.5204],[-72.3655,44.5211],[-72.365,44.5208],[-72.3648,44.5211],[-72.3642,44.5207],[-72.3634,44.5211],[-72.3631,44.5208]]}},{"type":"Feature","properties":{"osm_id":"way/1085988791","name":"Billings Bypass","highway":"path","sac_scale":null,"source":"OSM, unverified"},"geometry":{"type":"LineString","coordinates":[[-72.3617,44.5208],[-72.3614,44.5212],[-72.3608,44.5209],[-72.3596,44.5211],[-72.3592,44.521],[-72.3589,44.5213],[-72.3583,44.5215],[-72.3579,44.522]]}},{"type":"Feature","properties":{"osm_id":"way/1085988792","name":"Reggae Roundabout","highway":"path","sac_scale":null,"source":"OSM, unverified"},"geometry":{"type":"LineString","coordinates":[[-72.3592,44.521],[-72.3591,44.5206],[-72.3593,44.5202],[-72.3591,44.5198],[-72.3594,44.52],[-72.3596,44.5199],[-72.3605,44.52],[-72.3605,44.5197],[-72.3611,44.5194],[-72.3613,44.5187],[-72.3626,44.5188],[-72.3628,44.518],[-72.3642,44.5175],[-72.3639,44.5161],[-72.3644,44.5161],[-72.3643,44.5153],[-72.3647,44.5151]]}},{"type":"Feature","properties":{"osm_id":"way/1085988793","name":"Shepard's Trace","highway":"path","sac_scale":null,"source":"OSM, unverified"},"geometry":{"type":"LineString","coordinates":[[-72.3628,44.518],[-72.3629,44.5162],[-72.3626,44.5159],[-72.3625,44.5153],[-72.3622,44.5151],[-72.3623,44.5148],[-72.3615,44.5141],[-72.3618,44.5134],[-72.3613,44.5131],[-72.3607,44.513],[-72.3611,44.5127],[-72.3606,44.5127],[-72.3609,44.5125]]}},{"type":"Feature","properties":{"osm_id":"way/1085988794","name":"Sugar Road","highway":"track","sac_scale":null,"source":"OSM, unverified"},"geometry":{"type":"LineString","coordinates":[[-72.3639,44.5091],[-72.3652,44.5101],[-72.3648,44.5114],[-72.365,44.512]]}},{"type":"Feature","properties":{"osm_id":"way/1085988795","name":"Larry's Legacy","highway":"track","sac_scale":null,"source":"OSM, unverified"},"geometry":{"type":"LineString","coordinates":[[-72.3652,44.5104],[-72.3656,44.5105],[-72.3656,44.511],[-72.366,44.5114],[-72.3658,44.5119],[-72.3655,44.5118],[-72.365,44.512],[-72.3651,44.5126],[-72.3661,44.5128],[-72.3671,44.5123],[-72.3674,44.5124],[-72.3676,44.5132],[-72.3674,44.5139],[-72.3669,44.514],[-72.3662,44.5134],[-72.3659,44.5138],[-72.3662,44.5143],[-72.366,44.5145],[-72.3641,44.5137],[-72.3641,44.513],[-72.365,44.513],[-72.3654,44.5127]]}},{"type":"Feature","properties":{"osm_id":"way/1085988796","name":"Two Bridges","highway":"path","sac_scale":null,"source":"OSM, unverified"},"geometry":{"type":"LineString","coordinates":[[-72.3674,44.5139],[-72.3676,44.5143],[-72.3679,44.5143],[-72.3672,44.5146],[-72.3671,44.5149],[-72.3673,44.515],[-72.3669,44.5151],[-72.367,44.5154],[-72.368,44.5163],[-72.3689,44.5181],[-72.3688,44.5185],[-72.3678,44.52]]}},{"type":"Feature","properties":{"osm_id":"way/1085991732","name":"Two Bridges","highway":"path","sac_scale":null,"source":"OSM, unverified"},"geometry":{"type":"LineString","coordinates":[[-72.3661,44.5128],[-72.3675,44.5134]]}},{"type":"Feature","properties":{"osm_id":"way/1085999194","name":"Middle School","highway":"path","sac_scale":null,"source":"OSM, unverified"},"geometry":{"type":"LineString","coordinates":[[-72.3684,44.5171],[-72.3689,44.5171],[-72.369,44.5168],[-72.3683,44.5168]]}},{"type":"Feature","properties":{"osm_id":"way/1085999196","name":"HED North","highway":"path","sac_scale":null,"source":"OSM, unverified"},"geometry":{"type":"LineString","coordinates":[[-72.3677,44.521],[-72.3674,44.5215],[-72.3677,44.5241],[-72.3674,44.5248],[-72.3669,44.525],[-72.3672,44.5232],[-72.3666,44.5228],[-72.3663,44.523],[-72.3647,44.5222],[-72.3648,44.5216],[-72.3645,44.5212],[-72.3646,44.521]]}},{"type":"Feature","properties":{"osm_id":"way/1085999197","name":"Rocky Top","highway":"path","sac_scale":null,"source":"OSM, unverified"},"geometry":{"type":"LineString","coordinates":[[-72.3611,44.519],[-72.3608,44.5191],[-72.361,44.5184],[-72.3605,44.5177],[-72.3609,44.5179],[-72.3613,44.5187]]}},{"type":"Feature","properties":{"osm_id":"way/1086881693","name":"Wild West","highway":"path","sac_scale":null,"source":"OSM, unverified"},"geometry":{"type":"LineString","coordinates":[[-72.3683,44.5193],[-72.368,44.519],[-72.3679,44.5193],[-72.3674,44.5191],[-72.3673,44.5179],[-72.3668,44.5175],[-72.3663,44.5163],[-72.3647,44.5151]]}},{"type":"Feature","properties":{"osm_id":"way/1086881694","name":"No Fun Allowed","highway":"path","sac_scale":null,"source":"OSM, unverified"},"geometry":{"type":"LineString","coordinates":[[-72.3672,44.5178],[-72.3677,44.517],[-72.3676,44.5165],[-72.3681,44.5166]]}},{"type":"Feature","properties":{"osm_id":"way/1086881695","name":"Upside Down","highway":"path","sac_scale":null,"source":"OSM, unverified"},"geometry":{"type":"LineString","coordinates":[[-72.3673,44.5183],[-72.368,44.5182],[-72.3685,44.5185],[-72.3688,44.5178]]}},{"type":"Feature","properties":{"osm_id":"way/1093199784","name":"Randal Farm Road","highway":"track","sac_scale":null,"source":"OSM, unverified"},"geometry":{"type":"LineString","coordinates":[[-73.0444,44.4025],[-73.0437,44.4033],[-73.0423,44.4041]]}},{"type":"Feature","properties":{"osm_id":"way/1094318200","name":"Catamount Trail","highway":"path","sac_scale":null,"source":"OSM, unverified"},"geometry":{"type":"LineString","coordinates":[[-72.8958,44.2038],[-72.8957,44.2039]]}},{"type":"Feature","properties":{"osm_id":"way/1094579188","name":"Castlerock Connection","highway":"track","sac_scale":null,"source":"OSM, unverified"},"geometry":{"type":"LineString","coordinates":[[-72.9094,44.1423],[-72.9132,44.1404],[-72.9141,44.1404],[-72.9149,44.1401]]}},{"type":"Feature","properties":{"osm_id":"way/1094579189","name":"Castlerock Connection","highway":"track","sac_scale":null,"source":"OSM, unverified"},"geometry":{"type":"LineString","coordinates":[[-72.9149,44.1401],[-72.9149,44.14]]}},{"type":"Feature","properties":{"osm_id":"way/1098306062","name":"Cross Vermont Trail","highway":"path","sac_scale":null,"source":"OSM, unverified"},"geometry":{"type":"LineString","coordinates":[[-72.3018,44.298],[-72.3031,44.2961],[-72.3032,44.2945]]}},{"type":"Feature","properties":{"osm_id":"way/1098306063","name":"Cross Vermont Trail","highway":"path","sac_scale":null,"source":"OSM, unverified"},"geometry":{"type":"LineString","coordinates":[[-72.3032,44.2945],[-72.3032,44.2944]]}},{"type":"Feature","properties":{"osm_id":"way/1098569817","name":"Cross Vermont Trail","highway":"path","sac_scale":null,"source":"OSM, unverified"},"geometry":{"type":"LineString","coordinates":[[-72.2614,44.2503],[-72.2594,44.2491],[-72.2544,44.2471],[-72.253,44.2463]]}},{"type":"Feature","properties":{"osm_id":"way/1098569818","name":"Cross Vermont Trail","highway":"path","sac_scale":null,"source":"OSM, unverified"},"geometry":{"type":"LineString","coordinates":[[-72.2614,44.2503],[-72.2614,44.2503]]}},{"type":"Feature","properties":{"osm_id":"way/1099847802","name":"Battell Trail","highway":"path","sac_scale":null,"source":"OSM, unverified"},"geometry":{"type":"LineString","coordinates":[[-72.938,44.112],[-72.939,44.1119],[-72.9403,44.1137],[-72.9424,44.1146],[-72.9441,44.1146],[-72.9447,44.1142],[-72.9468,44.115],[-72.9479,44.1137],[-72.9487,44.1143],[-72.95,44.1145],[-72.9506,44.1149]]}},{"type":"Feature","properties":{"osm_id":"way/1099847803","name":"Battell Trail","highway":"path","sac_scale":null,"source":"OSM, unverified"},"geometry":{"type":"LineString","coordinates":[[-72.9506,44.1149],[-72.9507,44.115]]}},{"type":"Feature","properties":{"osm_id":"way/1102369512","name":"Nature Trail","highway":"path","sac_scale":null,"source":"OSM, unverified"},"geometry":{"type":"LineString","coordinates":[[-72.5361,44.5402],[-72.536,44.541],[-72.5372,44.5413],[-72.537,44.5421],[-72.5357,44.5424],[-72.5352,44.542],[-72.5352,44.5414],[-72.5359,44.5408]]}},{"type":"Feature","properties":{"osm_id":"way/1103978948","name":"Smith ROW - USFS","highway":"track","sac_scale":null,"source":"OSM, unverified"},"geometry":{"type":"LineString","coordinates":[[-72.9714,43.9763],[-72.9699,43.9765],[-72.9693,43.9769],[-72.9667,43.9764],[-72.966,43.9768],[-72.9647,43.977],[-72.964,43.9777]]}},{"type":"Feature","properties":{"osm_id":"way/1103978949","name":"Smith Road","highway":"track","sac_scale":null,"source":"OSM, unverified"},"geometry":{"type":"LineString","coordinates":[[-72.9749,43.9762],[-72.9731,43.9757],[-72.9714,43.9763]]}},{"type":"Feature","properties":{"osm_id":"way/1104473232","name":"Snuffy's","highway":"track","sac_scale":null,"source":"OSM, unverified"},"geometry":{"type":"LineString","coordinates":[[-72.7761,44.557],[-72.7762,44.5573]]}},{"type":"Feature","properties":{"osm_id":"way/1104473234","name":"Rumrunner","highway":"track","sac_scale":null,"source":"OSM, unverified"},"geometry":{"type":"LineString","coordinates":[[-72.7749,44.5575],[-72.7757,44.5575],[-72.7762,44.5573]]}},{"type":"Feature","properties":{"osm_id":"way/1104473238","name":"Link","highway":"track","sac_scale":null,"source":"OSM, unverified"},"geometry":{"type":"LineString","coordinates":[[-72.7675,44.5688],[-72.7695,44.5692],[-72.7704,44.5697]]}},{"type":"Feature","properties":{"osm_id":"way/1105579849","name":"Breadloaf Spur Trail","highway":"path","sac_scale":null,"source":"OSM, unverified"},"geometry":{"type":"LineString","coordinates":[[-72.9406,44.0017],[-72.9413,44.0021],[-72.9427,44.0022]]}},{"type":"Feature","properties":{"osm_id":"way/1105583439","name":"Skylight Pond Trail East","highway":"path","sac_scale":null,"source":"OSM, unverified"},"geometry":{"type":"LineString","coordinates":[[-72.9363,43.987],[-72.9374,43.9887]]}},{"type":"Feature","properties":{"osm_id":"way/1105666951","name":"Cliff Hanger","highway":"path","sac_scale":null,"source":"OSM, unverified"},"geometry":{"type":"LineString","coordinates":[[-72.991,44.3813],[-72.9908,44.381],[-72.9907,44.3813],[-72.9907,44.3811],[-72.9902,44.3808]]}},{"type":"Feature","properties":{"osm_id":"way/1106470246","name":"accessible trail","highway":"footway","sac_scale":null,"source":"OSM, unverified"},"geometry":{"type":"LineString","coordinates":[[-72.8498,44.018],[-72.8493,44.0185]]}},{"type":"Feature","properties":{"osm_id":"way/1106972597","name":"Snipe Ireland Road","highway":"path","sac_scale":null,"source":"OSM, unverified"},"geometry":{"type":"LineString","coordinates":[[-72.9418,44.4273],[-72.9402,44.432],[-72.9402,44.4337],[-72.9405,44.4344],[-72.9411,44.435],[-72.9408,44.436],[-72.9413,44.4373],[-72.9405,44.4385],[-72.9406,44.439],[-72.94,44.4405],[-72.9402,44.4418]]}},{"type":"Feature","properties":{"osm_id":"way/1106972600","name":"Parking to Power","highway":"path","sac_scale":null,"source":"OSM, unverified"},"geometry":{"type":"LineString","coordinates":[[-72.9741,44.4064],[-72.9738,44.4059],[-72.9737,44.405],[-72.9746,44.4043],[-72.9739,44.4035],[-72.9741,44.403],[-72.9738,44.4022],[-72.974,44.4017],[-72.9748,44.401]]}},{"type":"Feature","properties":{"osm_id":"way/1106972601","name":"Fields Road to VYCC","highway":"path","sac_scale":null,"source":"OSM, unverified"},"geometry":{"type":"LineString","coordinates":[[-72.9738,44.4022],[-72.9726,44.4025],[-72.972,44.4041],[-72.9706,44.4046],[-72.9699,44.4058],[-72.969,44.4064],[-72.966,44.4068],[-72.9635,44.4059],[-72.963,44.4058],[-72.9628,44.4061]]}},{"type":"Feature","properties":{"osm_id":"way/1107408820","name":"Eaton Brooke Loop","highway":"track","sac_scale":null,"source":"OSM, unverified"},"geometry":{"type":"LineString","coordinates":[[-72.3643,44.5096],[-72.3635,44.5101],[-72.3646,44.5101],[-72.3646,44.5103],[-72.3637,44.5105],[-72.3635,44.5108],[-72.3627,44.5112],[-72.3624,44.5119],[-72.3618,44.512],[-72.3616,44.5125],[-72.3607,44.5124]]}},{"type":"Feature","properties":{"osm_id":"way/1107408821","name":"Eaton Brooke Loop","highway":"track","sac_scale":null,"source":"OSM, unverified"},"geometry":{"type":"LineString","coordinates":[[-72.3607,44.5124],[-72.3606,44.5123]]}},{"type":"Feature","properties":{"osm_id":"way/1109538830","name":"Laura Cowles Trail","highway":"path","sac_scale":null,"source":"OSM, unverified"},"geometry":{"type":"LineString","coordinates":[[-72.8164,44.542],[-72.8157,44.5419]]}},{"type":"Feature","properties":{"osm_id":"way/1109538831","name":"Laura Cowles Trail","highway":"path","sac_scale":null,"source":"OSM, unverified"},"geometry":{"type":"LineString","coordinates":[[-72.8311,44.5341],[-72.8309,44.5346],[-72.8313,44.535],[-72.8312,44.5353]]}},{"type":"Feature","properties":{"osm_id":"way/1109601248","name":"Taft Lodge","highway":"path","sac_scale":null,"source":"OSM, unverified"},"geometry":{"type":"LineString","coordinates":[[-72.8094,44.543],[-72.8096,44.5426]]}},{"type":"Feature","properties":{"osm_id":"way/1110726675","name":"Orvis Lookout","highway":"path","sac_scale":null,"source":"OSM, unverified"},"geometry":{"type":"LineString","coordinates":[[-72.93,44.18],[-72.9299,44.18]]}},{"type":"Feature","properties":{"osm_id":"way/1112345890","name":"Apple Tree Trail","highway":"path","sac_scale":null,"source":"OSM, unverified"},"geometry":{"type":"LineString","coordinates":[[-72.9893,44.449],[-72.9877,44.4498],[-72.988,44.45],[-72.9879,44.4506],[-72.9881,44.4516],[-72.9866,44.4523],[-72.986,44.4531],[-72.9859,44.4539]]}},{"type":"Feature","properties":{"osm_id":"way/1112345894","name":"River View Trail","highway":"path","sac_scale":null,"source":"OSM, unverified"},"geometry":{"type":"LineString","coordinates":[[-72.9908,44.4512],[-72.9902,44.4509],[-72.9898,44.4495],[-72.9893,44.449]]}},{"type":"Feature","properties":{"osm_id":"way/1112345895","name":"River View Trail","highway":"path","sac_scale":null,"source":"OSM, unverified"},"geometry":{"type":"LineString","coordinates":[[-72.9909,44.4512],[-72.9908,44.4512]]}},{"type":"Feature","properties":{"osm_id":"way/1112345896","name":"Ridge Trail","highway":"path","sac_scale":null,"source":"OSM, unverified"},"geometry":{"type":"LineString","coordinates":[[-72.9902,44.4518],[-72.9901,44.4521],[-72.9904,44.4523]]}},{"type":"Feature","properties":{"osm_id":"way/1112345897","name":"Ridge Trail","highway":"path","sac_scale":null,"source":"OSM, unverified"},"geometry":{"type":"LineString","coordinates":[[-72.9903,44.4518],[-72.9902,44.4518]]}},{"type":"Feature","properties":{"osm_id":"way/1112389331","name":"Gryla","highway":"path","sac_scale":null,"source":"OSM, unverified"},"geometry":{"type":"LineString","coordinates":[[-73.0113,44.4054],[-73.0121,44.4053],[-73.0126,44.405],[-73.0131,44.4054],[-73.0136,44.4048],[-73.015,44.4049],[-73.0156,44.4042],[-73.0164,44.4038],[-73.0167,44.404],[-73.0175,44.4035],[-73.0179,44.4038],[-73.0185,44.4037],[-73.018,44.4039],[-73.0182,44.4042],[-73.0181,44.4047],[-73.0184,44.4046],[-73.0184,44.4049],[-73.018,44.4049],[-73.018,44.4055],[-73.0177,44.4056],[-73.018,44.4064],[-73.0179,44.4065],[-73.0176,44.406],[-73.0178,44.4073],[-73.0174,44.4073],[-73.0176,44.4077],[-73.0179,44.4078]]}},{"type":"Feature","properties":{"osm_id":"way/1112396535","name":"Backdoor","highway":"path","sac_scale":null,"source":"OSM, unverified"},"geometry":{"type":"LineString","coordinates":[[-72.977,44.4513],[-72.9756,44.4521],[-72.9743,44.4519],[-72.973,44.4513]]}},{"type":"Feature","properties":{"osm_id":"way/1116614449","name":"Beach Path","highway":"path","sac_scale":null,"source":"OSM, unverified"},"geometry":{"type":"LineString","coordinates":[[-73.0821,44.3715],[-73.0815,44.3711]]}},{"type":"Feature","properties":{"osm_id":"way/1120951535","name":"Goodrich Trail","highway":"path","sac_scale":null,"source":"OSM, unverified"},"geometry":{"type":"LineString","coordinates":[[-72.9725,44.5779],[-72.9707,44.5758],[-72.9697,44.5742],[-72.9695,44.5731],[-72.9672,44.5718],[-72.9668,44.5713],[-72.9664,44.5702],[-72.966,44.5699],[-72.9649,44.5696],[-72.9636,44.5701],[-72.9604,44.5701],[-72.9567,44.5697]]}},{"type":"Feature","properties":{"osm_id":"way/1120951536","name":"Schultz Trail","highway":"path","sac_scale":null,"source":"OSM, unverified"},"geometry":{"type":"LineString","coordinates":[[-72.979,44.5856],[-72.9738,44.5862],[-72.9703,44.5885],[-72.9699,44.5893],[-72.9677,44.5977]]}},{"type":"Feature","properties":{"osm_id":"way/1121114937","name":"Woodward Ski Trail","highway":"path","sac_scale":null,"source":"OSM, unverified"},"geometry":{"type":"LineString","coordinates":[[-72.7836,44.3779],[-72.7858,44.3777],[-72.786,44.3783],[-72.7887,44.3792],[-72.79,44.38],[-72.7924,44.3802],[-72.7929,44.3809],[-72.794,44.381],[-72.7942,44.3817],[-72.7935,44.3832],[-72.7942,44.3837],[-72.7975,44.3843],[-72.7997,44.3844],[-72.8015,44.3836],[-72.8043,44.3842],[-72.8056,44.3851],[-72.8061,44.3858],[-72.8069,44.3865],[-72.8078,44.3869],[-72.8113,44.3879],[-72.8121,44.3886],[-72.8136,44.3892],[-72.8138,44.3895],[-72.814,44.391],[-72.8152,44.3913],[-72.8171,44.3907],[-72.8174,44.391],[-72.8197,44.3963],[-72.821,44.3965],[-72.8228,44.3973],[-72.8255,44.3993]]}},{"type":"Feature","properties":{"osm_id":"way/1122858828","name":"South Road","highway":"path","sac_scale":null,"source":"OSM, unverified"},"geometry":{"type":"LineString","coordinates":[[-72.7971,44.5049],[-72.7992,44.5058],[-72.8019,44.5052],[-72.8031,44.5054],[-72.8059,44.5083],[-72.8066,44.5087],[-72.8072,44.5101],[-72.8072,44.511]]}},{"type":"Feature","properties":{"osm_id":"way/1125849248","name":"Nebraska Notch Trail","highway":"path","sac_scale":null,"source":"OSM, unverified"},"geometry":{"type":"LineString","coordinates":[[-72.8367,44.4886],[-72.8378,44.4889]]}},{"type":"Feature","properties":{"osm_id":"way/1125849249","name":"Nebraska Notch Trail","highway":"path","sac_scale":null,"source":"OSM, unverified"},"geometry":{"type":"LineString","coordinates":[[-72.8378,44.4889],[-72.8379,44.489]]}},{"type":"Feature","properties":{"osm_id":"way/1138406017","name":"Old VAST Trail","highway":"track","sac_scale":null,"source":"OSM, unverified"},"geometry":{"type":"LineString","coordinates":[[-72.8797,44.401],[-72.8807,44.4014],[-72.8817,44.4012],[-72.8835,44.3977],[-72.8851,44.3974],[-72.8877,44.3973],[-72.8886,44.3969],[-72.8899,44.3958],[-72.8905,44.3958]]}},{"type":"Feature","properties":{"osm_id":"way/1138408530","name":"Old VAST Trail","highway":"track","sac_scale":null,"source":"OSM, unverified"},"geometry":{"type":"LineString","coordinates":[[-72.8886,44.4194],[-72.8887,44.4188],[-72.8885,44.418],[-72.8887,44.4172],[-72.8892,44.417],[-72.8903,44.4171],[-72.8909,44.4162],[-72.8917,44.416],[-72.8925,44.4151],[-72.8929,44.4141],[-72.893,44.4127],[-72.8934,44.412],[-72.8936,44.4108],[-72.894,44.4101],[-72.894,44.4092],[-72.8947,44.4086],[-72.8952,44.4075],[-72.8949,44.4059],[-72.8961,44.4045],[-72.8962,44.4041],[-72.8956,44.4027],[-72.8961,44.4012],[-72.896,44.4005],[-72.8962,44.3999],[-72.8958,44.3992],[-72.8954,44.3989],[-72.8947,44.3989],[-72.8941,44.3987],[-72.8937,44.3983],[-72.8936,44.3973],[-72.8924,44.3967],[-72.8917,44.396],[-72.8905,44.3958]]}},{"type":"Feature","properties":{"osm_id":"way/1138507970","name":"Jake","highway":"path","sac_scale":null,"source":"OSM, unverified"},"geometry":{"type":"LineString","coordinates":[[-72.8782,44.4009],[-72.8788,44.4012],[-72.8791,44.4011],[-72.8791,44.4013],[-72.8811,44.4039],[-72.8809,44.4042],[-72.8812,44.4053],[-72.8806,44.4064],[-72.8808,44.4068],[-72.8806,44.4073],[-72.879,44.4088],[-72.8793,44.4092],[-72.8796,44.4114],[-72.8788,44.4124],[-72.8755,44.4138],[-72.8738,44.4165],[-72.8727,44.4165],[-72.8715,44.4159],[-72.8706,44.4161]]}},{"type":"Feature","properties":{"osm_id":"way/1144895262","name":"Liberty Meadow Trail","highway":"path","sac_scale":null,"source":"OSM, unverified"},"geometry":{"type":"LineString","coordinates":[[-73.0178,44.3521],[-73.0156,44.3503],[-73.0155,44.3499],[-73.0164,44.3497]]}},{"type":"Feature","properties":{"osm_id":"way/1144895263","name":"Liberty Meadow Trail","highway":"path","sac_scale":null,"source":"OSM, unverified"},"geometry":{"type":"LineString","coordinates":[[-73.0179,44.3521],[-73.0178,44.3521]]}},{"type":"Feature","properties":{"osm_id":"way/1144895264","name":"Lower Saddle","highway":"path","sac_scale":null,"source":"OSM, unverified"},"geometry":{"type":"LineString","coordinates":[[-73.0186,44.3514],[-73.0177,44.3507],[-73.0174,44.3501],[-73.0164,44.3497]]}},{"type":"Feature","properties":{"osm_id":"way/1144895265","name":"Lower Saddle","highway":"path","sac_scale":null,"source":"OSM, unverified"},"geometry":{"type":"LineString","coordinates":[[-73.0187,44.3514],[-73.0186,44.3514]]}},{"type":"Feature","properties":{"osm_id":"way/1179906606","name":"Old Long Trail","highway":"path","sac_scale":null,"source":"OSM, unverified"},"geometry":{"type":"LineString","coordinates":[[-72.8886,44.4194],[-72.887,44.4194],[-72.8859,44.4199],[-72.8857,44.4194],[-72.8845,44.4209],[-72.8842,44.4209]]}},{"type":"Feature","properties":{"osm_id":"way/1179906607","name":"Old VAST Trail","highway":"track","sac_scale":null,"source":"OSM, unverified"},"geometry":{"type":"LineString","coordinates":[[-72.8964,44.4301],[-72.8953,44.4307],[-72.895,44.4313],[-72.895,44.4319],[-72.8944,44.432],[-72.8941,44.4316],[-72.8941,44.4311],[-72.8935,44.4305],[-72.8936,44.4297],[-72.893,44.4286],[-72.8928,44.427],[-72.8917,44.426],[-72.8907,44.4239],[-72.8898,44.4237],[-72.8895,44.4229],[-72.8889,44.4224],[-72.8886,44.4208],[-72.8892,44.4205],[-72.8889,44.4197]]}},{"type":"Feature","properties":{"osm_id":"way/1179906608","name":"Old Long Trail","highway":"path","sac_scale":null,"source":"OSM, unverified"},"geometry":{"type":"LineString","coordinates":[[-72.8889,44.4197],[-72.8886,44.4194]]}},{"type":"Feature","properties":{"osm_id":"way/1179910927","name":"Stowe Quiet Path","highway":"footway","sac_scale":null,"source":"OSM, unverified"},"geometry":{"type":"LineString","coordinates":[[-72.6895,44.4765],[-72.6884,44.4764],[-72.6874,44.4754],[-72.6873,44.475],[-72.6864,44.4749],[-72.6859,44.4745],[-72.6857,44.4741],[-72.6849,44.4732],[-72.6851,44.4725],[-72.6861,44.4727]]}},{"type":"Feature","properties":{"osm_id":"way/1179910928","name":"Stowe Quiet Path","highway":"footway","sac_scale":null,"source":"OSM, unverified"},"geometry":{"type":"LineString","coordinates":[[-72.6895,44.4768],[-72.6895,44.4766]]}},{"type":"Feature","properties":{"osm_id":"way/1179910929","name":"Stowe Quiet Path","highway":"footway","sac_scale":null,"source":"OSM, unverified"},"geometry":{"type":"LineString","coordinates":[[-72.6895,44.4766],[-72.6894,44.4755]]}},{"type":"Feature","properties":{"osm_id":"way/1180994197","name":"Stowe Quiet Path","highway":"footway","sac_scale":null,"source":"OSM, unverified"},"geometry":{"type":"LineString","coordinates":[[-72.6822,44.4696],[-72.6835,44.4698],[-72.6844,44.4694],[-72.685,44.4694]]}},{"type":"Feature","properties":{"osm_id":"way/1180994201","name":"Stowe Quiet Path","highway":"footway","sac_scale":null,"source":"OSM, unverified"},"geometry":{"type":"LineString","coordinates":[[-72.6853,44.4768],[-72.6852,44.4757],[-72.6858,44.4755],[-72.6865,44.4757],[-72.6882,44.4769],[-72.6895,44.4768]]}},{"type":"Feature","properties":{"osm_id":"way/1180994202","name":"Stowe Quiet Path","highway":"footway","sac_scale":null,"source":"OSM, unverified"},"geometry":{"type":"LineString","coordinates":[[-72.6852,44.4767],[-72.6853,44.4768]]}},{"type":"Feature","properties":{"osm_id":"way/1187915819","name":"Goodnight Irene","highway":"path","sac_scale":null,"source":"OSM, unverified"},"geometry":{"type":"LineString","coordinates":[[-72.8481,44.1574],[-72.8485,44.156],[-72.8493,44.1556],[-72.849,44.1555],[-72.8489,44.1552],[-72.8472,44.1554],[-72.8458,44.1568],[-72.8457,44.1553],[-72.8452,44.1553],[-72.8451,44.1555],[-72.8444,44.1546],[-72.8441,44.1552],[-72.8438,44.1551],[-72.8438,44.1548],[-72.8435,44.1552],[-72.8433,44.1546],[-72.8429,44.1552],[-72.8428,44.1561],[-72.8418,44.1567]]}},{"type":"Feature","properties":{"osm_id":"way/1187915822","name":"GS","highway":"path","sac_scale":null,"source":"OSM, unverified"},"geometry":{"type":"LineString","coordinates":[[-72.8504,44.1621],[-72.8498,44.1622],[-72.8498,44.1626],[-72.8496,44.1625],[-72.8495,44.1627],[-72.8492,44.1624],[-72.8486,44.1625],[-72.8485,44.1618],[-72.848,44.1617],[-72.8488,44.1611],[-72.8486,44.1611],[-72.8489,44.1608],[-72.8479,44.161],[-72.8481,44.1604],[-72.8465,44.1616],[-72.8459,44.1623],[-72.8455,44.1622],[-72.8458,44.1611],[-72.8455,44.1612],[-72.8454,44.1605]]}},{"type":"Feature","properties":{"osm_id":"way/1187915823","name":"Clinic Connector","highway":"path","sac_scale":null,"source":"OSM, unverified"},"geometry":{"type":"LineString","coordinates":[[-72.8458,44.1711],[-72.843,44.1701],[-72.8421,44.1695],[-72.8421,44.1689]]}},{"type":"Feature","properties":{"osm_id":"way/1187915824","name":"Dana Hill Connector","highway":"path","sac_scale":null,"source":"OSM, unverified"},"geometry":{"type":"LineString","coordinates":[[-72.8458,44.1711],[-72.847,44.1719],[-72.8472,44.1727]]}},{"type":"Feature","properties":{"osm_id":"way/1187915826","name":"Revolution","highway":"path","sac_scale":null,"source":"OSM, unverified"},"geometry":{"type":"LineString","coordinates":[[-72.8449,44.1772],[-72.8417,44.1763],[-72.8411,44.1758],[-72.841,44.1761],[-72.8408,44.1759],[-72.8412,44.1768],[-72.8403,44.1761],[-72.8405,44.1768],[-72.8404,44.1771],[-72.8399,44.1766],[-72.8397,44.1757],[-72.8391,44.1753],[-72.8387,44.1749],[-72.8386,44.1751],[-72.8383,44.1744],[-72.8366,44.1737],[-72.8361,44.1737],[-72.8351,44.173],[-72.8347,44.1732]]}},{"type":"Feature","properties":{"osm_id":"way/1188161431","name":"Plum Line (B Line)","highway":"path","sac_scale":null,"source":"OSM, unverified"},"geometry":{"type":"LineString","coordinates":[[-72.8487,44.1511],[-72.8489,44.1507],[-72.8487,44.1499]]}},{"type":"Feature","properties":{"osm_id":"way/1188391378","name":"Ridgie","highway":"path","sac_scale":null,"source":"OSM, unverified"},"geometry":{"type":"LineString","coordinates":[[-72.8735,44.1593],[-72.873,44.1589],[-72.8731,44.1582],[-72.8734,44.1581],[-72.8719,44.1579],[-72.872,44.1574],[-72.8716,44.1568],[-72.8708,44.1571],[-72.8694,44.1571],[-72.8685,44.1565],[-72.8684,44.1562]]}},{"type":"Feature","properties":{"osm_id":"way/1188391379","name":"Ridgie Drop Loop","highway":"path","sac_scale":null,"source":"OSM, unverified"},"geometry":{"type":"LineString","coordinates":[[-72.8711,44.157],[-72.8713,44.1575],[-72.871,44.1579],[-72.8702,44.1577],[-72.8703,44.1574],[-72.8709,44.1574],[-72.8708,44.1571]]}},{"type":"Feature","properties":{"osm_id":"way/1188391380","name":"Witches Brew","highway":"path","sac_scale":null,"source":"OSM, unverified"},"geometry":{"type":"LineString","coordinates":[[-72.8716,44.1568],[-72.8712,44.1567],[-72.8708,44.157],[-72.8692,44.1567],[-72.8684,44.1562]]}},{"type":"Feature","properties":{"osm_id":"way/1188391381","name":"Geyers","highway":"path","sac_scale":null,"source":"OSM, unverified"},"geometry":{"type":"LineString","coordinates":[[-72.8734,44.1556],[-72.8739,44.1556],[-72.874,44.1551],[-72.8742,44.155],[-72.8742,44.154],[-72.8759,44.1536],[-72.8756,44.1518],[-72.8767,44.1499],[-72.8766,44.1496],[-72.8771,44.1496],[-72.8767,44.1476],[-72.8771,44.1467]]}},{"type":"Feature","properties":{"osm_id":"way/1188391382","name":"Bitches Brew","highway":"path","sac_scale":null,"source":"OSM, unverified"},"geometry":{"type":"LineString","coordinates":[[-72.8717,44.1569],[-72.872,44.1569],[-72.8713,44.1563],[-72.8724,44.1561],[-72.8732,44.1563]]}},{"type":"Feature","properties":{"osm_id":"way/1188391383","name":"Eurich Pond Trail","highway":"path","sac_scale":null,"source":"OSM, unverified"},"geometry":{"type":"LineString","coordinates":[[-72.8723,44.1499],[-72.8721,44.1493],[-72.8727,44.1493],[-72.8725,44.1487],[-72.8741,44.1484]]}},{"type":"Feature","properties":{"osm_id":"way/1189281074","name":"Powerline","highway":"path","sac_scale":null,"source":"OSM, unverified"},"geometry":{"type":"LineString","coordinates":[[-72.8713,44.1529],[-72.8729,44.1529],[-72.8734,44.1547],[-72.8732,44.1566],[-72.8736,44.1574],[-72.8735,44.1593]]}},{"type":"Feature","properties":{"osm_id":"way/1190291512","name":"Gould Hill Trail","highway":"path","sac_scale":null,"source":"OSM, unverified"},"geometry":{"type":"LineString","coordinates":[[-72.5692,44.2906],[-72.5691,44.2907]]}},{"type":"Feature","properties":{"osm_id":"way/1190291513","name":"Gould Hill Trail","highway":"path","sac_scale":null,"source":"OSM, unverified"},"geometry":{"type":"LineString","coordinates":[[-72.5701,44.2899],[-72.5692,44.2906]]}},{"type":"Feature","properties":{"osm_id":"way/1195662545","name":"Ebascootcha","highway":"path","sac_scale":null,"source":"OSM, unverified"},"geometry":{"type":"LineString","coordinates":[[-72.8371,44.418],[-72.8377,44.4175],[-72.8377,44.4183],[-72.838,44.4183],[-72.8386,44.4175],[-72.8404,44.4163],[-72.8421,44.4163],[-72.8423,44.4167],[-72.842,44.4168],[-72.8423,44.4171],[-72.842,44.417],[-72.8421,44.4172],[-72.843,44.417],[-72.844,44.4165],[-72.8429,44.4178],[-72.8431,44.4179],[-72.8443,44.4176],[-72.8448,44.4168],[-72.8459,44.4165],[-72.8465,44.4161],[-72.8466,44.4165],[-72.8468,44.4162],[-72.847,44.4167],[-72.8474,44.4161],[-72.8475,44.4171],[-72.8479,44.4178],[-72.8478,44.4187],[-72.8482,44.4184],[-72.8484,44.4177],[-72.8492,44.4188],[-72.8491,44.4192],[-72.8498,44.4189],[-72.8494,44.4197],[-72.8502,44.4195],[-72.8489,44.4206]]}},{"type":"Feature","properties":{"osm_id":"way/1197108379","name":"Town Highway 8","highway":"track","sac_scale":null,"source":"OSM, unverified"},"geometry":{"type":"LineString","coordinates":[[-72.706,44.015],[-72.7032,44.0143]]}},{"type":"Feature","properties":{"osm_id":"way/1202251550","name":"Little Rock","highway":"path","sac_scale":null,"source":"OSM, unverified"},"geometry":{"type":"LineString","coordinates":[[-72.837,44.4183],[-72.837,44.418]]}},{"type":"Feature","properties":{"osm_id":"way/1202251551","name":"Ebascootcha","highway":"path","sac_scale":null,"source":"OSM, unverified"},"geometry":{"type":"LineString","coordinates":[[-72.8344,44.4153],[-72.8356,44.4146],[-72.8362,44.4139],[-72.8368,44.4139],[-72.837,44.4144],[-72.8373,44.414],[-72.8377,44.4141],[-72.8376,44.4148],[-72.8358,44.4158],[-72.8341,44.4172],[-72.8344,44.4173],[-72.8343,44.4174],[-72.8335,44.4179],[-72.8333,44.4193],[-72.8327,44.4202],[-72.8325,44.421],[-72.8322,44.4213],[-72.8327,44.4221],[-72.8327,44.4229],[-72.834,44.4226],[-72.8342,44.4219],[-72.8347,44.4213],[-72.8347,44.4205],[-72.8354,44.4199],[-72.8358,44.4191],[-72.837,44.418]]}},{"type":"Feature","properties":{"osm_id":"way/1202251552","name":"Ebascootcha","highway":"path","sac_scale":null,"source":"OSM, unverified"},"geometry":{"type":"LineString","coordinates":[[-72.837,44.418],[-72.8371,44.418]]}},{"type":"Feature","properties":{"osm_id":"way/1210071807","name":"Kennedy Road","highway":"track","sac_scale":null,"source":"OSM, unverified"},"geometry":{"type":"LineString","coordinates":[[-72.8608,43.9669],[-72.8611,43.9669]]}},{"type":"Feature","properties":{"osm_id":"way/1210140769","name":"Featherbed Connector","highway":"path","sac_scale":null,"source":"OSM, unverified"},"geometry":{"type":"LineString","coordinates":[[-72.8379,44.1742],[-72.8364,44.1743],[-72.836,44.1749],[-72.8347,44.1758]]}},{"type":"Feature","properties":{"osm_id":"way/1210184907","name":"High Plum","highway":"path","sac_scale":null,"source":"OSM, unverified"},"geometry":{"type":"LineString","coordinates":[[-72.8579,44.1482],[-72.8604,44.1482],[-72.8619,44.1478],[-72.8627,44.1472],[-72.8632,44.1467],[-72.8634,44.146],[-72.8633,44.1452],[-72.863,44.1449],[-72.8632,44.1439]]}},{"type":"Feature","properties":{"osm_id":"way/1210184913","name":"Techie","highway":"path","sac_scale":null,"source":"OSM, unverified"},"geometry":{"type":"LineString","coordinates":[[-72.8794,44.1683],[-72.879,44.1685],[-72.8791,44.1677],[-72.8789,44.1678],[-72.8788,44.1664],[-72.8783,44.1654],[-72.878,44.1653],[-72.878,44.1641],[-72.8777,44.165],[-72.877,44.1653],[-72.8771,44.1649],[-72.876,44.1633],[-72.8761,44.162],[-72.8758,44.1613],[-72.876,44.1609],[-72.8748,44.1599]]}},{"type":"Feature","properties":{"osm_id":"way/1214302011","name":"Discovery Trail","highway":"path","sac_scale":null,"source":"OSM, unverified"},"geometry":{"type":"LineString","coordinates":[[-73.0071,44.3515],[-73.0074,44.3517],[-73.0078,44.3517]]}},{"type":"Feature","properties":{"osm_id":"way/1228542317","name":"Templeton-Fairmont Trail","highway":"path","sac_scale":null,"source":"OSM, unverified"},"geometry":{"type":"LineString","coordinates":[[-72.5134,44.3026],[-72.5132,44.3012],[-72.5126,44.3009],[-72.5116,44.301],[-72.5116,44.3],[-72.5124,44.298],[-72.5103,44.2972],[-72.5098,44.2973],[-72.5086,44.2965],[-72.5077,44.2964],[-72.5042,44.2949],[-72.5075,44.2901],[-72.5077,44.2891],[-72.5074,44.2885]]}},{"type":"Feature","properties":{"osm_id":"way/1229573080","name":"Inberno Up Trail","highway":"path","sac_scale":null,"source":"OSM, unverified"},"geometry":{"type":"LineString","coordinates":[[-72.6403,44.4694],[-72.6397,44.4686],[-72.6378,44.4679],[-72.6378,44.4673],[-72.6373,44.4669]]}},{"type":"Feature","properties":{"osm_id":"way/1229573081","name":"Inberno Down Trail","highway":"path","sac_scale":null,"source":"OSM, unverified"},"geometry":{"type":"LineString","coordinates":[[-72.6397,44.4686],[-72.6397,44.4679],[-72.6403,44.4676],[-72.6397,44.4674],[-72.6404,44.467],[-72.6402,44.4666],[-72.6397,44.4665],[-72.6395,44.4661],[-72.6373,44.4669]]}},{"type":"Feature","properties":{"osm_id":"way/1229573082","name":"Inberno Loop Trail","highway":"path","sac_scale":null,"source":"OSM, unverified"},"geometry":{"type":"LineString","coordinates":[[-72.6301,44.4668],[-72.6298,44.4667],[-72.6298,44.4663],[-72.6283,44.4662],[-72.6265,44.4656],[-72.6258,44.4649],[-72.6248,44.4647],[-72.6245,44.4648],[-72.6247,44.4656],[-72.6232,44.4663],[-72.6236,44.4668],[-72.623,44.4675],[-72.6229,44.468],[-72.6222,44.4681],[-72.6215,44.4687],[-72.6213,44.4694],[-72.6218,44.4693]]}},{"type":"Feature","properties":{"osm_id":"way/1229573083","name":"Meadow Spur Trail","highway":"path","sac_scale":null,"source":"OSM, unverified"},"geometry":{"type":"LineString","coordinates":[[-72.6278,44.4718],[-72.6278,44.4713],[-72.6285,44.471],[-72.6278,44.4705],[-72.6278,44.4702],[-72.6253,44.47],[-72.6249,44.4702],[-72.6252,44.4707]]}},{"type":"Feature","properties":{"osm_id":"way/1229573084","name":"Inberno Ridge Trail","highway":"path","sac_scale":null,"source":"OSM, unverified"},"geometry":{"type":"LineString","coordinates":[[-72.6373,44.4669],[-72.6363,44.4667],[-72.6361,44.4669],[-72.6353,44.4666],[-72.6344,44.4669],[-72.6324,44.4665],[-72.631,44.4666],[-72.6301,44.4668],[-72.6299,44.4672],[-72.6289,44.4674],[-72.6278,44.4674],[-72.6242,44.468],[-72.622,44.469],[-72.6217,44.4695],[-72.6213,44.4697],[-72.6219,44.4703],[-72.6228,44.4704],[-72.6228,44.4706],[-72.6243,44.4704],[-72.6261,44.471],[-72.6263,44.4711],[-72.6261,44.4717]]}},{"type":"Feature","properties":{"osm_id":"way/1230089356","name":"Warren Path","highway":"path","sac_scale":null,"source":"OSM, unverified"},"geometry":{"type":"LineString","coordinates":[[-72.8544,44.1149],[-72.8546,44.1154],[-72.8545,44.1158],[-72.8531,44.1163],[-72.8534,44.1172],[-72.8531,44.1185],[-72.8505,44.1183],[-72.8484,44.1188],[-72.8475,44.1194],[-72.8474,44.1208],[-72.8468,44.1218],[-72.847,44.1223],[-72.8469,44.1235]]}},{"type":"Feature","properties":{"osm_id":"way/1230089357","name":"Vista Trail","highway":"path","sac_scale":null,"source":"OSM, unverified"},"geometry":{"type":"LineString","coordinates":[[-72.8469,44.1235],[-72.8462,44.1234],[-72.8458,44.1238],[-72.8453,44.1219],[-72.8437,44.1223],[-72.8436,44.1232],[-72.8433,44.123],[-72.843,44.1231],[-72.8426,44.1223]]}},{"type":"Feature","properties":{"osm_id":"way/1230089358","name":"Interpretive Trail","highway":"path","sac_scale":null,"source":"OSM, unverified"},"geometry":{"type":"LineString","coordinates":[[-72.8505,44.1183],[-72.8503,44.1179],[-72.8496,44.1177],[-72.8485,44.1179],[-72.8478,44.1184],[-72.8472,44.1184],[-72.847,44.1169],[-72.8478,44.1151],[-72.8479,44.1155],[-72.8491,44.1165],[-72.8492,44.1169],[-72.8489,44.1179]]}},{"type":"Feature","properties":{"osm_id":"way/1230389438","name":"Broadway","highway":"track","sac_scale":null,"source":"OSM, unverified"},"geometry":{"type":"LineString","coordinates":[[-72.8531,44.4249],[-72.8528,44.425],[-72.8517,44.4246],[-72.8507,44.4241],[-72.8501,44.4234],[-72.8493,44.4231]]}},{"type":"Feature","properties":{"osm_id":"way/1230389439","name":"Broadway","highway":"track","sac_scale":null,"source":"OSM, unverified"},"geometry":{"type":"LineString","coordinates":[[-72.8531,44.4248],[-72.8531,44.4249]]}},{"type":"Feature","properties":{"osm_id":"way/1230389440","name":"Twin Knolls","highway":"path","sac_scale":null,"source":"OSM, unverified"},"geometry":{"type":"LineString","coordinates":[[-72.8647,44.4184],[-72.8666,44.417],[-72.8672,44.4171],[-72.8671,44.4178],[-72.8665,44.4182]]}},{"type":"Feature","properties":{"osm_id":"way/1230389444","name":"Telemark","highway":"path","sac_scale":null,"source":"OSM, unverified"},"geometry":{"type":"LineString","coordinates":[[-72.8532,44.4245],[-72.8552,44.4245],[-72.8562,44.4257],[-72.8574,44.4265],[-72.8578,44.4269],[-72.8578,44.4273]]}},{"type":"Feature","properties":{"osm_id":"way/1230389445","name":"Herm","highway":"path","sac_scale":null,"source":"OSM, unverified"},"geometry":{"type":"LineString","coordinates":[[-72.859,44.4282],[-72.8586,44.428]]}},{"type":"Feature","properties":{"osm_id":"way/1230389450","name":"Camp Ride Access","highway":"path","sac_scale":null,"source":"OSM, unverified"},"geometry":{"type":"LineString","coordinates":[[-72.853,44.4216],[-72.8527,44.4215]]}},{"type":"Feature","properties":{"osm_id":"way/1230602519","name":"Broadway","highway":"track","sac_scale":null,"source":"OSM, unverified"},"geometry":{"type":"LineString","coordinates":[[-72.8612,44.4207],[-72.8613,44.4209]]}},{"type":"Feature","properties":{"osm_id":"way/1230602520","name":"Broadway","highway":"track","sac_scale":null,"source":"OSM, unverified"},"geometry":{"type":"LineString","coordinates":[[-72.8613,44.4209],[-72.8613,44.421]]}},{"type":"Feature","properties":{"osm_id":"way/1230602523","name":"Spruce Run","highway":"path","sac_scale":null,"source":"OSM, unverified"},"geometry":{"type":"LineString","coordinates":[[-72.8618,44.4205],[-72.8612,44.4207]]}},{"type":"Feature","properties":{"osm_id":"way/1230700354","name":"Bolton Dome Climbing Path","highway":"footway","sac_scale":null,"source":"OSM, unverified"},"geometry":{"type":"LineString","coordinates":[[-72.859,44.3697],[-72.859,44.3699],[-72.8588,44.3698],[-72.8589,44.3703],[-72.8585,44.3708],[-72.8586,44.3709]]}},{"type":"Feature","properties":{"osm_id":"way/1234923540","name":"Scenic View Drive","highway":"track","sac_scale":null,"source":"OSM, unverified"},"geometry":{"type":"LineString","coordinates":[[-72.6749,44.1338],[-72.6748,44.1341]]}},{"type":"Feature","properties":{"osm_id":"way/1234923541","name":"Scenic View Drive","highway":"track","sac_scale":null,"source":"OSM, unverified"},"geometry":{"type":"LineString","coordinates":[[-72.6758,44.1338],[-72.6752,44.1337],[-72.6746,44.1339],[-72.6739,44.1345],[-72.6739,44.1348]]}},{"type":"Feature","properties":{"osm_id":"way/1235701784","name":"Railroad Bed West","highway":"track","sac_scale":null,"source":"OSM, unverified"},"geometry":{"type":"LineString","coordinates":[[-72.3806,44.301],[-72.3814,44.3002],[-72.3825,44.2996],[-72.3863,44.2983]]}},{"type":"Feature","properties":{"osm_id":"way/1236298647","name":"Cindy's Way","highway":"track","sac_scale":null,"source":"OSM, unverified"},"geometry":{"type":"LineString","coordinates":[[-72.626,44.5089],[-72.6267,44.5081],[-72.6281,44.5085]]}},{"type":"Feature","properties":{"osm_id":"way/1237958744","name":"Town Trail","highway":"path","sac_scale":null,"source":"OSM, unverified"},"geometry":{"type":"LineString","coordinates":[[-72.6496,44.1423],[-72.6485,44.1434]]}},{"type":"Feature","properties":{"osm_id":"way/1238083379","name":"Paine Mountain Trail","highway":"path","sac_scale":null,"source":"OSM, unverified"},"geometry":{"type":"LineString","coordinates":[[-72.6525,44.1414],[-72.6534,44.1406]]}},{"type":"Feature","properties":{"osm_id":"way/1238083384","name":"Red Trail","highway":"path","sac_scale":null,"source":"OSM, unverified"},"geometry":{"type":"LineString","coordinates":[[-72.642,44.1388],[-72.6423,44.1394],[-72.6438,44.1393]]}},{"type":"Feature","properties":{"osm_id":"way/1238083387","name":"Paine Mountain Trail","highway":"path","sac_scale":null,"source":"OSM, unverified"},"geometry":{"type":"LineString","coordinates":[[-72.6525,44.1414],[-72.6507,44.1437]]}},{"type":"Feature","properties":{"osm_id":"way/1238083392","name":"Lybrand Route","highway":"track","sac_scale":null,"source":"OSM, unverified"},"geometry":{"type":"LineString","coordinates":[[-72.6516,44.1462],[-72.6506,44.146],[-72.6489,44.1451],[-72.6465,44.1446]]}},{"type":"Feature","properties":{"osm_id":"way/1238083393","name":"Lybrand Route","highway":"path","sac_scale":null,"source":"OSM, unverified"},"geometry":{"type":"LineString","coordinates":[[-72.6431,44.1425],[-72.6426,44.1425],[-72.6417,44.1429],[-72.643,44.1437],[-72.6436,44.1438],[-72.6449,44.1446],[-72.6458,44.1448],[-72.6465,44.1446]]}},{"type":"Feature","properties":{"osm_id":"way/1238083395","name":"Lybrand Route","highway":"path","sac_scale":null,"source":"OSM, unverified"},"geometry":{"type":"LineString","coordinates":[[-72.6421,44.1432],[-72.6427,44.1432],[-72.6419,44.1428]]}},{"type":"Feature","properties":{"osm_id":"way/1238150368","name":"Summit Loop","highway":"path","sac_scale":null,"source":"OSM, unverified"},"geometry":{"type":"LineString","coordinates":[[-72.6219,44.1439],[-72.6216,44.1433],[-72.6213,44.1434],[-72.6199,44.1453],[-72.6193,44.1456],[-72.6189,44.1467],[-72.6191,44.1474]]}},{"type":"Feature","properties":{"osm_id":"way/1238153840","name":"Crane Brook Trail","highway":"path","sac_scale":null,"source":"OSM, unverified"},"geometry":{"type":"LineString","coordinates":[[-72.8814,44.5336],[-72.8809,44.5341],[-72.8802,44.5359]]}},{"type":"Feature","properties":{"osm_id":"way/1238156719","name":"Pot Raspberry","highway":"path","sac_scale":null,"source":"OSM, unverified"},"geometry":{"type":"LineString","coordinates":[[-72.6251,44.1345],[-72.625,44.1341],[-72.6254,44.1341],[-72.6252,44.1338],[-72.6256,44.1338],[-72.6258,44.1333],[-72.6255,44.1331],[-72.6262,44.132],[-72.6262,44.1314],[-72.6257,44.1313],[-72.6258,44.1308],[-72.6261,44.1309],[-72.626,44.1307],[-72.6269,44.131],[-72.6281,44.1307]]}},{"type":"Feature","properties":{"osm_id":"way/1238157653","name":"Blood Root","highway":"path","sac_scale":null,"source":"OSM, unverified"},"geometry":{"type":"LineString","coordinates":[[-72.6278,44.134],[-72.6274,44.1354],[-72.627,44.1358],[-72.6262,44.1361],[-72.6238,44.1355],[-72.6234,44.135],[-72.6235,44.1344],[-72.6227,44.1345]]}},{"type":"Feature","properties":{"osm_id":"way/1238157654","name":"Southbound","highway":"path","sac_scale":null,"source":"OSM, unverified"},"geometry":{"type":"LineString","coordinates":[[-72.6244,44.1397],[-72.6243,44.1383],[-72.6238,44.1376],[-72.6242,44.1372],[-72.6236,44.1368],[-72.6238,44.1364],[-72.6236,44.1362],[-72.6238,44.1355]]}},{"type":"Feature","properties":{"osm_id":"way/1238158719","name":"Orange Trail","highway":"path","sac_scale":null,"source":"OSM, unverified"},"geometry":{"type":"LineString","coordinates":[[-72.6421,44.1391],[-72.6425,44.139],[-72.6426,44.1392],[-72.6428,44.1388],[-72.6438,44.1393]]}},{"type":"Feature","properties":{"osm_id":"way/1239210382","name":"Town Trail","highway":"path","sac_scale":null,"source":"OSM, unverified"},"geometry":{"type":"LineString","coordinates":[[-72.6489,44.1419],[-72.6487,44.1422],[-72.6474,44.1424],[-72.6458,44.1425],[-72.6449,44.1422],[-72.6431,44.1425]]}},{"type":"Feature","properties":{"osm_id":"way/1239282582","name":"Unmaintained Hiking Trail","highway":"path","sac_scale":null,"source":"OSM, unverified"},"geometry":{"type":"LineString","coordinates":[[-72.6227,44.1345],[-72.623,44.1337],[-72.6242,44.1332],[-72.6245,44.1335],[-72.6246,44.1343],[-72.6265,44.1348],[-72.6278,44.134],[-72.6285,44.1331],[-72.6289,44.1321]]}},{"type":"Feature","properties":{"osm_id":"way/1239282583","name":"Pony Express Spur","highway":"path","sac_scale":null,"source":"OSM, unverified"},"geometry":{"type":"LineString","coordinates":[[-72.6286,44.1341],[-72.6283,44.1341],[-72.6285,44.1335],[-72.6283,44.1334]]}},{"type":"Feature","properties":{"osm_id":"way/1239282584","name":"Ridgeline Connector Trail","highway":"path","sac_scale":null,"source":"OSM, unverified"},"geometry":{"type":"LineString","coordinates":[[-72.6282,44.1374],[-72.6289,44.1374],[-72.6288,44.1385],[-72.6294,44.1384]]}},{"type":"Feature","properties":{"osm_id":"way/1239282585","name":"Pony Express Connector","highway":"path","sac_scale":null,"source":"OSM, unverified"},"geometry":{"type":"LineString","coordinates":[[-72.6283,44.1367],[-72.6293,44.1356],[-72.6286,44.1358],[-72.6289,44.1353],[-72.6286,44.1352],[-72.6287,44.1348],[-72.6282,44.1345]]}},{"type":"Feature","properties":{"osm_id":"way/1239282586","name":"Pony Express","highway":"path","sac_scale":null,"source":"OSM, unverified"},"geometry":{"type":"LineString","coordinates":[[-72.6275,44.1381],[-72.6282,44.1376],[-72.6282,44.1361],[-72.6285,44.1354],[-72.6282,44.135],[-72.6282,44.1345],[-72.6286,44.1342],[-72.6289,44.1332],[-72.6285,44.1324],[-72.6291,44.132],[-72.6292,44.1313],[-72.6289,44.1312],[-72.6281,44.1316],[-72.629,44.1301],[-72.6287,44.1285]]}},{"type":"Feature","properties":{"osm_id":"way/1241791986","name":"Switchback","highway":"track","sac_scale":null,"source":"OSM, unverified"},"geometry":{"type":"LineString","coordinates":[[-72.8093,44.5386],[-72.81,44.5381],[-72.8103,44.537],[-72.809,44.5365],[-72.8074,44.5367],[-72.8072,44.5365]]}},{"type":"Feature","properties":{"osm_id":"way/1241791991","name":"Crossover","highway":"track","sac_scale":null,"source":"OSM, unverified"},"geometry":{"type":"LineString","coordinates":[[-72.7907,44.532],[-72.7903,44.5323],[-72.7907,44.5331],[-72.7899,44.5332]]}},{"type":"Feature","properties":{"osm_id":"way/1241791992","name":"Crossover","highway":"track","sac_scale":null,"source":"OSM, unverified"},"geometry":{"type":"LineString","coordinates":[[-72.7906,44.5306],[-72.7909,44.5318],[-72.7907,44.532]]}},{"type":"Feature","properties":{"osm_id":"way/1242095522","name":"Tatooine","highway":"path","sac_scale":null,"source":"OSM, unverified"},"geometry":{"type":"LineString","coordinates":[[-73.0326,44.3543],[-73.0318,44.3545],[-73.0314,44.3549],[-73.0327,44.3548],[-73.0341,44.3554],[-73.0345,44.355],[-73.0341,44.3545],[-73.034,44.3538]]}},{"type":"Feature","properties":{"osm_id":"way/1242095524","name":"Tatooine","highway":"path","sac_scale":null,"source":"OSM, unverified"},"geometry":{"type":"LineString","coordinates":[[-73.034,44.3538],[-73.0341,44.3538]]}},{"type":"Feature","properties":{"osm_id":"way/1242109489","name":"Chewy's Connector","highway":"path","sac_scale":null,"source":"OSM, unverified"},"geometry":{"type":"LineString","coordinates":[[-73.0406,44.3543],[-73.0429,44.355],[-73.0453,44.3546],[-73.0459,44.3547],[-73.0474,44.3558],[-73.0474,44.3569]]}},{"type":"Feature","properties":{"osm_id":"way/1242230490","name":"Tatooine","highway":"path","sac_scale":null,"source":"OSM, unverified"},"geometry":{"type":"LineString","coordinates":[[-73.0309,44.3513],[-73.0304,44.3515],[-73.0307,44.352],[-73.0306,44.3526],[-73.031,44.3533],[-73.0315,44.3534],[-73.0314,44.3538],[-73.032,44.3537],[-73.0326,44.3543]]}},{"type":"Feature","properties":{"osm_id":"way/1242230491","name":"Tatooine","highway":"path","sac_scale":null,"source":"OSM, unverified"},"geometry":{"type":"LineString","coordinates":[[-73.0317,44.3512],[-73.0309,44.3513]]}},{"type":"Feature","properties":{"osm_id":"way/1242230493","name":"Tatooine","highway":"path","sac_scale":null,"source":"OSM, unverified"},"geometry":{"type":"LineString","coordinates":[[-73.032,44.3508],[-73.0317,44.3512]]}},{"type":"Feature","properties":{"osm_id":"way/1242230494","name":"Upper Saddle Trail","highway":"path","sac_scale":null,"source":"OSM, unverified"},"geometry":{"type":"LineString","coordinates":[[-73.0312,44.3513],[-73.0308,44.351]]}},{"type":"Feature","properties":{"osm_id":"way/1242230502","name":"Darth Vader","highway":"path","sac_scale":null,"source":"OSM, unverified"},"geometry":{"type":"LineString","coordinates":[[-73.0246,44.3448],[-73.0215,44.3449],[-73.0206,44.3445],[-73.0188,44.3449],[-73.0193,44.3445],[-73.0187,44.3445],[-73.0178,44.3448],[-73.0176,44.3447],[-73.0164,44.3455]]}},{"type":"Feature","properties":{"osm_id":"way/1242230503","name":"Darth Vader","highway":"path","sac_scale":null,"source":"OSM, unverified"},"geometry":{"type":"LineString","coordinates":[[-73.0164,44.3455],[-73.0166,44.3456],[-73.017,44.3466],[-73.0174,44.3469],[-73.018,44.3483],[-73.0195,44.3492]]}},{"type":"Feature","properties":{"osm_id":"way/1242230506","name":"Liberty Meadow Trail","highway":"path","sac_scale":null,"source":"OSM, unverified"},"geometry":{"type":"LineString","coordinates":[[-73.0183,44.3524],[-73.0179,44.3521]]}},{"type":"Feature","properties":{"osm_id":"way/1242230523","name":"Trois Montagnes","highway":"path","sac_scale":null,"source":"OSM, unverified"},"geometry":{"type":"LineString","coordinates":[[-73.0244,44.3457],[-73.0261,44.3466]]}},{"type":"Feature","properties":{"osm_id":"way/1242489657","name":"Stagecoach Road","highway":"track","sac_scale":null,"source":"OSM, unverified"},"geometry":{"type":"LineString","coordinates":[[-72.9421,44.3253],[-72.9414,44.3252]]}},{"type":"Feature","properties":{"osm_id":"way/1242489665","name":"Stagecoach Road","highway":"track","sac_scale":null,"source":"OSM, unverified"},"geometry":{"type":"LineString","coordinates":[[-72.9348,44.327],[-72.9337,44.3273]]}},{"type":"Feature","properties":{"osm_id":"way/1242489667","name":"Stagecoach Road","highway":"track","sac_scale":null,"source":"OSM, unverified"},"geometry":{"type":"LineString","coordinates":[[-72.9378,44.3262],[-72.937,44.3266],[-72.9348,44.327]]}},{"type":"Feature","properties":{"osm_id":"way/1242648602","name":"Cobble Hill","highway":"path","sac_scale":null,"source":"OSM, unverified"},"geometry":{"type":"LineString","coordinates":[[-72.9367,44.3251],[-72.9364,44.3247],[-72.9368,44.3246],[-72.9366,44.3242],[-72.9373,44.3244],[-72.9372,44.3239],[-72.9379,44.3233],[-72.9381,44.3227]]}},{"type":"Feature","properties":{"osm_id":"way/1242659073","name":"Black Iron Road","highway":"track","sac_scale":null,"source":"OSM, unverified"},"geometry":{"type":"LineString","coordinates":[[-72.9422,44.3156],[-72.9416,44.316]]}},{"type":"Feature","properties":{"osm_id":"way/1286945951","name":"Preston Pond Loop","highway":"footway","sac_scale":null,"source":"OSM, unverified"},"geometry":{"type":"LineString","coordinates":[[-72.9093,44.4264],[-72.9087,44.4264]]}},{"type":"Feature","properties":{"osm_id":"way/1286945954","name":"Lars' Link","highway":"footway","sac_scale":null,"source":"OSM, unverified"},"geometry":{"type":"LineString","coordinates":[[-72.9055,44.4281],[-72.9055,44.4275],[-72.9061,44.427],[-72.9063,44.4264]]}},{"type":"Feature","properties":{"osm_id":"way/1286946706","name":"Preston Pond Loop","highway":"footway","sac_scale":null,"source":"OSM, unverified"},"geometry":{"type":"LineString","coordinates":[[-72.8968,44.4296],[-72.8968,44.4299]]}},{"type":"Feature","properties":{"osm_id":"way/1287529159","name":"Green Fee","highway":"path","sac_scale":null,"source":"OSM, unverified"},"geometry":{"type":"LineString","coordinates":[[-72.8452,44.3659],[-72.8447,44.3658],[-72.8449,44.366],[-72.8442,44.366],[-72.8444,44.3663],[-72.8433,44.3664],[-72.8431,44.3666],[-72.8434,44.367],[-72.8436,44.3667],[-72.8444,44.3673],[-72.8441,44.3673],[-72.8442,44.3674],[-72.8427,44.368],[-72.8427,44.3683]]}},{"type":"Feature","properties":{"osm_id":"way/1287529160","name":"Iteration Upper Climb","highway":"path","sac_scale":null,"source":"OSM, unverified"},"geometry":{"type":"LineString","coordinates":[[-72.8391,44.3736],[-72.8394,44.3734],[-72.8392,44.3738],[-72.8397,44.3736],[-72.8399,44.3739],[-72.84,44.3737],[-72.8403,44.3743],[-72.8408,44.374],[-72.8413,44.3745],[-72.8416,44.3741],[-72.8417,44.3746],[-72.8422,44.375],[-72.8422,44.3746],[-72.8425,44.3748],[-72.8423,44.3744],[-72.8424,44.3739],[-72.8428,44.3744],[-72.8431,44.374],[-72.8431,44.3747],[-72.8436,44.3749],[-72.8438,44.3742],[-72.8441,44.374]]}},{"type":"Feature","properties":{"osm_id":"way/1287529161","name":"Jawline","highway":"path","sac_scale":null,"source":"OSM, unverified"},"geometry":{"type":"LineString","coordinates":[[-72.8441,44.374],[-72.8448,44.3741],[-72.8445,44.3737],[-72.8444,44.3725],[-72.8438,44.3721]]}},{"type":"Feature","properties":{"osm_id":"way/1287529162","name":"Hot Dogger","highway":"path","sac_scale":null,"source":"OSM, unverified"},"geometry":{"type":"LineString","coordinates":[[-72.8432,44.371],[-72.8429,44.3711],[-72.8434,44.3706],[-72.8432,44.3701],[-72.8437,44.3698],[-72.8433,44.3693],[-72.8436,44.3686],[-72.8439,44.3685],[-72.8437,44.368],[-72.8427,44.3683]]}},{"type":"Feature","properties":{"osm_id":"way/1287529163","name":"Hot Dogger","highway":"path","sac_scale":null,"source":"OSM, unverified"},"geometry":{"type":"LineString","coordinates":[[-72.8426,44.3684],[-72.8424,44.3682],[-72.8427,44.368]]}},{"type":"Feature","properties":{"osm_id":"way/1287529164","name":"Hot Dogger","highway":"path","sac_scale":null,"source":"OSM, unverified"},"geometry":{"type":"LineString","coordinates":[[-72.8429,44.3679],[-72.8433,44.3678],[-72.8425,44.3676],[-72.8421,44.3678],[-72.8423,44.3674],[-72.8427,44.3673],[-72.8424,44.3671],[-72.8428,44.367],[-72.8426,44.3668],[-72.8434,44.3662],[-72.8442,44.3662],[-72.8439,44.366],[-72.8446,44.3659],[-72.8444,44.3658],[-72.8452,44.3659]]}},{"type":"Feature","properties":{"osm_id":"way/1287529165","name":"Sugar Road","highway":"path","sac_scale":null,"source":"OSM, unverified"},"geometry":{"type":"LineString","coordinates":[[-72.8426,44.3684],[-72.8421,44.3709],[-72.8408,44.3723],[-72.8397,44.3727],[-72.8391,44.3736]]}},{"type":"Feature","properties":{"osm_id":"way/1291522820","name":"Bryant Trail","highway":"path","sac_scale":null,"source":"OSM, unverified"},"geometry":{"type":"LineString","coordinates":[[-72.8503,44.4252],[-72.8501,44.4269],[-72.8494,44.4283],[-72.8467,44.4301],[-72.8444,44.4324],[-72.8434,44.4328],[-72.8417,44.4326]]}},{"type":"Feature","properties":{"osm_id":"way/1291522821","name":"Birch Loop","highway":"path","sac_scale":null,"source":"OSM, unverified"},"geometry":{"type":"LineString","coordinates":[[-72.8417,44.4326],[-72.8413,44.4329],[-72.8412,44.4336],[-72.8422,44.4349],[-72.8426,44.4362],[-72.8424,44.4364],[-72.841,44.4363],[-72.8407,44.4359],[-72.8392,44.4356],[-72.8384,44.4358],[-72.8373,44.4357],[-72.8367,44.4354]]}},{"type":"Feature","properties":{"osm_id":"way/1291522822","name":"Heavenly Highway","highway":"path","sac_scale":null,"source":"OSM, unverified"},"geometry":{"type":"LineString","coordinates":[[-72.8393,44.4326],[-72.8393,44.4323],[-72.8399,44.4318],[-72.8399,44.4315],[-72.841,44.4309],[-72.8413,44.4304],[-72.8402,44.4306],[-72.8392,44.4305],[-72.8389,44.431],[-72.8384,44.4311],[-72.8366,44.4308],[-72.8352,44.431],[-72.8337,44.4305],[-72.8335,44.4302],[-72.8336,44.4295],[-72.8332,44.4293],[-72.8323,44.4295],[-72.8316,44.4287],[-72.832,44.4283],[-72.8322,44.4277],[-72.8318,44.4272],[-72.8317,44.4258],[-72.8312,44.4253]]}},{"type":"Feature","properties":{"osm_id":"way/1306452731","name":"Sugar Road","highway":"track","sac_scale":null,"source":"OSM, unverified"},"geometry":{"type":"LineString","coordinates":[[-72.7469,44.4652],[-72.7484,44.4658]]}},{"type":"Feature","properties":{"osm_id":"way/1306452755","name":"Russel Knoll Track","highway":"path","sac_scale":null,"source":"OSM, unverified"},"geometry":{"type":"LineString","coordinates":[[-72.7532,44.468],[-72.754,44.4683]]}},{"type":"Feature","properties":{"osm_id":"way/1306452756","name":"Russel Knoll Track","highway":"path","sac_scale":null,"source":"OSM, unverified"},"geometry":{"type":"LineString","coordinates":[[-72.7678,44.4736],[-72.7646,44.473],[-72.7612,44.4714]]}},{"type":"Feature","properties":{"osm_id":"way/1306452757","name":"Russel Knoll Track","highway":"path","sac_scale":null,"source":"OSM, unverified"},"geometry":{"type":"LineString","coordinates":[[-72.7532,44.468],[-72.7527,44.4679]]}},{"type":"Feature","properties":{"osm_id":"way/1306452758","name":"Russel Knoll Track","highway":"path","sac_scale":null,"source":"OSM, unverified"},"geometry":{"type":"LineString","coordinates":[[-72.7697,44.4748],[-72.7689,44.4745],[-72.7685,44.4737],[-72.7678,44.4736]]}},{"type":"Feature","properties":{"osm_id":"way/1306452759","name":"Russel Knoll Track","highway":"path","sac_scale":null,"source":"OSM, unverified"},"geometry":{"type":"LineString","coordinates":[[-72.7697,44.4749],[-72.7697,44.4748]]}},{"type":"Feature","properties":{"osm_id":"way/1306452760","name":"Yerrick's Yodel","highway":"path","sac_scale":"hiking","source":"OSM, unverified"},"geometry":{"type":"LineString","coordinates":[[-72.7642,44.4778],[-72.7638,44.4771],[-72.7629,44.4767],[-72.7626,44.4762]]}},{"type":"Feature","properties":{"osm_id":"way/1306452761","name":"Chris's Run","highway":"path","sac_scale":null,"source":"OSM, unverified"},"geometry":{"type":"LineString","coordinates":[[-72.7697,44.4749],[-72.7712,44.4755],[-72.772,44.4765],[-72.7686,44.4773]]}},{"type":"Feature","properties":{"osm_id":"way/1306452762","name":"Chris's Run","highway":"path","sac_scale":null,"source":"OSM, unverified"},"geometry":{"type":"LineString","coordinates":[[-72.7756,44.4845],[-72.7745,44.4854]]}},{"type":"Feature","properties":{"osm_id":"way/1306452763","name":"Haul Road","highway":"track","sac_scale":null,"source":"OSM, unverified"},"geometry":{"type":"LineString","coordinates":[[-72.76,44.4898],[-72.758,44.489],[-72.7563,44.4875]]}},{"type":"Feature","properties":{"osm_id":"way/1306452764","name":"Haul Road","highway":"track","sac_scale":null,"source":"OSM, unverified"},"geometry":{"type":"LineString","coordinates":[[-72.7563,44.4875],[-72.7537,44.486]]}},{"type":"Feature","properties":{"osm_id":"way/1306452765","name":"Yerrick's Yodel","highway":"path","sac_scale":"hiking","source":"OSM, unverified"},"geometry":{"type":"LineString","coordinates":[[-72.7626,44.4762],[-72.7633,44.476],[-72.7634,44.4755],[-72.7623,44.4744],[-72.7617,44.4728],[-72.7607,44.4723]]}},{"type":"Feature","properties":{"osm_id":"way/1306452766","name":"Parizo Trails","highway":"path","sac_scale":null,"source":"OSM, unverified"},"geometry":{"type":"LineString","coordinates":[[-72.7604,44.4729],[-72.7607,44.4723]]}},{"type":"Feature","properties":{"osm_id":"way/1306452767","name":"Cabin Trail","highway":"path","sac_scale":null,"source":"OSM, unverified"},"geometry":{"type":"LineString","coordinates":[[-72.7618,44.4809],[-72.7616,44.4808]]}},{"type":"Feature","properties":{"osm_id":"way/1306452768","name":"Growler","highway":"path","sac_scale":null,"source":"OSM, unverified"},"geometry":{"type":"LineString","coordinates":[[-72.7597,44.4757],[-72.7597,44.476]]}},{"type":"Feature","properties":{"osm_id":"way/1306452769","name":"Growler","highway":"path","sac_scale":null,"source":"OSM, unverified"},"geometry":{"type":"LineString","coordinates":[[-72.76,44.476],[-72.7597,44.476]]}},{"type":"Feature","properties":{"osm_id":"way/1306452770","name":"Parizo Trails","highway":"path","sac_scale":null,"source":"OSM, unverified"},"geometry":{"type":"LineString","coordinates":[[-72.76,44.4757],[-72.7597,44.4757]]}},{"type":"Feature","properties":{"osm_id":"way/1306452771","name":"Telemark Trail","highway":"path","sac_scale":null,"source":"OSM, unverified"},"geometry":{"type":"LineString","coordinates":[[-72.7498,44.4712],[-72.7505,44.4714]]}},{"type":"Feature","properties":{"osm_id":"way/1306452772","name":"Luce Trail","highway":"path","sac_scale":null,"source":"OSM, unverified"},"geometry":{"type":"LineString","coordinates":[[-72.743,44.4684],[-72.7425,44.4682]]}},{"type":"Feature","properties":{"osm_id":"way/1306452773","name":"Telemark Trail","highway":"path","sac_scale":null,"source":"OSM, unverified"},"geometry":{"type":"LineString","coordinates":[[-72.7467,44.4655],[-72.7462,44.4658]]}},{"type":"Feature","properties":{"osm_id":"way/1306452774","name":"Telemark Trail","highway":"path","sac_scale":null,"source":"OSM, unverified"},"geometry":{"type":"LineString","coordinates":[[-72.7444,44.4667],[-72.7439,44.4677],[-72.7441,44.4682]]}},{"type":"Feature","properties":{"osm_id":"way/1306452776","name":"Luce Trail","highway":"path","sac_scale":null,"source":"OSM, unverified"},"geometry":{"type":"LineString","coordinates":[[-72.7425,44.4703],[-72.7412,44.4718],[-72.7412,44.4728]]}},{"type":"Feature","properties":{"osm_id":"way/1306452777","name":"Stepping Stone","highway":"path","sac_scale":null,"source":"OSM, unverified"},"geometry":{"type":"LineString","coordinates":[[-72.7415,44.4596],[-72.7418,44.46]]}},{"type":"Feature","properties":{"osm_id":"way/1306452779","name":"Greenway Loop","highway":"path","sac_scale":null,"source":"OSM, unverified"},"geometry":{"type":"LineString","coordinates":[[-72.7444,44.4642],[-72.743,44.4623]]}},{"type":"Feature","properties":{"osm_id":"way/1306452780","name":"Greenway Loop","highway":"path","sac_scale":null,"source":"OSM, unverified"},"geometry":{"type":"LineString","coordinates":[[-72.7444,44.4642],[-72.7424,44.4649]]}},{"type":"Feature","properties":{"osm_id":"way/1306452785","name":"Pipeline","highway":"path","sac_scale":null,"source":"OSM, unverified"},"geometry":{"type":"LineString","coordinates":[[-72.7375,44.4679],[-72.7374,44.4675]]}},{"type":"Feature","properties":{"osm_id":"way/1306452787","name":"Chuck's Corkscrew","highway":"path","sac_scale":null,"source":"OSM, unverified"},"geometry":{"type":"LineString","coordinates":[[-72.7391,44.4601],[-72.7395,44.4594],[-72.7395,44.4572]]}},{"type":"Feature","properties":{"osm_id":"way/1314060808","name":"Town Highway 25","highway":"track","sac_scale":null,"source":"OSM, unverified"},"geometry":{"type":"LineString","coordinates":[[-72.8794,44.1683],[-72.8777,44.1718]]}},{"type":"Feature","properties":{"osm_id":"way/1314060836","name":"Catamount Trail","highway":"path","sac_scale":null,"source":"OSM, unverified"},"geometry":{"type":"LineString","coordinates":[[-72.8955,44.2012],[-72.8953,44.2021],[-72.8959,44.2034]]}},{"type":"Feature","properties":{"osm_id":"way/1314060840","name":"Catamount Trail","highway":"path","sac_scale":null,"source":"OSM, unverified"},"geometry":{"type":"LineString","coordinates":[[-72.896,44.2037],[-72.8958,44.2038]]}},{"type":"Feature","properties":{"osm_id":"way/1314060841","name":"Catamount Trail","highway":"path","sac_scale":null,"source":"OSM, unverified"},"geometry":{"type":"LineString","coordinates":[[-72.8956,44.2242],[-72.896,44.2243],[-72.897,44.2256],[-72.8975,44.2274],[-72.8986,44.2282],[-72.8988,44.229],[-72.8997,44.2301],[-72.8993,44.2306],[-72.8992,44.2318],[-72.9009,44.2345],[-72.9008,44.2351],[-72.9002,44.2359],[-72.9003,44.2374],[-72.9009,44.2385],[-72.9015,44.2389],[-72.905,44.2398],[-72.9069,44.2399],[-72.9074,44.2401],[-72.9087,44.2413]]}},{"type":"Feature","properties":{"osm_id":"way/1314060842","name":"Catamount Trail","highway":"path","sac_scale":null,"source":"OSM, unverified"},"geometry":{"type":"LineString","coordinates":[[-72.8938,44.2245],[-72.8943,44.2248],[-72.8948,44.2248],[-72.8956,44.2242]]}},{"type":"Feature","properties":{"osm_id":"way/1314060843","name":"Catamount Trail","highway":"path","sac_scale":null,"source":"OSM, unverified"},"geometry":{"type":"LineString","coordinates":[[-72.8957,44.2039],[-72.8954,44.2039],[-72.8945,44.203],[-72.8942,44.2032],[-72.8941,44.2039]]}},{"type":"Feature","properties":{"osm_id":"way/1314067200","name":"Broadway","highway":"track","sac_scale":null,"source":"OSM, unverified"},"geometry":{"type":"LineString","coordinates":[[-72.8493,44.4231],[-72.849,44.423]]}},{"type":"Feature","properties":{"osm_id":"way/1314067201","name":"Birch Loop","highway":"path","sac_scale":null,"source":"OSM, unverified"},"geometry":{"type":"LineString","coordinates":[[-72.8417,44.4326],[-72.841,44.4324],[-72.8373,44.4331],[-72.8364,44.4339],[-72.8367,44.4354]]}},{"type":"Feature","properties":{"osm_id":"way/1314067203","name":"Bryant Trail","highway":"path","sac_scale":null,"source":"OSM, unverified"},"geometry":{"type":"LineString","coordinates":[[-72.8529,44.425],[-72.8529,44.4253],[-72.8521,44.425],[-72.8503,44.4252]]}},{"type":"Feature","properties":{"osm_id":"way/1314067204","name":"Bolton - Trapp Trail","highway":"path","sac_scale":null,"source":"OSM, unverified"},"geometry":{"type":"LineString","coordinates":[[-72.839,44.4428],[-72.8372,44.4414],[-72.8357,44.439],[-72.8355,44.4379],[-72.8359,44.4371],[-72.8351,44.4372],[-72.8352,44.4368],[-72.8347,44.4367],[-72.8351,44.4362],[-72.8362,44.4359],[-72.8367,44.4354]]}},{"type":"Feature","properties":{"osm_id":"way/1314067210","name":"Sugar Road","highway":"track","sac_scale":null,"source":"OSM, unverified"},"geometry":{"type":"LineString","coordinates":[[-72.76,44.4721],[-72.7607,44.4723]]}},{"type":"Feature","properties":{"osm_id":"way/1314067211","name":"Cabin Trail","highway":"path","sac_scale":"hiking","source":"OSM, unverified"},"geometry":{"type":"LineString","coordinates":[[-72.7636,44.4812],[-72.7618,44.4809]]}},{"type":"Feature","properties":{"osm_id":"way/1314067213","name":"Burt Trail","highway":"path","sac_scale":null,"source":"OSM, unverified"},"geometry":{"type":"LineString","coordinates":[[-72.7822,44.5038],[-72.782,44.5038]]}},{"type":"Feature","properties":{"osm_id":"way/1314067214","name":"Hardy Haul","highway":"path","sac_scale":null,"source":"OSM, unverified"},"geometry":{"type":"LineString","coordinates":[[-72.7532,44.4954],[-72.754,44.4955],[-72.7546,44.4948],[-72.7555,44.4946],[-72.7557,44.4942]]}},{"type":"Feature","properties":{"osm_id":"way/1314067215","name":"Hardy Haul","highway":"path","sac_scale":null,"source":"OSM, unverified"},"geometry":{"type":"LineString","coordinates":[[-72.7557,44.4942],[-72.7557,44.4936],[-72.755,44.4925]]}},{"type":"Feature","properties":{"osm_id":"way/1314067251","name":"Main Street","highway":"footway","sac_scale":null,"source":"OSM, unverified"},"geometry":{"type":"LineString","coordinates":[[-72.7232,44.4984],[-72.7217,44.4991],[-72.7208,44.4991],[-72.7206,44.4994]]}},{"type":"Feature","properties":{"osm_id":"way/1314067252","name":"Hardwood Ridge Trail","highway":"footway","sac_scale":null,"source":"OSM, unverified"},"geometry":{"type":"LineString","coordinates":[[-72.7206,44.4994],[-72.7198,44.499],[-72.7193,44.4982],[-72.7198,44.4969]]}},{"type":"Feature","properties":{"osm_id":"way/1314067262","name":"Catamount","highway":"path","sac_scale":null,"source":"OSM, unverified"},"geometry":{"type":"LineString","coordinates":[[-72.7351,44.5078],[-72.7346,44.5079],[-72.7353,44.5085],[-72.7354,44.5093]]}},{"type":"Feature","properties":{"osm_id":"way/1314067265","name":"Billings Road","highway":"path","sac_scale":null,"source":"OSM, unverified"},"geometry":{"type":"LineString","coordinates":[[-72.7332,44.523],[-72.7339,44.5234],[-72.7351,44.5233],[-72.7354,44.5229]]}},{"type":"Feature","properties":{"osm_id":"way/1314067266","name":"Billings Road","highway":"path","sac_scale":null,"source":"OSM, unverified"},"geometry":{"type":"LineString","coordinates":[[-72.7239,44.5238],[-72.7232,44.5243]]}},{"type":"Feature","properties":{"osm_id":"way/1314067267","name":"Maple Run","highway":"path","sac_scale":null,"source":"OSM, unverified"},"geometry":{"type":"LineString","coordinates":[[-72.7197,44.5389],[-72.721,44.5385]]}},{"type":"Feature","properties":{"osm_id":"way/1314067268","name":"Maple Run","highway":"path","sac_scale":null,"source":"OSM, unverified"},"geometry":{"type":"LineString","coordinates":[[-72.7236,44.5369],[-72.7239,44.5353]]}},{"type":"Feature","properties":{"osm_id":"way/1314067269","name":"15B","highway":"path","sac_scale":null,"source":"OSM, unverified"},"geometry":{"type":"LineString","coordinates":[[-72.7152,44.5494],[-72.715,44.5499]]}},{"type":"Feature","properties":{"osm_id":"way/1314067270","name":"15B","highway":"path","sac_scale":null,"source":"OSM, unverified"},"geometry":{"type":"LineString","coordinates":[[-72.7045,44.5574],[-72.7029,44.5576],[-72.7016,44.5573],[-72.7008,44.5575],[-72.6975,44.5564],[-72.6969,44.5567],[-72.6949,44.5566],[-72.6923,44.5571]]}},{"type":"Feature","properties":{"osm_id":"way/1314171363","name":"Catamount Trail","highway":"path","sac_scale":null,"source":"OSM, unverified"},"geometry":{"type":"LineString","coordinates":[[-72.5875,44.5188],[-72.5863,44.519],[-72.5852,44.5183],[-72.5844,44.5184],[-72.5836,44.5181],[-72.5828,44.5174],[-72.5813,44.5177],[-72.5817,44.5174],[-72.5825,44.5158],[-72.5823,44.5154],[-72.5816,44.5152],[-72.5815,44.5143]]}},{"type":"Feature","properties":{"osm_id":"way/1314171365","name":"Catamount Trail","highway":"path","sac_scale":null,"source":"OSM, unverified"},"geometry":{"type":"LineString","coordinates":[[-72.5961,44.5213],[-72.5959,44.5211],[-72.5962,44.5207],[-72.5959,44.5201],[-72.5963,44.5199]]}},{"type":"Feature","properties":{"osm_id":"way/1314171366","name":"Catamount Trail","highway":"path","sac_scale":null,"source":"OSM, unverified"},"geometry":{"type":"LineString","coordinates":[[-72.5963,44.5199],[-72.5969,44.5194],[-72.5967,44.5189]]}},{"type":"Feature","properties":{"osm_id":"way/1314171367","name":"Catamount Trail","highway":"path","sac_scale":null,"source":"OSM, unverified"},"geometry":{"type":"LineString","coordinates":[[-72.5967,44.5189],[-72.5962,44.5185],[-72.5951,44.5187],[-72.5948,44.5179],[-72.5943,44.5177],[-72.5942,44.5174],[-72.5922,44.5181],[-72.5907,44.5181]]}},{"type":"Feature","properties":{"osm_id":"way/1314171369","name":"Catamount Trail","highway":"path","sac_scale":null,"source":"OSM, unverified"},"geometry":{"type":"LineString","coordinates":[[-72.5907,44.5181],[-72.5901,44.518],[-72.5881,44.5188],[-72.5875,44.5188]]}},{"type":"Feature","properties":{"osm_id":"way/1314171384","name":"Catamount Trail","highway":"track","sac_scale":null,"source":"OSM, unverified"},"geometry":{"type":"LineString","coordinates":[[-72.6114,44.5187],[-72.6101,44.5182]]}},{"type":"Feature","properties":{"osm_id":"way/1314171430","name":"Corley Road","highway":"track","sac_scale":null,"source":"OSM, unverified"},"geometry":{"type":"LineString","coordinates":[[-72.4948,44.5475],[-72.4954,44.5498]]}},{"type":"Feature","properties":{"osm_id":"way/1316676288","name":"Underhill Church Dog Walking Path","highway":"footway","sac_scale":null,"source":"OSM, unverified"},"geometry":{"type":"LineString","coordinates":[[-72.9433,44.5253],[-72.9433,44.5247],[-72.9425,44.5245],[-72.9423,44.526],[-72.9424,44.5275],[-72.9434,44.5275],[-72.9433,44.5253]]}},{"type":"Feature","properties":{"osm_id":"way/1316676289","name":"Underhill Church Dog Walking Path","highway":"footway","sac_scale":null,"source":"OSM, unverified"},"geometry":{"type":"LineString","coordinates":[[-72.9433,44.5253],[-72.9424,44.526]]}},{"type":"Feature","properties":{"osm_id":"way/1317950144","name":"Stone Tower Path","highway":"track","sac_scale":null,"source":"OSM, unverified"},"geometry":{"type":"LineString","coordinates":[[-72.5788,44.2656],[-72.578,44.2655]]}},{"type":"Feature","properties":{"osm_id":"way/1320140814","name":"Pileated Pass","highway":"footway","sac_scale":null,"source":"OSM, unverified"},"geometry":{"type":"LineString","coordinates":[[-72.5667,44.2862],[-72.5663,44.2862],[-72.5663,44.2858]]}},{"type":"Feature","properties":{"osm_id":"way/1320140815","name":"Downy","highway":"path","sac_scale":null,"source":"OSM, unverified"},"geometry":{"type":"LineString","coordinates":[[-72.5641,44.2879],[-72.5646,44.2878]]}},{"type":"Feature","properties":{"osm_id":"way/1320140816","name":"Roll Call","highway":"path","sac_scale":null,"source":"OSM, unverified"},"geometry":{"type":"LineString","coordinates":[[-72.5646,44.2878],[-72.5658,44.2871],[-72.5663,44.2872],[-72.5664,44.2868],[-72.5669,44.2868],[-72.5668,44.2866],[-72.5672,44.2869]]}},{"type":"Feature","properties":{"osm_id":"way/1320140817","name":"Sparrow Farm Trail","highway":"path","sac_scale":null,"source":"OSM, unverified"},"geometry":{"type":"LineString","coordinates":[[-72.5668,44.2892],[-72.5663,44.2897],[-72.5662,44.2901],[-72.5665,44.2905],[-72.5663,44.291],[-72.5659,44.2913]]}},{"type":"Feature","properties":{"osm_id":"way/1320140818","name":"Sparrow Farm Trail","highway":"path","sac_scale":null,"source":"OSM, unverified"},"geometry":{"type":"LineString","coordinates":[[-72.5667,44.2862],[-72.5672,44.2869],[-72.5671,44.2877],[-72.5666,44.2885],[-72.5668,44.2892]]}},{"type":"Feature","properties":{"osm_id":"way/1320140822","name":"North Branch River Path","highway":"path","sac_scale":null,"source":"OSM, unverified"},"geometry":{"type":"LineString","coordinates":[[-72.5702,44.2795],[-72.571,44.2807],[-72.5708,44.2815]]}},{"type":"Feature","properties":{"osm_id":"way/1320140823","name":"Grouse Grind","highway":"footway","sac_scale":null,"source":"OSM, unverified"},"geometry":{"type":"LineString","coordinates":[[-72.5683,44.281],[-72.567,44.2808]]}},{"type":"Feature","properties":{"osm_id":"way/1320140824","name":"Hermit Thrush Hill","highway":"path","sac_scale":null,"source":"OSM, unverified"},"geometry":{"type":"LineString","coordinates":[[-72.5666,44.2802],[-72.5671,44.2803]]}},{"type":"Feature","properties":{"osm_id":"way/1320140825","name":"Barred Owl Boulevard","highway":"path","sac_scale":null,"source":"OSM, unverified"},"geometry":{"type":"LineString","coordinates":[[-72.5673,44.2794],[-72.5671,44.2799]]}},{"type":"Feature","properties":{"osm_id":"way/1320140826","name":"Barred Owl Boulevard","highway":"path","sac_scale":null,"source":"OSM, unverified"},"geometry":{"type":"LineString","coordinates":[[-72.5671,44.2799],[-72.5671,44.2803]]}},{"type":"Feature","properties":{"osm_id":"way/1320140827","name":"Barred Owl Boulevard","highway":"path","sac_scale":null,"source":"OSM, unverified"},"geometry":{"type":"LineString","coordinates":[[-72.5677,44.2787],[-72.5673,44.2794]]}},{"type":"Feature","properties":{"osm_id":"way/1320140828","name":"Sparrow Farm Trail","highway":"path","sac_scale":null,"source":"OSM, unverified"},"geometry":{"type":"LineString","coordinates":[[-72.5668,44.2861],[-72.5667,44.2862]]}},{"type":"Feature","properties":{"osm_id":"way/1320140829","name":"Barred Owl Boulevard","highway":"path","sac_scale":null,"source":"OSM, unverified"},"geometry":{"type":"LineString","coordinates":[[-72.5683,44.2766],[-72.5682,44.2778],[-72.5677,44.2787]]}},{"type":"Feature","properties":{"osm_id":"way/1320140830","name":"North Branch River Path","highway":"path","sac_scale":null,"source":"OSM, unverified"},"geometry":{"type":"LineString","coordinates":[[-72.5705,44.2774],[-72.5702,44.2795]]}},{"type":"Feature","properties":{"osm_id":"way/1320140831","name":"North Branch River Path","highway":"path","sac_scale":null,"source":"OSM, unverified"},"geometry":{"type":"LineString","coordinates":[[-72.5705,44.2768],[-72.5705,44.2774]]}},{"type":"Feature","properties":{"osm_id":"way/1320140832","name":"Barred Owl Boulevard","highway":"path","sac_scale":null,"source":"OSM, unverified"},"geometry":{"type":"LineString","coordinates":[[-72.5695,44.2742],[-72.5693,44.2738]]}},{"type":"Feature","properties":{"osm_id":"way/1320140833","name":"Barred Owl Boulevard","highway":"path","sac_scale":null,"source":"OSM, unverified"},"geometry":{"type":"LineString","coordinates":[[-72.57,44.2737],[-72.5695,44.2742]]}},{"type":"Feature","properties":{"osm_id":"way/1320140834","name":"Barred Owl Boulevard","highway":"path","sac_scale":null,"source":"OSM, unverified"},"geometry":{"type":"LineString","coordinates":[[-72.5703,44.2739],[-72.57,44.2737]]}},{"type":"Feature","properties":{"osm_id":"way/1320140835","name":"Barred Owl Boulevard","highway":"path","sac_scale":null,"source":"OSM, unverified"},"geometry":{"type":"LineString","coordinates":[[-72.5695,44.2742],[-72.5696,44.2736],[-72.5693,44.2738]]}},{"type":"Feature","properties":{"osm_id":"way/1320140836","name":"North Branch River Path","highway":"path","sac_scale":null,"source":"OSM, unverified"},"geometry":{"type":"LineString","coordinates":[[-72.5706,44.2746],[-72.5705,44.2768]]}},{"type":"Feature","properties":{"osm_id":"way/1320140837","name":"North Branch River Path","highway":"path","sac_scale":null,"source":"OSM, unverified"},"geometry":{"type":"LineString","coordinates":[[-72.5705,44.2743],[-72.5706,44.2746]]}},{"type":"Feature","properties":{"osm_id":"way/1320140839","name":"Parks Connector","highway":"footway","sac_scale":null,"source":"OSM, unverified"},"geometry":{"type":"LineString","coordinates":[[-72.5757,44.2773],[-72.5744,44.277]]}},{"type":"Feature","properties":{"osm_id":"way/1320140843","name":"Fitness Trail","highway":"footway","sac_scale":null,"source":"OSM, unverified"},"geometry":{"type":"LineString","coordinates":[[-72.5753,44.2689],[-72.5761,44.2693]]}},{"type":"Feature","properties":{"osm_id":"way/1320140848","name":"Portal Ballfield Tr.","highway":"path","sac_scale":null,"source":"OSM, unverified"},"geometry":{"type":"LineString","coordinates":[[-72.5735,44.2683],[-72.573,44.2688]]}},{"type":"Feature","properties":{"osm_id":"way/1320140859","name":"Fitness Trail","highway":"footway","sac_scale":null,"source":"OSM, unverified"},"geometry":{"type":"LineString","coordinates":[[-72.5745,44.2687],[-72.5753,44.2689]]}},{"type":"Feature","properties":{"osm_id":"way/1320140860","name":"Fitness Trail","highway":"footway","sac_scale":null,"source":"OSM, unverified"},"geometry":{"type":"LineString","coordinates":[[-72.5742,44.2687],[-72.5745,44.2687]]}},{"type":"Feature","properties":{"osm_id":"way/1320140868","name":"Portal Ballfield Tr.","highway":"path","sac_scale":null,"source":"OSM, unverified"},"geometry":{"type":"LineString","coordinates":[[-72.5733,44.269],[-72.5737,44.2689]]}},{"type":"Feature","properties":{"osm_id":"way/1320140869","name":"Portal Ballfield Tr.","highway":"path","sac_scale":null,"source":"OSM, unverified"},"geometry":{"type":"LineString","coordinates":[[-72.573,44.2688],[-72.5733,44.269]]}},{"type":"Feature","properties":{"osm_id":"way/1320140872","name":"Fitness Trail","highway":"footway","sac_scale":null,"source":"OSM, unverified"},"geometry":{"type":"LineString","coordinates":[[-72.5763,44.2701],[-72.5753,44.27],[-72.5748,44.2696],[-72.5749,44.2692]]}},{"type":"Feature","properties":{"osm_id":"way/1320140873","name":"Seven Fireplaces Way","highway":"track","sac_scale":null,"source":"OSM, unverified"},"geometry":{"type":"LineString","coordinates":[[-72.5781,44.271],[-72.5793,44.2715]]}},{"type":"Feature","properties":{"osm_id":"way/1320140874","name":"Fitness Trail","highway":"footway","sac_scale":null,"source":"OSM, unverified"},"geometry":{"type":"LineString","coordinates":[[-72.5745,44.2687],[-72.5745,44.269],[-72.5739,44.2694],[-72.5737,44.2688],[-72.5742,44.2687]]}},{"type":"Feature","properties":{"osm_id":"way/1320140875","name":"Stone Tower Path","highway":"track","sac_scale":null,"source":"OSM, unverified"},"geometry":{"type":"LineString","coordinates":[[-72.5791,44.2656],[-72.5788,44.2656]]}},{"type":"Feature","properties":{"osm_id":"way/1320140876","name":"Stone Tower Path","highway":"track","sac_scale":null,"source":"OSM, unverified"},"geometry":{"type":"LineString","coordinates":[[-72.5798,44.266],[-72.5791,44.2656]]}},{"type":"Feature","properties":{"osm_id":"way/1320140877","name":"Stone Tower Path","highway":"track","sac_scale":null,"source":"OSM, unverified"},"geometry":{"type":"LineString","coordinates":[[-72.5797,44.2702],[-72.5801,44.2696],[-72.5801,44.2689]]}},{"type":"Feature","properties":{"osm_id":"way/1320140878","name":"Parks Connector","highway":"footway","sac_scale":null,"source":"OSM, unverified"},"geometry":{"type":"LineString","coordinates":[[-72.5796,44.2752],[-72.5789,44.276]]}},{"type":"Feature","properties":{"osm_id":"way/1320140879","name":"Seven Fireplaces Way","highway":"track","sac_scale":null,"source":"OSM, unverified"},"geometry":{"type":"LineString","coordinates":[[-72.5797,44.2727],[-72.58,44.2729]]}},{"type":"Feature","properties":{"osm_id":"way/1320140880","name":"Seven Fireplaces Way","highway":"track","sac_scale":null,"source":"OSM, unverified"},"geometry":{"type":"LineString","coordinates":[[-72.5793,44.2715],[-72.5796,44.2718],[-72.5797,44.2727]]}},{"type":"Feature","properties":{"osm_id":"way/1320140881","name":"Cliffside","highway":"path","sac_scale":null,"source":"OSM, unverified"},"geometry":{"type":"LineString","coordinates":[[-72.58,44.2729],[-72.5799,44.2733]]}},{"type":"Feature","properties":{"osm_id":"way/1320140882","name":"Streamside","highway":"path","sac_scale":null,"source":"OSM, unverified"},"geometry":{"type":"LineString","coordinates":[[-72.5807,44.273],[-72.5799,44.2733]]}},{"type":"Feature","properties":{"osm_id":"way/1320140883","name":"Parks Connector","highway":"footway","sac_scale":null,"source":"OSM, unverified"},"geometry":{"type":"LineString","coordinates":[[-72.5803,44.2739],[-72.5798,44.2745],[-72.5796,44.2752]]}},{"type":"Feature","properties":{"osm_id":"way/1320140884","name":"Seven Fireplaces Way","highway":"track","sac_scale":null,"source":"OSM, unverified"},"geometry":{"type":"LineString","coordinates":[[-72.5807,44.2735],[-72.5803,44.2739]]}},{"type":"Feature","properties":{"osm_id":"way/1320140885","name":"Seven Fireplaces Way","highway":"track","sac_scale":null,"source":"OSM, unverified"},"geometry":{"type":"LineString","coordinates":[[-72.5805,44.2739],[-72.5807,44.2735]]}},{"type":"Feature","properties":{"osm_id":"way/1320140886","name":"Seven Fireplaces Way","highway":"track","sac_scale":null,"source":"OSM, unverified"},"geometry":{"type":"LineString","coordinates":[[-72.5803,44.2739],[-72.5805,44.2739]]}},{"type":"Feature","properties":{"osm_id":"way/1320140887","name":"Fitness Trail","highway":"footway","sac_scale":null,"source":"OSM, unverified"},"geometry":{"type":"LineString","coordinates":[[-72.5793,44.2715],[-72.5796,44.2713]]}},{"type":"Feature","properties":{"osm_id":"way/1320140890","name":"Tower Road","highway":"track","sac_scale":null,"source":"OSM, unverified"},"geometry":{"type":"LineString","coordinates":[[-72.578,44.2655],[-72.5776,44.2659],[-72.5771,44.2658]]}},{"type":"Feature","properties":{"osm_id":"way/1320140892","name":"Pond-Tower Trail","highway":"path","sac_scale":null,"source":"OSM, unverified"},"geometry":{"type":"LineString","coordinates":[[-72.5771,44.2654],[-72.5778,44.2654]]}},{"type":"Feature","properties":{"osm_id":"way/1320140893","name":"Pond-Tower Trail","highway":"path","sac_scale":null,"source":"OSM, unverified"},"geometry":{"type":"LineString","coordinates":[[-72.5766,44.2655],[-72.5771,44.2654]]}},{"type":"Feature","properties":{"osm_id":"way/1320140894","name":"State House Trail","highway":"footway","sac_scale":null,"source":"OSM, unverified"},"geometry":{"type":"LineString","coordinates":[[-72.5777,44.2651],[-72.578,44.2655]]}},{"type":"Feature","properties":{"osm_id":"way/1325286891","name":"Sparrow Farm Trail","highway":"path","sac_scale":null,"source":"OSM, unverified"},"geometry":{"type":"LineString","coordinates":[[-72.5649,44.2916],[-72.5638,44.292],[-72.5635,44.2924],[-72.5616,44.2925],[-72.5611,44.2928],[-72.5614,44.2931],[-72.5612,44.294],[-72.5603,44.2944],[-72.5596,44.2953],[-72.5602,44.2957],[-72.5601,44.2961]]}},{"type":"Feature","properties":{"osm_id":"way/1327294288","name":"Valley View","highway":"path","sac_scale":null,"source":"OSM, unverified"},"geometry":{"type":"LineString","coordinates":[[-72.9918,44.4554],[-72.9925,44.4527],[-72.9923,44.4522]]}},{"type":"Feature","properties":{"osm_id":"way/1327432117","name":"Further Out'n Back","highway":"path","sac_scale":null,"source":"OSM, unverified"},"geometry":{"type":"LineString","coordinates":[[-72.9971,44.4551],[-72.9974,44.4555],[-72.9983,44.4545],[-72.9983,44.4542],[-72.9979,44.4537],[-72.9964,44.4537]]}},{"type":"Feature","properties":{"osm_id":"way/1327432119","name":"River View Trail","highway":"path","sac_scale":null,"source":"OSM, unverified"},"geometry":{"type":"LineString","coordinates":[[-72.9972,44.4547],[-72.998,44.4542],[-72.9975,44.4541],[-72.9973,44.4539],[-72.9979,44.4539],[-72.998,44.4537],[-72.9968,44.4535],[-72.9963,44.4531],[-72.9962,44.4525],[-72.9945,44.4523],[-72.9939,44.4526],[-72.9935,44.4522],[-72.9923,44.4522],[-72.9912,44.4517],[-72.9909,44.4512]]}},{"type":"Feature","properties":{"osm_id":"way/1327432120","name":"Mel's","highway":"path","sac_scale":null,"source":"OSM, unverified"},"geometry":{"type":"LineString","coordinates":[[-72.9879,44.4508],[-72.9889,44.4505],[-72.9883,44.451],[-72.9891,44.4511],[-72.988,44.4513]]}},{"type":"Feature","properties":{"osm_id":"way/1327432121","name":"Ridge Cutoff","highway":"path","sac_scale":null,"source":"OSM, unverified"},"geometry":{"type":"LineString","coordinates":[[-72.9905,44.4514],[-72.9902,44.4515]]}},{"type":"Feature","properties":{"osm_id":"way/1327432122","name":"Brady Trail","highway":"path","sac_scale":null,"source":"OSM, unverified"},"geometry":{"type":"LineString","coordinates":[[-72.9865,44.4524],[-72.9859,44.4524],[-72.9859,44.4514],[-72.9857,44.4513]]}},{"type":"Feature","properties":{"osm_id":"way/1327432123","name":"Ridge Trail","highway":"path","sac_scale":null,"source":"OSM, unverified"},"geometry":{"type":"LineString","coordinates":[[-72.9881,44.4516],[-72.9902,44.4515],[-72.9903,44.4518]]}},{"type":"Feature","properties":{"osm_id":"way/1327432124","name":"Apple Tree Alternate","highway":"path","sac_scale":null,"source":"OSM, unverified"},"geometry":{"type":"LineString","coordinates":[[-72.9892,44.4491],[-72.989,44.4498],[-72.9883,44.4494]]}},{"type":"Feature","properties":{"osm_id":"way/1327435177","name":"Champlain Chute","highway":"path","sac_scale":null,"source":"OSM, unverified"},"geometry":{"type":"LineString","coordinates":[[-72.9933,44.455],[-72.993,44.4542],[-72.9922,44.4536]]}},{"type":"Feature","properties":{"osm_id":"way/1327435178","name":"Ladyslipper Lane","highway":"path","sac_scale":null,"source":"OSM, unverified"},"geometry":{"type":"LineString","coordinates":[[-72.9936,44.4532],[-72.9934,44.4539],[-72.9937,44.4543],[-72.9932,44.4554],[-72.9925,44.4558]]}},{"type":"Feature","properties":{"osm_id":"way/1327435179","name":"Noodly Appendage","highway":"path","sac_scale":null,"source":"OSM, unverified"},"geometry":{"type":"LineString","coordinates":[[-72.9942,44.455],[-72.9948,44.4547],[-72.9954,44.456]]}},{"type":"Feature","properties":{"osm_id":"way/1327435180","name":"Working Dawgs","highway":"path","sac_scale":null,"source":"OSM, unverified"},"geometry":{"type":"LineString","coordinates":[[-72.9936,44.456],[-72.9954,44.456],[-72.9956,44.4563]]}},{"type":"Feature","properties":{"osm_id":"way/1327435181","name":"High & Dry","highway":"path","sac_scale":null,"source":"OSM, unverified"},"geometry":{"type":"LineString","coordinates":[[-72.992,44.4556],[-72.9927,44.453],[-72.993,44.4537],[-72.9926,44.4539]]}},{"type":"Feature","properties":{"osm_id":"way/1327758325","name":"Lost Island","highway":"path","sac_scale":null,"source":"OSM, unverified"},"geometry":{"type":"LineString","coordinates":[[-72.9824,44.4527],[-72.9826,44.4541],[-72.9832,44.4546]]}},{"type":"Feature","properties":{"osm_id":"way/1327758326","name":"Horse Swale Trail","highway":"path","sac_scale":null,"source":"OSM, unverified"},"geometry":{"type":"LineString","coordinates":[[-72.9804,44.4533],[-72.9806,44.453],[-72.9802,44.4523],[-72.9805,44.4514],[-72.9812,44.4507],[-72.982,44.4504],[-72.9823,44.4506]]}},{"type":"Feature","properties":{"osm_id":"way/1327758327","name":"Americana","highway":"path","sac_scale":null,"source":"OSM, unverified"},"geometry":{"type":"LineString","coordinates":[[-72.9832,44.4546],[-72.9833,44.4543],[-72.983,44.454],[-72.9829,44.4518],[-72.9834,44.4512],[-72.9833,44.4508]]}},{"type":"Feature","properties":{"osm_id":"way/1327758328","name":"Main Access","highway":"path","sac_scale":null,"source":"OSM, unverified"},"geometry":{"type":"LineString","coordinates":[[-72.9833,44.4508],[-72.9822,44.4506],[-72.9811,44.4519],[-72.9804,44.4519]]}},{"type":"Feature","properties":{"osm_id":"way/1327758329","name":"Very Slow Car Lane","highway":"path","sac_scale":null,"source":"OSM, unverified"},"geometry":{"type":"LineString","coordinates":[[-72.9829,44.4507],[-72.9827,44.4509],[-72.983,44.4512],[-72.9827,44.4514],[-72.9829,44.4518],[-72.9835,44.4518]]}},{"type":"Feature","properties":{"osm_id":"way/1327758330","name":"Maple Wander","highway":"path","sac_scale":null,"source":"OSM, unverified"},"geometry":{"type":"LineString","coordinates":[[-72.983,44.4502],[-72.9825,44.4502],[-72.9829,44.4507]]}},{"type":"Feature","properties":{"osm_id":"way/1327758331","name":"Pears","highway":"path","sac_scale":null,"source":"OSM, unverified"},"geometry":{"type":"LineString","coordinates":[[-72.9849,44.4501],[-72.9833,44.4508]]}},{"type":"Feature","properties":{"osm_id":"way/1327758333","name":"Muddy Lane","highway":"path","sac_scale":null,"source":"OSM, unverified"},"geometry":{"type":"LineString","coordinates":[[-72.9851,44.4501],[-72.985,44.451],[-72.9847,44.4512],[-72.9841,44.4532],[-72.9842,44.4542]]}},{"type":"Feature","properties":{"osm_id":"way/1327758334","name":"Slick Rock","highway":"path","sac_scale":null,"source":"OSM, unverified"},"geometry":{"type":"LineString","coordinates":[[-72.9842,44.4531],[-72.9839,44.4522],[-72.9834,44.4528],[-72.9836,44.4507]]}},{"type":"Feature","properties":{"osm_id":"way/1327759883","name":"Northern Boundary","highway":"path","sac_scale":null,"source":"OSM, unverified"},"geometry":{"type":"LineString","coordinates":[[-72.9842,44.4542],[-72.9845,44.4548],[-72.9854,44.4549],[-72.9854,44.4545]]}},{"type":"Feature","properties":{"osm_id":"way/1327759884","name":"The Mickey Way","highway":"path","sac_scale":null,"source":"OSM, unverified"},"geometry":{"type":"LineString","coordinates":[[-72.9832,44.4547],[-72.9825,44.4548],[-72.982,44.4542],[-72.9812,44.454],[-72.9809,44.4536],[-72.981,44.4529],[-72.9805,44.4519]]}},{"type":"Feature","properties":{"osm_id":"way/1327759885","name":"Birch Run","highway":"path","sac_scale":null,"source":"OSM, unverified"},"geometry":{"type":"LineString","coordinates":[[-72.9819,44.451],[-72.9806,44.4519]]}},{"type":"Feature","properties":{"osm_id":"way/1327760837","name":"Holy Schist","highway":"path","sac_scale":null,"source":"OSM, unverified"},"geometry":{"type":"LineString","coordinates":[[-72.9832,44.4542],[-72.9835,44.454],[-72.9836,44.4536],[-72.9838,44.4537],[-72.984,44.4542]]}},{"type":"Feature","properties":{"osm_id":"way/1327760838","name":"Ridgey","highway":"path","sac_scale":null,"source":"OSM, unverified"},"geometry":{"type":"LineString","coordinates":[[-72.9832,44.4518],[-72.9832,44.4532],[-72.9839,44.4535],[-72.984,44.4538],[-72.9839,44.4539]]}},{"type":"Feature","properties":{"osm_id":"way/1327761427","name":"Plums","highway":"path","sac_scale":null,"source":"OSM, unverified"},"geometry":{"type":"LineString","coordinates":[[-72.9842,44.4505],[-72.9846,44.4507]]}},{"type":"Feature","properties":{"osm_id":"way/1327761428","name":"Peaches","highway":"path","sac_scale":null,"source":"OSM, unverified"},"geometry":{"type":"LineString","coordinates":[[-72.9848,44.4501],[-72.9848,44.4506],[-72.9846,44.4507],[-72.9847,44.4512]]}},{"type":"Feature","properties":{"osm_id":"way/1327927220","name":"Luce Hill Loop","highway":"path","sac_scale":null,"source":"OSM, unverified"},"geometry":{"type":"LineString","coordinates":[[-72.7444,44.4678],[-72.7443,44.4676],[-72.7441,44.4682]]}},{"type":"Feature","properties":{"osm_id":"way/1327927221","name":"Luce Hill Loop","highway":"path","sac_scale":null,"source":"OSM, unverified"},"geometry":{"type":"LineString","coordinates":[[-72.7448,44.4672],[-72.7444,44.4678]]}},{"type":"Feature","properties":{"osm_id":"way/1327927224","name":"Growler","highway":"path","sac_scale":null,"source":"OSM, unverified"},"geometry":{"type":"LineString","coordinates":[[-72.762,44.4772],[-72.761,44.4765],[-72.7612,44.4764],[-72.76,44.476]]}},{"type":"Feature","properties":{"osm_id":"way/1327927225","name":"Growler","highway":"path","sac_scale":null,"source":"OSM, unverified"},"geometry":{"type":"LineString","coordinates":[[-72.7628,44.4779],[-72.762,44.4772]]}},{"type":"Feature","properties":{"osm_id":"way/1327927231","name":"Hop Over","highway":"path","sac_scale":null,"source":"OSM, unverified"},"geometry":{"type":"LineString","coordinates":[[-72.7347,44.4695],[-72.7335,44.4699],[-72.734,44.4705]]}},{"type":"Feature","properties":{"osm_id":"way/1327927245","name":"Tap Line","highway":"path","sac_scale":null,"source":"OSM, unverified"},"geometry":{"type":"LineString","coordinates":[[-72.757,44.4752],[-72.7554,44.4747],[-72.7553,44.4745]]}},{"type":"Feature","properties":{"osm_id":"way/1327927246","name":"Tap Line","highway":"path","sac_scale":null,"source":"OSM, unverified"},"geometry":{"type":"LineString","coordinates":[[-72.7578,44.4755],[-72.757,44.4752]]}},{"type":"Feature","properties":{"osm_id":"way/1327927247","name":"Cheddar","highway":"path","sac_scale":null,"source":"OSM, unverified"},"geometry":{"type":"LineString","coordinates":[[-72.77,44.4891],[-72.772,44.489]]}},{"type":"Feature","properties":{"osm_id":"way/1327927248","name":"Cheddar","highway":"path","sac_scale":null,"source":"OSM, unverified"},"geometry":{"type":"LineString","coordinates":[[-72.7641,44.4891],[-72.7651,44.4897],[-72.765,44.4895],[-72.7672,44.4898],[-72.7685,44.4895],[-72.7688,44.4892],[-72.77,44.4891]]}},{"type":"Feature","properties":{"osm_id":"way/1327927252","name":"Rock Tiger","highway":"path","sac_scale":null,"source":"OSM, unverified"},"geometry":{"type":"LineString","coordinates":[[-72.7405,44.4636],[-72.7406,44.4638],[-72.741,44.4633],[-72.7409,44.4639],[-72.7414,44.4637],[-72.7409,44.4642]]}},{"type":"Feature","properties":{"osm_id":"way/1327927253","name":"Rock Tiger","highway":"path","sac_scale":null,"source":"OSM, unverified"},"geometry":{"type":"LineString","coordinates":[[-72.7401,44.4639],[-72.7405,44.4636]]}},{"type":"Feature","properties":{"osm_id":"way/1327927268","name":"Lodge Spur","highway":"path","sac_scale":null,"source":"OSM, unverified"},"geometry":{"type":"LineString","coordinates":[[-72.7473,44.4659],[-72.7467,44.4655]]}},{"type":"Feature","properties":{"osm_id":"way/1327927272","name":"Growler","highway":"path","sac_scale":null,"source":"OSM, unverified"},"geometry":{"type":"LineString","coordinates":[[-72.7679,44.4799],[-72.766,44.4806]]}},{"type":"Feature","properties":{"osm_id":"way/1327927278","name":"Growler","highway":"path","sac_scale":null,"source":"OSM, unverified"},"geometry":{"type":"LineString","coordinates":[[-72.77,44.4802],[-72.7703,44.4802],[-72.7705,44.4795],[-72.7701,44.4791],[-72.7696,44.4791]]}},{"type":"Feature","properties":{"osm_id":"way/1327927279","name":"Growler","highway":"path","sac_scale":null,"source":"OSM, unverified"},"geometry":{"type":"LineString","coordinates":[[-72.7698,44.4808],[-72.77,44.4802]]}},{"type":"Feature","properties":{"osm_id":"way/1327927280","name":"Growler","highway":"path","sac_scale":null,"source":"OSM, unverified"},"geometry":{"type":"LineString","coordinates":[[-72.7646,44.4804],[-72.7644,44.4802],[-72.7646,44.4799],[-72.7644,44.4799],[-72.7646,44.4798],[-72.7645,44.4796]]}},{"type":"Feature","properties":{"osm_id":"way/1327927281","name":"Growler","highway":"path","sac_scale":null,"source":"OSM, unverified"},"geometry":{"type":"LineString","coordinates":[[-72.766,44.4806],[-72.7645,44.481],[-72.764,44.4808],[-72.7643,44.4807],[-72.7641,44.4805],[-72.7644,44.4805],[-72.7642,44.4803],[-72.7646,44.4804]]}},{"type":"Feature","properties":{"osm_id":"way/1327927282","name":"Growler","highway":"path","sac_scale":null,"source":"OSM, unverified"},"geometry":{"type":"LineString","coordinates":[[-72.7696,44.4791],[-72.7679,44.4799]]}},{"type":"Feature","properties":{"osm_id":"way/1335705846","name":"BAE","highway":"path","sac_scale":null,"source":"OSM, unverified"},"geometry":{"type":"LineString","coordinates":[[-72.9829,44.3814],[-72.9834,44.3812],[-72.9855,44.3817],[-72.9887,44.383],[-72.9891,44.3837],[-72.9899,44.3842],[-72.9905,44.3849],[-72.9896,44.3849],[-72.9904,44.3858],[-72.9902,44.386],[-72.9906,44.3862],[-72.9905,44.3864]]}},{"type":"Feature","properties":{"osm_id":"way/1336664455","name":"Creekside Trail","highway":"path","sac_scale":null,"source":"OSM, unverified"},"geometry":{"type":"LineString","coordinates":[[-73.0607,44.2441],[-73.0594,44.2438],[-73.0589,44.2433],[-73.0592,44.2428],[-73.0587,44.241],[-73.0585,44.2379],[-73.0575,44.2357]]}},{"type":"Feature","properties":{"osm_id":"way/1336664456","name":"Creekside Trail","highway":"path","sac_scale":null,"source":"OSM, unverified"},"geometry":{"type":"LineString","coordinates":[[-73.0578,44.236],[-73.0593,44.2357]]}},{"type":"Feature","properties":{"osm_id":"way/1336664458","name":"Creekside Trail","highway":"path","sac_scale":null,"source":"OSM, unverified"},"geometry":{"type":"LineString","coordinates":[[-73.0598,44.2357],[-73.0594,44.2369],[-73.0598,44.2421],[-73.0602,44.2436]]}},{"type":"Feature","properties":{"osm_id":"way/1336664459","name":"Creekside Trail","highway":"path","sac_scale":null,"source":"OSM, unverified"},"geometry":{"type":"LineString","coordinates":[[-73.0601,44.2437],[-73.0601,44.244]]}},{"type":"Feature","properties":{"osm_id":"way/1355021784","name":"Out to Lunch","highway":"track","sac_scale":null,"source":"OSM, unverified"},"geometry":{"type":"LineString","coordinates":[[-72.8981,44.1416],[-72.898,44.1417]]}},{"type":"Feature","properties":{"osm_id":"way/1355021785","name":"Out to Lunch","highway":"track","sac_scale":null,"source":"OSM, unverified"},"geometry":{"type":"LineString","coordinates":[[-72.8991,44.1408],[-72.8983,44.1411],[-72.8981,44.1416]]}},{"type":"Feature","properties":{"osm_id":"way/1355021786","name":"Out to Lunch","highway":"track","sac_scale":null,"source":"OSM, unverified"},"geometry":{"type":"LineString","coordinates":[[-72.8949,44.1394],[-72.8944,44.1389],[-72.8947,44.1382]]}},{"type":"Feature","properties":{"osm_id":"way/1355021787","name":"Out to Lunch","highway":"track","sac_scale":null,"source":"OSM, unverified"},"geometry":{"type":"LineString","coordinates":[[-72.8948,44.1395],[-72.8949,44.1394]]}},{"type":"Feature","properties":{"osm_id":"way/1362951766","name":"Snuffy's","highway":"path","sac_scale":null,"source":"OSM, unverified"},"geometry":{"type":"LineString","coordinates":[[-72.7812,44.5523],[-72.7806,44.5531],[-72.7783,44.5548],[-72.7782,44.5554],[-72.7778,44.5558],[-72.7766,44.5562],[-72.7761,44.557]]}},{"type":"Feature","properties":{"osm_id":"way/1375357976","name":"Hogback Trail","highway":"path","sac_scale":null,"source":"OSM, unverified"},"geometry":{"type":"LineString","coordinates":[[-72.6478,44.4293],[-72.6468,44.4284],[-72.6467,44.4276],[-72.646,44.427],[-72.6454,44.427],[-72.6456,44.4265],[-72.6449,44.4263],[-72.6453,44.426],[-72.6446,44.4258],[-72.6447,44.4255],[-72.6444,44.4253],[-72.6446,44.425],[-72.6443,44.4249],[-72.6449,44.4244],[-72.6448,44.4242],[-72.6439,44.4239],[-72.6431,44.424],[-72.6423,44.4236],[-72.6415,44.4235],[-72.6406,44.4229],[-72.639,44.4224],[-72.6388,44.4217],[-72.6376,44.4212],[-72.6372,44.4205]]}},{"type":"Feature","properties":{"osm_id":"way/1375357981","name":"Creekside Trail","highway":"path","sac_scale":null,"source":"OSM, unverified"},"geometry":{"type":"LineString","coordinates":[[-73.0639,44.2454],[-73.0639,44.245],[-73.0635,44.2444],[-73.0627,44.2442],[-73.0623,44.2437],[-73.0614,44.2437]]}},{"type":"Feature","properties":{"osm_id":"way/1376565244","name":"Joy Ride","highway":"path","sac_scale":null,"source":"OSM, unverified"},"geometry":{"type":"LineString","coordinates":[[-73.0276,44.3854],[-73.0276,44.3857],[-73.027,44.3862],[-73.027,44.3866],[-73.0267,44.3869],[-73.0273,44.3869],[-73.0274,44.3871],[-73.026,44.388],[-73.0259,44.3883],[-73.0259,44.3889],[-73.0265,44.3897],[-73.0265,44.3903],[-73.0255,44.3909],[-73.0273,44.3903],[-73.0264,44.3911]]}},{"type":"Feature","properties":{"osm_id":"way/1386159332","name":"Old Town Center trail","highway":"path","sac_scale":null,"source":"OSM, unverified"},"geometry":{"type":"LineString","coordinates":[[-72.3093,44.401],[-72.3075,44.4012],[-72.303,44.4025],[-72.2994,44.4026],[-72.2959,44.4023]]}},{"type":"Feature","properties":{"osm_id":"way/1386159333","name":"Burtts Orcharc trail","highway":"path","sac_scale":null,"source":"OSM, unverified"},"geometry":{"type":"LineString","coordinates":[[-72.2915,44.4214],[-72.2916,44.4209],[-72.2894,44.4195],[-72.2892,44.4191],[-72.2886,44.4188],[-72.2886,44.4181],[-72.288,44.418],[-72.2871,44.4181],[-72.2861,44.4193],[-72.2848,44.4199],[-72.2829,44.4192],[-72.281,44.4214],[-72.2841,44.4224],[-72.2848,44.4228],[-72.2875,44.4217],[-72.288,44.422]]}},{"type":"Feature","properties":{"osm_id":"way/1386235936","name":"EM Trail U32 to Schoolhouse Road","highway":"path","sac_scale":null,"source":"OSM, unverified"},"geometry":{"type":"LineString","coordinates":[[-72.5225,44.2457],[-72.5219,44.2452],[-72.5208,44.245],[-72.5199,44.2444],[-72.5197,44.245],[-72.5188,44.2449],[-72.5182,44.2452],[-72.5184,44.2459],[-72.5182,44.2461],[-72.5171,44.2463],[-72.5168,44.2471],[-72.5175,44.2482],[-72.519,44.2496]]}},{"type":"Feature","properties":{"osm_id":"way/1386235937","name":"EM trail Johnson Road","highway":"path","sac_scale":null,"source":"OSM, unverified"},"geometry":{"type":"LineString","coordinates":[[-72.5174,44.2566],[-72.5174,44.2576],[-72.5169,44.2584],[-72.518,44.2591],[-72.5179,44.2596],[-72.5184,44.2599],[-72.5177,44.26],[-72.5168,44.2609],[-72.517,44.2621],[-72.5168,44.2628],[-72.5176,44.2633],[-72.5174,44.2636],[-72.5175,44.2648],[-72.5167,44.2654],[-72.5153,44.2654],[-72.5142,44.2651],[-72.5142,44.2645],[-72.5131,44.2642],[-72.5125,44.2643],[-72.5118,44.265],[-72.5114,44.2659],[-72.5103,44.267],[-72.5098,44.2694],[-72.5099,44.2711],[-72.5089,44.2716],[-72.5079,44.2747],[-72.5071,44.2749],[-72.5078,44.2759],[-72.5077,44.2765],[-72.5083,44.2772],[-72.5083,44.2786],[-72.5081,44.2787],[-72.5077,44.2786],[-72.5075,44.2792],[-72.5071,44.279],[-72.5061,44.2792],[-72.5054,44.2805],[-72.5047,44.281],[-72.5035,44.2827]]}},{"type":"Feature","properties":{"osm_id":"way/1386273046","name":"Ormsbee Trail","highway":"path","sac_scale":null,"source":"OSM, unverified"},"geometry":{"type":"LineString","coordinates":[[-72.5195,44.2923],[-72.5228,44.2931],[-72.5224,44.2944],[-72.5229,44.2955],[-72.5245,44.2946],[-72.5253,44.2935],[-72.5256,44.2934],[-72.5276,44.294],[-72.5284,44.2935],[-72.5288,44.2936],[-72.529,44.2939],[-72.53,44.2942],[-72.5309,44.2947]]}},{"type":"Feature","properties":{"osm_id":"way/1389662506","name":"Stowe Quiet Path","highway":"footway","sac_scale":null,"source":"OSM, unverified"},"geometry":{"type":"LineString","coordinates":[[-72.6853,44.4768],[-72.6851,44.4779],[-72.6854,44.4781],[-72.6868,44.4778],[-72.6882,44.4769]]}},{"type":"Feature","properties":{"osm_id":"way/1389662507","name":"Stowe Quiet Path","highway":"footway","sac_scale":null,"source":"OSM, unverified"},"geometry":{"type":"LineString","coordinates":[[-72.6851,44.4779],[-72.685,44.4779]]}},{"type":"Feature","properties":{"osm_id":"way/1389662508","name":"Stowe Quiet Path","highway":"footway","sac_scale":null,"source":"OSM, unverified"},"geometry":{"type":"LineString","coordinates":[[-72.685,44.4779],[-72.6848,44.4781]]}},{"type":"Feature","properties":{"osm_id":"way/1389662509","name":"Stowe Quiet Path","highway":"footway","sac_scale":null,"source":"OSM, unverified"},"geometry":{"type":"LineString","coordinates":[[-72.6848,44.4781],[-72.6848,44.4781]]}},{"type":"Feature","properties":{"osm_id":"way/1389662510","name":"Stowe Quiet Path","highway":"footway","sac_scale":null,"source":"OSM, unverified"},"geometry":{"type":"LineString","coordinates":[[-72.6848,44.4781],[-72.6847,44.4783]]}},{"type":"Feature","properties":{"osm_id":"way/1394198887","name":"Snipe Hill Trail","highway":"path","sac_scale":null,"source":"OSM, unverified"},"geometry":{"type":"LineString","coordinates":[[-72.5649,44.2802],[-72.565,44.2805],[-72.5653,44.28],[-72.5656,44.2804],[-72.5658,44.2801],[-72.5666,44.2802]]}},{"type":"Feature","properties":{"osm_id":"way/1410472248","name":"Multi-Use Connector","highway":"path","sac_scale":null,"source":"OSM, unverified"},"geometry":{"type":"LineString","coordinates":[[-72.5867,44.2697],[-72.5864,44.2706],[-72.5858,44.2709],[-72.5857,44.272],[-72.5841,44.2736],[-72.5838,44.2736],[-72.5833,44.2732],[-72.5825,44.273],[-72.5807,44.2735]]}},{"type":"Feature","properties":{"osm_id":"way/1411925600","name":"Long Trail","highway":"path","sac_scale":null,"source":"OSM, unverified"},"geometry":{"type":"LineString","coordinates":[[-72.8773,44.3652],[-72.8772,44.3651]]}},{"type":"Feature","properties":{"osm_id":"way/1411925601","name":"Long Trail","highway":"path","sac_scale":null,"source":"OSM, unverified"},"geometry":{"type":"LineString","coordinates":[[-72.8794,44.3692],[-72.8805,44.3681],[-72.8816,44.3677],[-72.882,44.3672],[-72.8822,44.3666],[-72.8816,44.3662],[-72.8807,44.3663],[-72.8784,44.3652],[-72.8779,44.3655],[-72.8773,44.3652]]}},{"type":"Feature","properties":{"osm_id":"way/1414088863","name":"Davy Trail","highway":"path","sac_scale":null,"source":"OSM, unverified"},"geometry":{"type":"LineString","coordinates":[[-72.6165,44.2939],[-72.6175,44.2937],[-72.6188,44.2931],[-72.6193,44.2927],[-72.6193,44.2923],[-72.6196,44.292],[-72.6198,44.2908],[-72.621,44.2893],[-72.6218,44.289],[-72.6219,44.2886],[-72.6229,44.2884],[-72.6229,44.2882],[-72.622,44.2879],[-72.6211,44.2881],[-72.6195,44.2879],[-72.6189,44.2871],[-72.6185,44.286],[-72.6188,44.2841],[-72.6191,44.2837],[-72.6188,44.2834],[-72.6188,44.2817],[-72.6214,44.2765],[-72.6204,44.275],[-72.6205,44.2745],[-72.6198,44.274]]}},{"type":"Feature","properties":{"osm_id":"way/1415506802","name":"Old Fayston Rd/Huntington Gap Road (Class IV)","highway":"track","sac_scale":null,"source":"OSM, unverified"},"geometry":{"type":"LineString","coordinates":[[-72.934,44.248],[-72.9314,44.2478],[-72.9304,44.2474],[-72.9277,44.2475],[-72.9254,44.2461],[-72.9237,44.2471],[-72.9192,44.2456],[-72.9182,44.2439],[-72.9168,44.2431],[-72.9163,44.2433],[-72.9161,44.2442],[-72.9146,44.2447],[-72.9135,44.2439],[-72.9136,44.2435],[-72.9124,44.2429],[-72.9123,44.2425],[-72.9087,44.2413]]}},{"type":"Feature","properties":{"osm_id":"way/1415783427","name":"Grim Reaper","highway":"path","sac_scale":null,"source":"OSM, unverified"},"geometry":{"type":"LineString","coordinates":[[-73.0264,44.3911],[-73.0238,44.3923],[-73.0236,44.3932],[-73.0238,44.3938],[-73.0248,44.3945],[-73.0249,44.3949],[-73.0243,44.3955],[-73.0231,44.3957]]}},{"type":"Feature","properties":{"osm_id":"way/1415783430","name":"Cabin Fever","highway":"path","sac_scale":null,"source":"OSM, unverified"},"geometry":{"type":"LineString","coordinates":[[-73.0345,44.3897],[-73.0346,44.39],[-73.0334,44.3908],[-73.0332,44.3917],[-73.0324,44.3921],[-73.0314,44.3934],[-73.0307,44.3931],[-73.0309,44.3923]]}},{"type":"Feature","properties":{"osm_id":"way/1417327533","name":"Town Center River Path","highway":"path","sac_scale":null,"source":"OSM, unverified"},"geometry":{"type":"LineString","coordinates":[[-72.9639,44.2961],[-72.966,44.2946],[-72.968,44.2941],[-72.9687,44.2944],[-72.9695,44.2954],[-72.9696,44.2967],[-72.9699,44.2973],[-72.9698,44.298],[-72.9685,44.2981]]}},{"type":"Feature","properties":{"osm_id":"way/1417349770","name":"Old Duxbury Road","highway":"track","sac_scale":null,"source":"OSM, unverified"},"geometry":{"type":"LineString","coordinates":[[-72.8599,44.2592],[-72.8561,44.2612],[-72.8547,44.2636]]}},{"type":"Feature","properties":{"osm_id":"way/1417352338","name":"Rocky Road","highway":"track","sac_scale":null,"source":"OSM, unverified"},"geometry":{"type":"LineString","coordinates":[[-72.8543,44.2087],[-72.8579,44.2085],[-72.8623,44.2092],[-72.861,44.2078],[-72.8599,44.207],[-72.8606,44.2042],[-72.863,44.2041],[-72.8637,44.2033],[-72.8655,44.2028],[-72.8664,44.2013]]}},{"type":"Feature","properties":{"osm_id":"way/1422111703","name":"Kikas Valley Farm Loop","highway":"path","sac_scale":null,"source":"OSM, unverified"},"geometry":{"type":"LineString","coordinates":[[-73.0147,44.4749],[-73.0149,44.4752],[-73.0144,44.476],[-73.0133,44.4763],[-73.0124,44.4759],[-73.0115,44.4747],[-73.0095,44.4748],[-73.0089,44.4752],[-73.008,44.4766],[-73.0087,44.477],[-73.0095,44.4764],[-73.012,44.4783],[-73.0124,44.4788],[-73.0138,44.4786],[-73.0152,44.4788],[-73.0163,44.4775],[-73.0162,44.477],[-73.0168,44.4764],[-73.0159,44.4767],[-73.0149,44.4766],[-73.0144,44.476]]}},{"type":"Feature","properties":{"osm_id":"way/1424157256","name":"Old Stage Road (Class IV)","highway":"track","sac_scale":null,"source":"OSM, unverified"},"geometry":{"type":"LineString","coordinates":[[-73.0684,44.463],[-73.0679,44.4638],[-73.0655,44.4659]]}},{"type":"Feature","properties":{"osm_id":"way/1429788471","name":"Lasso Ledge approach","highway":"path","sac_scale":null,"source":"OSM, unverified"},"geometry":{"type":"LineString","coordinates":[[-72.2992,43.9748],[-72.2973,43.9748],[-72.2963,43.9743],[-72.2944,43.9748]]}},{"type":"Feature","properties":{"osm_id":"way/1442936760","name":"Tullar Road","highway":"track","sac_scale":null,"source":"OSM, unverified"},"geometry":{"type":"LineString","coordinates":[[-72.3157,43.9899],[-72.3168,43.9886]]}},{"type":"Feature","properties":{"osm_id":"way/1444550824","name":"Quarry Trail","highway":"track","sac_scale":null,"source":"OSM, unverified"},"geometry":{"type":"LineString","coordinates":[[-72.6094,44.2117],[-72.6098,44.2103],[-72.6093,44.2095],[-72.6093,44.2076],[-72.6098,44.2068],[-72.609,44.2062],[-72.6091,44.2056],[-72.6101,44.2042],[-72.6105,44.204],[-72.6108,44.2025],[-72.6116,44.2016],[-72.612,44.2007],[-72.6125,44.2004],[-72.6123,44.1994],[-72.6115,44.1986],[-72.6117,44.1981]]}},{"type":"Feature","properties":{"osm_id":"way/1445865139","name":"Poki","highway":"path","sac_scale":null,"source":"OSM, unverified"},"geometry":{"type":"LineString","coordinates":[[-73.0179,44.4078],[-73.018,44.4079],[-73.0201,44.4073],[-73.0209,44.4068]]}},{"type":"Feature","properties":{"osm_id":"way/1445865140","name":"Shimmy","highway":"path","sac_scale":null,"source":"OSM, unverified"},"geometry":{"type":"LineString","coordinates":[[-73.0221,44.4107],[-73.0217,44.4106],[-73.022,44.4105],[-73.022,44.4101],[-73.0215,44.4098],[-73.0212,44.4092],[-73.0201,44.409],[-73.0206,44.4087],[-73.0199,44.4086],[-73.0206,44.4083],[-73.0205,44.4082],[-73.0198,44.4083],[-73.0194,44.4087],[-73.0194,44.4085],[-73.0192,44.4085],[-73.0189,44.4089]]}},{"type":"Feature","properties":{"osm_id":"way/1445865141","name":"Full House","highway":"path","sac_scale":null,"source":"OSM, unverified"},"geometry":{"type":"LineString","coordinates":[[-73.0221,44.4107],[-73.0208,44.4105],[-73.0203,44.4097],[-73.02,44.4097],[-73.0199,44.4101],[-73.0195,44.4095],[-73.019,44.41],[-73.019,44.409],[-73.0189,44.4088],[-73.0185,44.409],[-73.0188,44.4085],[-73.0186,44.4079],[-73.0175,44.408],[-73.0166,44.4074],[-73.0156,44.4078],[-73.0159,44.4075],[-73.0153,44.4076],[-73.0152,44.4075],[-73.0155,44.4074],[-73.015,44.4073],[-73.0154,44.4066],[-73.0147,44.4069],[-73.0141,44.4067],[-73.0137,44.4059],[-73.0126,44.4057],[-73.0131,44.4056],[-73.0131,44.4054]]}},{"type":"Feature","properties":{"osm_id":"way/1445865142","name":"Updog","highway":"path","sac_scale":null,"source":"OSM, unverified"},"geometry":{"type":"LineString","coordinates":[[-73.0209,44.4068],[-73.0215,44.4067],[-73.0212,44.4069],[-73.0213,44.4071],[-73.0211,44.4074],[-73.0212,44.4077],[-73.0217,44.4078],[-73.0214,44.408],[-73.0215,44.4082],[-73.021,44.4081],[-73.0214,44.4086],[-73.0208,44.4085],[-73.0214,44.4089],[-73.0202,44.409],[-73.0199,44.4094],[-73.0206,44.4092],[-73.0212,44.4095],[-73.0212,44.4101],[-73.0221,44.4103],[-73.0234,44.4112],[-73.0225,44.4114],[-73.0221,44.4107]]}},{"type":"Feature","properties":{"osm_id":"way/1445865144","name":"Pop Rocks","highway":"path","sac_scale":null,"source":"OSM, unverified"},"geometry":{"type":"LineString","coordinates":[[-73.0198,44.4073],[-73.0192,44.4071],[-73.0192,44.4066],[-73.0188,44.4061]]}},{"type":"Feature","properties":{"osm_id":"way/1445865145","name":"Coco","highway":"path","sac_scale":null,"source":"OSM, unverified"},"geometry":{"type":"LineString","coordinates":[[-73.0198,44.4083],[-73.0201,44.4077],[-73.0196,44.4076],[-73.0187,44.4069]]}},{"type":"Feature","properties":{"osm_id":"way/1445865147","name":"DL","highway":"path","sac_scale":null,"source":"OSM, unverified"},"geometry":{"type":"LineString","coordinates":[[-73.0175,44.4037],[-73.0176,44.4042],[-73.0182,44.4043],[-73.0187,44.4047],[-73.019,44.4045],[-73.0189,44.405],[-73.0192,44.4051],[-73.0187,44.4057],[-73.0187,44.4069]]}},{"type":"Feature","properties":{"osm_id":"way/1445865148","name":"DL","highway":"path","sac_scale":null,"source":"OSM, unverified"},"geometry":{"type":"LineString","coordinates":[[-73.0179,44.4078],[-73.0183,44.4076],[-73.0183,44.4072],[-73.0187,44.4069]]}},{"type":"Feature","properties":{"osm_id":"way/1448210642","name":"Magoon Hill Road","highway":"track","sac_scale":null,"source":"OSM, unverified"},"geometry":{"type":"LineString","coordinates":[[-72.324,44.0281],[-72.3269,44.0288]]}},{"type":"Feature","properties":{"osm_id":"way/1448701165","name":"Rabbit Track","highway":"track","sac_scale":null,"source":"OSM, unverified"},"geometry":{"type":"LineString","coordinates":[[-72.5243,43.9698],[-72.5226,43.9696]]}},{"type":"Feature","properties":{"osm_id":"way/1449432432","name":"Tillotson Lane","highway":"track","sac_scale":null,"source":"OSM, unverified"},"geometry":{"type":"LineString","coordinates":[[-72.2261,44.0575],[-72.2262,44.0575]]}},{"type":"Feature","properties":{"osm_id":"way/1451421363","name":"Back Country Road","highway":"track","sac_scale":null,"source":"OSM, unverified"},"geometry":{"type":"LineString","coordinates":[[-72.3779,44.2015],[-72.3773,44.2015],[-72.3763,44.2021],[-72.3739,44.2028],[-72.3711,44.203]]}},{"type":"Feature","properties":{"osm_id":"way/1451455565","name":"Peeper's Meadow","highway":"path","sac_scale":null,"source":"OSM, unverified"},"geometry":{"type":"LineString","coordinates":[[-72.9947,44.3481],[-72.9942,44.3478],[-72.9932,44.3477],[-72.9929,44.3478],[-72.9929,44.3482]]}},{"type":"Feature","properties":{"osm_id":"way/1451455567","name":"Brook Path","highway":"path","sac_scale":null,"source":"OSM, unverified"},"geometry":{"type":"LineString","coordinates":[[-72.996,44.3517],[-72.997,44.3511],[-72.9964,44.3504]]}},{"type":"Feature","properties":{"osm_id":"way/1451455569","name":"River Trail","highway":"path","sac_scale":null,"source":"OSM, unverified"},"geometry":{"type":"LineString","coordinates":[[-72.9951,44.3508],[-72.996,44.3517]]}},{"type":"Feature","properties":{"osm_id":"way/1451455572","name":"Hires Trail","highway":"path","sac_scale":null,"source":"OSM, unverified"},"geometry":{"type":"LineString","coordinates":[[-72.9979,44.348],[-72.9971,44.347],[-72.9964,44.3467],[-72.9967,44.3459],[-72.9971,44.3454],[-72.997,44.3448],[-72.9975,44.3444],[-72.9978,44.3445],[-72.998,44.3472],[-72.9985,44.3475]]}},{"type":"Feature","properties":{"osm_id":"way/1451455573","name":"Warbler Trail","highway":"path","sac_scale":null,"source":"OSM, unverified"},"geometry":{"type":"LineString","coordinates":[[-72.9969,44.3457],[-72.9965,44.345],[-72.9955,44.3447],[-72.9959,44.3444],[-72.9957,44.3443],[-72.9947,44.3448],[-72.9939,44.3455],[-72.9936,44.3461],[-72.996,44.3458],[-72.9966,44.3462]]}},{"type":"Feature","properties":{"osm_id":"way/1451455574","name":"Arboretum Trail","highway":"path","sac_scale":null,"source":"OSM, unverified"},"geometry":{"type":"LineString","coordinates":[[-72.996,44.3458],[-72.9955,44.3454],[-72.994,44.3454]]}},{"type":"Feature","properties":{"osm_id":"way/1451463930","name":"Huntington River Trail","highway":"path","sac_scale":null,"source":"OSM, unverified"},"geometry":{"type":"LineString","coordinates":[[-72.9525,44.3759],[-72.952,44.3756],[-72.9515,44.3746],[-72.9517,44.3741],[-72.9525,44.3739]]}},{"type":"Feature","properties":{"osm_id":"way/1451982935","name":"Chelsea Line Road","highway":"track","sac_scale":null,"source":"OSM, unverified"},"geometry":{"type":"LineString","coordinates":[[-72.5035,43.9662],[-72.503,43.9667],[-72.5035,43.9681]]}},{"type":"Feature","properties":{"osm_id":"way/1453230426","name":"Long Trail Temporary Realignment","highway":"path","sac_scale":null,"source":"OSM, unverified"},"geometry":{"type":"LineString","coordinates":[[-72.9166,44.3777],[-72.9165,44.3769],[-72.9135,44.3765],[-72.9135,44.3762],[-72.9124,44.3756],[-72.9128,44.3753],[-72.9127,44.3751],[-72.9116,44.375],[-72.9109,44.3752]]}},{"type":"Feature","properties":{"osm_id":"way/1456063033","name":"Rock'n Roll Loop","highway":"path","sac_scale":null,"source":"OSM, unverified"},"geometry":{"type":"LineString","coordinates":[[-72.9795,44.3941],[-72.979,44.3945],[-72.9781,44.3944],[-72.9776,44.3938],[-72.9774,44.3939]]}},{"type":"Feature","properties":{"osm_id":"way/1456072133","name":"Chicken Dinner","highway":"path","sac_scale":null,"source":"OSM, unverified"},"geometry":{"type":"LineString","coordinates":[[-72.9665,44.3989],[-72.9673,44.3991],[-72.9675,44.3988]]}},{"type":"Feature","properties":{"osm_id":"way/1456072135","name":"WInner Winner","highway":"path","sac_scale":null,"source":"OSM, unverified"},"geometry":{"type":"LineString","coordinates":[[-72.9673,44.399],[-72.9676,44.3992],[-72.9681,44.3999],[-72.9687,44.3997],[-72.9701,44.4],[-72.9708,44.4002],[-72.9708,44.4005],[-72.9714,44.4009],[-72.9721,44.4004],[-72.9732,44.4005]]}},{"type":"Feature","properties":{"osm_id":"way/1456072136","name":"Urbanik Way","highway":"path","sac_scale":null,"source":"OSM, unverified"},"geometry":{"type":"LineString","coordinates":[[-72.9748,44.4011],[-72.9773,44.4036],[-72.9767,44.4035],[-72.9774,44.4041],[-72.9767,44.4038],[-72.9774,44.4043],[-72.9775,44.405],[-72.9766,44.405],[-72.9767,44.4053],[-72.9763,44.4053],[-72.976,44.4045],[-72.9758,44.405],[-72.976,44.4057],[-72.9746,44.4065]]}},{"type":"Feature","properties":{"osm_id":"way/1457530696","name":"Barclay Road","highway":"track","sac_scale":null,"source":"OSM, unverified"},"geometry":{"type":"LineString","coordinates":[[-72.4442,44.2194],[-72.4411,44.2258]]}},{"type":"Feature","properties":{"osm_id":"way/1462446086","name":"Cochran's-Safford connector","highway":"path","sac_scale":null,"source":"OSM, unverified"},"geometry":{"type":"LineString","coordinates":[[-72.9784,44.3802],[-72.9777,44.3802],[-72.9769,44.3813],[-72.9766,44.3809],[-72.9759,44.3811],[-72.9756,44.3807],[-72.9739,44.3806],[-72.9727,44.3796],[-72.9723,44.3797],[-72.9718,44.3804],[-72.9715,44.3805],[-72.9707,44.38],[-72.9692,44.3803],[-72.9672,44.3811],[-72.9624,44.3806],[-72.9614,44.3804],[-72.9609,44.3797],[-72.9595,44.3793],[-72.9586,44.3796],[-72.9582,44.3794],[-72.9575,44.3795],[-72.9573,44.3792],[-72.9563,44.3789],[-72.954,44.3786],[-72.9525,44.3795]]}},{"type":"Feature","properties":{"osm_id":"way/1462849591","name":"Covey Rd","highway":"path","sac_scale":null,"source":"OSM, unverified"},"geometry":{"type":"LineString","coordinates":[[-72.9929,44.596],[-72.992,44.5984],[-72.9909,44.6008]]}},{"type":"Feature","properties":{"osm_id":"way/1489764384","name":"Switchback","highway":"path","sac_scale":null,"source":"OSM, unverified"},"geometry":{"type":"LineString","coordinates":[[-72.4794,44.1465],[-72.479,44.1466],[-72.4789,44.147],[-72.4788,44.1467],[-72.4785,44.1471],[-72.4781,44.1468]]}},{"type":"Feature","properties":{"osm_id":"way/1489764386","name":"Upper Mainline","highway":"path","sac_scale":null,"source":"OSM, unverified"},"geometry":{"type":"LineString","coordinates":[[-72.4707,44.1522],[-72.4687,44.1529],[-72.468,44.1536],[-72.4685,44.1543],[-72.4683,44.1553]]}},{"type":"Feature","properties":{"osm_id":"way/1489764387","name":"#6 Trail","highway":"path","sac_scale":null,"source":"OSM, unverified"},"geometry":{"type":"LineString","coordinates":[[-72.4683,44.1552],[-72.4706,44.1545],[-72.4718,44.1554]]}},{"type":"Feature","properties":{"osm_id":"way/1489764388","name":"Locomotion Winter Bypass #2","highway":"path","sac_scale":null,"source":"OSM, unverified"},"geometry":{"type":"LineString","coordinates":[[-72.473,44.1476],[-72.4737,44.1464]]}},{"type":"Feature","properties":{"osm_id":"way/1489764389","name":"Serenity","highway":"path","sac_scale":null,"source":"OSM, unverified"},"geometry":{"type":"LineString","coordinates":[[-72.4761,44.1445],[-72.4764,44.1448],[-72.477,44.1448]]}},{"type":"Feature","properties":{"osm_id":"way/1489764390","name":"Town Forest Parking","highway":"path","sac_scale":null,"source":"OSM, unverified"},"geometry":{"type":"LineString","coordinates":[[-72.4697,44.1571],[-72.4694,44.1567],[-72.4685,44.1565]]}},{"type":"Feature","properties":{"osm_id":"way/1489764396","name":"VAST","highway":"path","sac_scale":null,"source":"OSM, unverified"},"geometry":{"type":"LineString","coordinates":[[-72.4728,44.154],[-72.4729,44.153],[-72.4741,44.1512],[-72.4735,44.1503],[-72.4744,44.149],[-72.4759,44.1483],[-72.4768,44.1463],[-72.4772,44.1442],[-72.4777,44.144]]}},{"type":"Feature","properties":{"osm_id":"way/1489764397","name":"VAST","highway":"path","sac_scale":null,"source":"OSM, unverified"},"geometry":{"type":"LineString","coordinates":[[-72.468,44.1564],[-72.4686,44.1565],[-72.4716,44.1555],[-72.472,44.155],[-72.4724,44.154],[-72.4728,44.154]]}},{"type":"Feature","properties":{"osm_id":"way/1489797039","name":"Heifer Pasture Winter Bypass","highway":"path","sac_scale":null,"source":"OSM, unverified"},"geometry":{"type":"LineString","coordinates":[[-72.4614,44.149],[-72.4613,44.1486],[-72.4609,44.1486],[-72.4605,44.1495]]}},{"type":"Feature","properties":{"osm_id":"way/1489797040","name":"Empire Lookout","highway":"path","sac_scale":null,"source":"OSM, unverified"},"geometry":{"type":"LineString","coordinates":[[-72.4579,44.1531],[-72.4572,44.1521]]}},{"type":"Feature","properties":{"osm_id":"way/1489797042","name":"Mainline Winter Bypass","highway":"path","sac_scale":null,"source":"OSM, unverified"},"geometry":{"type":"LineString","coordinates":[[-72.464,44.1541],[-72.4635,44.1544],[-72.463,44.1541],[-72.4624,44.1541],[-72.4622,44.1535],[-72.4624,44.1529]]}},{"type":"Feature","properties":{"osm_id":"way/1489797043","name":"Rauli's Run","highway":"path","sac_scale":null,"source":"OSM, unverified"},"geometry":{"type":"LineString","coordinates":[[-72.4699,44.1483],[-72.4696,44.1488],[-72.4693,44.1486],[-72.4694,44.1483],[-72.4692,44.1483],[-72.4684,44.1493],[-72.4678,44.1493],[-72.4668,44.1504],[-72.4662,44.1505],[-72.4657,44.1512],[-72.4654,44.1512],[-72.4649,44.1516],[-72.4645,44.1524]]}},{"type":"Feature","properties":{"osm_id":"way/1489797045","name":"Tamper Tantrum","highway":"path","sac_scale":null,"source":"OSM, unverified"},"geometry":{"type":"LineString","coordinates":[[-72.4748,44.145],[-72.4748,44.1443],[-72.4742,44.1441],[-72.4731,44.1442],[-72.4735,44.1454]]}},{"type":"Feature","properties":{"osm_id":"way/1489797047","name":"Singer's XC","highway":"path","sac_scale":null,"source":"OSM, unverified"},"geometry":{"type":"LineString","coordinates":[[-72.464,44.1536],[-72.4643,44.1533],[-72.4641,44.1528],[-72.4645,44.1525]]}},{"type":"Feature","properties":{"osm_id":"way/1489797049","name":"Pump Track","highway":"path","sac_scale":null,"source":"OSM, unverified"},"geometry":{"type":"LineString","coordinates":[[-72.4694,44.1567],[-72.4699,44.1568],[-72.4701,44.1566],[-72.4697,44.1562]]}},{"type":"Feature","properties":{"osm_id":"way/1489797051","name":"Casanova Street Access","highway":"path","sac_scale":null,"source":"OSM, unverified"},"geometry":{"type":"LineString","coordinates":[[-72.4724,44.1559],[-72.4718,44.1554]]}},{"type":"Feature","properties":{"osm_id":"way/1489797053","name":"Tamper Tantrum Winter Bypass","highway":"path","sac_scale":null,"source":"OSM, unverified"},"geometry":{"type":"LineString","coordinates":[[-72.4738,44.1442],[-72.4733,44.1447]]}},{"type":"Feature","properties":{"osm_id":"way/1489799620","name":"Rambler","highway":"path","sac_scale":null,"source":"OSM, unverified"},"geometry":{"type":"LineString","coordinates":[[-72.4608,44.1526],[-72.4604,44.1514],[-72.4608,44.1505],[-72.4616,44.15],[-72.4608,44.1503],[-72.4602,44.1508],[-72.4598,44.1508],[-72.4597,44.1506],[-72.4602,44.1505],[-72.4611,44.1496],[-72.4617,44.1497]]}},{"type":"Feature","properties":{"osm_id":"way/1489950848","name":"Mainline","highway":"path","sac_scale":null,"source":"OSM, unverified"},"geometry":{"type":"LineString","coordinates":[[-72.4598,44.1535],[-72.4578,44.1531],[-72.4583,44.1544],[-72.4601,44.1553]]}},{"type":"Feature","properties":{"osm_id":"way/1489950849","name":"Pierre's Point","highway":"path","sac_scale":null,"source":"OSM, unverified"},"geometry":{"type":"LineString","coordinates":[[-72.4678,44.1538],[-72.467,44.1544]]}},{"type":"Feature","properties":{"osm_id":"way/1490449052","name":"Snowshoe trail","highway":"path","sac_scale":null,"source":"OSM, unverified"},"geometry":{"type":"LineString","coordinates":[[-73.0509,44.4525],[-73.0519,44.4516]]}},{"type":"Feature","properties":{"osm_id":"way/1490449053","name":"Snowshoe trail","highway":"path","sac_scale":null,"source":"OSM, unverified"},"geometry":{"type":"LineString","coordinates":[[-73.0519,44.4516],[-73.0519,44.4515]]}},{"type":"Feature","properties":{"osm_id":"way/1495989411","name":"Locomotion Winter Bypass #1","highway":"path","sac_scale":null,"source":"OSM, unverified"},"geometry":{"type":"LineString","coordinates":[[-72.4703,44.149],[-72.4696,44.1488]]}},{"type":"Feature","properties":{"osm_id":"way/1498227469","name":"Darling Road Trail","highway":"track","sac_scale":null,"source":"OSM, unverified"},"geometry":{"type":"LineString","coordinates":[[-72.6075,44.1974],[-72.604,44.1978],[-72.6002,44.1973],[-72.5938,44.1981]]}},{"type":"Feature","properties":{"osm_id":"way/1500766642","name":"Indian Brook Outer Loop","highway":"path","sac_scale":null,"source":"OSM, unverified"},"geometry":{"type":"LineString","coordinates":[[-73.0966,44.5451],[-73.0976,44.5453],[-73.0981,44.545],[-73.099,44.5451],[-73.0996,44.5456]]}},{"type":"Feature","properties":{"osm_id":"way/1500766643","name":"Indian Brook Outer Loop","highway":"path","sac_scale":null,"source":"OSM, unverified"},"geometry":{"type":"LineString","coordinates":[[-73.0966,44.545],[-73.0966,44.5451]]}},{"type":"Feature","properties":{"osm_id":"way/1510346988","name":"Zion Hill Road","highway":"track","sac_scale":null,"source":"OSM, unverified"},"geometry":{"type":"LineString","coordinates":[[-72.2841,44.1142],[-72.2847,44.1155],[-72.2848,44.1181],[-72.2853,44.1186],[-72.2876,44.1199]]}},{"type":"Feature","properties":{"osm_id":"way/1521091089","name":"Foster Pond Road","highway":"track","sac_scale":null,"source":"OSM, unverified"},"geometry":{"type":"LineString","coordinates":[[-72.2042,44.3222],[-72.2043,44.3222]]}},{"type":"Feature","properties":{"osm_id":"way/1521091090","name":"Foster Pond Road","highway":"track","sac_scale":null,"source":"OSM, unverified"},"geometry":{"type":"LineString","coordinates":[[-72.1896,44.3158],[-72.1907,44.3164],[-72.1909,44.3169],[-72.2027,44.3225],[-72.2034,44.3226],[-72.2042,44.3222]]}},{"type":"Feature","properties":{"osm_id":"way/1521912949","name":"Old Mail Route Road","highway":"track","sac_scale":null,"source":"OSM, unverified"},"geometry":{"type":"LineString","coordinates":[[-72.7119,44.0945],[-72.7125,44.0936],[-72.7127,44.0927],[-72.7115,44.0905],[-72.7115,44.0874],[-72.712,44.0864],[-72.7124,44.0862]]}},{"type":"Feature","properties":{"osm_id":"way/1521965368","name":"Eagle Ledge Road","highway":"track","sac_scale":null,"source":"OSM, unverified"},"geometry":{"type":"LineString","coordinates":[[-72.4718,44.4646],[-72.4724,44.4653],[-72.4725,44.4662],[-72.4704,44.4679]]}},{"type":"Feature","properties":{"osm_id":"way/1521965369","name":"Eagle Ledge Road","highway":"track","sac_scale":null,"source":"OSM, unverified"},"geometry":{"type":"LineString","coordinates":[[-72.492,44.4483],[-72.4893,44.4485],[-72.4881,44.4492],[-72.4868,44.4504],[-72.4832,44.4523],[-72.4824,44.4525]]}},{"type":"Feature","properties":{"osm_id":"way/1521965373","name":"Eagle Ledge Road","highway":"track","sac_scale":null,"source":"OSM, unverified"},"geometry":{"type":"LineString","coordinates":[[-72.4619,44.4875],[-72.4615,44.488],[-72.4618,44.4891],[-72.4614,44.4904],[-72.4619,44.4923],[-72.4613,44.4937],[-72.4611,44.4948],[-72.4622,44.4967],[-72.4622,44.4989],[-72.462,44.4994]]}},{"type":"Feature","properties":{"osm_id":"way/1521965374","name":"Eagle Ledge Road","highway":"track","sac_scale":null,"source":"OSM, unverified"},"geometry":{"type":"LineString","coordinates":[[-72.4619,44.4874],[-72.4619,44.4875]]}},{"type":"Feature","properties":{"osm_id":"way/1521965375","name":"Tallman Road","highway":"track","sac_scale":null,"source":"OSM, unverified"},"geometry":{"type":"LineString","coordinates":[[-72.4716,44.4687],[-72.4721,44.4693],[-72.4735,44.4693],[-72.4755,44.4698],[-72.4754,44.4705],[-72.4759,44.472],[-72.4756,44.4736],[-72.4757,44.4741],[-72.4775,44.4743],[-72.478,44.4753],[-72.4785,44.4756],[-72.4796,44.477]]}},{"type":"Feature","properties":{"osm_id":"way/1521965376","name":"Tallman Road","highway":"track","sac_scale":null,"source":"OSM, unverified"},"geometry":{"type":"LineString","coordinates":[[-72.4715,44.4686],[-72.4716,44.4687]]}},{"type":"Feature","properties":{"osm_id":"way/1521965377","name":"Eagle Ledge Road","highway":"track","sac_scale":null,"source":"OSM, unverified"},"geometry":{"type":"LineString","coordinates":[[-72.4696,44.4682],[-72.4694,44.4694],[-72.4707,44.47],[-72.4697,44.4713],[-72.4695,44.472],[-72.4671,44.4744],[-72.4656,44.4754],[-72.4653,44.4761],[-72.4634,44.4772],[-72.463,44.4782],[-72.4615,44.4794],[-72.4614,44.4801],[-72.4615,44.4805],[-72.4623,44.4815],[-72.463,44.4818],[-72.462,44.4833],[-72.4621,44.4849],[-72.4625,44.4854],[-72.4617,44.4863],[-72.462,44.487],[-72.4619,44.4874]]}},{"type":"Feature","properties":{"osm_id":"way/1523129032","name":"Cliff Hanger","highway":"path","sac_scale":null,"source":"OSM, unverified"},"geometry":{"type":"LineString","coordinates":[[-72.9906,44.3819],[-72.991,44.3813]]}},{"type":"Feature","properties":{"osm_id":"way/1523129034","name":"Wishbone/Bacon Strip","highway":"path","sac_scale":null,"source":"OSM, unverified"},"geometry":{"type":"LineString","coordinates":[[-72.963,44.4058],[-72.9624,44.4052],[-72.9631,44.4049],[-72.9633,44.4043],[-72.9636,44.4042],[-72.9645,44.4031],[-72.965,44.4032],[-72.9652,44.403],[-72.9653,44.4029],[-72.9648,44.4026],[-72.9649,44.4022],[-72.9664,44.4022],[-72.9668,44.4025],[-72.9669,44.4029],[-72.9671,44.4028],[-72.967,44.4033],[-72.9672,44.4033],[-72.9674,44.4022],[-72.967,44.4017],[-72.9661,44.4015]]}},{"type":"Feature","properties":{"osm_id":"way/1523129035","name":"Chicken Dinner","highway":"path","sac_scale":null,"source":"OSM, unverified"},"geometry":{"type":"LineString","coordinates":[[-72.9654,44.4008],[-72.9648,44.4011],[-72.9653,44.4007],[-72.9649,44.4006],[-72.9647,44.4001],[-72.9649,44.3998],[-72.9645,44.4],[-72.9648,44.3997],[-72.9646,44.3997],[-72.9655,44.3989],[-72.9665,44.3989]]}},{"type":"Feature","properties":{"osm_id":"way/1523129036","name":"Chicken Dinner","highway":"path","sac_scale":null,"source":"OSM, unverified"},"geometry":{"type":"LineString","coordinates":[[-72.9661,44.4015],[-72.9653,44.401],[-72.9654,44.4008]]}},{"type":"Feature","properties":{"osm_id":"way/1524386433","name":"Sparrow Farm Trail","highway":"path","sac_scale":null,"source":"OSM, unverified"},"geometry":{"type":"LineString","coordinates":[[-72.5659,44.2914],[-72.5656,44.2917],[-72.5649,44.2916]]}},{"type":"Feature","properties":{"osm_id":"way/1524386434","name":"Sparrow Farm Trail","highway":"path","sac_scale":null,"source":"OSM, unverified"},"geometry":{"type":"LineString","coordinates":[[-72.5659,44.2913],[-72.5659,44.2914]]}},{"type":"Feature","properties":{"osm_id":"way/1524386435","name":"Barred Owl Boulevard","highway":"path","sac_scale":null,"source":"OSM, unverified"},"geometry":{"type":"LineString","coordinates":[[-72.567,44.282],[-72.5671,44.2821]]}},{"type":"Feature","properties":{"osm_id":"way/1524386436","name":"Barred Owl Boulevard","highway":"path","sac_scale":null,"source":"OSM, unverified"},"geometry":{"type":"LineString","coordinates":[[-72.567,44.2807],[-72.567,44.282]]}},{"type":"Feature","properties":{"osm_id":"way/1524386437","name":"Barred Owl Boulevard","highway":"path","sac_scale":null,"source":"OSM, unverified"},"geometry":{"type":"LineString","coordinates":[[-72.5669,44.2807],[-72.567,44.2807]]}},{"type":"Feature","properties":{"osm_id":"way/1524386438","name":"Barred Owl Boulevard","highway":"path","sac_scale":null,"source":"OSM, unverified"},"geometry":{"type":"LineString","coordinates":[[-72.5669,44.2804],[-72.5669,44.2807]]}},{"type":"Feature","properties":{"osm_id":"way/1524386439","name":"Barred Owl Boulevard","highway":"path","sac_scale":null,"source":"OSM, unverified"},"geometry":{"type":"LineString","coordinates":[[-72.567,44.2804],[-72.5669,44.2804]]}},{"type":"Feature","properties":{"osm_id":"way/1524386440","name":"Barred Owl Boulevard","highway":"path","sac_scale":null,"source":"OSM, unverified"},"geometry":{"type":"LineString","coordinates":[[-72.5671,44.2803],[-72.567,44.2804]]}},{"type":"Feature","properties":{"osm_id":"way/1524386441","name":"Sparrow Farm Trail","highway":"path","sac_scale":null,"source":"OSM, unverified"},"geometry":{"type":"LineString","coordinates":[[-72.5583,44.2989],[-72.5584,44.2991]]}},{"type":"Feature","properties":{"osm_id":"way/1524386442","name":"Sparrow Farm Trail","highway":"path","sac_scale":null,"source":"OSM, unverified"},"geometry":{"type":"LineString","coordinates":[[-72.5601,44.2961],[-72.56,44.2967],[-72.5594,44.2975],[-72.5581,44.2972],[-72.558,44.2982],[-72.5583,44.2989]]}},{"type":"Feature","properties":{"osm_id":"way/1524386446","name":"Barred Owl Boulevard","highway":"path","sac_scale":null,"source":"OSM, unverified"},"geometry":{"type":"LineString","coordinates":[[-72.5687,44.2744],[-72.5687,44.2745]]}},{"type":"Feature","properties":{"osm_id":"way/1524386447","name":"Barred Owl Boulevard","highway":"path","sac_scale":null,"source":"OSM, unverified"},"geometry":{"type":"LineString","coordinates":[[-72.5693,44.2738],[-72.5687,44.2744]]}},{"type":"Feature","properties":{"osm_id":"way/1524386448","name":"Barred Owl Boulevard","highway":"path","sac_scale":null,"source":"OSM, unverified"},"geometry":{"type":"LineString","coordinates":[[-72.5682,44.275],[-72.5684,44.2753],[-72.5681,44.2754]]}},{"type":"Feature","properties":{"osm_id":"way/1524386449","name":"Barred Owl Boulevard","highway":"path","sac_scale":null,"source":"OSM, unverified"},"geometry":{"type":"LineString","coordinates":[[-72.5681,44.275],[-72.5682,44.275]]}},{"type":"Feature","properties":{"osm_id":"way/1524386450","name":"Barred Owl Boulevard","highway":"path","sac_scale":null,"source":"OSM, unverified"},"geometry":{"type":"LineString","coordinates":[[-72.5681,44.2755],[-72.5683,44.2765]]}},{"type":"Feature","properties":{"osm_id":"way/1524386451","name":"Barred Owl Boulevard","highway":"path","sac_scale":null,"source":"OSM, unverified"},"geometry":{"type":"LineString","coordinates":[[-72.5681,44.2754],[-72.5681,44.2755]]}},{"type":"Feature","properties":{"osm_id":"way/1524386452","name":"Barred Owl Boulevard","highway":"path","sac_scale":null,"source":"OSM, unverified"},"geometry":{"type":"LineString","coordinates":[[-72.5683,44.2765],[-72.5683,44.2766]]}},{"type":"Feature","properties":{"osm_id":"way/1524386453","name":"Barred Owl Boulevard","highway":"path","sac_scale":null,"source":"OSM, unverified"},"geometry":{"type":"LineString","coordinates":[[-72.5687,44.2745],[-72.5681,44.2746],[-72.5681,44.275]]}},{"type":"Feature","properties":{"osm_id":"way/1524713792","name":"Hog Hollow Road","highway":"track","sac_scale":null,"source":"OSM, unverified"},"geometry":{"type":"LineString","coordinates":[[-72.6744,44.2868],[-72.6755,44.2858]]}},{"type":"Feature","properties":{"osm_id":"way/1524713793","name":"Hog Hollow Road","highway":"track","sac_scale":null,"source":"OSM, unverified"},"geometry":{"type":"LineString","coordinates":[[-72.6758,44.2695],[-72.6758,44.2701],[-72.6755,44.2707],[-72.6746,44.2714],[-72.673,44.2736],[-72.6735,44.2743],[-72.6744,44.2747],[-72.6753,44.2768],[-72.6755,44.2795],[-72.6748,44.2811],[-72.6767,44.2823],[-72.6766,44.284],[-72.6755,44.2858]]}},{"type":"Feature","properties":{"osm_id":"way/1524715138","name":"Kelley Brook Road","highway":"track","sac_scale":null,"source":"OSM, unverified"},"geometry":{"type":"LineString","coordinates":[[-72.6791,44.261],[-72.6791,44.2615],[-72.6785,44.2622]]}},{"type":"Feature","properties":{"osm_id":"way/1524715139","name":"Kelley Brook Road","highway":"track","sac_scale":null,"source":"OSM, unverified"},"geometry":{"type":"LineString","coordinates":[[-72.6923,44.2492],[-72.6927,44.2509]]}},{"type":"Feature","properties":{"osm_id":"way/1526522267","name":"Stealth","highway":"path","sac_scale":null,"source":"OSM, unverified"},"geometry":{"type":"LineString","coordinates":[[-73.0431,44.3186],[-73.0433,44.3185],[-73.0431,44.3181],[-73.0427,44.318],[-73.043,44.3177],[-73.0427,44.3175],[-73.0429,44.3172],[-73.0426,44.3171],[-73.0427,44.3161],[-73.0422,44.3156],[-73.0428,44.3153],[-73.0432,44.3133],[-73.0436,44.3127],[-73.043,44.3125],[-73.0438,44.312],[-73.0426,44.3118]]}},{"type":"Feature","properties":{"osm_id":"way/1526522269","name":"Side Door","highway":"path","sac_scale":null,"source":"OSM, unverified"},"geometry":{"type":"LineString","coordinates":[[-73.0454,44.3214],[-73.0442,44.3228]]}},{"type":"Feature","properties":{"osm_id":"way/1529287362","name":"Hedgehog Brook Trail","highway":"track","sac_scale":null,"source":"OSM, unverified"},"geometry":{"type":"LineString","coordinates":[[-72.8737,44.2497],[-72.8752,44.2504],[-72.876,44.2526],[-72.8767,44.2531],[-72.877,44.2542],[-72.8774,44.2545]]}},{"type":"Feature","properties":{"osm_id":"way/1531793909","name":"Cobrass Run","highway":"track","sac_scale":null,"source":"OSM, unverified"},"geometry":{"type":"LineString","coordinates":[[-72.8472,44.4161],[-72.8468,44.4158],[-72.8455,44.4156],[-72.8429,44.4156],[-72.8423,44.415],[-72.8422,44.4141],[-72.8416,44.4135],[-72.8398,44.4131],[-72.8388,44.4133],[-72.837,44.413],[-72.837,44.4134],[-72.8358,44.4145]]}}]}