{"type":"FeatureCollection","properties":{"source":"Vermont Open Geodata Portal - Vermont Protected Lands Database (VCGI)","fetched":"2026-09-24","bbox":[-73.1,43.95,-72.2,44.6],"filter":"parcels >= 3 acres inside the bbox, publicly owned or with public access (PUBACCESS 1/2/4); simplified"},"features":[{"type":"Feature","properties":{"name":"Vermont Land Trust Easement","agency":"4000052210","type":"EASEMENT","access":"limited (easement)","acres":79,"owner":"PRIV"},"geometry":{"type":"Polygon","coordinates":[[[-72.7737,44.2422],[-72.7726,44.2414],[-72.7707,44.242],[-72.7699,44.2427],[-72.7691,44.2421],[-72.7698,44.2399],[-72.7694,44.2397],[-72.771,44.2377],[-72.7713,44.2361],[-72.7734,44.237],[-72.7768,44.2349],[-72.7776,44.2353],[-72.7784,44.2352],[-72.779,44.236],[-72.7764,44.2376],[-72.7754,44.2389],[-72.7754,44.2415],[-72.7743,44.241],[-72.7745,44.2419],[-72.7742,44.2423],[-72.7737,44.2422]]]}},{"type":"Feature","properties":{"name":"Vermont Land Trust Easement","agency":"4000052210","type":"EASEMENT","access":"limited (easement)","acres":116,"owner":"PRIV"},"geometry":{"type":"Polygon","coordinates":[[[-72.7772,44.2386],[-72.7761,44.2382],[-72.7784,44.2375],[-72.7776,44.2371],[-72.7815,44.234],[-72.7838,44.2351],[-72.7842,44.2348],[-72.7858,44.2356],[-72.7858,44.2382],[-72.7854,44.2394],[-72.7858,44.2401],[-72.7844,44.2414],[-72.7832,44.2408],[-72.7827,44.2422],[-72.7821,44.2419],[-72.7803,44.2422],[-72.7791,44.2416],[-72.7787,44.2421],[-72.7782,44.2418],[-72.7772,44.2411],[-72.7772,44.2386]]]}},{"type":"Feature","properties":{"name":"Vermont Land Trust Easement","agency":"4000052210","type":"EASEMENT","access":"limited (easement)","acres":14,"owner":"PRIV"},"geometry":{"type":"Polygon","coordinates":[[[-72.5115,44.3024],[-72.5093,44.3059],[-72.5084,44.3054],[-72.5107,44.3023],[-72.5096,44.3018],[-72.5101,44.3011],[-72.5136,44.3024],[-72.5129,44.3031],[-72.5115,44.3024]]]}},{"type":"Feature","properties":{"name":null,"agency":"4000051910","type":"FEE_OWN","access":"open","acres":74,"owner":"PUB"},"geometry":{"type":"Polygon","coordinates":[[[-72.6525,44.4638],[-72.6572,44.4571],[-72.6587,44.4571],[-72.6591,44.4575],[-72.6594,44.458],[-72.6591,44.4588],[-72.6601,44.4601],[-72.6595,44.4632],[-72.655,44.4646],[-72.6525,44.4638]]]}},{"type":"Feature","properties":{"name":"Vermont Land Trust Easement","agency":"4000052210","type":"EASEMENT","access":"limited (easement)","acres":9,"owner":"PRIV"},"geometry":{"type":"Polygon","coordinates":[[[-72.9159,44.4358],[-72.9163,44.4366],[-72.9161,44.4373],[-72.9174,44.4376],[-72.9173,44.4378],[-72.9156,44.4377],[-72.915,44.4382],[-72.914,44.4377],[-72.915,44.4358],[-72.9159,44.4358]]]}},{"type":"Feature","properties":{"name":"Vermont Land Trust Easement","agency":"4000052210","type":"EASEMENT","access":"limited (easement)","acres":224,"owner":"PRIV"},"geometry":{"type":"Polygon","coordinates":[[[-72.9152,44.438],[-72.9174,44.4376],[-72.916,44.4372],[-72.9163,44.4366],[-72.9159,44.4358],[-72.9165,44.4358],[-72.9173,44.433],[-72.9165,44.4324],[-72.9192,44.4285],[-72.92,44.4249],[-72.922,44.4252],[-72.9235,44.4233],[-72.9301,44.4261],[-72.9275,44.4297],[-72.9247,44.4306],[-72.9237,44.4305],[-72.9225,44.4316],[-72.921,44.429],[-72.9205,44.4291],[-72.921,44.432],[-72.9193,44.4325],[-72.9199,44.4352],[-72.9211,44.4341],[-72.9223,44.4338],[-72.9242,44.4317],[-72.9257,44.4314],[-72.923,44.4373],[-72.9228,44.4364],[-72.9223,44.4361],[-72.9191,44.4372],[-72.9221,44.4392],[-72.9201,44.4409],[-72.915,44.4382],[-72.9152,44.438]]]}},{"type":"Feature","properties":{"name":"Vermont Land Trust Easement","agency":"4000052210","type":"EASEMENT","access":"limited (easement)","acres":14,"owner":"PRIV"},"geometry":{"type":"Polygon","coordinates":[[[-72.923,44.4373],[-72.9221,44.4392],[-72.9191,44.4372],[-72.9223,44.4361],[-72.9228,44.4364],[-72.923,44.4373]]]}},{"type":"Feature","properties":{"name":"Vermont Land Trust Easement","agency":"4000052210","type":"EASEMENT","access":"limited (easement)","acres":28,"owner":"PRIV"},"geometry":{"type":"Polygon","coordinates":[[[-72.921,44.432],[-72.9225,44.4316],[-72.9237,44.4305],[-72.9247,44.4306],[-72.9263,44.4298],[-72.9272,44.4299],[-72.9264,44.431],[-72.9242,44.4317],[-72.9223,44.4338],[-72.9211,44.4341],[-72.9199,44.4352],[-72.9193,44.4323],[-72.921,44.432]]]}},{"type":"Feature","properties":{"name":"Vermont Land Trust Easement","agency":"4000052210","type":"EASEMENT","access":"limited (easement)","acres":7,"owner":"PRIV"},"geometry":{"type":"Polygon","coordinates":[[[-72.9225,44.4316],[-72.921,44.432],[-72.9205,44.4291],[-72.921,44.429],[-72.9225,44.4316]]]}},{"type":"Feature","properties":{"name":"Vermont Land Trust Easement","agency":"4000052210","type":"EASEMENT","access":"limited (easement)","acres":38,"owner":"PRIV"},"geometry":{"type":"Polygon","coordinates":[[[-73.105,44.2937],[-73.105,44.2943],[-73.1038,44.2944],[-73.1036,44.2964],[-73.1025,44.2966],[-73.1025,44.2969],[-73.0976,44.2973],[-73.0972,44.2948],[-73.1023,44.2942],[-73.1035,44.2936],[-73.105,44.2937]]]}},{"type":"Feature","properties":{"name":"Vermont Land Trust Easement","agency":"4000052210","type":"EASEMENT","access":"limited (easement)","acres":266,"owner":"PRIV"},"geometry":{"type":"Polygon","coordinates":[[[-72.6736,44.5586],[-72.6562,44.5524],[-72.6549,44.5542],[-72.6529,44.5535],[-72.6537,44.5504],[-72.6551,44.5518],[-72.6572,44.55],[-72.6578,44.5501],[-72.6578,44.5506],[-72.66,44.5504],[-72.66,44.5497],[-72.6622,44.5497],[-72.6688,44.5484],[-72.6747,44.5515],[-72.6778,44.5521],[-72.6769,44.5536],[-72.675,44.553],[-72.6747,44.558],[-72.6739,44.5582],[-72.6736,44.5586]]]}},{"type":"Feature","properties":{"name":"Vermont Land Trust Easement","agency":"4000052210","type":"EASEMENT","access":"limited (easement)","acres":3,"owner":"PRIV"},"geometry":{"type":"Polygon","coordinates":[[[-72.5069,44.3171],[-72.5066,44.3181],[-72.5049,44.3177],[-72.5051,44.3169],[-72.5069,44.3171]]]}},{"type":"Feature","properties":{"name":"Vermont Land Trust Easement","agency":"4000052210","type":"EASEMENT","access":"limited (easement)","acres":7,"owner":"PRIV"},"geometry":{"type":"Polygon","coordinates":[[[-72.6399,44.4945],[-72.641,44.4932],[-72.6423,44.4939],[-72.6419,44.4954],[-72.6399,44.4945]]]}},{"type":"Feature","properties":{"name":"Vermont Land Trust Easement","agency":"4000052210","type":"EASEMENT","access":"limited (easement)","acres":4,"owner":"PRIV"},"geometry":{"type":"Polygon","coordinates":[[[-72.6607,44.49],[-72.6619,44.4902],[-72.6606,44.4919],[-72.6599,44.4918],[-72.6607,44.49]]]}},{"type":"Feature","properties":{"name":"Vermont Land Trust Easement","agency":"4000052210","type":"EASEMENT","access":"limited (easement)","acres":7,"owner":"PRIV"},"geometry":{"type":"Polygon","coordinates":[[[-72.5527,44.299],[-72.5519,44.2967],[-72.5548,44.2977],[-72.5536,44.2985],[-72.5535,44.299],[-72.5527,44.299]]]}},{"type":"Feature","properties":{"name":"Vermont Land Trust Easement","agency":"4000052210","type":"EASEMENT","access":"limited (easement)","acres":19,"owner":"PRIV"},"geometry":{"type":"Polygon","coordinates":[[[-72.4956,44.2906],[-72.4963,44.2948],[-72.4944,44.2944],[-72.4947,44.2938],[-72.4932,44.2936],[-72.4932,44.2925],[-72.4938,44.2925],[-72.4937,44.2909],[-72.4956,44.2906]]]}},{"type":"Feature","properties":{"name":"Vermont Land Trust Easement","agency":"4000052210","type":"EASEMENT","access":"limited (easement)","acres":5,"owner":"PRIV"},"geometry":{"type":"Polygon","coordinates":[[[-72.4965,44.2949],[-72.4963,44.2937],[-72.498,44.2937],[-72.4982,44.2949],[-72.4965,44.2949]]]}},{"type":"Feature","properties":{"name":"Vermont Land Trust Easement","agency":"4000052210","type":"EASEMENT","access":"limited (easement)","acres":14,"owner":"PRIV"},"geometry":{"type":"Polygon","coordinates":[[[-72.5101,44.3011],[-72.5112,44.2997],[-72.5146,44.3009],[-72.5136,44.3024],[-72.5101,44.3011]]]}},{"type":"Feature","properties":{"name":"Vermont Land Trust Easement","agency":"4000052210","type":"EASEMENT","access":"limited (easement)","acres":19,"owner":"PRIV"},"geometry":{"type":"Polygon","coordinates":[[[-72.3216,44.5038],[-72.3209,44.5036],[-72.3204,44.5045],[-72.3193,44.504],[-72.3182,44.5041],[-72.321,44.5012],[-72.322,44.5022],[-72.323,44.5017],[-72.3229,44.5011],[-72.324,44.5015],[-72.3252,44.5009],[-72.3272,44.5015],[-72.3243,44.5015],[-72.3216,44.5038]]]}},{"type":"Feature","properties":{"name":"Vermont Land Trust Easement","agency":"4000052210","type":"EASEMENT","access":"limited (easement)","acres":67,"owner":"PRIV"},"geometry":{"type":"Polygon","coordinates":[[[-72.4033,44.286],[-72.3974,44.2868],[-72.3956,44.2861],[-72.3986,44.282],[-72.4055,44.282],[-72.4037,44.2843],[-72.4043,44.2845],[-72.4033,44.286]]]}},{"type":"Feature","properties":{"name":"Vermont Land Trust Easement","agency":"4000052210","type":"EASEMENT","access":"limited (easement)","acres":169,"owner":"PRIV"},"geometry":{"type":"Polygon","coordinates":[[[-72.3325,44.5265],[-72.3258,44.5239],[-72.3263,44.5206],[-72.3269,44.5194],[-72.3272,44.519],[-72.3289,44.5195],[-72.3305,44.5174],[-72.3391,44.5207],[-72.3347,44.5266],[-72.3341,44.5263],[-72.3334,44.5268],[-72.3325,44.5265]]]}},{"type":"Feature","properties":{"name":"Vermont Land Trust Easement","agency":"4000052210","type":"EASEMENT","access":"limited (easement)","acres":48,"owner":"PRIV"},"geometry":{"type":"Polygon","coordinates":[[[-72.724,44.5348],[-72.7238,44.5363],[-72.7186,44.5352],[-72.7184,44.5358],[-72.7164,44.5353],[-72.7157,44.5364],[-72.7152,44.536],[-72.7152,44.5355],[-72.7139,44.535],[-72.7148,44.5337],[-72.7215,44.5329],[-72.724,44.5348]]]}},{"type":"Feature","properties":{"name":"Vermont Land Trust Easement","agency":"4000052210","type":"EASEMENT","access":"limited (easement)","acres":45,"owner":"PRIV"},"geometry":{"type":"Polygon","coordinates":[[[-72.7225,44.5429],[-72.7195,44.5416],[-72.7193,44.5427],[-72.7172,44.5426],[-72.7172,44.5411],[-72.7185,44.5413],[-72.7217,44.5365],[-72.7184,44.5358],[-72.7186,44.5352],[-72.7238,44.5363],[-72.7234,44.5373],[-72.7214,44.5383],[-72.7224,44.5405],[-72.7237,44.541],[-72.7225,44.5429]]]}},{"type":"Feature","properties":{"name":"Vermont Land Trust Easement","agency":"4000052210","type":"EASEMENT","access":"limited (easement)","acres":14,"owner":"PRIV"},"geometry":{"type":"Polygon","coordinates":[[[-72.5466,44.3707],[-72.5484,44.3699],[-72.5485,44.3704],[-72.5508,44.3706],[-72.5498,44.3706],[-72.5495,44.3717],[-72.55,44.3718],[-72.5499,44.3722],[-72.5491,44.3721],[-72.5491,44.3724],[-72.5472,44.3722],[-72.5471,44.3727],[-72.5463,44.3723],[-72.547,44.371],[-72.5466,44.3707]]]}},{"type":"Feature","properties":{"name":"Vermont Land Trust Easement","agency":"4000052210","type":"EASEMENT","access":"limited (easement)","acres":8,"owner":"PRIV"},"geometry":{"type":"Polygon","coordinates":[[[-72.5357,44.0875],[-72.5369,44.0853],[-72.5375,44.0855],[-72.5369,44.0864],[-72.5387,44.0869],[-72.5382,44.0878],[-72.5373,44.088],[-72.5357,44.0875]]]}},{"type":"Feature","properties":{"name":"Vermont Land Trust Easement","agency":"4000052210","type":"EASEMENT","access":"limited (easement)","acres":442,"owner":"PRIV"},"geometry":{"type":"Polygon","coordinates":[[[-72.8893,44.2396],[-72.884,44.2451],[-72.882,44.2449],[-72.8817,44.2453],[-72.8793,44.245],[-72.8784,44.2454],[-72.8759,44.2449],[-72.8734,44.2454],[-72.8729,44.2446],[-72.872,44.2442],[-72.8701,44.2441],[-72.8686,44.2429],[-72.8683,44.242],[-72.8664,44.2409],[-72.8653,44.2408],[-72.8648,44.2399],[-72.8635,44.2395],[-72.861,44.2374],[-72.862,44.2373],[-72.8645,44.2357],[-72.8638,44.2354],[-72.8651,44.2334],[-72.8685,44.2337],[-72.869,44.2332],[-72.8789,44.2364],[-72.8792,44.2361],[-72.8893,44.2396]]]}},{"type":"Feature","properties":{"name":"Vermont Land Trust Easement","agency":"4000052210","type":"EASEMENT","access":"limited (easement)","acres":274,"owner":"PRIV"},"geometry":{"type":"Polygon","coordinates":[[[-72.9922,44.2717],[-72.9922,44.271],[-72.9911,44.2692],[-72.9892,44.267],[-72.9885,44.2641],[-72.9889,44.2641],[-72.9917,44.2582],[-73.0013,44.2572],[-73.0016,44.2599],[-73.0004,44.2613],[-73.0,44.2642],[-72.999,44.2653],[-72.9981,44.2676],[-72.9969,44.2686],[-72.9956,44.2687],[-72.9954,44.2679],[-72.9942,44.2681],[-72.9945,44.269],[-72.9967,44.2687],[-72.9974,44.2694],[-72.9963,44.2702],[-72.9963,44.2713],[-72.9943,44.272],[-72.9931,44.2732],[-72.9922,44.2717]]]}},{"type":"Feature","properties":{"name":"Vermont Land Trust Easement","agency":"4000052210","type":"EASEMENT","access":"limited (easement)","acres":36,"owner":"PRIV"},"geometry":{"type":"Polygon","coordinates":[[[-72.809,44.1606],[-72.8117,44.1566],[-72.815,44.1583],[-72.8116,44.1619],[-72.809,44.1606]]]}},{"type":"Feature","properties":{"name":"Vermont Land Trust Easement","agency":"4000052210","type":"EASEMENT","access":"limited (easement)","acres":17,"owner":"PRIV"},"geometry":{"type":"Polygon","coordinates":[[[-72.215,44.5412],[-72.2149,44.5422],[-72.2114,44.5427],[-72.2108,44.5414],[-72.2119,44.5399],[-72.215,44.5412]]]}},{"type":"Feature","properties":{"name":"Vermont Land Trust Easement","agency":"4000052210","type":"EASEMENT","access":"limited (easement)","acres":151,"owner":"PRIV"},"geometry":{"type":"Polygon","coordinates":[[[-72.5529,44.3005],[-72.5541,44.3004],[-72.5539,44.2996],[-72.5528,44.2997],[-72.5527,44.299],[-72.5535,44.299],[-72.5536,44.2985],[-72.5548,44.2977],[-72.5494,44.2957],[-72.5518,44.2925],[-72.5541,44.2933],[-72.5537,44.2938],[-72.5556,44.2945],[-72.5559,44.294],[-72.5617,44.2959],[-72.5576,44.3018],[-72.5608,44.303],[-72.5602,44.3039],[-72.5584,44.3033],[-72.5577,44.3044],[-72.5555,44.3038],[-72.5533,44.3018],[-72.5529,44.3005]]]}},{"type":"Feature","properties":{"name":"Vermont Land Trust Easement","agency":"4000052210","type":"EASEMENT","access":"limited (easement)","acres":12,"owner":"PRIV"},"geometry":{"type":"Polygon","coordinates":[[[-72.404,44.5607],[-72.4047,44.5598],[-72.4054,44.5596],[-72.4072,44.5595],[-72.4078,44.5599],[-72.4069,44.561],[-72.4053,44.5617],[-72.404,44.5612],[-72.404,44.5607]]]}},{"type":"Feature","properties":{"name":"Vermont Land Trust Easement","agency":"4000052210","type":"EASEMENT","access":"limited (easement)","acres":6,"owner":"PRIV"},"geometry":{"type":"Polygon","coordinates":[[[-72.4102,44.5624],[-72.4096,44.5622],[-72.4092,44.5614],[-72.4099,44.5596],[-72.4108,44.5599],[-72.4103,44.5612],[-72.4108,44.5621],[-72.4102,44.5624]]]}},{"type":"Feature","properties":{"name":"Vermont Land Trust Easement","agency":"4000052210","type":"EASEMENT","access":"limited (easement)","acres":4,"owner":"PRIV"},"geometry":{"type":"Polygon","coordinates":[[[-72.4088,44.562],[-72.4092,44.5623],[-72.4092,44.5628],[-72.4087,44.5635],[-72.4081,44.5636],[-72.4079,44.5626],[-72.4088,44.562]]]}},{"type":"Feature","properties":{"name":"Vermont Land Trust Easement","agency":"4000052210","type":"EASEMENT","access":"limited (easement)","acres":75,"owner":"PRIV"},"geometry":{"type":"Polygon","coordinates":[[[-72.6602,44.5494],[-72.6578,44.5496],[-72.6578,44.55],[-72.6552,44.5493],[-72.6566,44.5476],[-72.659,44.5484],[-72.6623,44.5443],[-72.6675,44.5465],[-72.668,44.5483],[-72.6625,44.5495],[-72.6605,44.5489],[-72.6602,44.5494]]]}},{"type":"Feature","properties":{"name":"Vermont Land Trust Easement","agency":"4000052210","type":"EASEMENT","access":"limited (easement)","acres":25,"owner":"PRIV"},"geometry":{"type":"Polygon","coordinates":[[[-72.5037,44.3113],[-72.5025,44.3108],[-72.5022,44.311],[-72.5004,44.31],[-72.5018,44.3084],[-72.5047,44.3095],[-72.5062,44.3077],[-72.5072,44.3081],[-72.5063,44.3093],[-72.5055,44.3091],[-72.5045,44.3106],[-72.5054,44.3108],[-72.5048,44.3121],[-72.5035,44.3116],[-72.5037,44.3113]]]}},{"type":"Feature","properties":{"name":"Vermont Land Trust Easement","agency":"4000052210","type":"EASEMENT","access":"limited (easement)","acres":113,"owner":"PRIV"},"geometry":{"type":"Polygon","coordinates":[[[-72.8492,44.0843],[-72.8492,44.0832],[-72.8446,44.082],[-72.8452,44.0799],[-72.8488,44.0794],[-72.8497,44.0769],[-72.8567,44.0794],[-72.8521,44.0851],[-72.8492,44.0843]]]}},{"type":"Feature","properties":{"name":"Vermont Land Trust Easement","agency":"4000052210","type":"EASEMENT","access":"limited (easement)","acres":20,"owner":"PRIV"},"geometry":{"type":"Polygon","coordinates":[[[-72.5043,44.3129],[-72.5054,44.3134],[-72.5059,44.3127],[-72.5081,44.3135],[-72.5072,44.3158],[-72.5031,44.3143],[-72.5043,44.3129]]]}},{"type":"Feature","properties":{"name":"Vermont Land Trust Easement","agency":"4000052210","type":"EASEMENT","access":"limited (easement)","acres":107,"owner":"PRIV"},"geometry":{"type":"Polygon","coordinates":[[[-72.5086,44.3188],[-72.5077,44.3185],[-72.5078,44.3182],[-72.5093,44.3187],[-72.5096,44.3165],[-72.5072,44.3166],[-72.5078,44.3149],[-72.5116,44.3163],[-72.5109,44.3173],[-72.5154,44.319],[-72.5152,44.3193],[-72.517,44.3201],[-72.5152,44.3226],[-72.5156,44.323],[-72.5139,44.3257],[-72.5115,44.3246],[-72.5123,44.3232],[-72.5073,44.3214],[-72.5086,44.3188]]]}},{"type":"Feature","properties":{"name":"Vermont Land Trust Easement","agency":"4000052210","type":"EASEMENT","access":"limited (easement)","acres":10,"owner":"PRIV"},"geometry":{"type":"Polygon","coordinates":[[[-72.5072,44.3166],[-72.5096,44.3165],[-72.5093,44.3187],[-72.5068,44.3179],[-72.5072,44.3166]]]}},{"type":"Feature","properties":{"name":"Vermont Land Trust Easement","agency":"4000052210","type":"EASEMENT","access":"limited (easement)","acres":30,"owner":"PRIV"},"geometry":{"type":"Polygon","coordinates":[[[-72.5152,44.3189],[-72.5184,44.3146],[-72.5208,44.3155],[-72.517,44.3201],[-72.5152,44.3193],[-72.5152,44.3189]]]}},{"type":"Feature","properties":{"name":"Vermont Land Trust Easement","agency":"4000052210","type":"EASEMENT","access":"limited (easement)","acres":3,"owner":"PRIV"},"geometry":{"type":"Polygon","coordinates":[[[-72.6328,44.4901],[-72.6354,44.4899],[-72.6355,44.4905],[-72.6337,44.4907],[-72.6328,44.4901]]]}},{"type":"Feature","properties":{"name":"Vermont Land Trust Easement","agency":"4000052210","type":"EASEMENT","access":"limited (easement)","acres":297,"owner":"PRIV"},"geometry":{"type":"Polygon","coordinates":[[[-72.6535,44.5492],[-72.6528,44.5534],[-72.6482,44.5521],[-72.6422,44.5511],[-72.6426,44.5502],[-72.6387,44.5481],[-72.6422,44.5427],[-72.6405,44.542],[-72.6436,44.5376],[-72.6534,44.5419],[-72.6482,44.549],[-72.6501,44.5494],[-72.6535,44.5492]]]}},{"type":"Feature","properties":{"name":"Vermont Land Trust Easement","agency":"4000052210","type":"EASEMENT","access":"limited (easement)","acres":58,"owner":"PRIV"},"geometry":{"type":"Polygon","coordinates":[[[-72.3245,44.5181],[-72.3271,44.5189],[-72.3261,44.5205],[-72.3256,44.5238],[-72.3236,44.5232],[-72.3187,44.5239],[-72.3193,44.5208],[-72.3227,44.5211],[-72.3238,44.5179],[-72.3245,44.5181]]]}},{"type":"Feature","properties":{"name":"Vermont Land Trust Easement","agency":"4000052210","type":"EASEMENT","access":"limited (easement)","acres":10,"owner":"PRIV"},"geometry":{"type":"Polygon","coordinates":[[[-72.3209,44.5054],[-72.3225,44.5032],[-72.324,44.5039],[-72.3227,44.5058],[-72.3209,44.5054]]]}},{"type":"Feature","properties":{"name":"Vermont Land Trust Easement","agency":"4000052210","type":"EASEMENT","access":"limited (easement)","acres":8,"owner":"PRIV"},"geometry":{"type":"Polygon","coordinates":[[[-72.3565,44.5198],[-72.3585,44.5203],[-72.3579,44.522],[-72.3555,44.521],[-72.3565,44.5198]]]}},{"type":"Feature","properties":{"name":"Vermont Land Trust Easement","agency":"4000052210","type":"EASEMENT","access":"limited (easement)","acres":3,"owner":"PRIV"},"geometry":{"type":"Polygon","coordinates":[[[-72.5116,44.3057],[-72.5124,44.3064],[-72.5117,44.3076],[-72.5108,44.307],[-72.5116,44.3057]]]}},{"type":"Feature","properties":{"name":"Vermont Land Trust Easement","agency":"4000052210","type":"EASEMENT","access":"limited (easement)","acres":42,"owner":"PRIV"},"geometry":{"type":"Polygon","coordinates":[[[-72.7702,44.2601],[-72.7689,44.2605],[-72.7651,44.2588],[-72.7685,44.2553],[-72.7716,44.2567],[-72.7702,44.2601]]]}},{"type":"Feature","properties":{"name":"Vermont Land Trust Easement","agency":"4000052210","type":"EASEMENT","access":"limited (easement)","acres":7,"owner":"PRIV"},"geometry":{"type":"Polygon","coordinates":[[[-72.7756,44.2416],[-72.7755,44.2404],[-72.7766,44.2407],[-72.7786,44.2422],[-72.778,44.2429],[-72.7756,44.2416]]]}},{"type":"Feature","properties":{"name":"Vermont Land Trust Easement","agency":"4000052210","type":"EASEMENT","access":"limited (easement)","acres":8,"owner":"PRIV"},"geometry":{"type":"Polygon","coordinates":[[[-72.7768,44.2385],[-72.7772,44.2386],[-72.7772,44.2411],[-72.7755,44.2403],[-72.7754,44.24],[-72.7761,44.2382],[-72.7768,44.2385]]]}},{"type":"Feature","properties":{"name":"Vermont Land Trust Easement","agency":"4000052210","type":"EASEMENT","access":"limited (easement)","acres":41,"owner":"PRIV"},"geometry":{"type":"Polygon","coordinates":[[[-72.8087,44.1548],[-72.8116,44.1563],[-72.8089,44.1605],[-72.8068,44.1595],[-72.8072,44.1583],[-72.8063,44.1581],[-72.8065,44.1573],[-72.805,44.1562],[-72.8055,44.1552],[-72.8082,44.1566],[-72.8087,44.1548]]]}},{"type":"Feature","properties":{"name":"Vermont Land Trust Easement","agency":"4000052210","type":"EASEMENT","access":"limited (easement)","acres":118,"owner":"PRIV"},"geometry":{"type":"Polygon","coordinates":[[[-72.8166,44.1588],[-72.8177,44.1575],[-72.8159,44.1566],[-72.8147,44.1578],[-72.8141,44.1575],[-72.8145,44.157],[-72.8133,44.1564],[-72.8128,44.1518],[-72.8135,44.1515],[-72.8139,44.152],[-72.8146,44.1517],[-72.8141,44.1512],[-72.8174,44.1498],[-72.8196,44.1494],[-72.8192,44.1498],[-72.8218,44.1511],[-72.8193,44.1537],[-72.8197,44.1549],[-72.819,44.156],[-72.8201,44.1563],[-72.82,44.1574],[-72.8206,44.1575],[-72.8206,44.1579],[-72.8202,44.159],[-72.8191,44.1587],[-72.8184,44.1597],[-72.8166,44.1588]]]}},{"type":"Feature","properties":{"name":"Vermont Land Trust Easement","agency":"4000052210","type":"EASEMENT","access":"limited (easement)","acres":38,"owner":"PRIV"},"geometry":{"type":"Polygon","coordinates":[[[-72.7323,44.1502],[-72.7323,44.1508],[-72.7313,44.1515],[-72.7302,44.1507],[-72.7276,44.15],[-72.7252,44.1505],[-72.7223,44.149],[-72.7234,44.1476],[-72.7227,44.1473],[-72.7232,44.1467],[-72.7289,44.1494],[-72.7294,44.1489],[-72.7323,44.1502]]]}},{"type":"Feature","properties":{"name":"Vermont Land Trust Easement","agency":"4000052210","type":"EASEMENT","access":"limited (easement)","acres":40,"owner":"PRIV"},"geometry":{"type":"Polygon","coordinates":[[[-72.7301,44.1412],[-72.7303,44.1356],[-72.7332,44.1363],[-72.7306,44.1388],[-72.7361,44.1417],[-72.7343,44.1434],[-72.7301,44.1412]]]}},{"type":"Feature","properties":{"name":"Vermont Land Trust Easement","agency":"4000052210","type":"EASEMENT","access":"limited (easement)","acres":71,"owner":"PRIV"},"geometry":{"type":"Polygon","coordinates":[[[-72.7301,44.1354],[-72.7299,44.1411],[-72.729,44.1406],[-72.7283,44.1413],[-72.7252,44.1404],[-72.7271,44.1369],[-72.7222,44.1355],[-72.7233,44.1336],[-72.7301,44.1354]]]}},{"type":"Feature","properties":{"name":"Vermont Land Trust Easement","agency":"4000052210","type":"EASEMENT","access":"limited (easement)","acres":114,"owner":"PRIV"},"geometry":{"type":"Polygon","coordinates":[[[-72.8625,44.137],[-72.8587,44.1357],[-72.8608,44.1327],[-72.8597,44.1324],[-72.8618,44.1293],[-72.8631,44.1296],[-72.8645,44.1276],[-72.8646,44.1265],[-72.8654,44.1268],[-72.8669,44.1248],[-72.8696,44.1257],[-72.8677,44.1282],[-72.8674,44.1294],[-72.8655,44.1328],[-72.8625,44.137]]]}},{"type":"Feature","properties":{"name":"Vermont Land Trust Easement","agency":"4000052210","type":"EASEMENT","access":"limited (easement)","acres":10,"owner":"PRIV"},"geometry":{"type":"Polygon","coordinates":[[[-72.832,44.3442],[-72.8307,44.3438],[-72.8322,44.3411],[-72.8333,44.3413],[-72.8333,44.3425],[-72.832,44.3442]]]}},{"type":"Feature","properties":{"name":"Vermont Land Trust Easement","agency":"4000052210","type":"EASEMENT","access":"limited (easement)","acres":31,"owner":"PRIV"},"geometry":{"type":"Polygon","coordinates":[[[-72.7929,44.212],[-72.7924,44.2129],[-72.7934,44.2135],[-72.7922,44.2159],[-72.7918,44.2158],[-72.7914,44.2163],[-72.7912,44.2154],[-72.7901,44.2146],[-72.7888,44.2125],[-72.7901,44.2109],[-72.7922,44.2112],[-72.7929,44.212]]]}},{"type":"Feature","properties":{"name":"Vermont Land Trust Easement","agency":"4000052210","type":"EASEMENT","access":"limited (easement)","acres":284,"owner":"PRIV"},"geometry":{"type":"Polygon","coordinates":[[[-73.0552,44.2394],[-73.0533,44.2441],[-73.0524,44.2444],[-73.0525,44.2465],[-73.0532,44.2469],[-73.0531,44.248],[-73.0496,44.2483],[-73.0496,44.2541],[-73.0483,44.2533],[-73.0466,44.2531],[-73.0435,44.2543],[-73.0416,44.246],[-73.0392,44.2463],[-73.0392,44.2433],[-73.0452,44.2426],[-73.0466,44.2403],[-73.0552,44.2394]]]}},{"type":"Feature","properties":{"name":"Vermont Land Trust Easement","agency":"4000052210","type":"EASEMENT","access":"limited (easement)","acres":38,"owner":"PRIV"},"geometry":{"type":"Polygon","coordinates":[[[-72.6354,44.4899],[-72.6328,44.4901],[-72.6315,44.4893],[-72.6322,44.4886],[-72.6343,44.4889],[-72.6363,44.4883],[-72.6421,44.4885],[-72.643,44.4891],[-72.6436,44.4885],[-72.6456,44.4884],[-72.6454,44.4892],[-72.6426,44.4893],[-72.6427,44.4898],[-72.6371,44.4903],[-72.637,44.4898],[-72.6354,44.4899]]]}},{"type":"Feature","properties":{"name":"Vermont Land Trust Easement","agency":"4000052210","type":"EASEMENT","access":"limited (easement)","acres":3,"owner":"PRIV"},"geometry":{"type":"Polygon","coordinates":[[[-72.5156,44.3122],[-72.5143,44.3132],[-72.5139,44.313],[-72.5146,44.3112],[-72.5156,44.3122]]]}},{"type":"Feature","properties":{"name":"Vermont Land Trust Easement","agency":"4000052210","type":"EASEMENT","access":"limited (easement)","acres":66,"owner":"PRIV"},"geometry":{"type":"Polygon","coordinates":[[[-73.0948,44.4136],[-73.1019,44.4153],[-73.0999,44.4189],[-73.0964,44.418],[-73.0926,44.4178],[-73.0948,44.4136]]]}},{"type":"Feature","properties":{"name":"Vermont Land Trust Easement","agency":"4000052210","type":"EASEMENT","access":"limited (easement)","acres":54,"owner":"PRIV"},"geometry":{"type":"Polygon","coordinates":[[[-73.1041,44.4112],[-73.1025,44.4125],[-73.1033,44.4127],[-73.1024,44.4143],[-73.102,44.4142],[-73.1015,44.4151],[-73.0987,44.4144],[-73.099,44.4137],[-73.0978,44.4134],[-73.0974,44.4141],[-73.0949,44.4134],[-73.0961,44.4111],[-73.1007,44.4122],[-73.1012,44.4096],[-73.1045,44.4104],[-73.1041,44.4112]]]}},{"type":"Feature","properties":{"name":"Vermont Land Trust Easement","agency":"4000052210","type":"EASEMENT","access":"limited (easement)","acres":78,"owner":"PRIV"},"geometry":{"type":"Polygon","coordinates":[[[-72.3498,44.5258],[-72.3495,44.5267],[-72.3508,44.5271],[-72.3496,44.5305],[-72.3462,44.5299],[-72.3462,44.5319],[-72.3435,44.5315],[-72.3426,44.5308],[-72.3421,44.5276],[-72.3466,44.5261],[-72.3498,44.5258]]]}},{"type":"Feature","properties":{"name":"Vermont Land Trust Easement","agency":"4000052210","type":"EASEMENT","access":"limited (easement)","acres":180,"owner":"PRIV"},"geometry":{"type":"Polygon","coordinates":[[[-72.4992,44.3199],[-72.4979,44.3193],[-72.4966,44.3167],[-72.498,44.3151],[-72.4956,44.3141],[-72.4971,44.3124],[-72.4979,44.3128],[-72.5003,44.3102],[-72.5021,44.3112],[-72.5015,44.3118],[-72.5028,44.3124],[-72.5033,44.3117],[-72.5048,44.3123],[-72.5031,44.3143],[-72.5072,44.3158],[-72.5069,44.3171],[-72.5051,44.3169],[-72.5049,44.3177],[-72.5066,44.3181],[-72.5049,44.3232],[-72.5001,44.3213],[-72.4992,44.3199]]]}},{"type":"Feature","properties":{"name":"Vermont Land Trust Easement","agency":"4000052210","type":"EASEMENT","access":"limited (easement)","acres":32,"owner":"PRIV"},"geometry":{"type":"Polygon","coordinates":[[[-72.4941,44.5587],[-72.497,44.5596],[-72.4954,44.5623],[-72.4906,44.5603],[-72.4912,44.5589],[-72.4941,44.5587]]]}},{"type":"Feature","properties":{"name":"Vermont Land Trust Easement","agency":"4000052210","type":"EASEMENT","access":"limited (easement)","acres":17,"owner":"PRIV"},"geometry":{"type":"Polygon","coordinates":[[[-73.0926,44.3905],[-73.0943,44.3895],[-73.0941,44.389],[-73.0951,44.3888],[-73.095,44.3892],[-73.0955,44.3893],[-73.095,44.3905],[-73.0938,44.3903],[-73.0932,44.3923],[-73.0943,44.3925],[-73.0938,44.3939],[-73.0912,44.3932],[-73.0926,44.3905]]]}},{"type":"Feature","properties":{"name":"Vermont Land Trust Easement","agency":"4000052210","type":"EASEMENT","access":"limited (easement)","acres":84,"owner":"PRIV"},"geometry":{"type":"Polygon","coordinates":[[[-73.0978,44.389],[-73.1004,44.3897],[-73.0993,44.392],[-73.1058,44.3937],[-73.1044,44.3963],[-73.0979,44.3945],[-73.0969,44.3948],[-73.094,44.3939],[-73.0952,44.3906],[-73.0976,44.391],[-73.0978,44.389]]]}},{"type":"Feature","properties":{"name":"Vermont Land Trust Easement","agency":"4000052210","type":"EASEMENT","access":"limited (easement)","acres":4,"owner":"PRIV"},"geometry":{"type":"Polygon","coordinates":[[[-72.7932,44.2119],[-72.793,44.2113],[-72.7916,44.2108],[-72.7896,44.2109],[-72.7884,44.2127],[-72.791,44.2157],[-72.7911,44.2163],[-72.7906,44.2167],[-72.7889,44.2168],[-72.7909,44.2162],[-72.7883,44.2127],[-72.7895,44.2109],[-72.7904,44.2105],[-72.7918,44.2108],[-72.7929,44.2112],[-72.7932,44.2119]]]}},{"type":"Feature","properties":{"name":"Vermont Land Trust Easement","agency":"4000052210","type":"EASEMENT","access":"limited (easement)","acres":7,"owner":"PRIV"},"geometry":{"type":"Polygon","coordinates":[[[-72.4918,44.5623],[-72.4926,44.5613],[-72.4953,44.5625],[-72.4946,44.5631],[-72.4918,44.5623]]]}},{"type":"Feature","properties":{"name":"Vermont Land Trust Easement","agency":"4000052210","type":"EASEMENT","access":"limited (easement)","acres":26,"owner":"PRIV"},"geometry":{"type":"Polygon","coordinates":[[[-72.4982,44.5606],[-72.5001,44.5625],[-72.5013,44.5629],[-72.5006,44.5648],[-72.4996,44.564],[-72.4956,44.5624],[-72.4972,44.5597],[-72.4982,44.5606]]]}},{"type":"Feature","properties":{"name":"Vermont Land Trust Easement","agency":"4000052210","type":"EASEMENT","access":"limited (easement)","acres":17,"owner":"PRIV"},"geometry":{"type":"Polygon","coordinates":[[[-72.8379,44.3235],[-72.8386,44.3237],[-72.8384,44.3256],[-72.8362,44.327],[-72.8358,44.328],[-72.8346,44.3289],[-72.8369,44.3241],[-72.8366,44.3237],[-72.8379,44.3235]]]}},{"type":"Feature","properties":{"name":"Vermont Land Trust Easement","agency":"4000052210","type":"EASEMENT","access":"limited (easement)","acres":3,"owner":"PRIV"},"geometry":{"type":"Polygon","coordinates":[[[-72.6706,43.9734],[-72.6682,43.973],[-72.6694,43.9717],[-72.6706,43.9734]]]}},{"type":"Feature","properties":{"name":"Vermont Land Trust Easement","agency":"4000052210","type":"EASEMENT","access":"limited (easement)","acres":42,"owner":"PRIV"},"geometry":{"type":"Polygon","coordinates":[[[-72.3418,44.5276],[-72.3412,44.5268],[-72.3419,44.5241],[-72.345,44.5238],[-72.3458,44.5232],[-72.3495,44.5246],[-72.3488,44.5256],[-72.3459,44.5261],[-72.3418,44.5276]]]}},{"type":"Feature","properties":{"name":"Vermont Land Trust Easement","agency":"4000052210","type":"EASEMENT","access":"limited (easement)","acres":3,"owner":"PRIV"},"geometry":{"type":"Polygon","coordinates":[[[-72.3512,44.5261],[-72.3496,44.5256],[-72.3501,44.5248],[-72.3516,44.5254],[-72.3512,44.5261]]]}},{"type":"Feature","properties":{"name":"Vermont Land Trust Easement","agency":"4000052210","type":"EASEMENT","access":"limited (easement)","acres":103,"owner":"PRIV"},"geometry":{"type":"Polygon","coordinates":[[[-72.3511,44.5268],[-72.3528,44.5271],[-72.3533,44.5258],[-72.3517,44.5255],[-72.3536,44.5231],[-72.3546,44.5235],[-72.3559,44.5222],[-72.3548,44.5218],[-72.3554,44.5212],[-72.3578,44.5221],[-72.3569,44.5241],[-72.36,44.5243],[-72.3604,44.5239],[-72.3625,44.5239],[-72.362,44.5275],[-72.3584,44.5261],[-72.3552,44.53],[-72.3506,44.5283],[-72.3511,44.5268]]]}},{"type":"Feature","properties":{"name":"Vermont Land Trust Easement","agency":"4000052210","type":"EASEMENT","access":"limited (easement)","acres":33,"owner":"PRIV"},"geometry":{"type":"Polygon","coordinates":[[[-72.513,44.2829],[-72.5107,44.2825],[-72.5103,44.2812],[-72.5071,44.2784],[-72.5074,44.2775],[-72.5064,44.2761],[-72.5067,44.2758],[-72.506,44.2755],[-72.5045,44.2733],[-72.5041,44.2708],[-72.5038,44.2707],[-72.5042,44.2702],[-72.5036,44.27],[-72.5042,44.2689],[-72.5052,44.2731],[-72.5083,44.2775],[-72.5082,44.2784],[-72.5097,44.2794],[-72.5118,44.2818],[-72.5166,44.2835],[-72.5163,44.2837],[-72.5132,44.2827],[-72.513,44.2829]]]}},{"type":"Feature","properties":{"name":"Vermont Land Trust Easement","agency":"4000052210","type":"EASEMENT","access":"limited (easement)","acres":23,"owner":"PRIV"},"geometry":{"type":"Polygon","coordinates":[[[-72.6696,43.9733],[-72.6735,43.9749],[-72.6716,43.9767],[-72.6682,43.9753],[-72.6687,43.9742],[-72.6696,43.9733]]]}},{"type":"Feature","properties":{"name":"Vermont Land Trust Easement","agency":"4000052210","type":"EASEMENT","access":"limited (easement)","acres":13,"owner":"PRIV"},"geometry":{"type":"Polygon","coordinates":[[[-72.504,44.271],[-72.5045,44.2734],[-72.506,44.2755],[-72.503,44.2744],[-72.5036,44.2737],[-72.5021,44.273],[-72.504,44.271]]]}},{"type":"Feature","properties":{"name":"Vermont Land Trust Easement","agency":"4000052210","type":"EASEMENT","access":"limited (easement)","acres":5,"owner":"PRIV"},"geometry":{"type":"Polygon","coordinates":[[[-73.0036,44.459],[-73.004,44.459],[-73.0039,44.4595],[-73.0047,44.4605],[-73.0034,44.4611],[-73.0026,44.4599],[-73.0036,44.459]]]}},{"type":"Feature","properties":{"name":"Vermont Land Trust Easement","agency":"4000052210","type":"EASEMENT","access":"limited (easement)","acres":143,"owner":"PRIV"},"geometry":{"type":"Polygon","coordinates":[[[-73.0012,44.462],[-73.0001,44.4606],[-73.002,44.4591],[-73.0019,44.4583],[-73.0035,44.4585],[-73.0036,44.459],[-73.0026,44.4599],[-73.0034,44.4611],[-73.0047,44.4603],[-73.0052,44.4611],[-73.0068,44.4605],[-73.0075,44.4608],[-73.0054,44.4639],[-73.0118,44.4673],[-73.0084,44.4706],[-72.9978,44.4648],[-73.0017,44.4642],[-73.0012,44.462]]]}},{"type":"Feature","properties":{"name":"Vermont Land Trust Easement","agency":"4000052210","type":"EASEMENT","access":"limited (easement)","acres":42,"owner":"PRIV"},"geometry":{"type":"Polygon","coordinates":[[[-72.7271,44.2481],[-72.7266,44.249],[-72.7249,44.2486],[-72.7239,44.2511],[-72.7189,44.2486],[-72.7198,44.2468],[-72.7215,44.2467],[-72.7249,44.2473],[-72.7271,44.2481]]]}},{"type":"Feature","properties":{"name":"Vermont Land Trust Easement","agency":"4000052210","type":"EASEMENT","access":"limited (easement)","acres":6,"owner":"PRIV"},"geometry":{"type":"Polygon","coordinates":[[[-73.095,44.3905],[-73.0943,44.3925],[-73.0932,44.3923],[-73.0938,44.3903],[-73.095,44.3905]]]}},{"type":"Feature","properties":{"name":"Vermont Land Trust Easement","agency":"4000052210","type":"EASEMENT","access":"limited (easement)","acres":5,"owner":"PRIV"},"geometry":{"type":"Polygon","coordinates":[[[-72.3511,44.5268],[-72.3517,44.5255],[-72.3533,44.5258],[-72.3528,44.5271],[-72.3511,44.5268]]]}},{"type":"Feature","properties":{"name":"Vermont Land Trust Easement","agency":"4000052210","type":"EASEMENT","access":"limited (easement)","acres":110,"owner":"PRIV"},"geometry":{"type":"Polygon","coordinates":[[[-72.6736,43.9569],[-72.6767,43.9578],[-72.677,43.9572],[-72.6822,43.9588],[-72.6818,43.9597],[-72.6835,43.9602],[-72.6839,43.9594],[-72.6866,43.9602],[-72.6852,43.9626],[-72.6825,43.9637],[-72.6777,43.961],[-72.6746,43.9612],[-72.6715,43.9602],[-72.6736,43.9569]]]}},{"type":"Feature","properties":{"name":"Vermont Land Trust Easement","agency":"4000052210","type":"EASEMENT","access":"limited (easement)","acres":186,"owner":"PRIV"},"geometry":{"type":"Polygon","coordinates":[[[-72.6755,43.9757],[-72.6736,43.9747],[-72.6742,43.9742],[-72.6733,43.9737],[-72.6727,43.9743],[-72.6709,43.9734],[-72.6679,43.9696],[-72.6683,43.9691],[-72.6693,43.9683],[-72.6746,43.9669],[-72.6757,43.9658],[-72.6765,43.9655],[-72.6766,43.9659],[-72.6824,43.9678],[-72.6777,43.9755],[-72.6758,43.9749],[-72.6762,43.9757],[-72.6755,43.9757]]]}},{"type":"Feature","properties":{"name":"Vermont Land Trust Easement","agency":"4000052210","type":"EASEMENT","access":"limited (easement)","acres":88,"owner":"PRIV"},"geometry":{"type":"Polygon","coordinates":[[[-72.8197,44.2066],[-72.8139,44.2035],[-72.8143,44.2031],[-72.8174,44.203],[-72.818,44.2026],[-72.8187,44.203],[-72.8182,44.2034],[-72.8191,44.204],[-72.82,44.2039],[-72.8193,44.2049],[-72.8199,44.2064],[-72.8206,44.2056],[-72.8209,44.2057],[-72.8206,44.2074],[-72.8214,44.2095],[-72.8225,44.2105],[-72.8246,44.2109],[-72.8265,44.2118],[-72.8247,44.2138],[-72.8172,44.2114],[-72.8185,44.2101],[-72.817,44.2097],[-72.8197,44.2066]]]}},{"type":"Feature","properties":{"name":"Vermont Land Trust Easement","agency":"4000052210","type":"EASEMENT","access":"limited (easement)","acres":4,"owner":"PRIV"},"geometry":{"type":"Polygon","coordinates":[[[-72.393,44.5605],[-72.3939,44.5607],[-72.3924,44.5643],[-72.3926,44.5631],[-72.3923,44.5627],[-72.3927,44.562],[-72.3923,44.5617],[-72.393,44.5605]]]}},{"type":"Feature","properties":{"name":"Vermont Land Trust Easement","agency":"4000052210","type":"EASEMENT","access":"limited (easement)","acres":7,"owner":"PRIV"},"geometry":{"type":"Polygon","coordinates":[[[-72.3927,44.5603],[-72.393,44.5605],[-72.3923,44.5617],[-72.3927,44.5619],[-72.3926,44.5625],[-72.3923,44.5627],[-72.3926,44.5638],[-72.3916,44.5657],[-72.3922,44.5631],[-72.3913,44.5626],[-72.3912,44.5618],[-72.3922,44.5614],[-72.3927,44.5603]]]}},{"type":"Feature","properties":{"name":"Vermont Land Trust Easement","agency":"4000052210","type":"EASEMENT","access":"limited (easement)","acres":54,"owner":"PRIV"},"geometry":{"type":"Polygon","coordinates":[[[-72.3862,44.5647],[-72.3885,44.5655],[-72.3924,44.5602],[-72.3927,44.5603],[-72.3922,44.5614],[-72.3912,44.5619],[-72.3913,44.5626],[-72.3922,44.5631],[-72.3915,44.5656],[-72.3919,44.5656],[-72.3912,44.5688],[-72.3915,44.5714],[-72.39,44.5707],[-72.3887,44.5692],[-72.3886,44.5677],[-72.388,44.5665],[-72.3867,44.5663],[-72.3862,44.5647]]]}},{"type":"Feature","properties":{"name":"Vermont Land Trust Easement","agency":"4000052210","type":"EASEMENT","access":"limited (easement)","acres":131,"owner":"PRIV"},"geometry":{"type":"Polygon","coordinates":[[[-72.3926,44.5718],[-72.3917,44.5714],[-72.3914,44.5688],[-72.3923,44.565],[-72.3949,44.5586],[-72.3966,44.5605],[-72.3975,44.5649],[-72.3992,44.5674],[-72.3957,44.5717],[-72.3926,44.5718]]]}},{"type":"Feature","properties":{"name":"Vermont Land Trust Easement","agency":"4000052210","type":"EASEMENT","access":"limited (easement)","acres":31,"owner":"PRIV"},"geometry":{"type":"Polygon","coordinates":[[[-72.8712,44.374],[-72.8669,44.3795],[-72.8657,44.3791],[-72.868,44.3735],[-72.8712,44.374]]]}},{"type":"Feature","properties":{"name":"Vermont Land Trust Easement","agency":"4000052210","type":"EASEMENT","access":"limited (easement)","acres":17,"owner":"PRIV"},"geometry":{"type":"Polygon","coordinates":[[[-72.3186,44.0633],[-72.3178,44.0647],[-72.3188,44.0656],[-72.3194,44.0655],[-72.3194,44.0652],[-72.3203,44.0654],[-72.3195,44.067],[-72.3174,44.0666],[-72.3164,44.0654],[-72.3168,44.064],[-72.3186,44.0633]]]}},{"type":"Feature","properties":{"name":"Vermont Land Trust Easement","agency":"4000052210","type":"EASEMENT","access":"limited (easement)","acres":19,"owner":"PRIV"},"geometry":{"type":"Polygon","coordinates":[[[-72.3909,44.576],[-72.3914,44.5726],[-72.3923,44.5723],[-72.3926,44.5735],[-72.3932,44.5735],[-72.3927,44.572],[-72.3945,44.5733],[-72.391,44.5776],[-72.3907,44.5775],[-72.3909,44.576]]]}},{"type":"Feature","properties":{"name":"Vermont Land Trust Easement","agency":"4000052210","type":"EASEMENT","access":"limited (easement)","acres":55,"owner":"PRIV"},"geometry":{"type":"Polygon","coordinates":[[[-72.519,44.306],[-72.5171,44.3087],[-72.5153,44.3081],[-72.5135,44.3095],[-72.5117,44.3076],[-72.5124,44.3064],[-72.5116,44.3057],[-72.5128,44.3035],[-72.519,44.306]]]}},{"type":"Feature","properties":{"name":"Vermont Land Trust Easement","agency":"4000052210","type":"EASEMENT","access":"limited (easement)","acres":23,"owner":"PRIV"},"geometry":{"type":"Polygon","coordinates":[[[-72.3206,44.0549],[-72.3267,44.0565],[-72.3255,44.0585],[-72.3239,44.0574],[-72.3215,44.0566],[-72.3189,44.0544],[-72.3206,44.0549]]]}},{"type":"Feature","properties":{"name":"Vermont Land Trust Easement","agency":"4000052210","type":"EASEMENT","access":"limited (easement)","acres":25,"owner":"PRIV"},"geometry":{"type":"Polygon","coordinates":[[[-72.3249,44.0593],[-72.3206,44.0572],[-72.3191,44.0574],[-72.3188,44.0583],[-72.3174,44.058],[-72.3187,44.0545],[-72.3214,44.0567],[-72.3247,44.058],[-72.3254,44.0587],[-72.3249,44.0593]]]}},{"type":"Feature","properties":{"name":"Vermont Land Trust Easement","agency":"4000052210","type":"EASEMENT","access":"limited (easement)","acres":3,"owner":"PRIV"},"geometry":{"type":"Polygon","coordinates":[[[-72.5095,44.2661],[-72.5093,44.2666],[-72.5073,44.2678],[-72.5084,44.2662],[-72.5095,44.2661]]]}},{"type":"Feature","properties":{"name":"Vermont Land Trust Easement","agency":"4000052210","type":"EASEMENT","access":"limited (easement)","acres":4,"owner":"PRIV"},"geometry":{"type":"Polygon","coordinates":[[[-72.5102,44.2711],[-72.5096,44.2715],[-72.5075,44.2683],[-72.5102,44.2711]]]}},{"type":"Feature","properties":{"name":"Vermont Land Trust Easement","agency":"4000052210","type":"EASEMENT","access":"limited (easement)","acres":15,"owner":"PRIV"},"geometry":{"type":"Polygon","coordinates":[[[-72.5097,44.2717],[-72.5139,44.2737],[-72.5126,44.2749],[-72.5088,44.2731],[-72.5097,44.2717]]]}},{"type":"Feature","properties":{"name":"Vermont Land Trust Easement","agency":"4000052210","type":"EASEMENT","access":"limited (easement)","acres":18,"owner":"PRIV"},"geometry":{"type":"Polygon","coordinates":[[[-72.4181,44.3027],[-72.4175,44.3035],[-72.4118,44.3013],[-72.4135,44.3004],[-72.4143,44.3007],[-72.4146,44.3003],[-72.416,44.301],[-72.4156,44.3015],[-72.4161,44.3019],[-72.4166,44.3014],[-72.4181,44.3027]]]}},{"type":"Feature","properties":{"name":"Vermont Land Trust Easement","agency":"4000052210","type":"EASEMENT","access":"limited (easement)","acres":136,"owner":"PRIV"},"geometry":{"type":"Polygon","coordinates":[[[-72.3829,44.5652],[-72.3842,44.5655],[-72.3858,44.5649],[-72.3863,44.5664],[-72.3869,44.5667],[-72.3866,44.5673],[-72.3876,44.5705],[-72.3889,44.5718],[-72.3909,44.5726],[-72.3908,44.5753],[-72.3903,44.5761],[-72.3902,44.5773],[-72.3854,44.5753],[-72.3866,44.5738],[-72.3834,44.5725],[-72.3839,44.5718],[-72.3794,44.5701],[-72.3829,44.5652]]]}},{"type":"Feature","properties":{"name":"Vermont Land Trust Easement","agency":"4000052210","type":"EASEMENT","access":"limited (easement)","acres":4,"owner":"PRIV"},"geometry":{"type":"Polygon","coordinates":[[[-72.6368,44.4911],[-72.6369,44.4905],[-72.6385,44.4903],[-72.6374,44.4921],[-72.6366,44.492],[-72.6368,44.4911]]]}},{"type":"Feature","properties":{"name":"Vermont Land Trust Easement","agency":"4000052210","type":"EASEMENT","access":"limited (easement)","acres":12,"owner":"PRIV"},"geometry":{"type":"Polygon","coordinates":[[[-72.41,44.3006],[-72.4114,44.2985],[-72.4132,44.2994],[-72.4134,44.3003],[-72.4116,44.3012],[-72.41,44.3006]]]}},{"type":"Feature","properties":{"name":"Vermont Land Trust Easement","agency":"4000052210","type":"EASEMENT","access":"limited (easement)","acres":56,"owner":"PRIV"},"geometry":{"type":"Polygon","coordinates":[[[-73.0644,44.4156],[-73.0654,44.4138],[-73.0713,44.4157],[-73.0692,44.4201],[-73.0667,44.4193],[-73.0644,44.4156]]]}},{"type":"Feature","properties":{"name":"Vermont Land Trust Easement","agency":"4000052210","type":"EASEMENT","access":"limited (easement)","acres":28,"owner":"PRIV"},"geometry":{"type":"Polygon","coordinates":[[[-72.5234,44.3077],[-72.5185,44.3145],[-72.5181,44.314],[-72.5185,44.3131],[-72.5181,44.3118],[-72.519,44.3104],[-72.5221,44.3072],[-72.5234,44.3077]]]}},{"type":"Feature","properties":{"name":"Vermont Land Trust Easement","agency":"4000052210","type":"EASEMENT","access":"limited (easement)","acres":15,"owner":"PRIV"},"geometry":{"type":"Polygon","coordinates":[[[-72.5221,44.3072],[-72.519,44.3104],[-72.5181,44.3118],[-72.5185,44.3131],[-72.5165,44.3115],[-72.5182,44.3106],[-72.5208,44.3067],[-72.5221,44.3072]]]}},{"type":"Feature","properties":{"name":"Vermont Land Trust Easement","agency":"4000052210","type":"EASEMENT","access":"limited (easement)","acres":20,"owner":"PRIV"},"geometry":{"type":"Polygon","coordinates":[[[-72.5144,44.3108],[-72.5159,44.3098],[-72.5171,44.31],[-72.52,44.3063],[-72.5208,44.3067],[-72.5182,44.3106],[-72.5156,44.3119],[-72.5144,44.3108]]]}},{"type":"Feature","properties":{"name":"Vermont Land Trust Easement","agency":"4000052210","type":"EASEMENT","access":"limited (easement)","acres":20,"owner":"PRIV"},"geometry":{"type":"Polygon","coordinates":[[[-72.5135,44.3095],[-72.5153,44.3081],[-72.5171,44.3087],[-72.5191,44.306],[-72.52,44.3063],[-72.5171,44.31],[-72.5159,44.3098],[-72.5144,44.3108],[-72.5135,44.3095]]]}},{"type":"Feature","properties":{"name":"Vermont Land Trust Easement","agency":"4000052210","type":"EASEMENT","access":"limited (easement)","acres":50,"owner":"PRIV"},"geometry":{"type":"Polygon","coordinates":[[[-72.7215,44.5329],[-72.7148,44.5337],[-72.7139,44.535],[-72.7152,44.5355],[-72.7152,44.536],[-72.7148,44.5354],[-72.7135,44.5349],[-72.7168,44.5304],[-72.7108,44.5292],[-72.7147,44.5268],[-72.7164,44.5295],[-72.7215,44.5329]]]}},{"type":"Feature","properties":{"name":"Vermont Land Trust Easement","agency":"4000052210","type":"EASEMENT","access":"limited (easement)","acres":72,"owner":"PRIV"},"geometry":{"type":"Polygon","coordinates":[[[-72.5093,44.2453],[-72.5096,44.2468],[-72.5105,44.2481],[-72.5105,44.2495],[-72.5094,44.2497],[-72.5089,44.2512],[-72.5063,44.2502],[-72.5034,44.2482],[-72.5045,44.2477],[-72.5042,44.2461],[-72.5056,44.2451],[-72.507,44.2432],[-72.5081,44.2433],[-72.5093,44.2453]]]}},{"type":"Feature","properties":{"name":"Vermont Land Trust Easement","agency":"4000052210","type":"EASEMENT","access":"limited (easement)","acres":3,"owner":"PRIV"},"geometry":{"type":"Polygon","coordinates":[[[-72.3914,44.5726],[-72.3917,44.5716],[-72.3927,44.572],[-72.3933,44.5734],[-72.3926,44.5735],[-72.3923,44.5723],[-72.3914,44.5726]]]}},{"type":"Feature","properties":{"name":"Vermont Land Trust Easement","agency":"4000052210","type":"EASEMENT","access":"limited (easement)","acres":35,"owner":"PRIV"},"geometry":{"type":"Polygon","coordinates":[[[-72.3829,44.5652],[-72.384,44.5638],[-72.3862,44.5647],[-72.3867,44.5663],[-72.388,44.5665],[-72.3886,44.5677],[-72.3887,44.5692],[-72.39,44.5707],[-72.3915,44.5714],[-72.3908,44.5747],[-72.3909,44.5726],[-72.3889,44.5718],[-72.3876,44.5705],[-72.3866,44.5673],[-72.3869,44.5667],[-72.3863,44.5664],[-72.3858,44.5649],[-72.3842,44.5655],[-72.3829,44.5652]]]}},{"type":"Feature","properties":{"name":"Vermont Land Trust Easement","agency":"4000052210","type":"EASEMENT","access":"limited (easement)","acres":67,"owner":"PRIV"},"geometry":{"type":"Polygon","coordinates":[[[-73.1041,44.3328],[-73.0994,44.333],[-73.0975,44.3303],[-73.0963,44.3303],[-73.096,44.3287],[-73.1037,44.3279],[-73.104,44.3316],[-73.1035,44.3313],[-73.1028,44.3315],[-73.103,44.3318],[-73.104,44.3316],[-73.1041,44.3328]]]}},{"type":"Feature","properties":{"name":"Vermont Land Trust Easement","agency":"4000052210","type":"EASEMENT","access":"limited (easement)","acres":997,"owner":"PRIV"},"geometry":{"type":"Polygon","coordinates":[[[-72.3698,44.2156],[-72.3663,44.2145],[-72.3633,44.2121],[-72.3626,44.2109],[-72.3619,44.2104],[-72.362,44.2085],[-72.3634,44.2088],[-72.3637,44.2083],[-72.3627,44.2066],[-72.3613,44.2065],[-72.3607,44.2068],[-72.3618,44.2082],[-72.3616,44.2103],[-72.3601,44.2098],[-72.3581,44.2099],[-72.3525,44.2118],[-72.3513,44.2117],[-72.3501,44.2124],[-72.3492,44.2121],[-72.3489,44.213],[-72.3474,44.214],[-72.3475,44.2145],[-72.3449,44.214],[-72.3456,44.2146],[-72.3474,44.2148],[-72.3454,44.2151],[-72.3457,44.2156],[-72.3451,44.2157],[-72.3451,44.216],[-72.337,44.2132],[-72.3407,44.208],[-72.3377,44.2069],[-72.3413,44.2019],[-72.3442,44.203],[-72.3484,44.1971],[-72.3503,44.1977],[-72.3526,44.1929],[-72.3608,44.1963],[-72.3586,44.2005],[-72.3772,44.2067],[-72.3705,44.2161],[-72.3698,44.2156]]]}},{"type":"Feature","properties":{"name":"Vermont Land Trust Easement","agency":"4000052210","type":"EASEMENT","access":"limited (easement)","acres":38,"owner":"PRIV"},"geometry":{"type":"Polygon","coordinates":[[[-72.3698,44.2159],[-72.365,44.2142],[-72.363,44.2123],[-72.3623,44.211],[-72.3601,44.2101],[-72.3581,44.2102],[-72.3526,44.212],[-72.3512,44.2121],[-72.3483,44.2137],[-72.3478,44.2156],[-72.3457,44.2156],[-72.3454,44.2152],[-72.3456,44.215],[-72.3474,44.2148],[-72.3457,44.2146],[-72.3449,44.214],[-72.3475,44.2145],[-72.3474,44.214],[-72.3489,44.213],[-72.3492,44.2121],[-72.3501,44.2124],[-72.3513,44.2117],[-72.3525,44.2118],[-72.3579,44.21],[-72.3601,44.2098],[-72.3616,44.2103],[-72.3618,44.2082],[-72.3607,44.2068],[-72.3626,44.2065],[-72.3638,44.2085],[-72.363,44.2088],[-72.3621,44.2083],[-72.3621,44.2107],[-72.3626,44.2108],[-72.3633,44.2121],[-72.3653,44.2139],[-72.3699,44.2156],[-72.3705,44.2161],[-72.3703,44.2164],[-72.3698,44.2159]]]}},{"type":"Feature","properties":{"name":"Vermont Land Trust Easement","agency":"4000052210","type":"EASEMENT","access":"limited (easement)","acres":5,"owner":"PRIV"},"geometry":{"type":"Polygon","coordinates":[[[-72.3451,44.2157],[-72.3476,44.2156],[-72.3476,44.2165],[-72.3473,44.2168],[-72.3451,44.216],[-72.3451,44.2157]]]}},{"type":"Feature","properties":{"name":"Vermont Land Trust Easement","agency":"4000052210","type":"EASEMENT","access":"limited (easement)","acres":357,"owner":"PRIV"},"geometry":{"type":"Polygon","coordinates":[[[-72.3656,44.2227],[-72.3568,44.2194],[-72.3563,44.22],[-72.3473,44.2168],[-72.3476,44.2156],[-72.3482,44.2153],[-72.3483,44.2138],[-72.3512,44.2121],[-72.3526,44.212],[-72.3581,44.2102],[-72.3602,44.2101],[-72.3623,44.211],[-72.363,44.2123],[-72.365,44.2142],[-72.3698,44.2159],[-72.3703,44.2164],[-72.3656,44.2227]]]}},{"type":"Feature","properties":{"name":"Vermont Land Trust Easement","agency":"4000052210","type":"EASEMENT","access":"limited (easement)","acres":6,"owner":"PRIV"},"geometry":{"type":"Polygon","coordinates":[[[-72.7218,44.5382],[-72.7238,44.5395],[-72.7229,44.5407],[-72.7219,44.5398],[-72.7222,44.5395],[-72.7214,44.5383],[-72.7218,44.5382]]]}},{"type":"Feature","properties":{"name":"Vermont Land Trust Easement","agency":"4000052210","type":"EASEMENT","access":"limited (easement)","acres":405,"owner":"PRIV"},"geometry":{"type":"Polygon","coordinates":[[[-72.6652,44.3446],[-72.668,44.3406],[-72.6715,44.3416],[-72.6751,44.3382],[-72.6741,44.3363],[-72.6761,44.3333],[-72.6762,44.3294],[-72.6777,44.3265],[-72.6825,44.3281],[-72.684,44.3316],[-72.6849,44.3311],[-72.6892,44.3303],[-72.6898,44.3327],[-72.6896,44.3333],[-72.6865,44.3378],[-72.6837,44.3382],[-72.6827,44.3392],[-72.6831,44.3409],[-72.6827,44.3415],[-72.6776,44.3397],[-72.6721,44.3471],[-72.6652,44.3446]]]}},{"type":"Feature","properties":{"name":"Vermont Land Trust Easement","agency":"4000052210","type":"EASEMENT","access":"limited (easement)","acres":6,"owner":"PRIV"},"geometry":{"type":"Polygon","coordinates":[[[-72.8417,44.1456],[-72.8432,44.1447],[-72.8418,44.1436],[-72.8433,44.1446],[-72.8445,44.144],[-72.8441,44.1424],[-72.8447,44.1414],[-72.8443,44.1426],[-72.8451,44.1441],[-72.8421,44.1456],[-72.8413,44.1474],[-72.8417,44.1456]]]}},{"type":"Feature","properties":{"name":"Vermont Land Trust Easement","agency":"4000052210","type":"EASEMENT","access":"limited (easement)","acres":62,"owner":"PRIV"},"geometry":{"type":"Polygon","coordinates":[[[-72.5279,44.3571],[-72.5265,44.3576],[-72.5272,44.3565],[-72.5264,44.3562],[-72.5277,44.3543],[-72.5271,44.3541],[-72.5292,44.3509],[-72.5344,44.3528],[-72.5322,44.356],[-72.5305,44.3553],[-72.5289,44.3575],[-72.5279,44.3571]]]}},{"type":"Feature","properties":{"name":"Vermont Land Trust Easement","agency":"4000052210","type":"EASEMENT","access":"limited (easement)","acres":11,"owner":"PRIV"},"geometry":{"type":"Polygon","coordinates":[[[-72.9009,44.419],[-72.9014,44.4181],[-72.9044,44.4193],[-72.9035,44.4204],[-72.9025,44.4207],[-72.9023,44.4203],[-72.9032,44.4201],[-72.9032,44.4192],[-72.9021,44.4188],[-72.9015,44.4209],[-72.9028,44.4212],[-72.902,44.4222],[-72.9009,44.4208],[-72.9009,44.419]]]}},{"type":"Feature","properties":{"name":"Vermont Land Trust Easement","agency":"4000052210","type":"EASEMENT","access":"limited (easement)","acres":6,"owner":"PRIV"},"geometry":{"type":"Polygon","coordinates":[[[-72.9015,44.4209],[-72.9016,44.42],[-72.9024,44.4187],[-72.9032,44.4192],[-72.9032,44.4201],[-72.9023,44.4205],[-72.9028,44.4207],[-72.9035,44.4204],[-72.9028,44.4212],[-72.9015,44.4209]]]}},{"type":"Feature","properties":{"name":"Vermont Land Trust Easement","agency":"4000052210","type":"EASEMENT","access":"limited (easement)","acres":5,"owner":"PRIV"},"geometry":{"type":"Polygon","coordinates":[[[-72.913,44.3845],[-72.9125,44.3853],[-72.9105,44.3847],[-72.9114,44.3836],[-72.913,44.3845]]]}},{"type":"Feature","properties":{"name":"Vermont Land Trust Easement","agency":"4000052210","type":"EASEMENT","access":"limited (easement)","acres":21,"owner":"PRIV"},"geometry":{"type":"Polygon","coordinates":[[[-72.496,44.2909],[-72.4959,44.2905],[-72.4964,44.2904],[-72.4974,44.2909],[-72.4996,44.2906],[-72.499,44.2937],[-72.4963,44.2937],[-72.496,44.2909]]]}},{"type":"Feature","properties":{"name":"Vermont Land Trust Easement","agency":"4000052210","type":"EASEMENT","access":"limited (easement)","acres":10,"owner":"PRIV"},"geometry":{"type":"Polygon","coordinates":[[[-72.3481,44.124],[-72.3482,44.1237],[-72.3492,44.1243],[-72.3511,44.1247],[-72.3513,44.1255],[-72.3537,44.1273],[-72.3537,44.1278],[-72.3555,44.1284],[-72.3561,44.1291],[-72.3526,44.1275],[-72.3506,44.1257],[-72.3504,44.1249],[-72.3481,44.124]]]}},{"type":"Feature","properties":{"name":"Vermont Land Trust Easement","agency":"4000052210","type":"EASEMENT","access":"limited (easement)","acres":12,"owner":"PRIV"},"geometry":{"type":"Polygon","coordinates":[[[-72.3663,44.1188],[-72.3685,44.1197],[-72.3685,44.1211],[-72.3666,44.1215],[-72.3656,44.1193],[-72.3663,44.1188]]]}},{"type":"Feature","properties":{"name":"Vermont Land Trust Easement","agency":"4000052210","type":"EASEMENT","access":"limited (easement)","acres":10,"owner":"PRIV"},"geometry":{"type":"Polygon","coordinates":[[[-72.3479,44.1174],[-72.3479,44.1171],[-72.3497,44.1175],[-72.3535,44.1213],[-72.3548,44.1217],[-72.3564,44.1231],[-72.3585,44.1238],[-72.3586,44.1243],[-72.3562,44.1233],[-72.3546,44.122],[-72.3532,44.1215],[-72.3495,44.1177],[-72.3479,44.1174]]]}},{"type":"Feature","properties":{"name":"Vermont Land Trust Easement","agency":"4000052210","type":"EASEMENT","access":"limited (easement)","acres":332,"owner":"PRIV"},"geometry":{"type":"Polygon","coordinates":[[[-72.3683,44.1244],[-72.3674,44.1239],[-72.3654,44.1216],[-72.3642,44.1212],[-72.3618,44.121],[-72.3609,44.1229],[-72.3588,44.124],[-72.3564,44.1231],[-72.3548,44.1217],[-72.3535,44.1213],[-72.3497,44.1175],[-72.3479,44.1171],[-72.348,44.1156],[-72.3465,44.114],[-72.3472,44.1124],[-72.3549,44.1138],[-72.3552,44.1131],[-72.3563,44.1137],[-72.3601,44.1113],[-72.3605,44.1126],[-72.3622,44.1131],[-72.3642,44.1149],[-72.3643,44.1179],[-72.3663,44.1188],[-72.3656,44.1193],[-72.3666,44.1215],[-72.3685,44.1211],[-72.3685,44.1197],[-72.3701,44.1204],[-72.3683,44.1244]]]}},{"type":"Feature","properties":{"name":"Vermont Land Trust Easement","agency":"4000052210","type":"EASEMENT","access":"limited (easement)","acres":137,"owner":"PRIV"},"geometry":{"type":"Polygon","coordinates":[[[-72.3541,44.1293],[-72.3467,44.1272],[-72.3481,44.124],[-72.3504,44.1249],[-72.3506,44.1257],[-72.3526,44.1275],[-72.3561,44.129],[-72.3555,44.1284],[-72.3537,44.1278],[-72.3537,44.1273],[-72.3513,44.1255],[-72.3511,44.1247],[-72.3492,44.1243],[-72.3482,44.1237],[-72.3491,44.1216],[-72.3512,44.1231],[-72.3521,44.1214],[-72.3499,44.1189],[-72.3478,44.1178],[-72.3479,44.1174],[-72.3495,44.1177],[-72.3532,44.1215],[-72.3546,44.122],[-72.3562,44.1233],[-72.3586,44.1243],[-72.3561,44.1299],[-72.3541,44.1293]]]}},{"type":"Feature","properties":{"name":"Vermont Land Trust Easement","agency":"4000052210","type":"EASEMENT","access":"limited (easement)","acres":10,"owner":"PRIV"},"geometry":{"type":"Polygon","coordinates":[[[-72.5263,44.1664],[-72.5255,44.1684],[-72.5247,44.1689],[-72.5234,44.1687],[-72.5237,44.168],[-72.5227,44.1679],[-72.5229,44.1675],[-72.5263,44.1664]]]}},{"type":"Feature","properties":{"name":"Vermont Land Trust Easement","agency":"4000052210","type":"EASEMENT","access":"limited (easement)","acres":73,"owner":"PRIV"},"geometry":{"type":"Polygon","coordinates":[[[-72.5204,44.1665],[-72.5214,44.1631],[-72.527,44.1644],[-72.5263,44.1663],[-72.5227,44.1675],[-72.5227,44.1671],[-72.5219,44.1671],[-72.5219,44.1689],[-72.5222,44.1689],[-72.5187,44.1712],[-72.5173,44.1711],[-72.518,44.1706],[-72.5174,44.17],[-72.519,44.1663],[-72.5204,44.1665]]]}},{"type":"Feature","properties":{"name":"Vermont Land Trust Easement","agency":"4000052210","type":"EASEMENT","access":"limited (easement)","acres":30,"owner":"PRIV"},"geometry":{"type":"Polygon","coordinates":[[[-72.4352,44.2733],[-72.4357,44.2746],[-72.4366,44.2744],[-72.4361,44.273],[-72.4368,44.2728],[-72.4372,44.2741],[-72.4402,44.2741],[-72.4404,44.2746],[-72.4375,44.2762],[-72.4371,44.2772],[-72.4366,44.2773],[-72.4351,44.2763],[-72.4328,44.2754],[-72.4353,44.2744],[-72.4348,44.2737],[-72.4352,44.2733]]]}},{"type":"Feature","properties":{"name":"Vermont Land Trust Easement","agency":"4000052210","type":"EASEMENT","access":"limited (easement)","acres":54,"owner":"PRIV"},"geometry":{"type":"Polygon","coordinates":[[[-72.945,44.2403],[-72.9405,44.242],[-72.9401,44.2419],[-72.9402,44.241],[-72.9382,44.2409],[-72.9385,44.2427],[-72.9379,44.2455],[-72.9356,44.2458],[-72.936,44.2396],[-72.9453,44.2397],[-72.945,44.2403]]]}},{"type":"Feature","properties":{"name":"Vermont Land Trust Easement","agency":"4000052210","type":"EASEMENT","access":"limited (easement)","acres":6,"owner":"PRIV"},"geometry":{"type":"Polygon","coordinates":[[[-72.9414,44.245],[-72.941,44.2441],[-72.9418,44.243],[-72.9431,44.2433],[-72.9423,44.245],[-72.9414,44.245]]]}},{"type":"Feature","properties":{"name":"Vermont Land Trust Easement","agency":"4000052210","type":"EASEMENT","access":"limited (easement)","acres":76,"owner":"PRIV"},"geometry":{"type":"Polygon","coordinates":[[[-72.9415,44.2452],[-72.9423,44.245],[-72.9431,44.2433],[-72.9418,44.243],[-72.9412,44.2438],[-72.9413,44.246],[-72.9379,44.2455],[-72.9385,44.2427],[-72.9382,44.2409],[-72.9402,44.241],[-72.9401,44.2419],[-72.9405,44.242],[-72.945,44.2403],[-72.9446,44.2482],[-72.9418,44.2477],[-72.9415,44.2452]]]}},{"type":"Feature","properties":{"name":"Vermont Land Trust Easement","agency":"4000052210","type":"EASEMENT","access":"limited (easement)","acres":6,"owner":"PRIV"},"geometry":{"type":"Polygon","coordinates":[[[-72.4335,44.5899],[-72.4369,44.5916],[-72.4373,44.5922],[-72.433,44.5906],[-72.4335,44.5899]]]}},{"type":"Feature","properties":{"name":"Vermont Land Trust Easement","agency":"4000052210","type":"EASEMENT","access":"limited (easement)","acres":66,"owner":"PRIV"},"geometry":{"type":"Polygon","coordinates":[[[-72.4409,44.5915],[-72.4402,44.592],[-72.4403,44.5933],[-72.4375,44.5923],[-72.4371,44.5915],[-72.4337,44.5899],[-72.4347,44.5882],[-72.4364,44.5892],[-72.4382,44.5875],[-72.4392,44.5878],[-72.4381,44.5893],[-72.4404,44.5901],[-72.4409,44.5892],[-72.4424,44.5888],[-72.4457,44.59],[-72.4448,44.5913],[-72.442,44.5904],[-72.4409,44.5924],[-72.4434,44.5931],[-72.4426,44.5941],[-72.4406,44.5934],[-72.4409,44.5915]]]}},{"type":"Feature","properties":{"name":"Vermont Land Trust Easement","agency":"4000052210","type":"EASEMENT","access":"limited (easement)","acres":5,"owner":"PRIV"},"geometry":{"type":"Polygon","coordinates":[[[-72.4343,44.5881],[-72.4338,44.589],[-72.4326,44.5886],[-72.4341,44.5866],[-72.4347,44.5868],[-72.4343,44.5881]]]}},{"type":"Feature","properties":{"name":"Vermont Land Trust Easement","agency":"4000052210","type":"EASEMENT","access":"limited (easement)","acres":4,"owner":"PRIV"},"geometry":{"type":"Polygon","coordinates":[[[-72.4347,44.5869],[-72.4351,44.5869],[-72.4351,44.5877],[-72.4337,44.5899],[-72.4371,44.5915],[-72.4375,44.5923],[-72.4369,44.5916],[-72.4335,44.5899],[-72.4341,44.5891],[-72.4338,44.589],[-72.4346,44.5877],[-72.4347,44.5869]]]}},{"type":"Feature","properties":{"name":"Vermont Land Trust Easement","agency":"4000052210","type":"EASEMENT","access":"limited (easement)","acres":5,"owner":"PRIV"},"geometry":{"type":"Polygon","coordinates":[[[-72.998,43.9569],[-72.9973,43.956],[-73.0011,43.9566],[-73.001,43.957],[-72.9992,43.9567],[-72.9991,43.9572],[-72.998,43.9569]]]}},{"type":"Feature","properties":{"name":"Vermont Land Trust Easement","agency":"4000052210","type":"EASEMENT","access":"limited (easement)","acres":46,"owner":"PRIV"},"geometry":{"type":"Polygon","coordinates":[[[-72.9895,43.9523],[-72.9944,43.9543],[-72.9965,43.9559],[-72.9879,43.9561],[-72.9887,43.953],[-72.9895,43.9523]]]}},{"type":"Feature","properties":{"name":"Vermont Land Trust Easement","agency":"4000052210","type":"EASEMENT","access":"limited (easement)","acres":9,"owner":"PRIV"},"geometry":{"type":"Polygon","coordinates":[[[-72.9761,43.9612],[-72.9762,43.9604],[-72.9781,43.9605],[-72.979,43.9608],[-72.9792,43.9619],[-72.9761,43.9618],[-72.9761,43.9612]]]}},{"type":"Feature","properties":{"name":"Vermont Land Trust Easement","agency":"4000052210","type":"EASEMENT","access":"limited (easement)","acres":3,"owner":"PRIV"},"geometry":{"type":"Polygon","coordinates":[[[-73.0059,43.9669],[-73.0063,43.9656],[-73.0073,43.9658],[-73.0072,43.967],[-73.0059,43.9669]]]}},{"type":"Feature","properties":{"name":"Vermont Land Trust Easement","agency":"4000052210","type":"EASEMENT","access":"limited (easement)","acres":5,"owner":"PRIV"},"geometry":{"type":"Polygon","coordinates":[[[-73.0026,43.9587],[-73.0031,43.9571],[-73.0045,43.9575],[-73.0037,43.9591],[-73.0026,43.9587]]]}},{"type":"Feature","properties":{"name":"Vermont Land Trust Easement","agency":"4000052210","type":"EASEMENT","access":"limited (easement)","acres":4,"owner":"PRIV"},"geometry":{"type":"Polygon","coordinates":[[[-72.9837,43.9501],[-72.9821,43.9493],[-72.983,43.9487],[-72.9849,43.9499],[-72.984,43.9498],[-72.9837,43.9501]]]}},{"type":"Feature","properties":{"name":"Vermont Land Trust Easement","agency":"4000052210","type":"EASEMENT","access":"limited (easement)","acres":84,"owner":"PRIV"},"geometry":{"type":"Polygon","coordinates":[[[-73.0031,43.9563],[-73.002,43.9561],[-73.0019,43.9567],[-72.9966,43.9558],[-72.9945,43.9542],[-72.9861,43.9505],[-72.9832,43.9486],[-72.9843,43.948],[-72.9863,43.9491],[-72.9857,43.9499],[-72.9868,43.9504],[-72.9964,43.9512],[-72.9977,43.9519],[-72.9975,43.9532],[-72.996,43.9529],[-72.9959,43.9531],[-72.9958,43.9548],[-72.9966,43.9554],[-72.9969,43.9551],[-72.9975,43.9552],[-72.9977,43.9547],[-72.9989,43.9548],[-72.9991,43.954],[-73.0008,43.9534],[-73.0024,43.9558],[-73.0057,43.9568],[-73.0057,43.9575],[-73.0029,43.9569],[-73.0031,43.9563]]]}},{"type":"Feature","properties":{"name":"Vermont Land Trust Easement","agency":"4000052210","type":"EASEMENT","access":"limited (easement)","acres":11,"owner":"PRIV"},"geometry":{"type":"Polygon","coordinates":[[[-73.0046,43.9651],[-73.0049,43.9645],[-73.0074,43.9649],[-73.0073,43.9658],[-73.0063,43.9656],[-73.0059,43.9669],[-73.0041,43.9668],[-73.0046,43.9651]]]}},{"type":"Feature","properties":{"name":"Vermont Land Trust Easement","agency":"4000052210","type":"EASEMENT","access":"limited (easement)","acres":26,"owner":"PRIV"},"geometry":{"type":"Polygon","coordinates":[[[-73.0057,43.974],[-73.0055,43.9752],[-73.0049,43.9758],[-73.0047,43.9752],[-73.0053,43.9746],[-73.005,43.9743],[-73.0046,43.9743],[-73.0043,43.9754],[-73.0036,43.9753],[-73.0033,43.9757],[-73.0042,43.9763],[-73.0033,43.9768],[-73.0018,43.9776],[-73.0001,43.9776],[-72.999,43.9783],[-72.9977,43.9781],[-72.9988,43.9771],[-73.0005,43.9769],[-73.0007,43.9763],[-73.0011,43.9763],[-73.0011,43.9769],[-73.0015,43.9768],[-73.0021,43.976],[-73.0015,43.9753],[-73.0021,43.9743],[-73.003,43.9739],[-73.0057,43.974]]]}},{"type":"Feature","properties":{"name":"Vermont Land Trust Easement","agency":"4000052210","type":"EASEMENT","access":"limited (easement)","acres":5,"owner":"PRIV"},"geometry":{"type":"Polygon","coordinates":[[[-72.9799,43.9829],[-72.9798,43.9823],[-72.9808,43.9819],[-72.982,43.9818],[-72.9829,43.9824],[-72.9799,43.9829]]]}},{"type":"Feature","properties":{"name":"Vermont Land Trust Easement","agency":"4000052210","type":"EASEMENT","access":"limited (easement)","acres":7,"owner":"PRIV"},"geometry":{"type":"Polygon","coordinates":[[[-72.9888,43.9812],[-72.9885,43.9807],[-72.9901,43.9795],[-72.9932,43.9803],[-72.9914,43.9803],[-72.9901,43.9811],[-72.9888,43.9812]]]}},{"type":"Feature","properties":{"name":"Vermont Land Trust Easement","agency":"4000052210","type":"EASEMENT","access":"limited (easement)","acres":10,"owner":"PRIV"},"geometry":{"type":"Polygon","coordinates":[[[-72.9786,43.9761],[-72.9769,43.9761],[-72.9758,43.9752],[-72.975,43.9751],[-72.975,43.9748],[-72.9761,43.975],[-72.9771,43.9758],[-72.9778,43.9756],[-72.98,43.9758],[-72.9838,43.9736],[-72.9857,43.9744],[-72.9867,43.9762],[-72.9862,43.9759],[-72.9854,43.9745],[-72.9838,43.974],[-72.9828,43.9749],[-72.9814,43.9756],[-72.9808,43.9755],[-72.9802,43.9761],[-72.9786,43.9761]]]}},{"type":"Feature","properties":{"name":"Vermont Land Trust Easement","agency":"4000052210","type":"EASEMENT","access":"limited (easement)","acres":12,"owner":"PRIV"},"geometry":{"type":"Polygon","coordinates":[[[-72.9797,43.9813],[-72.9817,43.9812],[-72.9827,43.9805],[-72.984,43.9805],[-72.9844,43.9801],[-72.9878,43.9792],[-72.9892,43.9782],[-72.9911,43.9781],[-72.993,43.9791],[-72.9951,43.9796],[-72.9948,43.98],[-72.9925,43.9802],[-72.9948,43.9799],[-72.9947,43.9796],[-72.9931,43.9794],[-72.9918,43.9786],[-72.9906,43.9784],[-72.9886,43.9788],[-72.988,43.9794],[-72.9854,43.9804],[-72.9846,43.9803],[-72.9841,43.9808],[-72.9829,43.9808],[-72.9812,43.9816],[-72.9802,43.9815],[-72.9796,43.9822],[-72.9797,43.9813]]]}},{"type":"Feature","properties":{"name":"Vermont Land Trust Easement","agency":"4000052210","type":"EASEMENT","access":"limited (easement)","acres":44,"owner":"PRIV"},"geometry":{"type":"Polygon","coordinates":[[[-72.9871,43.9786],[-72.9871,43.9782],[-72.9857,43.9779],[-72.984,43.9781],[-72.9809,43.9776],[-72.979,43.9778],[-72.9782,43.9783],[-72.9774,43.9772],[-72.9779,43.9766],[-72.9852,43.9772],[-72.9857,43.9771],[-72.9855,43.9761],[-72.9858,43.9756],[-72.9877,43.9765],[-72.9885,43.9763],[-72.9887,43.9759],[-72.9922,43.9762],[-72.9913,43.9772],[-72.9914,43.9779],[-72.9892,43.9779],[-72.9888,43.9785],[-72.9871,43.9786]]]}},{"type":"Feature","properties":{"name":"Vermont Land Trust Easement","agency":"4000052210","type":"EASEMENT","access":"limited (easement)","acres":45,"owner":"PRIV"},"geometry":{"type":"Polygon","coordinates":[[[-72.9808,43.9828],[-72.9829,43.9824],[-72.9816,43.9818],[-72.9798,43.9823],[-72.98,43.9828],[-72.9796,43.9829],[-72.9796,43.9822],[-72.9802,43.9815],[-72.9812,43.9816],[-72.9829,43.9808],[-72.9842,43.9808],[-72.9846,43.9803],[-72.9879,43.9795],[-72.9894,43.9786],[-72.991,43.9784],[-72.9931,43.9794],[-72.9947,43.9796],[-72.9948,43.9799],[-72.9925,43.9802],[-72.9901,43.9795],[-72.9885,43.9807],[-72.9889,43.981],[-72.9864,43.9821],[-72.985,43.9822],[-72.9833,43.983],[-72.98,43.983],[-72.9808,43.9828]]]}},{"type":"Feature","properties":{"name":"Vermont Land Trust Easement","agency":"4000052210","type":"EASEMENT","access":"limited (easement)","acres":165,"owner":"PRIV"},"geometry":{"type":"Polygon","coordinates":[[[-72.9892,43.9782],[-72.9892,43.9779],[-72.9914,43.9779],[-72.9913,43.9772],[-72.9922,43.9762],[-72.9887,43.9759],[-72.9883,43.9764],[-72.9873,43.9764],[-72.9867,43.9762],[-72.9856,43.9744],[-72.9838,43.9736],[-72.98,43.9758],[-72.9778,43.9756],[-72.9771,43.9758],[-72.9761,43.975],[-72.975,43.9748],[-72.9751,43.9735],[-73.003,43.9739],[-73.0016,43.9748],[-73.0015,43.9754],[-73.0021,43.976],[-73.0015,43.9768],[-73.0011,43.9769],[-73.0011,43.9763],[-73.0007,43.9763],[-73.0005,43.9769],[-72.9984,43.9773],[-72.9978,43.9782],[-72.999,43.9783],[-72.9951,43.9797],[-72.9949,43.9793],[-72.9932,43.9792],[-72.9911,43.9781],[-72.9892,43.9782]]]}},{"type":"Feature","properties":{"name":"Vermont Land Trust Easement","agency":"4000052210","type":"EASEMENT","access":"limited (easement)","acres":5,"owner":"PRIV"},"geometry":{"type":"Polygon","coordinates":[[[-73.0055,43.9752],[-73.0054,43.9761],[-73.0042,43.9763],[-73.0033,43.9757],[-73.0036,43.9753],[-73.0043,43.9754],[-73.0046,43.9743],[-73.0053,43.9746],[-73.0047,43.9752],[-73.0049,43.9758],[-73.0055,43.9752]]]}},{"type":"Feature","properties":{"name":"Vermont Land Trust Easement","agency":"4000052210","type":"EASEMENT","access":"limited (easement)","acres":17,"owner":"PRIV"},"geometry":{"type":"Polygon","coordinates":[[[-72.9734,43.9586],[-72.9788,43.9586],[-72.9777,43.9601],[-72.9761,43.9606],[-72.976,43.9602],[-72.9735,43.9599],[-72.9738,43.9594],[-72.9734,43.9586]]]}},{"type":"Feature","properties":{"name":"Vermont Land Trust Easement","agency":"4000052210","type":"EASEMENT","access":"limited (easement)","acres":4,"owner":"PRIV"},"geometry":{"type":"Polygon","coordinates":[[[-72.9811,43.9569],[-72.9816,43.9565],[-72.9813,43.9584],[-72.9784,43.9606],[-72.9809,43.9582],[-72.9811,43.9569]]]}},{"type":"Feature","properties":{"name":"Vermont Land Trust Easement","agency":"4000052210","type":"EASEMENT","access":"limited (easement)","acres":7,"owner":"PRIV"},"geometry":{"type":"Polygon","coordinates":[[[-72.9677,43.9629],[-72.9685,43.9622],[-72.9694,43.9627],[-72.9721,43.9623],[-72.9749,43.9624],[-72.9748,43.962],[-72.9761,43.9612],[-72.9759,43.9619],[-72.9752,43.9622],[-72.9753,43.9628],[-72.9721,43.9626],[-72.9693,43.963],[-72.9685,43.9625],[-72.9677,43.9629]]]}},{"type":"Feature","properties":{"name":"Vermont Land Trust Easement","agency":"4000052210","type":"EASEMENT","access":"limited (easement)","acres":8,"owner":"PRIV"},"geometry":{"type":"Polygon","coordinates":[[[-73.0008,43.959],[-73.0011,43.9579],[-72.9982,43.957],[-72.9991,43.9572],[-72.9992,43.9567],[-73.0015,43.9574],[-73.0027,43.9572],[-73.0016,43.9584],[-73.0017,43.959],[-73.0008,43.9605],[-73.0011,43.9593],[-73.0008,43.959]]]}},{"type":"Feature","properties":{"name":"Vermont Land Trust Easement","agency":"4000052210","type":"EASEMENT","access":"limited (easement)","acres":28,"owner":"PRIV"},"geometry":{"type":"Polygon","coordinates":[[[-73.0035,43.965],[-73.0037,43.9638],[-73.0026,43.9614],[-73.0026,43.9603],[-73.0008,43.9605],[-73.0012,43.9602],[-73.0015,43.9591],[-73.0021,43.9593],[-73.0027,43.9587],[-73.0041,43.959],[-73.005,43.9607],[-73.0056,43.9607],[-73.0047,43.9646],[-73.0041,43.9651],[-73.0035,43.965]]]}},{"type":"Feature","properties":{"name":"Vermont Land Trust Easement","agency":"4000052210","type":"EASEMENT","access":"limited (easement)","acres":28,"owner":"PRIV"},"geometry":{"type":"Polygon","coordinates":[[[-72.9921,43.9568],[-72.9911,43.9565],[-72.9905,43.9578],[-72.9887,43.9582],[-72.9883,43.9582],[-72.9878,43.9569],[-72.9834,43.9621],[-72.9828,43.9633],[-72.9831,43.9639],[-72.9827,43.9639],[-72.9824,43.9633],[-72.9831,43.962],[-72.9875,43.9567],[-72.9889,43.9567],[-72.9889,43.9562],[-72.9945,43.9563],[-72.9944,43.9568],[-72.9925,43.9567],[-72.9926,43.9585],[-72.9933,43.9601],[-72.9931,43.9619],[-72.9924,43.9625],[-72.9924,43.9634],[-72.993,43.9641],[-72.992,43.9634],[-72.9929,43.9601],[-72.9922,43.9586],[-72.9921,43.9568]]]}},{"type":"Feature","properties":{"name":"Vermont Land Trust Easement","agency":"4000052210","type":"EASEMENT","access":"limited (easement)","acres":60,"owner":"PRIV"},"geometry":{"type":"Polygon","coordinates":[[[-72.9908,43.9683],[-72.9884,43.9683],[-72.9876,43.9673],[-72.988,43.9663],[-72.989,43.9659],[-72.9901,43.966],[-72.9899,43.9648],[-72.991,43.9641],[-72.9953,43.9642],[-72.9973,43.9667],[-72.9972,43.9676],[-72.9965,43.9675],[-72.996,43.9669],[-72.9943,43.9671],[-72.9931,43.9674],[-72.9923,43.9684],[-72.9908,43.9683]]]}},{"type":"Feature","properties":{"name":"Vermont Land Trust Easement","agency":"4000052210","type":"EASEMENT","access":"limited (easement)","acres":179,"owner":"PRIV"},"geometry":{"type":"Polygon","coordinates":[[[-73.0022,43.9668],[-72.9973,43.9667],[-72.9953,43.9642],[-72.993,43.9641],[-72.9924,43.9634],[-72.9924,43.9625],[-72.9931,43.9619],[-72.9933,43.9601],[-72.9926,43.9585],[-72.9925,43.9567],[-72.9944,43.9568],[-72.9944,43.9597],[-72.9961,43.9589],[-72.9972,43.9563],[-72.9985,43.9572],[-73.0012,43.9581],[-73.0008,43.9587],[-73.0011,43.9595],[-73.0006,43.9604],[-73.0026,43.9603],[-73.0026,43.9614],[-73.0037,43.9638],[-73.0035,43.965],[-73.0041,43.9651],[-73.0047,43.9646],[-73.0041,43.9668],[-73.0022,43.9668]]]}},{"type":"Feature","properties":{"name":"Vermont Land Trust Easement","agency":"4000052210","type":"EASEMENT","access":"limited (easement)","acres":25,"owner":"PRIV"},"geometry":{"type":"Polygon","coordinates":[[[-72.9677,43.9638],[-72.9677,43.9629],[-72.9685,43.9625],[-72.9693,43.963],[-72.9721,43.9626],[-72.9752,43.9628],[-72.9755,43.9626],[-72.9752,43.9622],[-72.9759,43.9619],[-72.9759,43.9616],[-72.9776,43.9618],[-72.976,43.9639],[-72.9677,43.9638]]]}},{"type":"Feature","properties":{"name":"Vermont Land Trust Easement","agency":"4000052210","type":"EASEMENT","access":"limited (easement)","acres":31,"owner":"PRIV"},"geometry":{"type":"Polygon","coordinates":[[[-72.9693,43.9626],[-72.9685,43.9622],[-72.9677,43.9626],[-72.9678,43.9618],[-72.9714,43.9618],[-72.9714,43.9597],[-72.9726,43.9597],[-72.9724,43.9586],[-72.9734,43.9586],[-72.9738,43.9594],[-72.9735,43.9599],[-72.9761,43.9603],[-72.9761,43.9612],[-72.9748,43.962],[-72.9749,43.9624],[-72.9693,43.9626]]]}},{"type":"Feature","properties":{"name":"Vermont Land Trust Easement","agency":"4000052210","type":"EASEMENT","access":"limited (easement)","acres":7,"owner":"PRIV"},"geometry":{"type":"Polygon","coordinates":[[[-73.0042,43.9592],[-73.0037,43.9591],[-73.0047,43.9575],[-73.0045,43.9586],[-73.006,43.9588],[-73.0056,43.9607],[-73.005,43.9607],[-73.0042,43.9592]]]}},{"type":"Feature","properties":{"name":"Vermont Land Trust Easement","agency":"4000052210","type":"EASEMENT","access":"limited (easement)","acres":5,"owner":"PRIV"},"geometry":{"type":"Polygon","coordinates":[[[-73.0017,43.9583],[-73.0027,43.9572],[-73.0015,43.9574],[-72.9994,43.9567],[-73.001,43.957],[-73.0011,43.9566],[-73.0031,43.9571],[-73.0027,43.9589],[-73.0023,43.9593],[-73.0017,43.9591],[-73.0017,43.9583]]]}},{"type":"Feature","properties":{"name":"Vermont Land Trust Easement","agency":"4000052210","type":"EASEMENT","access":"limited (easement)","acres":14,"owner":"PRIV"},"geometry":{"type":"Polygon","coordinates":[[[-72.9818,43.9549],[-72.9853,43.954],[-72.9863,43.9531],[-72.988,43.9536],[-72.9875,43.953],[-72.9873,43.9517],[-72.9867,43.9513],[-72.987,43.951],[-72.9888,43.9518],[-72.9886,43.9523],[-72.9892,43.9526],[-72.9887,43.953],[-72.9882,43.9548],[-72.9864,43.9534],[-72.9849,43.9544],[-72.9822,43.955],[-72.9821,43.9558],[-72.9812,43.9567],[-72.9818,43.9549]]]}},{"type":"Feature","properties":{"name":"Vermont Land Trust Easement","agency":"4000052210","type":"EASEMENT","access":"limited (easement)","acres":40,"owner":"PRIV"},"geometry":{"type":"Polygon","coordinates":[[[-73.0029,43.9561],[-73.0008,43.9534],[-72.998,43.9542],[-72.9971,43.9551],[-72.9967,43.9552],[-72.997,43.9545],[-72.9961,43.9548],[-72.9964,43.9539],[-72.9959,43.9539],[-72.9963,43.9532],[-72.9977,43.9537],[-72.9975,43.9541],[-73.0002,43.9533],[-72.9991,43.9527],[-72.9971,43.9505],[-72.9958,43.9509],[-72.994,43.9504],[-72.9938,43.9508],[-72.9928,43.9505],[-72.9931,43.95],[-72.9928,43.9496],[-72.9918,43.9503],[-72.9888,43.95],[-72.9868,43.9504],[-72.9857,43.9499],[-72.9874,43.9493],[-72.9857,43.9487],[-72.9857,43.9483],[-72.9886,43.949],[-72.9889,43.9493],[-72.9885,43.9497],[-72.9918,43.95],[-72.9921,43.9498],[-72.9914,43.9493],[-72.9891,43.9492],[-72.9887,43.9482],[-72.9867,43.9479],[-72.9851,43.9483],[-72.9843,43.948],[-72.9856,43.9469],[-72.9881,43.9471],[-72.9891,43.9478],[-72.9896,43.9491],[-72.9916,43.949],[-72.9958,43.9506],[-72.9975,43.9503],[-72.9985,43.9514],[-72.9992,43.9515],[-72.9989,43.9519],[-72.9995,43.9525],[-73.0015,43.9534],[-73.0011,43.9534],[-73.0024,43.9544],[-73.0026,43.9556],[-73.0034,43.9561],[-73.0029,43.9561]]]}},{"type":"Feature","properties":{"name":"Vermont Land Trust Easement","agency":"4000052210","type":"EASEMENT","access":"limited (easement)","acres":7,"owner":"PRIV"},"geometry":{"type":"Polygon","coordinates":[[[-73.004,43.9563],[-73.0029,43.9559],[-73.0024,43.9544],[-73.0011,43.9534],[-73.0032,43.9534],[-73.0031,43.9559],[-73.0057,43.9563],[-73.0057,43.9568],[-73.004,43.9563]]]}},{"type":"Feature","properties":{"name":"Vermont Land Trust Easement","agency":"4000052210","type":"EASEMENT","access":"limited (easement)","acres":20,"owner":"PRIV"},"geometry":{"type":"Polygon","coordinates":[[[-72.9977,43.9538],[-72.9964,43.9532],[-72.996,43.9535],[-72.996,43.9529],[-72.9975,43.9532],[-72.9977,43.9519],[-72.9964,43.9512],[-72.9871,43.9504],[-72.9888,43.95],[-72.9918,43.9503],[-72.9928,43.9496],[-72.9931,43.95],[-72.9928,43.9505],[-72.9938,43.9508],[-72.994,43.9504],[-72.9958,43.9509],[-72.9971,43.9505],[-72.9991,43.9527],[-73.0002,43.9533],[-72.9975,43.9541],[-72.9977,43.9538]]]}},{"type":"Feature","properties":{"name":"Vermont Land Trust Easement","agency":"4000052210","type":"EASEMENT","access":"limited (easement)","acres":8,"owner":"PRIV"},"geometry":{"type":"Polygon","coordinates":[[[-72.997,43.9502],[-72.9958,43.9506],[-72.9916,43.949],[-72.9977,43.9502],[-72.999,43.9513],[-72.9987,43.9515],[-72.997,43.9502]]]}},{"type":"Feature","properties":{"name":"Vermont Land Trust Easement","agency":"4000052210","type":"EASEMENT","access":"limited (easement)","acres":10,"owner":"PRIV"},"geometry":{"type":"Polygon","coordinates":[[[-72.9911,43.9499],[-72.9885,43.9497],[-72.9889,43.9493],[-72.9886,43.949],[-72.9858,43.9482],[-72.9857,43.9487],[-72.9874,43.9493],[-72.9862,43.9498],[-72.9863,43.9491],[-72.9847,43.9483],[-72.9867,43.9479],[-72.9887,43.9482],[-72.9891,43.9492],[-72.9914,43.9493],[-72.9921,43.9498],[-72.9911,43.9499]]]}},{"type":"Feature","properties":{"name":"Vermont Land Trust Easement","agency":"4000052210","type":"EASEMENT","access":"limited (easement)","acres":7,"owner":"PRIV"},"geometry":{"type":"Polygon","coordinates":[[[-72.885,44.5152],[-72.8837,44.515],[-72.8834,44.5141],[-72.8827,44.5139],[-72.8833,44.5132],[-72.8861,44.5144],[-72.885,44.5152]]]}},{"type":"Feature","properties":{"name":"Vermont Land Trust Easement","agency":"4000052210","type":"EASEMENT","access":"limited (easement)","acres":89,"owner":"PRIV"},"geometry":{"type":"Polygon","coordinates":[[[-72.6368,44.4956],[-72.6373,44.4947],[-72.6369,44.4945],[-72.6373,44.494],[-72.6366,44.4937],[-72.6371,44.493],[-72.6381,44.4933],[-72.6386,44.4926],[-72.6376,44.4922],[-72.6411,44.4901],[-72.6452,44.4896],[-72.6434,44.4923],[-72.6474,44.4938],[-72.646,44.4957],[-72.6447,44.4953],[-72.6458,44.4944],[-72.6449,44.4934],[-72.6436,44.4943],[-72.641,44.4932],[-72.6399,44.4945],[-72.6419,44.4954],[-72.643,44.4952],[-72.644,44.4957],[-72.6421,44.4977],[-72.6368,44.4956]]]}},{"type":"Feature","properties":{"name":"Vermont Land Trust Easement","agency":"4000052210","type":"EASEMENT","access":"limited (easement)","acres":4,"owner":"PRIV"},"geometry":{"type":"Polygon","coordinates":[[[-72.8795,44.173],[-72.8785,44.1729],[-72.8784,44.1724],[-72.8791,44.1719],[-72.8798,44.172],[-72.8799,44.1728],[-72.8804,44.1731],[-72.8795,44.173]]]}},{"type":"Feature","properties":{"name":"Vermont Land Trust Easement","agency":"4000052210","type":"EASEMENT","access":"limited (easement)","acres":28,"owner":"PRIV"},"geometry":{"type":"Polygon","coordinates":[[[-72.4682,44.1602],[-72.4668,44.1612],[-72.4642,44.1605],[-72.464,44.1608],[-72.4601,44.1598],[-72.4605,44.1588],[-72.4599,44.1586],[-72.46,44.1583],[-72.4643,44.1597],[-72.4658,44.1578],[-72.4672,44.1588],[-72.4667,44.1591],[-72.4673,44.1597],[-72.4682,44.1602]]]}},{"type":"Feature","properties":{"name":"Vermont Land Trust Easement","agency":"4000052210","type":"EASEMENT","access":"limited (easement)","acres":19,"owner":"PRIV"},"geometry":{"type":"Polygon","coordinates":[[[-72.462,44.1535],[-72.4678,44.1568],[-72.4671,44.1585],[-72.4647,44.1568],[-72.4653,44.1564],[-72.4642,44.1555],[-72.4636,44.1559],[-72.4616,44.1545],[-72.462,44.1535]]]}},{"type":"Feature","properties":{"name":"Vermont Land Trust Easement","agency":"4000052210","type":"EASEMENT","access":"limited (easement)","acres":7,"owner":"PRIV"},"geometry":{"type":"Polygon","coordinates":[[[-72.4642,44.2624],[-72.4647,44.2622],[-72.4651,44.2627],[-72.4656,44.2641],[-72.4661,44.2636],[-72.4667,44.2624],[-72.467,44.2595],[-72.4674,44.2603],[-72.467,44.2627],[-72.4656,44.265],[-72.4652,44.2649],[-72.4651,44.2634],[-72.4642,44.2624]]]}},{"type":"Feature","properties":{"name":"Vermont Land Trust Easement","agency":"4000052210","type":"EASEMENT","access":"limited (easement)","acres":11,"owner":"PRIV"},"geometry":{"type":"Polygon","coordinates":[[[-72.4658,44.2606],[-72.4668,44.2598],[-72.467,44.2601],[-72.4667,44.2626],[-72.4656,44.2641],[-72.4652,44.2627],[-72.4645,44.2622],[-72.4658,44.2606]]]}},{"type":"Feature","properties":{"name":"Vermont Land Trust Easement","agency":"4000052210","type":"EASEMENT","access":"limited (easement)","acres":32,"owner":"PRIV"},"geometry":{"type":"Polygon","coordinates":[[[-72.5072,44.4659],[-72.5085,44.4641],[-72.5129,44.4655],[-72.514,44.4642],[-72.5147,44.4645],[-72.5121,44.467],[-72.5095,44.4657],[-72.512,44.4671],[-72.5088,44.471],[-72.5081,44.4708],[-72.5109,44.4672],[-72.5072,44.4659]]]}},{"type":"Feature","properties":{"name":"Vermont Land Trust Easement","agency":"4000052210","type":"EASEMENT","access":"limited (easement)","acres":13,"owner":"PRIV"},"geometry":{"type":"Polygon","coordinates":[[[-72.5148,44.4646],[-72.5156,44.4648],[-72.513,44.4671],[-72.5097,44.4713],[-72.509,44.4711],[-72.5124,44.4668],[-72.5148,44.4646]]]}},{"type":"Feature","properties":{"name":"Vermont Land Trust Easement","agency":"4000052210","type":"EASEMENT","access":"limited (easement)","acres":21,"owner":"PRIV"},"geometry":{"type":"Polygon","coordinates":[[[-72.518,44.4657],[-72.5224,44.4673],[-72.5216,44.4686],[-72.5207,44.471],[-72.5203,44.4709],[-72.5201,44.469],[-72.5183,44.467],[-72.518,44.4657]]]}},{"type":"Feature","properties":{"name":"Vermont Land Trust Easement","agency":"4000052210","type":"EASEMENT","access":"limited (easement)","acres":107,"owner":"PRIV"},"geometry":{"type":"Polygon","coordinates":[[[-72.5097,44.4713],[-72.513,44.4671],[-72.5156,44.4648],[-72.5176,44.4657],[-72.518,44.4672],[-72.5197,44.4691],[-72.5199,44.471],[-72.5205,44.4712],[-72.5197,44.4724],[-72.5191,44.4721],[-72.5181,44.4727],[-72.5164,44.4724],[-72.5152,44.4718],[-72.5137,44.4723],[-72.5135,44.4727],[-72.5097,44.4713]]]}},{"type":"Feature","properties":{"name":"Vermont Land Trust Easement","agency":"4000052210","type":"EASEMENT","access":"limited (easement)","acres":19,"owner":"PRIV"},"geometry":{"type":"Polygon","coordinates":[[[-72.4957,44.4811],[-72.4963,44.4799],[-72.4957,44.4778],[-72.4962,44.4781],[-72.496,44.4785],[-72.4964,44.4794],[-72.4975,44.4796],[-72.4983,44.4793],[-72.498,44.4787],[-72.5003,44.4783],[-72.4974,44.4824],[-72.4956,44.4818],[-72.4957,44.4811]]]}},{"type":"Feature","properties":{"name":"Vermont Land Trust Easement","agency":"4000052210","type":"EASEMENT","access":"limited (easement)","acres":66,"owner":"PRIV"},"geometry":{"type":"Polygon","coordinates":[[[-72.4985,44.4668],[-72.4994,44.4652],[-72.5006,44.4655],[-72.5026,44.4653],[-72.5021,44.4647],[-72.5027,44.4643],[-72.5031,44.4632],[-72.5023,44.4629],[-72.5029,44.4612],[-72.4996,44.4628],[-72.4962,44.462],[-72.494,44.4625],[-72.4951,44.4618],[-72.4928,44.4621],[-72.4945,44.4616],[-72.496,44.4617],[-72.4965,44.4611],[-72.4956,44.4599],[-72.4943,44.4592],[-72.4943,44.4588],[-72.4963,44.4584],[-72.4975,44.4588],[-72.4977,44.4594],[-72.4991,44.4574],[-72.4995,44.4576],[-72.4984,44.4588],[-72.4988,44.4595],[-72.4982,44.4599],[-72.4989,44.4608],[-72.4985,44.4618],[-72.5001,44.462],[-72.5009,44.4612],[-72.501,44.4606],[-72.5017,44.46],[-72.5021,44.4607],[-72.5026,44.4602],[-72.5031,44.4603],[-72.5036,44.4607],[-72.5033,44.4611],[-72.504,44.4615],[-72.5033,44.4618],[-72.5027,44.4628],[-72.5034,44.4631],[-72.5031,44.4643],[-72.5035,44.4652],[-72.5026,44.4659],[-72.5024,44.4686],[-72.4985,44.4668]]]}},{"type":"Feature","properties":{"name":"Vermont Land Trust Easement","agency":"4000052210","type":"EASEMENT","access":"limited (easement)","acres":6,"owner":"PRIV"},"geometry":{"type":"Polygon","coordinates":[[[-72.5199,44.471],[-72.5197,44.4691],[-72.518,44.4672],[-72.5175,44.4655],[-72.518,44.4657],[-72.5183,44.4671],[-72.5201,44.469],[-72.5203,44.4709],[-72.5207,44.471],[-72.5205,44.4712],[-72.5199,44.471]]]}},{"type":"Feature","properties":{"name":"Vermont Land Trust Easement","agency":"4000052210","type":"EASEMENT","access":"limited (easement)","acres":5,"owner":"PRIV"},"geometry":{"type":"Polygon","coordinates":[[[-72.5139,44.4729],[-72.5135,44.4727],[-72.5136,44.4724],[-72.5152,44.4718],[-72.5164,44.4724],[-72.5181,44.4727],[-72.5193,44.4721],[-72.5198,44.4727],[-72.5192,44.4724],[-72.5181,44.473],[-72.5162,44.4727],[-72.5153,44.472],[-72.514,44.4725],[-72.5139,44.4729]]]}},{"type":"Feature","properties":{"name":"Vermont Land Trust Easement","agency":"4000052210","type":"EASEMENT","access":"limited (easement)","acres":9,"owner":"PRIV"},"geometry":{"type":"Polygon","coordinates":[[[-72.4598,44.3458],[-72.4592,44.3454],[-72.4593,44.3445],[-72.4583,44.3437],[-72.459,44.3435],[-72.4588,44.3432],[-72.4594,44.3429],[-72.4593,44.3426],[-72.4584,44.3425],[-72.4576,44.3416],[-72.4566,44.3417],[-72.4555,44.3425],[-72.4545,44.3424],[-72.4546,44.342],[-72.4542,44.3419],[-72.4533,44.342],[-72.453,44.3412],[-72.4535,44.3408],[-72.4532,44.34],[-72.4536,44.3405],[-72.4535,44.3415],[-72.4547,44.3418],[-72.4547,44.3422],[-72.4555,44.3422],[-72.4562,44.3415],[-72.4574,44.3414],[-72.4592,44.3423],[-72.4596,44.3431],[-72.459,44.3437],[-72.4595,44.3444],[-72.4595,44.3454],[-72.46,44.3458],[-72.4598,44.3458]]]}},{"type":"Feature","properties":{"name":"Vermont Land Trust Easement","agency":"4000052210","type":"EASEMENT","access":"limited (easement)","acres":6,"owner":"PRIV"},"geometry":{"type":"Polygon","coordinates":[[[-72.4613,44.3456],[-72.4624,44.3469],[-72.4623,44.3483],[-72.4613,44.348],[-72.4619,44.3481],[-72.4616,44.3476],[-72.4621,44.3474],[-72.4612,44.3466],[-72.4615,44.3462],[-72.4607,44.3463],[-72.4603,44.3468],[-72.4596,44.346],[-72.4613,44.3456]]]}},{"type":"Feature","properties":{"name":"Vermont Land Trust Easement","agency":"4000052210","type":"EASEMENT","access":"limited (easement)","acres":4,"owner":"PRIV"},"geometry":{"type":"Polygon","coordinates":[[[-72.8382,44.1565],[-72.8397,44.1581],[-72.8389,44.1585],[-72.8384,44.1582],[-72.838,44.1575],[-72.8382,44.1565]]]}},{"type":"Feature","properties":{"name":"Vermont Land Trust Easement","agency":"4000052210","type":"EASEMENT","access":"limited (easement)","acres":14,"owner":"PRIV"},"geometry":{"type":"Polygon","coordinates":[[[-72.528,44.5044],[-72.5303,44.5008],[-72.5307,44.5011],[-72.5303,44.5018],[-72.5307,44.5031],[-72.5307,44.5054],[-72.528,44.5044]]]}},{"type":"Feature","properties":{"name":"Vermont Land Trust Easement","agency":"4000052210","type":"EASEMENT","access":"limited (easement)","acres":18,"owner":"PRIV"},"geometry":{"type":"Polygon","coordinates":[[[-72.5363,44.4724],[-72.5344,44.4725],[-72.5346,44.4716],[-72.5332,44.4711],[-72.5333,44.4704],[-72.534,44.4693],[-72.5378,44.4676],[-72.5349,44.4717],[-72.5372,44.4726],[-72.5363,44.4724]]]}},{"type":"Feature","properties":{"name":"Vermont Land Trust Easement","agency":"4000052210","type":"EASEMENT","access":"limited (easement)","acres":25,"owner":"PRIV"},"geometry":{"type":"Polygon","coordinates":[[[-72.5672,44.466],[-72.5642,44.4635],[-72.5651,44.4621],[-72.5701,44.4647],[-72.5689,44.4663],[-72.5672,44.466]]]}},{"type":"Feature","properties":{"name":"Vermont Land Trust Easement","agency":"4000052210","type":"EASEMENT","access":"limited (easement)","acres":4,"owner":"PRIV"},"geometry":{"type":"Polygon","coordinates":[[[-72.5395,44.51],[-72.5391,44.5098],[-72.5402,44.5089],[-72.5399,44.5097],[-72.5406,44.5106],[-72.5396,44.5119],[-72.5393,44.5114],[-72.5401,44.5109],[-72.5395,44.51]]]}},{"type":"Feature","properties":{"name":"Vermont Land Trust Easement","agency":"4000052210","type":"EASEMENT","access":"limited (easement)","acres":14,"owner":"PRIV"},"geometry":{"type":"Polygon","coordinates":[[[-72.5634,44.4687],[-72.5626,44.4691],[-72.5623,44.4683],[-72.5615,44.4681],[-72.562,44.4659],[-72.5624,44.4663],[-72.5632,44.4663],[-72.5638,44.4676],[-72.5647,44.4677],[-72.5646,44.4688],[-72.5642,44.4694],[-72.5637,44.4695],[-72.5634,44.4687]]]}},{"type":"Feature","properties":{"name":"Vermont Land Trust Easement","agency":"4000052210","type":"EASEMENT","access":"limited (easement)","acres":9,"owner":"PRIV"},"geometry":{"type":"Polygon","coordinates":[[[-72.5308,44.4778],[-72.5329,44.4746],[-72.5331,44.4752],[-72.5322,44.4766],[-72.5318,44.4781],[-72.5322,44.4778],[-72.5329,44.4782],[-72.5326,44.4794],[-72.5313,44.4788],[-72.5308,44.4778]]]}},{"type":"Feature","properties":{"name":"Vermont Land Trust Easement","agency":"4000052210","type":"EASEMENT","access":"limited (easement)","acres":25,"owner":"PRIV"},"geometry":{"type":"Polygon","coordinates":[[[-72.5567,44.4735],[-72.5544,44.4731],[-72.5543,44.4728],[-72.5529,44.4728],[-72.5514,44.4722],[-72.5498,44.4732],[-72.5495,44.4726],[-72.5488,44.4723],[-72.549,44.4721],[-72.5501,44.4728],[-72.5513,44.4719],[-72.553,44.4726],[-72.555,44.4721],[-72.5553,44.4725],[-72.5547,44.4729],[-72.5574,44.4735],[-72.5573,44.4724],[-72.558,44.4722],[-72.558,44.4718],[-72.5589,44.4715],[-72.5597,44.472],[-72.5591,44.4724],[-72.5595,44.4727],[-72.5577,44.4725],[-72.5581,44.4746],[-72.5559,44.4791],[-72.5561,44.4808],[-72.5543,44.4813],[-72.5541,44.4803],[-72.5561,44.4781],[-72.5577,44.4746],[-72.5574,44.4738],[-72.5567,44.4735]]]}},{"type":"Feature","properties":{"name":"Vermont Land Trust Easement","agency":"4000052210","type":"EASEMENT","access":"limited (easement)","acres":10,"owner":"PRIV"},"geometry":{"type":"Polygon","coordinates":[[[-72.5359,44.4867],[-72.5363,44.4872],[-72.5363,44.4881],[-72.5354,44.4903],[-72.5347,44.4904],[-72.5341,44.4894],[-72.5359,44.4867]]]}},{"type":"Feature","properties":{"name":"Vermont Land Trust Easement","agency":"4000052210","type":"EASEMENT","access":"limited (easement)","acres":66,"owner":"PRIV"},"geometry":{"type":"Polygon","coordinates":[[[-72.5372,44.4923],[-72.5377,44.4916],[-72.5379,44.4899],[-72.5376,44.4872],[-72.5382,44.4858],[-72.5389,44.4854],[-72.5387,44.4848],[-72.5393,44.4842],[-72.5398,44.4813],[-72.5395,44.481],[-72.5397,44.4791],[-72.5382,44.4774],[-72.5372,44.4853],[-72.5367,44.4857],[-72.5359,44.4857],[-72.5358,44.4851],[-72.5371,44.4822],[-72.5362,44.4815],[-72.5362,44.4807],[-72.5368,44.4803],[-72.5377,44.4785],[-72.538,44.4754],[-72.5371,44.4748],[-72.5368,44.474],[-72.5373,44.4729],[-72.5342,44.4728],[-72.5344,44.4725],[-72.5376,44.4727],[-72.5378,44.4731],[-72.5372,44.4739],[-72.5374,44.4746],[-72.5384,44.4753],[-72.5381,44.4768],[-72.5388,44.4772],[-72.5391,44.4783],[-72.5404,44.4789],[-72.5424,44.4786],[-72.5449,44.4792],[-72.5454,44.479],[-72.546,44.4797],[-72.5467,44.4795],[-72.5472,44.4802],[-72.5487,44.4807],[-72.5499,44.4804],[-72.5507,44.4807],[-72.5516,44.4803],[-72.5527,44.4805],[-72.5506,44.481],[-72.5499,44.4807],[-72.5487,44.4809],[-72.5469,44.4804],[-72.5465,44.4798],[-72.5458,44.4799],[-72.5453,44.4794],[-72.5424,44.4788],[-72.5401,44.4791],[-72.5399,44.4796],[-72.5404,44.4807],[-72.5402,44.4809],[-72.541,44.4812],[-72.5414,44.4825],[-72.5432,44.483],[-72.5436,44.4836],[-72.5444,44.4836],[-72.5447,44.484],[-72.5417,44.483],[-72.5411,44.4826],[-72.5407,44.4815],[-72.5402,44.4813],[-72.5397,44.4842],[-72.5391,44.4849],[-72.5388,44.4865],[-72.5391,44.4898],[-72.5383,44.4916],[-72.539,44.4906],[-72.5404,44.4902],[-72.5416,44.4903],[-72.5397,44.4907],[-72.5392,44.4916],[-72.5381,44.4922],[-72.5377,44.493],[-72.5372,44.4929],[-72.5372,44.4923]]]}},{"type":"Feature","properties":{"name":"Vermont Land Trust Easement","agency":"4000052210","type":"EASEMENT","access":"limited (easement)","acres":27,"owner":"PRIV"},"geometry":{"type":"Polygon","coordinates":[[[-72.5442,44.4997],[-72.5441,44.4993],[-72.545,44.4997],[-72.5453,44.4993],[-72.545,44.4983],[-72.5426,44.4956],[-72.5423,44.4947],[-72.5425,44.4932],[-72.5417,44.4932],[-72.5424,44.4921],[-72.5421,44.4903],[-72.5416,44.49],[-72.5422,44.4858],[-72.5429,44.4871],[-72.5424,44.4902],[-72.5459,44.4898],[-72.5467,44.4906],[-72.5472,44.4902],[-72.5491,44.4906],[-72.5473,44.4906],[-72.5467,44.4909],[-72.5459,44.4901],[-72.5447,44.4905],[-72.5425,44.4905],[-72.5427,44.4922],[-72.5433,44.4933],[-72.5431,44.4944],[-72.5434,44.4961],[-72.545,44.4974],[-72.5457,44.4995],[-72.545,44.5003],[-72.5442,44.4997]]]}},{"type":"Feature","properties":{"name":"Vermont Land Trust Easement","agency":"4000052210","type":"EASEMENT","access":"limited (easement)","acres":18,"owner":"PRIV"},"geometry":{"type":"Polygon","coordinates":[[[-72.5305,44.4951],[-72.5331,44.4965],[-72.534,44.4959],[-72.5341,44.4934],[-72.5337,44.4922],[-72.5346,44.4914],[-72.5347,44.4921],[-72.5341,44.4923],[-72.5345,44.4933],[-72.5342,44.4946],[-72.5345,44.4955],[-72.5361,44.4944],[-72.5364,44.4937],[-72.5366,44.4942],[-72.5363,44.4946],[-72.538,44.495],[-72.5372,44.4951],[-72.5372,44.4957],[-72.5361,44.4948],[-72.5335,44.4965],[-72.5333,44.4991],[-72.5311,44.5012],[-72.5314,44.5021],[-72.531,44.5035],[-72.5311,44.5056],[-72.5305,44.5047],[-72.5307,44.5031],[-72.5303,44.5018],[-72.5307,44.5011],[-72.5303,44.5008],[-72.5312,44.5009],[-72.5331,44.499],[-72.5333,44.4976],[-72.533,44.4966],[-72.5311,44.4958],[-72.5305,44.4951]]]}},{"type":"Feature","properties":{"name":"Vermont Land Trust Easement","agency":"4000052210","type":"EASEMENT","access":"limited (easement)","acres":14,"owner":"PRIV"},"geometry":{"type":"Polygon","coordinates":[[[-72.5349,44.5054],[-72.5336,44.5044],[-72.5336,44.5037],[-72.5343,44.5036],[-72.5346,44.5046],[-72.5354,44.5054],[-72.5357,44.5052],[-72.5377,44.5038],[-72.5383,44.5022],[-72.5412,44.5006],[-72.5425,44.5007],[-72.5429,44.499],[-72.5434,44.4989],[-72.5435,44.5002],[-72.5439,44.5004],[-72.5401,44.5015],[-72.5385,44.5025],[-72.5381,44.5039],[-72.5367,44.505],[-72.5354,44.5056],[-72.5349,44.5054]]]}},{"type":"Feature","properties":{"name":"Vermont Land Trust Easement","agency":"4000052210","type":"EASEMENT","access":"limited (easement)","acres":26,"owner":"PRIV"},"geometry":{"type":"Polygon","coordinates":[[[-72.5318,44.5058],[-72.5318,44.5047],[-72.5336,44.5014],[-72.5345,44.5012],[-72.5368,44.4994],[-72.537,44.4986],[-72.5359,44.4976],[-72.536,44.4973],[-72.5401,44.4962],[-72.5417,44.4951],[-72.5415,44.4957],[-72.5406,44.4963],[-72.5376,44.4971],[-72.538,44.4981],[-72.5378,44.499],[-72.5403,44.4994],[-72.5396,44.4998],[-72.5376,44.4993],[-72.5352,44.5008],[-72.5346,44.5015],[-72.5348,44.5021],[-72.5343,44.503],[-72.5337,44.5036],[-72.5332,44.5035],[-72.5334,44.504],[-72.5326,44.5061],[-72.5318,44.5058]]]}},{"type":"Feature","properties":{"name":"Vermont Land Trust Easement","agency":"4000052210","type":"EASEMENT","access":"limited (easement)","acres":26,"owner":"PRIV"},"geometry":{"type":"Polygon","coordinates":[[[-72.5394,44.5123],[-72.5355,44.5105],[-72.5332,44.5103],[-72.5319,44.5097],[-72.5358,44.508],[-72.5413,44.5075],[-72.5425,44.5062],[-72.5431,44.5044],[-72.5447,44.503],[-72.5443,44.504],[-72.5434,44.5045],[-72.5425,44.5068],[-72.5416,44.5077],[-72.5407,44.508],[-72.5421,44.5085],[-72.5431,44.508],[-72.5441,44.5082],[-72.542,44.5088],[-72.5413,44.5083],[-72.5389,44.5079],[-72.5378,44.5083],[-72.5394,44.5087],[-72.5397,44.5092],[-72.5369,44.5083],[-72.5335,44.5092],[-72.5344,44.5091],[-72.5365,44.5108],[-72.5398,44.5122],[-72.5409,44.5122],[-72.5394,44.5123]]]}},{"type":"Feature","properties":{"name":"Vermont Land Trust Easement","agency":"4000052210","type":"EASEMENT","access":"limited (easement)","acres":7,"owner":"PRIV"},"geometry":{"type":"Polygon","coordinates":[[[-72.5434,44.5094],[-72.541,44.5097],[-72.5402,44.5093],[-72.5402,44.509],[-72.541,44.5094],[-72.5435,44.5091],[-72.5452,44.5108],[-72.5449,44.5119],[-72.5453,44.5122],[-72.5452,44.5127],[-72.5438,44.5146],[-72.5439,44.5137],[-72.5449,44.5123],[-72.5445,44.5119],[-72.5449,44.511],[-72.5434,44.5094]]]}},{"type":"Feature","properties":{"name":"Vermont Land Trust Easement","agency":"4000052210","type":"EASEMENT","access":"limited (easement)","acres":5,"owner":"PRIV"},"geometry":{"type":"Polygon","coordinates":[[[-72.4554,44.3428],[-72.4549,44.3425],[-72.4557,44.3424],[-72.4571,44.3416],[-72.4578,44.3417],[-72.4584,44.3422],[-72.4578,44.3427],[-72.4554,44.3428]]]}},{"type":"Feature","properties":{"name":"Vermont Land Trust Easement","agency":"4000052210","type":"EASEMENT","access":"limited (easement)","acres":60,"owner":"PRIV"},"geometry":{"type":"Polygon","coordinates":[[[-72.4489,44.3021],[-72.45,44.3017],[-72.4523,44.3017],[-72.45,44.3014],[-72.4485,44.3019],[-72.4516,44.2991],[-72.4551,44.3002],[-72.4542,44.302],[-72.4549,44.3023],[-72.4541,44.3062],[-72.4508,44.3049],[-72.4494,44.3033],[-72.4499,44.3029],[-72.4489,44.3021]]]}},{"type":"Feature","properties":{"name":"Vermont Land Trust Easement","agency":"4000052210","type":"EASEMENT","access":"public, limited","acres":92,"owner":"PUB"},"geometry":{"type":"Polygon","coordinates":[[[-73.0511,44.4471],[-73.0486,44.4462],[-73.0485,44.4465],[-73.0477,44.4463],[-73.0472,44.4473],[-73.0437,44.4468],[-73.0468,44.441],[-73.0544,44.4431],[-73.0519,44.4474],[-73.0511,44.4471]]]}},{"type":"Feature","properties":{"name":"Vermont Land Trust Easement","agency":"4000052210","type":"EASEMENT","access":"public, limited","acres":11,"owner":"PUB"},"geometry":{"type":"Polygon","coordinates":[[[-73.0436,44.4557],[-73.0466,44.4569],[-73.0462,44.4574],[-73.0462,44.4581],[-73.0428,44.4574],[-73.0436,44.4557]]]}},{"type":"Feature","properties":{"name":"Vermont Land Trust Easement","agency":"4000052210","type":"EASEMENT","access":"public, limited","acres":8,"owner":"PUB"},"geometry":{"type":"Polygon","coordinates":[[[-73.0462,44.4581],[-73.0462,44.4574],[-73.0466,44.4569],[-73.0436,44.4557],[-73.0438,44.4554],[-73.0449,44.4557],[-73.0448,44.4552],[-73.0454,44.4549],[-73.047,44.4545],[-73.0451,44.4554],[-73.0456,44.4562],[-73.0471,44.4567],[-73.0493,44.4555],[-73.0486,44.4564],[-73.0471,44.457],[-73.0469,44.4582],[-73.0462,44.4581]]]}},{"type":"Feature","properties":{"name":"Vermont Land Trust Easement","agency":"4000052210","type":"EASEMENT","access":"public, limited","acres":19,"owner":"PUB"},"geometry":{"type":"Polygon","coordinates":[[[-73.0533,44.4526],[-73.0491,44.4508],[-73.0468,44.4506],[-73.0462,44.4503],[-73.0463,44.4498],[-73.0473,44.4496],[-73.048,44.4502],[-73.0489,44.4502],[-73.0498,44.4492],[-73.0494,44.4488],[-73.0497,44.4481],[-73.0508,44.4484],[-73.0498,44.4504],[-73.0511,44.4507],[-73.0522,44.4515],[-73.0539,44.451],[-73.0537,44.4505],[-73.0544,44.4507],[-73.0538,44.4525],[-73.0533,44.4526]]]}},{"type":"Feature","properties":{"name":"Vermont Land Trust Easement","agency":"4000052210","type":"EASEMENT","access":"limited (easement)","acres":120,"owner":"PRIV"},"geometry":{"type":"Polygon","coordinates":[[[-72.8704,44.1742],[-72.8704,44.1725],[-72.8717,44.1708],[-72.872,44.1709],[-72.8741,44.1666],[-72.875,44.1669],[-72.8779,44.1637],[-72.8766,44.1632],[-72.8764,44.1618],[-72.8797,44.1629],[-72.8794,44.1682],[-72.8776,44.1718],[-72.8758,44.1727],[-72.8732,44.1727],[-72.8727,44.1735],[-72.8722,44.173],[-72.8715,44.1731],[-72.8713,44.1734],[-72.8722,44.1741],[-72.8725,44.1738],[-72.8731,44.1741],[-72.8721,44.175],[-72.8717,44.176],[-72.8708,44.1757],[-72.8704,44.1742]]]}},{"type":"Feature","properties":{"name":"Vermont Land Trust Easement","agency":"4000052210","type":"EASEMENT","access":"limited (easement)","acres":4,"owner":"PRIV"},"geometry":{"type":"Polygon","coordinates":[[[-72.8685,44.1748],[-72.8701,44.173],[-72.8699,44.1744],[-72.8704,44.1755],[-72.8685,44.1748]]]}},{"type":"Feature","properties":{"name":"Vermont Land Trust Easement","agency":"4000052210","type":"EASEMENT","access":"limited (easement)","acres":3,"owner":"PRIV"},"geometry":{"type":"Polygon","coordinates":[[[-72.3621,43.9678],[-72.3617,43.9677],[-72.3629,43.9666],[-72.3645,43.9665],[-72.3633,43.9675],[-72.3621,43.9678]]]}},{"type":"Feature","properties":{"name":"Vermont Land Trust Easement","agency":"4000052210","type":"EASEMENT","access":"limited (easement)","acres":3,"owner":"PRIV"},"geometry":{"type":"Polygon","coordinates":[[[-72.351,43.9682],[-72.3522,43.9662],[-72.3524,43.9686],[-72.351,43.9682]]]}},{"type":"Feature","properties":{"name":"Vermont Land Trust Easement","agency":"4000052210","type":"EASEMENT","access":"limited (easement)","acres":24,"owner":"PRIV"},"geometry":{"type":"Polygon","coordinates":[[[-72.3528,43.9686],[-72.3526,43.9662],[-72.3586,43.9678],[-72.3582,43.9686],[-72.355,43.9694],[-72.3528,43.9686]]]}},{"type":"Feature","properties":{"name":"Vermont Land Trust Easement","agency":"4000052210","type":"EASEMENT","access":"limited (easement)","acres":41,"owner":"PRIV"},"geometry":{"type":"Polygon","coordinates":[[[-72.3773,43.9728],[-72.3727,43.9716],[-72.3727,43.9711],[-72.3736,43.9701],[-72.3737,43.9686],[-72.3799,43.9702],[-72.38,43.9726],[-72.3778,43.972],[-72.3776,43.9723],[-72.3763,43.9717],[-72.3773,43.9728]]]}},{"type":"Feature","properties":{"name":"Vermont Land Trust Easement","agency":"4000052210","type":"EASEMENT","access":"limited (easement)","acres":12,"owner":"PRIV"},"geometry":{"type":"Polygon","coordinates":[[[-72.3685,43.9719],[-72.3705,43.9712],[-72.3724,43.9712],[-72.371,43.9734],[-72.3678,43.9724],[-72.3685,43.9719]]]}},{"type":"Feature","properties":{"name":"Vermont Land Trust Easement","agency":"4000052210","type":"EASEMENT","access":"public, limited","acres":8,"owner":"PUB"},"geometry":{"type":"Polygon","coordinates":[[[-73.0517,44.4512],[-73.0498,44.4504],[-73.0501,44.4493],[-73.0504,44.4492],[-73.0502,44.4496],[-73.0537,44.4505],[-73.0539,44.451],[-73.0523,44.4515],[-73.0517,44.4512]]]}},{"type":"Feature","properties":{"name":"Vermont Land Trust Easement","agency":"4000052210","type":"EASEMENT","access":"public, limited","acres":11,"owner":"PUB"},"geometry":{"type":"Polygon","coordinates":[[[-73.048,44.4502],[-73.0473,44.4497],[-73.0465,44.4497],[-73.0478,44.4476],[-73.0497,44.4481],[-73.0494,44.4488],[-73.0498,44.4489],[-73.0494,44.4497],[-73.0489,44.4502],[-73.048,44.4502]]]}},{"type":"Feature","properties":{"name":"Vermont Land Trust Easement","agency":"4000052210","type":"EASEMENT","access":"limited (easement)","acres":34,"owner":"PRIV"},"geometry":{"type":"Polygon","coordinates":[[[-72.4949,44.4811],[-72.4955,44.4801],[-72.4947,44.4795],[-72.4952,44.4788],[-72.4949,44.4782],[-72.4953,44.4781],[-72.4949,44.4773],[-72.4949,44.4781],[-72.4942,44.478],[-72.4938,44.4773],[-72.4929,44.4784],[-72.492,44.4784],[-72.4917,44.4787],[-72.4924,44.4787],[-72.4926,44.4794],[-72.4919,44.4791],[-72.4908,44.4798],[-72.4902,44.4796],[-72.4909,44.4785],[-72.494,44.4765],[-72.4943,44.4757],[-72.4954,44.4757],[-72.4957,44.4763],[-72.4969,44.4766],[-72.4961,44.4773],[-72.4971,44.4783],[-72.5006,44.4779],[-72.5,44.4784],[-72.498,44.4787],[-72.4983,44.4793],[-72.4975,44.4796],[-72.4964,44.4794],[-72.496,44.4785],[-72.4962,44.4781],[-72.4957,44.4778],[-72.4963,44.48],[-72.4956,44.4812],[-72.4956,44.4818],[-72.495,44.4815],[-72.4949,44.4811]]]}},{"type":"Feature","properties":{"name":"Vermont Land Trust Easement","agency":"4000052210","type":"EASEMENT","access":"limited (easement)","acres":114,"owner":"PRIV"},"geometry":{"type":"Polygon","coordinates":[[[-72.8759,44.1776],[-72.8719,44.1761],[-72.8723,44.1751],[-72.8728,44.1745],[-72.8737,44.1751],[-72.8743,44.1746],[-72.8743,44.1738],[-72.8737,44.1736],[-72.8745,44.1729],[-72.876,44.1728],[-72.8775,44.1721],[-72.8779,44.1722],[-72.8778,44.1731],[-72.8782,44.1732],[-72.8784,44.1717],[-72.8779,44.1716],[-72.8796,44.1677],[-72.8799,44.1629],[-72.8829,44.164],[-72.8794,44.1687],[-72.884,44.1703],[-72.8804,44.1741],[-72.8856,44.1759],[-72.884,44.1776],[-72.8788,44.176],[-72.8792,44.175],[-72.8786,44.1739],[-72.877,44.1731],[-72.8756,44.1731],[-72.8752,44.1732],[-72.8758,44.1762],[-72.8756,44.1765],[-72.8774,44.1767],[-72.8786,44.176],[-72.8769,44.1779],[-72.8759,44.1776]],[[-72.8795,44.173],[-72.8804,44.1731],[-72.8799,44.1728],[-72.8798,44.172],[-72.8791,44.1719],[-72.8784,44.1724],[-72.8785,44.1729],[-72.8795,44.173]]]}},{"type":"Feature","properties":{"name":"Vermont Land Trust Easement","agency":"4000052210","type":"EASEMENT","access":"limited (easement)","acres":89,"owner":"PRIV"},"geometry":{"type":"Polygon","coordinates":[[[-72.4117,44.5667],[-72.408,44.5653],[-72.4085,44.5647],[-72.4058,44.5635],[-72.4066,44.5623],[-72.4053,44.5617],[-72.4069,44.561],[-72.4078,44.56],[-72.4071,44.5595],[-72.4047,44.5598],[-72.4061,44.5581],[-72.4099,44.5596],[-72.4092,44.5613],[-72.4099,44.5624],[-72.4108,44.5621],[-72.4103,44.5612],[-72.4108,44.5599],[-72.4156,44.5618],[-72.4134,44.5647],[-72.4125,44.5648],[-72.4125,44.5659],[-72.4117,44.5661],[-72.4117,44.5667]],[[-72.4092,44.5625],[-72.4091,44.5621],[-72.4085,44.5621],[-72.4078,44.5633],[-72.4087,44.5635],[-72.4092,44.5625]]]}},{"type":"Feature","properties":{"name":"Vermont Land Trust Easement","agency":"4000052210","type":"EASEMENT","access":"limited (easement)","acres":377,"owner":"PRIV"},"geometry":{"type":"Polygon","coordinates":[[[-72.5042,44.2689],[-72.5121,44.2609],[-72.5199,44.2639],[-72.5196,44.2674],[-72.5209,44.2674],[-72.5195,44.2701],[-72.515,44.2684],[-72.5139,44.27],[-72.5117,44.2691],[-72.5102,44.2711],[-72.5075,44.2683],[-72.5098,44.2717],[-72.5088,44.2731],[-72.5126,44.2749],[-72.5139,44.2737],[-72.5163,44.2746],[-72.5149,44.2764],[-72.517,44.2772],[-72.5151,44.2798],[-72.5178,44.2807],[-72.5166,44.282],[-72.5175,44.2828],[-72.5166,44.2835],[-72.5118,44.2818],[-72.5097,44.2794],[-72.5082,44.2784],[-72.5083,44.2775],[-72.5052,44.2731],[-72.5042,44.2689]],[[-72.5057,44.2699],[-72.506,44.2704],[-72.5069,44.2703],[-72.5057,44.2699]],[[-72.5084,44.2662],[-72.5074,44.2679],[-72.5095,44.2661],[-72.5084,44.2662]]]}},{"type":"Feature","properties":{"name":"Vermont Land Trust Easement","agency":"4000052210","type":"EASEMENT","access":"limited (easement)","acres":41,"owner":"PRIV"},"geometry":{"type":"Polygon","coordinates":[[[-72.6606,44.4919],[-72.6619,44.4902],[-72.6607,44.49],[-72.661,44.489],[-72.6661,44.4909],[-72.6643,44.4935],[-72.6642,44.4946],[-72.6629,44.4948],[-72.6602,44.4939],[-72.6612,44.493],[-72.6602,44.4924],[-72.6606,44.4919]],[[-72.6628,44.4914],[-72.664,44.4918],[-72.6646,44.491],[-72.6635,44.4905],[-72.6628,44.4914]]]}},{"type":"Feature","properties":{"name":"Vermont Land Trust Easement","agency":"4000052210","type":"EASEMENT","access":"limited (easement)","acres":113,"owner":"PRIV"},"geometry":{"type":"Polygon","coordinates":[[[-72.6778,43.9572],[-72.6769,43.9568],[-72.6762,43.9554],[-72.6763,43.9546],[-72.6796,43.9548],[-72.682,43.9511],[-72.6831,43.9535],[-72.6843,43.9516],[-72.6859,43.9554],[-72.6874,43.9552],[-72.6873,43.956],[-72.6881,43.9559],[-72.688,43.9553],[-72.6886,43.9554],[-72.6887,43.9567],[-72.6871,43.9594],[-72.6864,43.9595],[-72.6867,43.96],[-72.6778,43.9572]],[[-72.6847,43.9563],[-72.6844,43.9558],[-72.6821,43.9557],[-72.6821,43.9553],[-72.6813,43.9565],[-72.6851,43.9571],[-72.6847,43.9563]]]}},{"type":"Feature","properties":{"name":"Vermont Land Trust Easement","agency":"4000052210","type":"EASEMENT","access":"limited (easement)","acres":30,"owner":"PRIV"},"geometry":{"type":"Polygon","coordinates":[[[-72.5064,44.2761],[-72.5074,44.2775],[-72.5071,44.2784],[-72.5103,44.2812],[-72.5107,44.2825],[-72.5074,44.2812],[-72.5065,44.2825],[-72.5043,44.2817],[-72.5051,44.28],[-72.5071,44.2775],[-72.5058,44.277],[-72.5064,44.2761]],[[-72.5059,44.2802],[-72.5059,44.2806],[-72.5066,44.2805],[-72.5071,44.2795],[-72.506,44.2795],[-72.5055,44.2801],[-72.5059,44.2802]]]}},{"type":"Feature","properties":{"name":"Vermont Land Trust Easement","agency":"4000052210","type":"EASEMENT","access":"limited (easement)","acres":206,"owner":"PRIV"},"geometry":{"type":"Polygon","coordinates":[[[-72.3146,44.067],[-72.3122,44.066],[-72.3116,44.0626],[-72.3121,44.0598],[-72.3157,44.0537],[-72.3186,44.0544],[-72.3174,44.058],[-72.3188,44.0583],[-72.3191,44.0574],[-72.3206,44.0572],[-72.325,44.0593],[-72.3228,44.0627],[-72.3195,44.0618],[-72.3186,44.0633],[-72.3175,44.0636],[-72.3166,44.0642],[-72.3164,44.0652],[-72.3167,44.066],[-72.3178,44.0668],[-72.3195,44.067],[-72.319,44.0679],[-72.3147,44.0674],[-72.3146,44.067]],[[-72.3156,44.0645],[-72.3152,44.0657],[-72.3156,44.0656],[-72.3159,44.0647],[-72.3156,44.0645]]]}},{"type":"Feature","properties":{"name":"Vermont Land Trust Easement","agency":"4000052210","type":"EASEMENT","access":"limited (easement)","acres":90,"owner":"PRIV"},"geometry":{"type":"Polygon","coordinates":[[[-72.9797,43.9813],[-72.9799,43.9785],[-72.9749,43.9784],[-72.975,43.9749],[-72.9769,43.9761],[-72.9778,43.9758],[-72.9789,43.9762],[-72.9814,43.9756],[-72.9838,43.974],[-72.9847,43.9743],[-72.9854,43.9745],[-72.9861,43.9755],[-72.9862,43.9759],[-72.9858,43.9756],[-72.9855,43.9759],[-72.9857,43.9771],[-72.9779,43.9766],[-72.9774,43.9774],[-72.9782,43.9783],[-72.979,43.9778],[-72.9809,43.9776],[-72.984,43.9781],[-72.9857,43.9779],[-72.9871,43.9782],[-72.9871,43.9786],[-72.9883,43.9787],[-72.9878,43.9792],[-72.9844,43.9801],[-72.984,43.9805],[-72.9827,43.9805],[-72.9817,43.9812],[-72.9797,43.9813]],[[-72.9852,43.9782],[-72.9839,43.9786],[-72.9852,43.9786],[-72.9852,43.9782]]]}},{"type":"Feature","properties":{"name":"Vermont Land Trust Easement","agency":"4000052210","type":"EASEMENT","access":"limited (easement)","acres":163,"owner":"PRIV"},"geometry":{"type":"Polygon","coordinates":[[[-72.9873,43.9685],[-72.9858,43.9677],[-72.9858,43.964],[-72.9831,43.9639],[-72.9829,43.963],[-72.9878,43.9569],[-72.9883,43.9582],[-72.989,43.9582],[-72.9905,43.9578],[-72.9911,43.9565],[-72.9919,43.9565],[-72.9922,43.9587],[-72.9929,43.9599],[-72.9927,43.9618],[-72.9921,43.9625],[-72.9921,43.9634],[-72.9926,43.9641],[-72.9902,43.9644],[-72.9899,43.9648],[-72.9901,43.966],[-72.989,43.9659],[-72.988,43.9663],[-72.9877,43.9675],[-72.9884,43.9683],[-72.9923,43.9684],[-72.9931,43.9674],[-72.996,43.9669],[-72.9965,43.9675],[-72.9972,43.9676],[-72.9971,43.969],[-72.9872,43.9688],[-72.9873,43.9685]],[[-72.99,43.9593],[-72.99,43.9589],[-72.9892,43.9589],[-72.9892,43.9593],[-72.99,43.9593]]]}},{"type":"Feature","properties":{"name":"Vermont Land Trust Easement","agency":"4000052210","type":"EASEMENT","access":"limited (easement)","acres":188,"owner":"PRIV"},"geometry":{"type":"Polygon","coordinates":[[[-72.987,43.951],[-72.9867,43.9513],[-72.9873,43.9517],[-72.9875,43.953],[-72.988,43.9536],[-72.9863,43.9531],[-72.9848,43.9542],[-72.9819,43.9548],[-72.9812,43.9567],[-72.9821,43.9558],[-72.9822,43.955],[-72.9849,43.9544],[-72.9864,43.9534],[-72.9882,43.9548],[-72.9879,43.9561],[-72.9873,43.9561],[-72.9877,43.9566],[-72.9831,43.962],[-72.9824,43.9633],[-72.9827,43.9639],[-72.9792,43.9639],[-72.979,43.9608],[-72.9784,43.9606],[-72.9813,43.9584],[-72.9817,43.9566],[-72.9811,43.9569],[-72.9809,43.9582],[-72.9801,43.9592],[-72.979,43.9597],[-72.9784,43.9606],[-72.9771,43.9604],[-72.9784,43.9596],[-72.9788,43.9586],[-72.9797,43.9578],[-72.9796,43.9567],[-72.9801,43.9545],[-72.9799,43.9533],[-72.9789,43.9537],[-72.9788,43.9541],[-72.9784,43.9538],[-72.9776,43.954],[-72.977,43.9533],[-72.9808,43.9515],[-72.9817,43.95],[-72.9815,43.9497],[-72.9821,43.9493],[-72.9837,43.9501],[-72.984,43.9498],[-72.9857,43.9504],[-72.9849,43.9508],[-72.986,43.9505],[-72.987,43.951]],[[-72.9794,43.9583],[-72.9792,43.9586],[-72.9798,43.9581],[-72.9794,43.9583]],[[-72.9827,43.9567],[-72.9837,43.9567],[-72.9837,43.9561],[-72.9828,43.9561],[-72.9827,43.9567]],[[-72.9853,43.9566],[-72.9856,43.9569],[-72.987,43.9561],[-72.9852,43.9561],[-72.9853,43.9566]],[[-72.9867,43.9554],[-72.9866,43.9549],[-72.986,43.9548],[-72.9862,43.9557],[-72.9858,43.956],[-72.9869,43.956],[-72.9867,43.9554]]]}},{"type":"Feature","properties":{"name":"Vermont Land Trust Easement","agency":"4000052210","type":"EASEMENT","access":"limited (easement)","acres":23,"owner":"PRIV"},"geometry":{"type":"Polygon","coordinates":[[[-72.8758,44.1762],[-72.8752,44.1732],[-72.8774,44.1732],[-72.879,44.1743],[-72.8791,44.1756],[-72.8781,44.1765],[-72.8765,44.1767],[-72.8756,44.1765],[-72.8758,44.1762]],[[-72.8763,44.1744],[-72.8758,44.1745],[-72.8758,44.1749],[-72.8773,44.1752],[-72.8771,44.1747],[-72.8763,44.1744]]]}},{"type":"Feature","properties":{"name":"Vermont Land Trust Easement","agency":"4000052210","type":"EASEMENT","access":"limited (easement)","acres":181,"owner":"PRIV"},"geometry":{"type":"Polygon","coordinates":[[[-72.4656,44.2651],[-72.4638,44.2652],[-72.4626,44.2648],[-72.4626,44.2644],[-72.4642,44.2624],[-72.4651,44.2634],[-72.4652,44.2649],[-72.4656,44.265],[-72.467,44.2627],[-72.4672,44.2614],[-72.4687,44.2613],[-72.4698,44.2608],[-72.4699,44.2604],[-72.469,44.2599],[-72.4697,44.2576],[-72.4702,44.2569],[-72.4709,44.2571],[-72.4725,44.2546],[-72.4742,44.2552],[-72.4745,44.2544],[-72.4768,44.2553],[-72.4771,44.2548],[-72.4797,44.2557],[-72.4798,44.2568],[-72.4773,44.2603],[-72.475,44.2602],[-72.4736,44.2591],[-72.4725,44.2595],[-72.473,44.2604],[-72.4739,44.261],[-72.4739,44.2618],[-72.4762,44.262],[-72.4747,44.2641],[-72.4687,44.2655],[-72.4656,44.2651]],[[-72.4689,44.2625],[-72.4703,44.2616],[-72.4697,44.261],[-72.4682,44.2619],[-72.4689,44.2625]]]}},{"type":"Feature","properties":{"name":"Vermont Land Trust Easement","agency":"4000052210","type":"EASEMENT","access":"limited (easement)","acres":98,"owner":"PRIV"},"geometry":{"type":"Polygon","coordinates":[[[-72.3637,43.9746],[-72.3597,43.9735],[-72.3601,43.9727],[-72.3593,43.9733],[-72.3605,43.9711],[-72.3558,43.9697],[-72.3588,43.9691],[-72.3625,43.9697],[-72.3627,43.9694],[-72.3619,43.9695],[-72.359,43.9688],[-72.3593,43.9681],[-72.3606,43.9688],[-72.3623,43.969],[-72.3638,43.9684],[-72.3644,43.9686],[-72.3649,43.9678],[-72.3629,43.9679],[-72.3647,43.9665],[-72.3666,43.9664],[-72.3669,43.9677],[-72.3696,43.9684],[-72.3691,43.969],[-72.3691,43.9702],[-72.3701,43.9711],[-72.3676,43.9721],[-72.3668,43.9734],[-72.3637,43.9746]],[[-72.3673,43.9716],[-72.3666,43.9699],[-72.3643,43.9693],[-72.3639,43.9701],[-72.3645,43.9702],[-72.3642,43.9707],[-72.3629,43.971],[-72.3628,43.9718],[-72.3633,43.9721],[-72.3629,43.9722],[-72.3634,43.9726],[-72.3651,43.9731],[-72.3666,43.9726],[-72.3673,43.9716]]]}},{"type":"Feature","properties":{"name":"Vermont Land Trust Easement","agency":"4000052210","type":"EASEMENT","access":"limited (easement)","acres":27,"owner":"PRIV"},"geometry":{"type":"Polygon","coordinates":[[[-72.5466,44.4767],[-72.547,44.4753],[-72.5485,44.4745],[-72.5504,44.4748],[-72.5513,44.4761],[-72.5508,44.4773],[-72.5493,44.478],[-72.5475,44.4777],[-72.5466,44.4767]],[[-72.549,44.4759],[-72.5485,44.4762],[-72.5486,44.4766],[-72.5493,44.4765],[-72.549,44.4759]]]}},{"type":"Feature","properties":{"name":"Vermont Land Trust Easement","agency":"4000052210","type":"EASEMENT","access":"public, limited","acres":208,"owner":"PUB"},"geometry":{"type":"Polygon","coordinates":[[[-73.0477,44.4568],[-73.0489,44.4562],[-73.0493,44.4555],[-73.0471,44.4567],[-73.0456,44.4562],[-73.0451,44.4554],[-73.047,44.4545],[-73.0449,44.4551],[-73.0449,44.4557],[-73.044,44.4555],[-73.044,44.4549],[-73.0417,44.4543],[-73.0409,44.4524],[-73.0406,44.4525],[-73.0414,44.4541],[-73.0383,44.4528],[-73.0352,44.4536],[-73.0357,44.448],[-73.0372,44.4453],[-73.0392,44.4463],[-73.0424,44.4468],[-73.0417,44.4481],[-73.0446,44.4495],[-73.0463,44.4498],[-73.0462,44.4503],[-73.0468,44.4506],[-73.0478,44.4509],[-73.0489,44.4507],[-73.0513,44.4518],[-73.0494,44.4523],[-73.0486,44.4539],[-73.049,44.4548],[-73.05,44.4554],[-73.0524,44.4551],[-73.0515,44.4569],[-73.0498,44.4564],[-73.0487,44.4586],[-73.0469,44.4582],[-73.0468,44.4574],[-73.0477,44.4568]],[[-73.0478,44.4537],[-73.0469,44.4541],[-73.048,44.4548],[-73.0483,44.4544],[-73.0478,44.4537]]]}},{"type":"Feature","properties":{"name":"Vermont Land Trust Easement","agency":"4000052210","type":"EASEMENT","access":"public, limited","acres":28,"owner":"PUB"},"geometry":{"type":"Polygon","coordinates":[[[-73.0487,44.4542],[-73.049,44.4527],[-73.0505,44.4518],[-73.0521,44.4519],[-73.0518,44.452],[-73.0528,44.4522],[-73.0535,44.453],[-73.0524,44.4551],[-73.0517,44.4554],[-73.0498,44.4553],[-73.0487,44.4542]],[[-73.0513,44.4531],[-73.0507,44.4534],[-73.0506,44.454],[-73.0515,44.4539],[-73.0517,44.4534],[-73.0513,44.4531]]]}},{"type":"Feature","properties":{"name":"Vermont Land Trust Easement","agency":"4000052210","type":"EASEMENT","access":"limited (easement)","acres":18,"owner":"PRIV"},"geometry":{"type":"Polygon","coordinates":[[[-72.4887,44.261],[-72.4891,44.2603],[-72.4899,44.2603],[-72.4889,44.2601],[-72.4891,44.2597],[-72.4918,44.2601],[-72.4941,44.2596],[-72.494,44.2604],[-72.4921,44.2609],[-72.4919,44.2619],[-72.4929,44.2618],[-72.4929,44.2625],[-72.4896,44.2617],[-72.4887,44.261]]]}},{"type":"Feature","properties":{"name":"Vermont Land Trust Easement","agency":"4000052210","type":"EASEMENT","access":"limited (easement)","acres":20,"owner":"PRIV"},"geometry":{"type":"MultiPolygon","coordinates":[[[[-72.4925,44.2521],[-72.492,44.252],[-72.4935,44.2508],[-72.4931,44.2514],[-72.4933,44.2523],[-72.4928,44.2526],[-72.4925,44.2521]]],[[[-72.4892,44.2562],[-72.4881,44.2557],[-72.4893,44.2548],[-72.49,44.2547],[-72.4908,44.2554],[-72.4892,44.2562]]],[[[-72.4968,44.2556],[-72.4954,44.2562],[-72.4949,44.2555],[-72.4937,44.255],[-72.4948,44.2549],[-72.496,44.2553],[-72.4971,44.2549],[-72.4984,44.2553],[-72.4977,44.2562],[-72.4968,44.2556]]],[[[-72.4943,44.2587],[-72.4935,44.2577],[-72.4936,44.2567],[-72.4952,44.2575],[-72.495,44.2586],[-72.4943,44.2587]]],[[[-72.491,44.2595],[-72.4908,44.2593],[-72.4923,44.2591],[-72.491,44.2595]]]]}},{"type":"Feature","properties":{"name":"Vermont Land Trust Easement","agency":"4000052210","type":"EASEMENT","access":"limited (easement)","acres":155,"owner":"PRIV"},"geometry":{"type":"MultiPolygon","coordinates":[[[[-72.4896,44.2563],[-72.4903,44.2571],[-72.4883,44.2575],[-72.4896,44.2563]]],[[[-72.4937,44.2629],[-72.4896,44.2618],[-72.4887,44.2611],[-72.4929,44.2625],[-72.4929,44.2618],[-72.4919,44.2619],[-72.4921,44.2609],[-72.494,44.2604],[-72.4941,44.2596],[-72.4918,44.2601],[-72.4883,44.2596],[-72.4891,44.2581],[-72.4882,44.2577],[-72.4912,44.2574],[-72.4914,44.2582],[-72.4921,44.2586],[-72.4954,44.2594],[-72.4948,44.2604],[-72.4951,44.2613],[-72.4942,44.2617],[-72.4937,44.2629]]],[[[-72.492,44.2594],[-72.4922,44.2591],[-72.4907,44.2594],[-72.492,44.2594]]],[[[-72.4937,44.2567],[-72.4933,44.2573],[-72.494,44.2587],[-72.4923,44.2584],[-72.4918,44.2581],[-72.4914,44.2572],[-72.4907,44.257],[-72.4901,44.2561],[-72.4896,44.256],[-72.4908,44.2556],[-72.4901,44.2547],[-72.4893,44.2548],[-72.4881,44.2557],[-72.489,44.2547],[-72.4876,44.2542],[-72.4887,44.2524],[-72.4908,44.2511],[-72.4968,44.2503],[-72.4971,44.2507],[-72.496,44.2513],[-72.4983,44.2525],[-72.4981,44.2541],[-72.4989,44.2546],[-72.4984,44.2553],[-72.4971,44.2549],[-72.496,44.2553],[-72.4948,44.2549],[-72.4937,44.255],[-72.4949,44.2555],[-72.4954,44.2561],[-72.4967,44.2556],[-72.4977,44.2562],[-72.4956,44.2591],[-72.4948,44.2588],[-72.4951,44.2574],[-72.4937,44.2567]]],[[[-72.4935,44.2508],[-72.492,44.2521],[-72.4926,44.2521],[-72.4928,44.2526],[-72.4933,44.2523],[-72.4931,44.2514],[-72.4935,44.2508]]]]}},{"type":"Feature","properties":{"name":"Vermont Land Trust Easement","agency":"4000052210","type":"EASEMENT","access":"limited (easement)","acres":8,"owner":"PRIV"},"geometry":{"type":"MultiPolygon","coordinates":[[[[-72.4952,44.2593],[-72.4921,44.2586],[-72.4914,44.2582],[-72.4912,44.2574],[-72.4882,44.2577],[-72.4903,44.2571],[-72.4897,44.2563],[-72.489,44.2566],[-72.4892,44.2561],[-72.49,44.256],[-72.4907,44.257],[-72.4917,44.2574],[-72.4918,44.2581],[-72.4956,44.2591],[-72.4952,44.2593]]],[[[-72.4951,44.2613],[-72.4937,44.2629],[-72.4942,44.2617],[-72.4951,44.2613]]]]}},{"type":"Feature","properties":{"name":"Vermont Land Trust Easement","agency":"4000052210","type":"EASEMENT","access":"limited (easement)","acres":103,"owner":"PRIV"},"geometry":{"type":"Polygon","coordinates":[[[-72.7262,44.4274],[-72.7268,44.4263],[-72.7252,44.4269],[-72.7203,44.425],[-72.7246,44.4208],[-72.7326,44.4233],[-72.7286,44.4284],[-72.7262,44.4274]],[[-72.7277,44.4265],[-72.7285,44.427],[-72.729,44.4265],[-72.7283,44.4262],[-72.7277,44.4265]],[[-72.7263,44.423],[-72.7248,44.4244],[-72.7249,44.4249],[-72.726,44.4252],[-72.7259,44.4241],[-72.727,44.423],[-72.7263,44.423]]]}},{"type":"Feature","properties":{"name":"Vermont Land Trust Easement","agency":"4000052210","type":"EASEMENT","access":"limited (easement)","acres":4,"owner":"PRIV"},"geometry":{"type":"Polygon","coordinates":[[[-72.7263,44.423],[-72.727,44.423],[-72.7259,44.4241],[-72.726,44.4252],[-72.7249,44.4249],[-72.7248,44.4244],[-72.7263,44.423]]]}},{"type":"Feature","properties":{"name":"Vermont Land Trust Easement","agency":"4000052210","type":"EASEMENT","access":"limited (easement)","acres":40,"owner":"PRIV"},"geometry":{"type":"Polygon","coordinates":[[[-72.2021,44.5826],[-72.2015,44.5825],[-72.2014,44.5829],[-72.1989,44.5823],[-72.1942,44.5801],[-72.1944,44.5792],[-72.2027,44.5804],[-72.2025,44.5809],[-72.2033,44.581],[-72.2026,44.5831],[-72.202,44.583],[-72.2021,44.5826]]]}},{"type":"Feature","properties":{"name":"Vermont Land Trust Easement","agency":"4000052210","type":"EASEMENT","access":"limited (easement)","acres":36,"owner":"PRIV"},"geometry":{"type":"Polygon","coordinates":[[[-72.211,44.5817],[-72.2111,44.5814],[-72.215,44.5822],[-72.2138,44.5864],[-72.2099,44.5847],[-72.211,44.5817]]]}},{"type":"Feature","properties":{"name":"Vermont Land Trust Easement","agency":"4000052210","type":"EASEMENT","access":"limited (easement)","acres":635,"owner":"PRIV"},"geometry":{"type":"Polygon","coordinates":[[[-72.2204,44.5993],[-72.2215,44.5979],[-72.2106,44.5958],[-72.213,44.5941],[-72.2128,44.5925],[-72.2124,44.5914],[-72.2098,44.5911],[-72.2087,44.5897],[-72.2062,44.5904],[-72.2059,44.5908],[-72.2063,44.5919],[-72.2053,44.5951],[-72.1948,44.5935],[-72.1962,44.5889],[-72.1915,44.5885],[-72.1941,44.5802],[-72.1991,44.5826],[-72.2051,44.5837],[-72.2048,44.5845],[-72.206,44.5847],[-72.2063,44.5839],[-72.2088,44.5845],[-72.2171,44.5876],[-72.2197,44.5888],[-72.2186,44.5907],[-72.2194,44.5908],[-72.2199,44.5888],[-72.2219,44.5895],[-72.2254,44.5918],[-72.2279,44.591],[-72.2263,44.593],[-72.2275,44.5937],[-72.2269,44.5941],[-72.2266,44.5949],[-72.2238,44.5971],[-72.222,44.5973],[-72.2223,44.5979],[-72.2238,44.598],[-72.2235,44.5991],[-72.2204,44.5993]],[[-72.222,44.5972],[-72.2221,44.5967],[-72.2215,44.5963],[-72.2203,44.5961],[-72.2198,44.5965],[-72.2211,44.5973],[-72.222,44.5972]],[[-72.2168,44.5967],[-72.2188,44.5965],[-72.2178,44.5958],[-72.2167,44.5961],[-72.2168,44.5967]],[[-72.2233,44.596],[-72.2231,44.5969],[-72.2234,44.5971],[-72.2252,44.5957],[-72.2243,44.5952],[-72.2234,44.5956],[-72.2233,44.596]],[[-72.2156,44.5937],[-72.2142,44.5937],[-72.2148,44.5951],[-72.2153,44.5949],[-72.2156,44.5937]]]}},{"type":"Feature","properties":{"name":"Vermont Land Trust Easement","agency":"4000052210","type":"EASEMENT","access":"limited (easement)","acres":7,"owner":"PRIV"},"geometry":{"type":"Polygon","coordinates":[[[-72.2059,44.5908],[-72.2086,44.5897],[-72.2098,44.5911],[-72.2066,44.5906],[-72.2063,44.5919],[-72.2059,44.5908]]]}},{"type":"Feature","properties":{"name":"Vermont Land Trust Easement","agency":"4000052210","type":"EASEMENT","access":"limited (easement)","acres":4,"owner":"PRIV"},"geometry":{"type":"Polygon","coordinates":[[[-72.2146,44.5935],[-72.2156,44.5937],[-72.215,44.5951],[-72.2142,44.594],[-72.2146,44.5935]]]}},{"type":"Feature","properties":{"name":"Vermont Land Trust Easement","agency":"4000052210","type":"EASEMENT","access":"limited (easement)","acres":11,"owner":"PRIV"},"geometry":{"type":"Polygon","coordinates":[[[-72.2117,44.5912],[-72.2124,44.5914],[-72.2131,44.5938],[-72.2123,44.5949],[-72.2107,44.5954],[-72.2121,44.5914],[-72.2112,44.5913],[-72.2117,44.5912]]]}},{"type":"Feature","properties":{"name":"Vermont Land Trust Easement","agency":"4000052210","type":"EASEMENT","access":"limited (easement)","acres":5,"owner":"PRIV"},"geometry":{"type":"Polygon","coordinates":[[[-72.2244,44.5952],[-72.2252,44.5958],[-72.2233,44.5971],[-72.223,44.5964],[-72.2234,44.5956],[-72.2244,44.5952]]]}},{"type":"Feature","properties":{"name":"Vermont Land Trust Easement","agency":"4000052210","type":"EASEMENT","access":"limited (easement)","acres":4,"owner":"PRIV"},"geometry":{"type":"Polygon","coordinates":[[[-72.22,44.5963],[-72.2215,44.5963],[-72.2221,44.5971],[-72.2205,44.5971],[-72.2198,44.5966],[-72.22,44.5963]]]}},{"type":"Feature","properties":{"name":"Vermont Land Trust Easement","agency":"4000052210","type":"EASEMENT","access":"limited (easement)","acres":52,"owner":"PRIV"},"geometry":{"type":"Polygon","coordinates":[[[-72.2206,44.5992],[-72.2235,44.5991],[-72.2238,44.598],[-72.2223,44.5979],[-72.222,44.5973],[-72.2238,44.5971],[-72.2266,44.5949],[-72.2269,44.594],[-72.2294,44.593],[-72.2296,44.594],[-72.2278,44.5952],[-72.2269,44.5952],[-72.2276,44.5956],[-72.2275,44.5963],[-72.2227,44.6012],[-72.2182,44.6021],[-72.2206,44.5992]]]}},{"type":"Feature","properties":{"name":"Vermont Land Trust Easement","agency":"4000052210","type":"EASEMENT","access":"public, limited","acres":16,"owner":"PUB"},"geometry":{"type":"Polygon","coordinates":[[[-72.8833,44.5132],[-72.8853,44.5128],[-72.8864,44.5117],[-72.8874,44.5113],[-72.8898,44.5118],[-72.8872,44.5132],[-72.8861,44.5144],[-72.8833,44.5132]]]}},{"type":"Feature","properties":{"name":"Marshfield Town Forest","agency":"5002343600","type":"FEE_OWN","access":"open","acres":17,"owner":"PUB"},"geometry":{"type":"Polygon","coordinates":[[[-72.4133,44.3086],[-72.412,44.3075],[-72.411,44.3054],[-72.4155,44.3066],[-72.4141,44.3087],[-72.4136,44.3086],[-72.4139,44.309],[-72.4134,44.3097],[-72.4133,44.3086]]]}},{"type":"Feature","properties":{"name":"Marshfield Town Forest","agency":"5002343600","type":"FEE_OWN","access":"open","acres":4,"owner":"PUB"},"geometry":{"type":"Polygon","coordinates":[[[-72.4088,44.3102],[-72.4093,44.3088],[-72.4101,44.3091],[-72.41,44.3085],[-72.4106,44.3093],[-72.4099,44.3106],[-72.4088,44.3102]]]}},{"type":"Feature","properties":{"name":"Hinesburg Town Forest","agency":"5000733475","type":"FEE_OWN","access":"open","acres":9,"owner":"PUB"},"geometry":{"type":"Polygon","coordinates":[[[-73.0923,44.298],[-73.0924,44.2965],[-73.0947,44.2963],[-73.0945,44.2981],[-73.0936,44.2979],[-73.0924,44.2983],[-73.0923,44.298]]]}},{"type":"Feature","properties":{"name":"Hinesburg Town Forest","agency":"5000733475","type":"FEE_OWN","access":"open","acres":11,"owner":"PUB"},"geometry":{"type":"Polygon","coordinates":[[[-73.0958,44.2953],[-73.0969,44.2954],[-73.0967,44.2962],[-73.0973,44.2973],[-73.0961,44.2975],[-73.0955,44.3],[-73.0949,44.3001],[-73.0955,44.2958],[-73.0958,44.2953]]]}},{"type":"Feature","properties":{"name":"Town Of Bolton","agency":"5000706550","type":"FEE_OWN","access":"open","acres":8,"owner":"PUB"},"geometry":{"type":"Polygon","coordinates":[[[-72.9048,44.4168],[-72.9061,44.4172],[-72.9066,44.4187],[-72.9061,44.4188],[-72.9057,44.4182],[-72.9036,44.4179],[-72.9038,44.4173],[-72.9048,44.4168]]]}},{"type":"Feature","properties":{"name":"Town Of Waitsfield","agency":"5002375325","type":"FEE_OWN","access":"open","acres":7,"owner":"PUB"},"geometry":{"type":"Polygon","coordinates":[[[-72.8343,44.17],[-72.8332,44.1708],[-72.8337,44.1721],[-72.8328,44.1728],[-72.8319,44.1702],[-72.8343,44.17]]]}},{"type":"Feature","properties":{"name":"Moscow Recreation Field","agency":"5001570525","type":"FEE_OWN","access":"open","acres":5,"owner":"PUB"},"geometry":{"type":"Polygon","coordinates":[[[-72.7231,44.4428],[-72.7218,44.4426],[-72.7209,44.4414],[-72.721,44.441],[-72.7234,44.4417],[-72.7231,44.4428]]]}},{"type":"Feature","properties":{"name":"Town Of Waitsfield","agency":"5002375325","type":"FEE_OWN","access":"open","acres":5,"owner":"PUB"},"geometry":{"type":"Polygon","coordinates":[[[-72.8346,44.1781],[-72.8343,44.1769],[-72.8361,44.1785],[-72.8337,44.1796],[-72.8335,44.1792],[-72.8341,44.1789],[-72.8346,44.1781]]]}},{"type":"Feature","properties":{"name":"Town Of East Montpelier","agency":"5002321925","type":"FEE_OWN","access":"open","acres":3,"owner":"PUB"},"geometry":{"type":"Polygon","coordinates":[[[-72.5613,44.2918],[-72.5641,44.2917],[-72.5634,44.2923],[-72.5623,44.2925],[-72.5613,44.2918]]]}},{"type":"Feature","properties":{"name":"Town Of Plainfield","agency":"5002355825","type":"FEE_OWN","access":"open","acres":5,"owner":"PUB"},"geometry":{"type":"Polygon","coordinates":[[[-72.4375,44.2854],[-72.439,44.2846],[-72.44,44.2856],[-72.4403,44.2865],[-72.4375,44.2854]]]}},{"type":"Feature","properties":{"name":"Moretown School District","agency":"5002346225","type":"FEE_OWN","access":"open","acres":84,"owner":"PUB"},"geometry":{"type":"Polygon","coordinates":[[[-72.7587,44.2374],[-72.7608,44.2335],[-72.7623,44.2343],[-72.7586,44.2409],[-72.7606,44.242],[-72.7595,44.2439],[-72.7605,44.2447],[-72.7583,44.2461],[-72.7579,44.2475],[-72.7544,44.2458],[-72.7587,44.2374]]]}},{"type":"Feature","properties":{"name":"Town Of Berlin","agency":"5002305650","type":"FEE_OWN","access":"open","acres":404,"owner":"PUB"},"geometry":{"type":"Polygon","coordinates":[[[-72.6041,44.1857],[-72.6113,44.1728],[-72.6223,44.1753],[-72.6211,44.1786],[-72.6178,44.1847],[-72.6162,44.1843],[-72.6156,44.1849],[-72.6143,44.1866],[-72.613,44.1892],[-72.6104,44.1911],[-72.6093,44.1927],[-72.6064,44.1919],[-72.6086,44.1874],[-72.6037,44.1864],[-72.6041,44.1857]]]}},{"type":"Feature","properties":{"name":"City Of Montpelier","agency":"5002346000","type":"FEE_OWN","access":"open","acres":29,"owner":"PUB"},"geometry":{"type":"Polygon","coordinates":[[[-72.5668,44.2787],[-72.5673,44.2759],[-72.5705,44.2758],[-72.5705,44.2745],[-72.5717,44.2745],[-72.5717,44.2754],[-72.5709,44.2763],[-72.5711,44.2767],[-72.5704,44.2792],[-72.5668,44.2787]]]}},{"type":"Feature","properties":{"name":"Town Of Starksboro","agency":"5000170075","type":"FEE_OWN","access":"open","acres":28,"owner":"PUB"},"geometry":{"type":"Polygon","coordinates":[[[-73.0641,44.2446],[-73.0628,44.2442],[-73.0624,44.2436],[-73.0614,44.2435],[-73.0601,44.244],[-73.0591,44.2435],[-73.0587,44.2417],[-73.0587,44.2358],[-73.0598,44.2358],[-73.0596,44.2388],[-73.0601,44.243],[-73.0614,44.2427],[-73.0629,44.243],[-73.0636,44.2437],[-73.0658,44.2445],[-73.0641,44.2446]]]}},{"type":"Feature","properties":{"name":"Town Of Starksboro","agency":"5000170075","type":"FEE_OWN","access":"open","acres":6,"owner":"PUB"},"geometry":{"type":"Polygon","coordinates":[[[-73.0628,44.2451],[-73.0605,44.2444],[-73.0614,44.2435],[-73.0641,44.2446],[-73.0628,44.2451]]]}},{"type":"Feature","properties":{"name":"Town Of Waitsfield","agency":"5002375325","type":"FEE_OWN","access":"open","acres":111,"owner":"PUB"},"geometry":{"type":"Polygon","coordinates":[[[-72.833,44.1802],[-72.8323,44.1827],[-72.8304,44.1842],[-72.8258,44.182],[-72.8237,44.1838],[-72.8231,44.1835],[-72.8236,44.183],[-72.823,44.1827],[-72.8235,44.1807],[-72.8245,44.1813],[-72.8256,44.1789],[-72.8252,44.1762],[-72.8259,44.1756],[-72.8328,44.1787],[-72.8324,44.1795],[-72.833,44.1802]]]}},{"type":"Feature","properties":{"name":"Town Of Waitsfield","agency":"5002375325","type":"FEE_OWN","access":"open","acres":14,"owner":"PUB"},"geometry":{"type":"Polygon","coordinates":[[[-72.8346,44.1781],[-72.8341,44.1789],[-72.8335,44.1792],[-72.8338,44.1812],[-72.8331,44.183],[-72.8317,44.1844],[-72.8304,44.1842],[-72.8323,44.1827],[-72.833,44.1802],[-72.8324,44.1792],[-72.8328,44.1787],[-72.8339,44.1788],[-72.8343,44.1781],[-72.8339,44.1775],[-72.8342,44.1766],[-72.8346,44.1781]]]}},{"type":"Feature","properties":{"name":"City Of Montpelier","agency":"5002346000","type":"FEE_OWN","access":"open","acres":14,"owner":"PUB"},"geometry":{"type":"Polygon","coordinates":[[[-72.5672,44.2883],[-72.5702,44.2894],[-72.5695,44.291],[-72.5663,44.29],[-72.5672,44.2883]]]}},{"type":"Feature","properties":{"name":"Marshfield Town Forest","agency":"5002343600","type":"FEE_OWN","access":"open","acres":3,"owner":"PUB"},"geometry":{"type":"Polygon","coordinates":[[[-72.4147,44.311],[-72.4184,44.3142],[-72.4158,44.3125],[-72.4147,44.311]]]}},{"type":"Feature","properties":{"name":"Marshfield Town Forest","agency":"5002343600","type":"FEE_OWN","access":"open","acres":4,"owner":"PUB"},"geometry":{"type":"Polygon","coordinates":[[[-72.4107,44.3056],[-72.411,44.3054],[-72.412,44.3075],[-72.4133,44.3086],[-72.4132,44.3102],[-72.413,44.3087],[-72.4117,44.3076],[-72.4107,44.3056]]]}},{"type":"Feature","properties":{"name":"Marshfield Town Forest","agency":"5002343600","type":"FEE_OWN","access":"open","acres":5,"owner":"PUB"},"geometry":{"type":"Polygon","coordinates":[[[-72.4032,44.3244],[-72.4039,44.3234],[-72.4038,44.3243],[-72.4048,44.3244],[-72.404,44.3263],[-72.4038,44.3255],[-72.4029,44.3248],[-72.4032,44.3244]]]}},{"type":"Feature","properties":{"name":"Marshfield Town Forest","agency":"5002343600","type":"FEE_OWN","access":"open","acres":13,"owner":"PUB"},"geometry":{"type":"Polygon","coordinates":[[[-72.4124,44.3159],[-72.4125,44.315],[-72.4134,44.3136],[-72.4131,44.3103],[-72.4135,44.3105],[-72.4137,44.3114],[-72.4137,44.3158],[-72.4144,44.3161],[-72.4139,44.3171],[-72.4143,44.3177],[-72.4136,44.318],[-72.4139,44.3178],[-72.4124,44.3159]]]}},{"type":"Feature","properties":{"name":"Marshfield Town Forest","agency":"5002343600","type":"FEE_OWN","access":"open","acres":15,"owner":"PUB"},"geometry":{"type":"Polygon","coordinates":[[[-72.4108,44.3236],[-72.4124,44.323],[-72.4118,44.3224],[-72.4128,44.3209],[-72.4135,44.3182],[-72.4145,44.3178],[-72.4161,44.3191],[-72.416,44.3203],[-72.4157,44.3193],[-72.4142,44.318],[-72.4133,44.3202],[-72.4135,44.3216],[-72.4133,44.3223],[-72.4136,44.323],[-72.4133,44.3233],[-72.4151,44.3246],[-72.4125,44.3233],[-72.4113,44.3236],[-72.4103,44.3247],[-72.4108,44.3236]]]}},{"type":"Feature","properties":{"name":"Marshfield Town Forest","agency":"5002343600","type":"FEE_OWN","access":"open","acres":45,"owner":"PUB"},"geometry":{"type":"Polygon","coordinates":[[[-72.4073,44.305],[-72.4077,44.306],[-72.4072,44.3076],[-72.4075,44.3102],[-72.4083,44.3111],[-72.4076,44.3122],[-72.4037,44.3106],[-72.4043,44.3075],[-72.4048,44.3073],[-72.4055,44.3054],[-72.4073,44.305]]]}},{"type":"Feature","properties":{"name":"Marshfield Town Forest","agency":"5002343600","type":"FEE_OWN","access":"open","acres":44,"owner":"PUB"},"geometry":{"type":"Polygon","coordinates":[[[-72.3999,44.3216],[-72.4037,44.3164],[-72.4049,44.3174],[-72.4063,44.3155],[-72.4069,44.3157],[-72.4053,44.3176],[-72.4043,44.3222],[-72.4036,44.3231],[-72.3999,44.3216]]]}},{"type":"Feature","properties":{"name":"Pond Brook Wetland Conservation Area","agency":"5000145550","type":"FEE_OWN","access":"open","acres":75,"owner":"PUB"},"geometry":{"type":"Polygon","coordinates":[[[-73.1047,44.2263],[-73.1074,44.2294],[-73.1043,44.2299],[-73.1039,44.2332],[-73.1091,44.2324],[-73.1093,44.2328],[-73.1039,44.2335],[-73.1035,44.2367],[-73.1027,44.2374],[-73.0985,44.2379],[-73.0987,44.2361],[-73.1012,44.2374],[-73.1017,44.237],[-73.1012,44.2352],[-73.1008,44.2352],[-73.1013,44.2319],[-73.1024,44.2298],[-73.1028,44.2272],[-73.1033,44.2276],[-73.1047,44.2263]]]}},{"type":"Feature","properties":{"name":"Town Of Starksboro","agency":"5000170075","type":"FEE_OWN","access":"open","acres":25,"owner":"PUB"},"geometry":{"type":"Polygon","coordinates":[[[-73.0716,44.248],[-73.0741,44.2479],[-73.0748,44.2517],[-73.0709,44.2521],[-73.0709,44.2509],[-73.0716,44.2507],[-73.0718,44.25],[-73.0715,44.2493],[-73.0719,44.2484],[-73.0716,44.248]]]}},{"type":"Feature","properties":{"name":"Town Of Starksboro","agency":"5000170075","type":"FEE_OWN","access":"open","acres":15,"owner":"PUB"},"geometry":{"type":"Polygon","coordinates":[[[-73.0702,44.2481],[-73.0707,44.2461],[-73.0713,44.2452],[-73.0717,44.2453],[-73.0706,44.247],[-73.0709,44.2473],[-73.0707,44.248],[-73.0718,44.2482],[-73.0715,44.2493],[-73.0717,44.2505],[-73.0709,44.2509],[-73.0709,44.2521],[-73.0697,44.2522],[-73.0699,44.2505],[-73.0707,44.2499],[-73.0703,44.2494],[-73.0707,44.2485],[-73.0702,44.2481]]]}},{"type":"Feature","properties":{"name":"Town Of Starksboro","agency":"5000170075","type":"FEE_OWN","access":"open","acres":51,"owner":"PUB"},"geometry":{"type":"Polygon","coordinates":[[[-73.0681,44.2484],[-73.0682,44.2471],[-73.0662,44.2474],[-73.0648,44.246],[-73.0699,44.2444],[-73.0709,44.2445],[-73.0713,44.2452],[-73.0702,44.2481],[-73.0707,44.2485],[-73.0703,44.2494],[-73.0707,44.2499],[-73.0699,44.2505],[-73.0697,44.2522],[-73.0676,44.2524],[-73.0681,44.2484]]]}},{"type":"Feature","properties":{"name":"Town Of Starksboro","agency":"5000170075","type":"FEE_OWN","access":"open","acres":17,"owner":"PUB"},"geometry":{"type":"Polygon","coordinates":[[[-73.0627,44.2429],[-73.0614,44.2427],[-73.0601,44.243],[-73.0596,44.2388],[-73.0598,44.2358],[-73.0613,44.2364],[-73.0607,44.2381],[-73.0599,44.2382],[-73.0607,44.2427],[-73.064,44.2424],[-73.0648,44.2439],[-73.0636,44.2437],[-73.0627,44.2429]]]}},{"type":"Feature","properties":{"name":"Town Of Starksboro","agency":"5000170075","type":"FEE_OWN","access":"open","acres":11,"owner":"PUB"},"geometry":{"type":"Polygon","coordinates":[[[-73.0576,44.2358],[-73.0587,44.2358],[-73.0586,44.2387],[-73.059,44.2432],[-73.0599,44.244],[-73.0611,44.2436],[-73.0605,44.2444],[-73.059,44.2438],[-73.0588,44.2432],[-73.0576,44.2358]]]}},{"type":"Feature","properties":{"name":"Marshfield Town Forest","agency":"5002343600","type":"FEE_OWN","access":"open","acres":51,"owner":"PUB"},"geometry":{"type":"Polygon","coordinates":[[[-72.4143,44.3177],[-72.4139,44.3171],[-72.4144,44.3161],[-72.4137,44.3158],[-72.4135,44.3105],[-72.4147,44.311],[-72.4151,44.3119],[-72.4182,44.3143],[-72.4184,44.3141],[-72.4156,44.3118],[-72.4152,44.3112],[-72.42,44.3129],[-72.4188,44.3145],[-72.4154,44.3172],[-72.4143,44.3177]]]}},{"type":"Feature","properties":{"name":"Marshfield Town Forest","agency":"5002343600","type":"FEE_OWN","access":"open","acres":31,"owner":"PUB"},"geometry":{"type":"Polygon","coordinates":[[[-72.404,44.3269],[-72.4044,44.3255],[-72.4054,44.3246],[-72.4064,44.3242],[-72.4081,44.3244],[-72.4092,44.3255],[-72.4104,44.3259],[-72.4092,44.3275],[-72.4077,44.3269],[-72.4063,44.3268],[-72.4052,44.3273],[-72.404,44.3269]]]}},{"type":"Feature","properties":{"name":"Marshfield Town Forest","agency":"5002343600","type":"FEE_OWN","access":"open","acres":39,"owner":"PUB"},"geometry":{"type":"Polygon","coordinates":[[[-72.405,44.3209],[-72.4048,44.3194],[-72.4065,44.3178],[-72.4088,44.3177],[-72.4102,44.3188],[-72.41,44.32],[-72.4082,44.3216],[-72.4065,44.3217],[-72.405,44.3209]]]}},{"type":"Feature","properties":{"name":"Marshfield Town Forest","agency":"5002343600","type":"FEE_OWN","access":"open","acres":25,"owner":"PUB"},"geometry":{"type":"Polygon","coordinates":[[[-72.4207,44.3167],[-72.4204,44.3171],[-72.4212,44.3173],[-72.4211,44.318],[-72.4218,44.3182],[-72.4219,44.3175],[-72.4225,44.3181],[-72.4214,44.3198],[-72.4196,44.32],[-72.4182,44.3194],[-72.4177,44.3184],[-72.4181,44.3174],[-72.4192,44.3168],[-72.4207,44.3167]]]}},{"type":"Feature","properties":{"name":"Marshfield Town Forest","agency":"5002343600","type":"FEE_OWN","access":"open","acres":80,"owner":"PUB"},"geometry":{"type":"Polygon","coordinates":[[[-72.4219,44.3121],[-72.4224,44.3137],[-72.4209,44.3152],[-72.4215,44.3155],[-72.4207,44.3167],[-72.4187,44.317],[-72.4178,44.3183],[-72.418,44.3192],[-72.4189,44.3198],[-72.4214,44.3198],[-72.4205,44.3209],[-72.4175,44.3197],[-72.4154,44.3225],[-72.4169,44.3231],[-72.416,44.3247],[-72.4151,44.3246],[-72.4133,44.3233],[-72.4135,44.3212],[-72.4132,44.3209],[-72.4139,44.3182],[-72.4142,44.318],[-72.4156,44.3192],[-72.4159,44.3202],[-72.4162,44.3203],[-72.4161,44.3193],[-72.4145,44.3178],[-72.4155,44.3173],[-72.4186,44.3148],[-72.4193,44.3153],[-72.4192,44.3159],[-72.4201,44.316],[-72.4203,44.315],[-72.4191,44.3145],[-72.4211,44.3117],[-72.4215,44.3119],[-72.4217,44.3129],[-72.4219,44.3121]]]}},{"type":"Feature","properties":{"name":"Marshfield Town Forest","agency":"5002343600","type":"FEE_OWN","access":"open","acres":4,"owner":"PUB"},"geometry":{"type":"Polygon","coordinates":[[[-72.4186,44.3148],[-72.4194,44.3144],[-72.4205,44.3154],[-72.4201,44.316],[-72.4196,44.3161],[-72.4191,44.3158],[-72.4193,44.3153],[-72.4186,44.3148]]]}},{"type":"Feature","properties":{"name":"Marshfield Town Forest","agency":"5002343600","type":"FEE_OWN","access":"open","acres":58,"owner":"PUB"},"geometry":{"type":"Polygon","coordinates":[[[-72.4083,44.3106],[-72.4079,44.3102],[-72.4076,44.3076],[-72.4081,44.3067],[-72.4078,44.3052],[-72.4093,44.3051],[-72.4099,44.309],[-72.4093,44.3088],[-72.4088,44.3102],[-72.4099,44.3106],[-72.4106,44.3093],[-72.41,44.3085],[-72.4098,44.3058],[-72.4104,44.3056],[-72.4117,44.3076],[-72.413,44.3087],[-72.4132,44.3102],[-72.4112,44.3129],[-72.4084,44.3125],[-72.4087,44.3111],[-72.4083,44.3106]]]}},{"type":"Feature","properties":{"name":"Marshfield Town Forest","agency":"5002343600","type":"FEE_OWN","access":"open","acres":5,"owner":"PUB"},"geometry":{"type":"Polygon","coordinates":[[[-72.402,44.326],[-72.4029,44.3248],[-72.4038,44.3255],[-72.404,44.3269],[-72.402,44.326]]]}},{"type":"Feature","properties":{"name":"Marshfield Town Forest","agency":"5002343600","type":"FEE_OWN","access":"open","acres":15,"owner":"PUB"},"geometry":{"type":"Polygon","coordinates":[[[-72.4048,44.3193],[-72.4053,44.3175],[-72.4062,44.3167],[-72.4065,44.3159],[-72.4072,44.3157],[-72.4076,44.3122],[-72.4083,44.3111],[-72.4075,44.3102],[-72.4072,44.3076],[-72.4077,44.306],[-72.4073,44.305],[-72.4091,44.3049],[-72.4093,44.3051],[-72.4078,44.3052],[-72.4081,44.3067],[-72.4076,44.3076],[-72.4079,44.3102],[-72.4087,44.3111],[-72.4078,44.3126],[-72.4071,44.317],[-72.4047,44.3197],[-72.4048,44.3193]]]}},{"type":"Feature","properties":{"name":"Marshfield Town Forest","agency":"5002343600","type":"FEE_OWN","access":"open","acres":160,"owner":"PUB"},"geometry":{"type":"Polygon","coordinates":[[[-72.4104,44.3259],[-72.4092,44.3255],[-72.4082,44.3244],[-72.4069,44.3242],[-72.4055,44.3245],[-72.4042,44.3258],[-72.4048,44.3244],[-72.4042,44.3241],[-72.4038,44.3243],[-72.4038,44.3235],[-72.4046,44.3225],[-72.405,44.3209],[-72.4062,44.3216],[-72.4078,44.3217],[-72.4088,44.3212],[-72.4102,44.3197],[-72.4101,44.3186],[-72.4091,44.3178],[-72.4075,44.3175],[-72.4061,44.318],[-72.4071,44.317],[-72.4082,44.3118],[-72.4085,44.3114],[-72.4084,44.3125],[-72.4112,44.3129],[-72.413,44.3103],[-72.4134,44.3136],[-72.4125,44.3149],[-72.4124,44.3158],[-72.4126,44.3164],[-72.4139,44.3178],[-72.4109,44.3191],[-72.4087,44.3221],[-72.4111,44.3192],[-72.4126,44.3183],[-72.4135,44.3182],[-72.4128,44.3209],[-72.4118,44.3224],[-72.4124,44.323],[-72.411,44.3234],[-72.4102,44.3246],[-72.4105,44.3247],[-72.411,44.3238],[-72.4122,44.3233],[-72.4129,44.3234],[-72.4141,44.3243],[-72.4124,44.3265],[-72.4104,44.3259]]]}},{"type":"Feature","properties":{"name":"Hinesburg Town Forest","agency":"5000733475","type":"FEE_OWN","access":"open","acres":4,"owner":"PUB"},"geometry":{"type":"Polygon","coordinates":[[[-73.0996,44.3074],[-73.1002,44.3087],[-73.0981,44.3089],[-73.0996,44.3074]]]}},{"type":"Feature","properties":{"name":"Hinesburg Town Forest","agency":"5000733475","type":"FEE_OWN","access":"open","acres":10,"owner":"PUB"},"geometry":{"type":"Polygon","coordinates":[[[-73.0947,44.3065],[-73.0957,44.3068],[-73.095,44.3091],[-73.0933,44.3093],[-73.0939,44.3073],[-73.0947,44.3065]]]}},{"type":"Feature","properties":{"name":"Hinesburg Town Forest","agency":"5000733475","type":"FEE_OWN","access":"open","acres":6,"owner":"PUB"},"geometry":{"type":"Polygon","coordinates":[[[-73.0922,44.3073],[-73.092,44.3067],[-73.0934,44.307],[-73.0929,44.3082],[-73.0933,44.3093],[-73.092,44.3091],[-73.0922,44.3073]]]}},{"type":"Feature","properties":{"name":"Hinesburg Town Forest","agency":"5000733475","type":"FEE_OWN","access":"open","acres":132,"owner":"PUB"},"geometry":{"type":"Polygon","coordinates":[[[-73.1031,44.3215],[-73.1028,44.3205],[-73.097,44.3212],[-73.091,44.3162],[-73.0917,44.3136],[-73.0899,44.3099],[-73.09,44.3063],[-73.0919,44.3065],[-73.092,44.3091],[-73.0949,44.3136],[-73.0959,44.316],[-73.0983,44.3181],[-73.1029,44.3191],[-73.1048,44.3213],[-73.1031,44.3215]]]}},{"type":"Feature","properties":{"name":"Town Of Berlin","agency":"5002305650","type":"FEE_OWN","access":"open","acres":48,"owner":"PUB"},"geometry":{"type":"Polygon","coordinates":[[[-72.6026,44.196],[-72.605,44.1915],[-72.6093,44.1927],[-72.6082,44.1942],[-72.6077,44.1972],[-72.6026,44.196]]]}},{"type":"Feature","properties":{"name":"Town Of Berlin","agency":"5002305650","type":"FEE_OWN","access":"open","acres":27,"owner":"PUB"},"geometry":{"type":"Polygon","coordinates":[[[-72.6009,44.1973],[-72.598,44.1975],[-72.5993,44.1952],[-72.6077,44.1972],[-72.604,44.1978],[-72.6009,44.1973]]]}},{"type":"Feature","properties":{"name":"Town Of Berlin","agency":"5002305650","type":"FEE_OWN","access":"open","acres":8,"owner":"PUB"},"geometry":{"type":"Polygon","coordinates":[[[-72.6094,44.1988],[-72.6049,44.1987],[-72.6004,44.1976],[-72.5978,44.1978],[-72.6007,44.1974],[-72.6039,44.1983],[-72.61,44.1988],[-72.6099,44.1991],[-72.6094,44.1988]]]}},{"type":"Feature","properties":{"name":"Town Of Berlin","agency":"5002305650","type":"FEE_OWN","access":"open","acres":73,"owner":"PUB"},"geometry":{"type":"Polygon","coordinates":[[[-72.5978,44.1978],[-72.6004,44.1976],[-72.6038,44.1986],[-72.6099,44.1991],[-72.6081,44.2022],[-72.5968,44.1997],[-72.5978,44.1978]]]}},{"type":"Feature","properties":{"name":"Town Of Berlin","agency":"5002305650","type":"FEE_OWN","access":"open","acres":12,"owner":"PUB"},"geometry":{"type":"Polygon","coordinates":[[[-72.6093,44.1985],[-72.605,44.1985],[-72.6024,44.1977],[-72.6046,44.1979],[-72.6082,44.1974],[-72.6105,44.1979],[-72.61,44.1988],[-72.6093,44.1985]]]}},{"type":"Feature","properties":{"name":"Town Of Waitsfield","agency":"5002375325","type":"FEE_OWN","access":"open","acres":202,"owner":"PUB"},"geometry":{"type":"Polygon","coordinates":[[[-72.776,44.1469],[-72.7692,44.1433],[-72.7748,44.1372],[-72.7781,44.1388],[-72.7785,44.1406],[-72.7776,44.1453],[-72.7792,44.1437],[-72.7871,44.1477],[-72.784,44.151],[-72.776,44.1469]]]}},{"type":"Feature","properties":{"name":"Town Of Waitsfield","agency":"5002375325","type":"FEE_OWN","access":"open","acres":223,"owner":"PUB"},"geometry":{"type":"Polygon","coordinates":[[[-72.7807,44.1493],[-72.7841,44.151],[-72.7832,44.1518],[-72.7851,44.1527],[-72.7835,44.1532],[-72.7897,44.1573],[-72.7894,44.1621],[-72.7883,44.164],[-72.7852,44.1622],[-72.782,44.1656],[-72.7819,44.1636],[-72.7812,44.1627],[-72.7817,44.1611],[-72.7808,44.16],[-72.7805,44.1589],[-72.7775,44.157],[-72.7807,44.1493]]]}},{"type":"Feature","properties":{"name":"Town Of Waitsfield","agency":"5002375325","type":"FEE_OWN","access":"open","acres":125,"owner":"PUB"},"geometry":{"type":"Polygon","coordinates":[[[-72.7699,44.1532],[-72.776,44.1469],[-72.7807,44.1493],[-72.7775,44.157],[-72.7699,44.1532]]]}},{"type":"Feature","properties":{"name":"Moretown School District","agency":"5002346225","type":"FEE_OWN","access":"open","acres":35,"owner":"PUB"},"geometry":{"type":"Polygon","coordinates":[[[-72.7541,44.2385],[-72.7572,44.2401],[-72.7551,44.2441],[-72.752,44.2424],[-72.7541,44.2385]]]}},{"type":"Feature","properties":{"name":"Barre Town Forest","agency":"5002303250","type":"FEE_OWN","access":"open","acres":46,"owner":"PUB"},"geometry":{"type":"Polygon","coordinates":[[[-72.4543,44.1541],[-72.4546,44.1524],[-72.4551,44.152],[-72.456,44.1522],[-72.4562,44.1516],[-72.4559,44.1513],[-72.4568,44.1505],[-72.4576,44.1506],[-72.4584,44.1499],[-72.4587,44.1523],[-72.4598,44.1535],[-72.4586,44.1545],[-72.4578,44.1541],[-72.4567,44.157],[-72.4537,44.1555],[-72.4543,44.1541]]]}},{"type":"Feature","properties":{"name":"Fayston Town Forest","agency":"5002325825","type":"FEE_OWN","access":"open","acres":8,"owner":"PUB"},"geometry":{"type":"Polygon","coordinates":[[[-72.8759,44.1838],[-72.8791,44.1817],[-72.8804,44.1815],[-72.8821,44.1786],[-72.8834,44.1782],[-72.8816,44.1799],[-72.8807,44.1817],[-72.8796,44.1817],[-72.8766,44.1839],[-72.8759,44.1838]]]}},{"type":"Feature","properties":{"name":null,"agency":"4000051805","type":"FEE_OWN","access":"limited (easement)","acres":21,"owner":"PRIV"},"geometry":{"type":"Polygon","coordinates":[[[-72.9613,44.3734],[-72.9584,44.3742],[-72.9582,44.3739],[-72.9557,44.3746],[-72.9529,44.3745],[-72.952,44.3761],[-72.9514,44.3762],[-72.9509,44.3747],[-72.9516,44.374],[-72.9551,44.3738],[-72.957,44.373],[-72.9592,44.3735],[-72.9606,44.3728],[-72.9613,44.3734]]]}},{"type":"Feature","properties":{"name":"Passumpsic Valley Land Trust","agency":"4000051605","type":"FEE_OWN","access":"limited (easement)","acres":12,"owner":"PRIV"},"geometry":{"type":"Polygon","coordinates":[[[-72.2341,44.42],[-72.2368,44.419],[-72.2385,44.4202],[-72.2375,44.4214],[-72.2341,44.42]]]}},{"type":"Feature","properties":{"name":"Passumpsic Valley Land Trust","agency":"4000051605","type":"FEE_OWN","access":"limited (easement)","acres":83,"owner":"PRIV"},"geometry":{"type":"Polygon","coordinates":[[[-72.2341,44.42],[-72.2375,44.4214],[-72.2339,44.426],[-72.2301,44.4243],[-72.2234,44.4236],[-72.2239,44.423],[-72.224,44.4234],[-72.2247,44.4235],[-72.2262,44.4224],[-72.2283,44.4222],[-72.2291,44.4216],[-72.2291,44.4207],[-72.2293,44.4215],[-72.2303,44.4215],[-72.2306,44.4201],[-72.2316,44.4209],[-72.2341,44.42]]]}},{"type":"Feature","properties":{"name":"Town Of Bolton","agency":"5000706550","type":"FEE_OWN","access":"open","acres":318,"owner":"PUB"},"geometry":{"type":"Polygon","coordinates":[[[-72.9086,44.4216],[-72.9045,44.427],[-72.9059,44.4276],[-72.9071,44.4302],[-72.9081,44.4298],[-72.9077,44.429],[-72.9083,44.4274],[-72.9097,44.426],[-72.911,44.4236],[-72.9136,44.4242],[-72.9126,44.4245],[-72.9111,44.424],[-72.9102,44.4252],[-72.9114,44.4257],[-72.905,44.434],[-72.8995,44.4323],[-72.9008,44.4282],[-72.8999,44.4267],[-72.8984,44.4279],[-72.8985,44.4289],[-72.8965,44.4301],[-72.8967,44.4288],[-72.8971,44.4288],[-72.9044,44.4193],[-72.9034,44.4189],[-72.9036,44.4179],[-72.9057,44.4182],[-72.9062,44.4189],[-72.9066,44.4187],[-72.9059,44.417],[-72.9048,44.4168],[-72.9038,44.4173],[-72.9054,44.4098],[-72.9082,44.411],[-72.9112,44.4092],[-72.9108,44.4097],[-72.9111,44.4098],[-72.908,44.4143],[-72.9128,44.416],[-72.908,44.4214],[-72.9086,44.4216]]]}},{"type":"Feature","properties":{"name":"Mud Pond Country Park","agency":"5000784475","type":"FEE_OWN","access":"open","acres":62,"owner":"PUB"},"geometry":{"type":"Polygon","coordinates":[[[-73.0694,44.4151],[-73.0654,44.4138],[-73.0673,44.4103],[-73.0662,44.41],[-73.0666,44.4088],[-73.0645,44.4085],[-73.0652,44.4055],[-73.0674,44.406],[-73.0671,44.407],[-73.0688,44.4074],[-73.0681,44.4086],[-73.0706,44.4094],[-73.0693,44.4118],[-73.0719,44.4125],[-73.0689,44.4128],[-73.0682,44.4138],[-73.0676,44.4139],[-73.0688,44.4148],[-73.0698,44.4142],[-73.0707,44.4142],[-73.0713,44.4147],[-73.0703,44.4144],[-73.0698,44.4153],[-73.0694,44.4151]]]}},{"type":"Feature","properties":{"name":"Mud Pond Country Park","agency":"5000784475","type":"FEE_OWN","access":"open","acres":22,"owner":"PUB"},"geometry":{"type":"Polygon","coordinates":[[[-73.0699,44.4075],[-73.0671,44.407],[-73.0674,44.406],[-73.0659,44.4056],[-73.0667,44.4041],[-73.0671,44.4042],[-73.0675,44.4033],[-73.0671,44.4046],[-73.0679,44.4049],[-73.0686,44.4036],[-73.0685,44.4048],[-73.0706,44.4049],[-73.0705,44.4055],[-73.0699,44.4055],[-73.0697,44.4059],[-73.0711,44.4067],[-73.0702,44.4066],[-73.0704,44.4076],[-73.0699,44.4075]]]}},{"type":"Feature","properties":{"name":"Mad River Park","agency":"5002375325","type":"FEE_OWN","access":"open","acres":9,"owner":"PUB"},"geometry":{"type":"Polygon","coordinates":[[[-72.7925,44.2254],[-72.7927,44.2251],[-72.7937,44.2255],[-72.7935,44.2258],[-72.7954,44.2269],[-72.7946,44.2276],[-72.7917,44.2264],[-72.7925,44.2254]]]}},{"type":"Feature","properties":{"name":"Town Of Bolton","agency":"5000706550","type":"FEE_OWN","access":"open","acres":26,"owner":"PUB"},"geometry":{"type":"Polygon","coordinates":[[[-72.8996,44.4267],[-72.9002,44.4269],[-72.9008,44.4282],[-72.8995,44.4323],[-72.8994,44.4319],[-72.8961,44.4307],[-72.8985,44.4289],[-72.8984,44.4279],[-72.8996,44.4267]]]}},{"type":"Feature","properties":{"name":"Town Of Bolton","agency":"5000706550","type":"FEE_OWN","access":"open","acres":52,"owner":"PUB"},"geometry":{"type":"Polygon","coordinates":[[[-72.9055,44.4273],[-72.9045,44.427],[-72.9086,44.4216],[-72.9105,44.4223],[-72.9102,44.4246],[-72.9097,44.426],[-72.9083,44.4274],[-72.9078,44.4287],[-72.908,44.4299],[-72.9069,44.43],[-72.9064,44.4285],[-72.9055,44.4273]]]}},{"type":"Feature","properties":{"name":"Richmond Town Forest","agency":"5000759275","type":"FEE_OWN","access":"open","acres":3,"owner":"PUB"},"geometry":{"type":"Polygon","coordinates":[[[-72.9779,44.4033],[-72.9787,44.4031],[-72.9794,44.4036],[-72.978,44.4052],[-72.9779,44.4033]]]}},{"type":"Feature","properties":{"name":"Richmond Town Forest","agency":"5000759275","type":"FEE_OWN","access":"open","acres":33,"owner":"PUB"},"geometry":{"type":"Polygon","coordinates":[[[-72.959,44.4111],[-72.9585,44.4098],[-72.9608,44.4104],[-72.962,44.41],[-72.9627,44.4092],[-72.9627,44.4084],[-72.9621,44.4075],[-72.9601,44.4069],[-72.9609,44.4053],[-72.9617,44.4046],[-72.963,44.4058],[-72.9653,44.4067],[-72.9666,44.406],[-72.9653,44.407],[-72.9645,44.4085],[-72.9644,44.4098],[-72.959,44.4111]]]}},{"type":"Feature","properties":{"name":"Richmond Town Forest","agency":"5000759275","type":"FEE_OWN","access":"open","acres":127,"owner":"PUB"},"geometry":{"type":"Polygon","coordinates":[[[-72.9626,44.417],[-72.9618,44.4164],[-72.9624,44.4128],[-72.9607,44.412],[-72.9611,44.4112],[-72.9621,44.4105],[-72.9647,44.41],[-72.9649,44.4084],[-72.9656,44.4071],[-72.9667,44.4063],[-72.9672,44.4066],[-72.9691,44.4063],[-72.9688,44.4068],[-72.969,44.4111],[-72.9678,44.412],[-72.9675,44.413],[-72.9679,44.414],[-72.969,44.415],[-72.9666,44.4172],[-72.9674,44.4177],[-72.9667,44.4183],[-72.9653,44.4176],[-72.9646,44.4181],[-72.9632,44.4161],[-72.9626,44.4163],[-72.9626,44.417]]]}},{"type":"Feature","properties":{"name":"Richmond Town Forest","agency":"5000759275","type":"FEE_OWN","access":"open","acres":8,"owner":"PUB"},"geometry":{"type":"Polygon","coordinates":[[[-72.9605,44.4109],[-72.959,44.4111],[-72.9644,44.4098],[-72.9645,44.4085],[-72.9653,44.407],[-72.9665,44.406],[-72.9668,44.4062],[-72.9654,44.4075],[-72.9647,44.41],[-72.9619,44.4105],[-72.9607,44.412],[-72.9604,44.4118],[-72.9609,44.411],[-72.9605,44.4109]]]}},{"type":"Feature","properties":{"name":"Richmond Town Forest","agency":"5000759275","type":"FEE_OWN","access":"open","acres":8,"owner":"PUB"},"geometry":{"type":"Polygon","coordinates":[[[-72.9698,44.4059],[-72.9692,44.4068],[-72.9695,44.4101],[-72.969,44.415],[-72.9687,44.4127],[-72.9691,44.4101],[-72.9688,44.4068],[-72.9698,44.4059]]]}},{"type":"Feature","properties":{"name":"Richmond Town Forest","agency":"5000759275","type":"FEE_OWN","access":"open","acres":7,"owner":"PUB"},"geometry":{"type":"Polygon","coordinates":[[[-72.9753,44.4101],[-72.9749,44.4102],[-72.9743,44.4094],[-72.9741,44.4085],[-72.9745,44.4077],[-72.9752,44.4079],[-72.9758,44.4095],[-72.9758,44.4105],[-72.9753,44.4105],[-72.9753,44.4101]]]}},{"type":"Feature","properties":{"name":"Richmond Town Forest","agency":"5000759275","type":"FEE_OWN","access":"open","acres":6,"owner":"PUB"},"geometry":{"type":"Polygon","coordinates":[[[-72.9626,44.417],[-72.9627,44.4163],[-72.9634,44.4162],[-72.9646,44.4181],[-72.9637,44.4188],[-72.9626,44.417]]]}},{"type":"Feature","properties":{"name":"Richmond Town Forest","agency":"5000759275","type":"FEE_OWN","access":"open","acres":7,"owner":"PUB"},"geometry":{"type":"Polygon","coordinates":[[[-72.9689,44.4113],[-72.9688,44.4147],[-72.9679,44.414],[-72.9675,44.413],[-72.9678,44.412],[-72.9689,44.4113]]]}},{"type":"Feature","properties":{"name":"Mud Pond Country Park","agency":"5000784475","type":"FEE_OWN","access":"open","acres":4,"owner":"PUB"},"geometry":{"type":"Polygon","coordinates":[[[-73.0738,44.4052],[-73.0744,44.4054],[-73.0745,44.4057],[-73.0731,44.4076],[-73.0734,44.4065],[-73.0731,44.4061],[-73.0738,44.4052]]]}},{"type":"Feature","properties":{"name":"Mud Pond Country Park","agency":"5000784475","type":"FEE_OWN","access":"open","acres":9,"owner":"PUB"},"geometry":{"type":"Polygon","coordinates":[[[-73.0702,44.4068],[-73.0704,44.4065],[-73.0711,44.4067],[-73.0697,44.4058],[-73.0705,44.4055],[-73.071,44.4044],[-73.0706,44.4055],[-73.0713,44.4058],[-73.0715,44.4063],[-73.0725,44.4062],[-73.0726,44.4068],[-73.072,44.4076],[-73.0727,44.4078],[-73.0717,44.4075],[-73.0716,44.4078],[-73.0717,44.4066],[-73.0713,44.4077],[-73.0703,44.4078],[-73.0702,44.4068]]]}},{"type":"Feature","properties":{"name":"Town Of Waitsfield","agency":"5002375325","type":"FEE_OWN","access":"open","acres":8,"owner":"PUB"},"geometry":{"type":"Polygon","coordinates":[[[-72.7938,44.1509],[-72.7875,44.1499],[-72.7847,44.1503],[-72.7874,44.1496],[-72.7897,44.1498],[-72.7894,44.1494],[-72.7907,44.15],[-72.794,44.1507],[-72.7951,44.1517],[-72.7946,44.1518],[-72.7938,44.1509]]]}},{"type":"Feature","properties":{"name":"Town Of Waitsfield","agency":"5002375325","type":"FEE_OWN","access":"open","acres":16,"owner":"PUB"},"geometry":{"type":"Polygon","coordinates":[[[-72.7889,44.1479],[-72.7885,44.1463],[-72.7898,44.1448],[-72.7923,44.1461],[-72.7899,44.1483],[-72.7889,44.1479]]]}},{"type":"Feature","properties":{"name":"Town Of Waitsfield","agency":"5002375325","type":"FEE_OWN","access":"open","acres":10,"owner":"PUB"},"geometry":{"type":"Polygon","coordinates":[[[-72.785,44.15],[-72.787,44.1479],[-72.7892,44.1489],[-72.7889,44.1492],[-72.7897,44.1498],[-72.7875,44.1496],[-72.785,44.15]]]}},{"type":"Feature","properties":{"name":"Town Of Waitsfield","agency":"5002375325","type":"FEE_OWN","access":"open","acres":4,"owner":"PUB"},"geometry":{"type":"Polygon","coordinates":[[[-72.7939,44.1506],[-72.7931,44.1504],[-72.7947,44.1506],[-72.7968,44.15],[-72.7951,44.1517],[-72.7939,44.1506]]]}},{"type":"Feature","properties":{"name":"Town Of Waitsfield","agency":"5002375325","type":"FEE_OWN","access":"open","acres":61,"owner":"PUB"},"geometry":{"type":"Polygon","coordinates":[[[-72.7911,44.1541],[-72.7896,44.1534],[-72.7889,44.1535],[-72.784,44.151],[-72.7847,44.1503],[-72.7875,44.1499],[-72.7935,44.1508],[-72.7949,44.1519],[-72.7928,44.1541],[-72.7911,44.1541]]]}},{"type":"Feature","properties":{"name":"Town Of East Montpelier","agency":"5002321925","type":"FEE_OWN","access":"open","acres":42,"owner":"PUB"},"geometry":{"type":"Polygon","coordinates":[[[-72.5595,44.2952],[-72.5602,44.2941],[-72.5575,44.2931],[-72.563,44.2901],[-72.5653,44.2909],[-72.5617,44.2959],[-72.5595,44.2952]],[[-72.5633,44.293],[-72.5622,44.2937],[-72.5624,44.2939],[-72.5638,44.293],[-72.5633,44.293]],[[-72.5613,44.2918],[-72.5623,44.2925],[-72.5634,44.2923],[-72.5641,44.2917],[-72.5613,44.2918]]]}},{"type":"Feature","properties":{"name":"Hinesburg Town Forest","agency":"5000733475","type":"FEE_OWN","access":"open","acres":128,"owner":"PUB"},"geometry":{"type":"Polygon","coordinates":[[[-73.0947,44.3065],[-73.0939,44.3072],[-73.0932,44.3088],[-73.0929,44.3082],[-73.0933,44.307],[-73.0924,44.3069],[-73.0917,44.3063],[-73.0907,44.3063],[-73.0908,44.3054],[-73.0911,44.3054],[-73.0922,44.3038],[-73.095,44.3035],[-73.0948,44.3026],[-73.0915,44.303],[-73.09,44.3025],[-73.0893,44.3019],[-73.0896,44.3009],[-73.0898,44.3014],[-73.0904,44.3013],[-73.0902,44.3009],[-73.0907,44.2996],[-73.0901,44.2956],[-73.0972,44.2948],[-73.0976,44.2973],[-73.0973,44.2973],[-73.0967,44.2962],[-73.0969,44.2954],[-73.0958,44.2953],[-73.0955,44.2958],[-73.0949,44.3001],[-73.0941,44.3002],[-73.093,44.3012],[-73.0922,44.3013],[-73.0921,44.3006],[-73.0917,44.3006],[-73.0917,44.3023],[-73.0918,44.3027],[-73.0951,44.3023],[-73.0957,44.3046],[-73.0987,44.3043],[-73.0997,44.3073],[-73.0981,44.3089],[-73.095,44.3091],[-73.0957,44.3068],[-73.0947,44.3065]],[[-73.0923,44.298],[-73.0924,44.2983],[-73.0936,44.2979],[-73.0945,44.2981],[-73.0947,44.2963],[-73.0924,44.2965],[-73.0923,44.298]]]}},{"type":"Feature","properties":{"name":"Barre Town Forest","agency":"5002303250","type":"FEE_OWN","access":"open","acres":48,"owner":"PUB"},"geometry":{"type":"Polygon","coordinates":[[[-72.4705,44.1487],[-72.4711,44.1484],[-72.4703,44.1476],[-72.4697,44.1485],[-72.4702,44.149],[-72.4694,44.1489],[-72.4695,44.1492],[-72.4702,44.1492],[-72.4696,44.1504],[-72.4679,44.1496],[-72.4674,44.1483],[-72.4687,44.1464],[-72.471,44.1458],[-72.4721,44.146],[-72.4724,44.1453],[-72.4742,44.1456],[-72.4754,44.1467],[-72.4755,44.1472],[-72.4746,44.147],[-72.4754,44.1478],[-72.4743,44.1492],[-72.4739,44.1485],[-72.4746,44.1484],[-72.4751,44.148],[-72.4749,44.1476],[-72.474,44.1478],[-72.4732,44.1488],[-72.4714,44.1479],[-72.4703,44.1504],[-72.4699,44.1504],[-72.4705,44.1487]],[[-72.4726,44.1479],[-72.4731,44.1477],[-72.473,44.147],[-72.4723,44.1473],[-72.4726,44.1479]]]}},{"type":"Feature","properties":{"name":"Barre Town Forest","agency":"5002303250","type":"FEE_OWN","access":"open","acres":253,"owner":"PUB"},"geometry":{"type":"Polygon","coordinates":[[[-72.4674,44.1578],[-72.4678,44.1568],[-72.462,44.1535],[-72.4626,44.1521],[-72.4617,44.1518],[-72.4592,44.1528],[-72.4588,44.1505],[-72.4612,44.1485],[-72.4604,44.1475],[-72.4614,44.1484],[-72.4614,44.149],[-72.4633,44.1505],[-72.4659,44.1445],[-72.471,44.1458],[-72.4684,44.1466],[-72.4674,44.1485],[-72.468,44.1497],[-72.4698,44.1504],[-72.4702,44.1492],[-72.4695,44.1492],[-72.4694,44.1487],[-72.4701,44.149],[-72.4706,44.1483],[-72.4711,44.1484],[-72.4703,44.149],[-72.4699,44.1504],[-72.4703,44.1504],[-72.4693,44.1532],[-72.471,44.1533],[-72.4754,44.1481],[-72.4754,44.1477],[-72.4746,44.147],[-72.4755,44.1472],[-72.475,44.146],[-72.4738,44.1454],[-72.4724,44.1453],[-72.4741,44.1416],[-72.4749,44.1417],[-72.4743,44.1429],[-72.4762,44.1428],[-72.4759,44.1432],[-72.476,44.1441],[-72.4755,44.1447],[-72.4777,44.144],[-72.4779,44.1447],[-72.4794,44.1459],[-72.4799,44.1485],[-72.4789,44.1487],[-72.479,44.1494],[-72.476,44.1498],[-72.474,44.1512],[-72.4723,44.1539],[-72.4711,44.1569],[-72.4704,44.1568],[-72.4702,44.1571],[-72.4706,44.1567],[-72.4701,44.1561],[-72.4701,44.1571],[-72.469,44.1571],[-72.4688,44.158],[-72.4674,44.1578]],[[-72.4655,44.1474],[-72.466,44.1471],[-72.4648,44.1471],[-72.4655,44.1474]]]}},{"type":"Feature","properties":{"name":"Mud Pond Country Park","agency":"5000784475","type":"FEE_OWN","access":"open","acres":7,"owner":"PUB"},"geometry":{"type":"Polygon","coordinates":[[[-73.0708,44.4143],[-73.0698,44.4142],[-73.0703,44.4133],[-73.0694,44.4129],[-73.0724,44.4127],[-73.0722,44.4138],[-73.0716,44.4142],[-73.0718,44.4149],[-73.0708,44.4143]],[[-73.072,44.413],[-73.0709,44.4131],[-73.071,44.4137],[-73.0714,44.4138],[-73.072,44.413]]]}},{"type":"Feature","properties":{"name":"Richmond Town Forest","agency":"5000759275","type":"FEE_OWN","access":"open","acres":178,"owner":"PUB"},"geometry":{"type":"Polygon","coordinates":[[[-72.9723,44.4135],[-72.9717,44.4117],[-72.9694,44.4112],[-72.9692,44.4068],[-72.9703,44.405],[-72.9718,44.4041],[-72.9726,44.4026],[-72.973,44.4023],[-72.9736,44.4026],[-72.9747,44.4011],[-72.9776,44.4031],[-72.9777,44.4057],[-72.9772,44.4068],[-72.9767,44.4071],[-72.9764,44.4089],[-72.9767,44.4089],[-72.9772,44.4071],[-72.9788,44.4081],[-72.9792,44.4099],[-72.9788,44.4098],[-72.9762,44.4123],[-72.975,44.4163],[-72.9717,44.4144],[-72.9723,44.4135]],[[-72.9755,44.4124],[-72.9743,44.4133],[-72.9755,44.4128],[-72.9755,44.4124]],[[-72.9759,44.4098],[-72.9752,44.408],[-72.9744,44.4077],[-72.9741,44.4085],[-72.9744,44.4096],[-72.9755,44.4106],[-72.9759,44.4098]],[[-72.9722,44.4078],[-72.9718,44.408],[-72.9726,44.4096],[-72.9722,44.4078]]]}},{"type":"Feature","properties":{"name":"Richmond Town Forest","agency":"5000759275","type":"FEE_OWN","access":"open","acres":22,"owner":"PUB"},"geometry":{"type":"Polygon","coordinates":[[[-72.9584,44.4093],[-72.9601,44.4069],[-72.9619,44.4074],[-72.9627,44.4087],[-72.9622,44.4099],[-72.9608,44.4104],[-72.959,44.4101],[-72.9584,44.4093]],[[-72.9605,44.4083],[-72.9599,44.4085],[-72.9603,44.4091],[-72.9608,44.4088],[-72.9605,44.4083]]]}},{"type":"Feature","properties":{"name":"Richmond Town Forest","agency":"5000759275","type":"FEE_OWN","access":"open","acres":17,"owner":"PUB"},"geometry":{"type":"Polygon","coordinates":[[[-72.9691,44.4137],[-72.9694,44.4112],[-72.9711,44.4113],[-72.9721,44.4122],[-72.9723,44.4135],[-72.9717,44.4144],[-72.9703,44.4137],[-72.9692,44.4147],[-72.9691,44.4137]],[[-72.9701,44.4125],[-72.9694,44.4129],[-72.97,44.4136],[-72.9704,44.4133],[-72.9701,44.4125]]]}},{"type":"Feature","properties":{"name":"Huntington Community Forest","agency":"5000734600","type":"FEE_OWN","access":"open","acres":16,"owner":"PUB"},"geometry":{"type":"Polygon","coordinates":[[[-72.9551,44.2913],[-72.954,44.2909],[-72.9537,44.2913],[-72.9528,44.2912],[-72.9531,44.2906],[-72.9512,44.2902],[-72.9511,44.2891],[-72.9506,44.2884],[-72.9509,44.2881],[-72.9525,44.2894],[-72.954,44.2882],[-72.9545,44.2885],[-72.9549,44.2901],[-72.9544,44.2909],[-72.9565,44.2912],[-72.9551,44.2913]]]}},{"type":"Feature","properties":{"name":"Huntington Community Forest","agency":"5000734600","type":"FEE_OWN","access":"open","acres":85,"owner":"PUB"},"geometry":{"type":"Polygon","coordinates":[[[-72.9484,44.2939],[-72.9451,44.2932],[-72.9468,44.2892],[-72.9443,44.2852],[-72.9503,44.285],[-72.9506,44.2863],[-72.9481,44.2878],[-72.9482,44.2888],[-72.9497,44.2887],[-72.9503,44.2891],[-72.952,44.2944],[-72.9517,44.2946],[-72.9484,44.2939]],[[-72.9495,44.2931],[-72.9499,44.2927],[-72.9494,44.2923],[-72.9493,44.2929],[-72.9486,44.2933],[-72.9494,44.2937],[-72.9498,44.2933],[-72.9495,44.2931]],[[-72.9481,44.2868],[-72.9485,44.2862],[-72.9483,44.2853],[-72.9474,44.2862],[-72.9481,44.2868]]]}},{"type":"Feature","properties":{"name":"Huntington Community Forest","agency":"5000734600","type":"FEE_OWN","access":"open","acres":71,"owner":"PUB"},"geometry":{"type":"Polygon","coordinates":[[[-72.9609,44.2954],[-72.9607,44.2952],[-72.9617,44.2952],[-72.9614,44.2945],[-72.9597,44.2954],[-72.96,44.2961],[-72.9597,44.2965],[-72.9598,44.2958],[-72.9579,44.2953],[-72.9574,44.296],[-72.9525,44.2948],[-72.9518,44.2926],[-72.9528,44.2934],[-72.9537,44.2931],[-72.9522,44.2924],[-72.9519,44.2916],[-72.9536,44.2921],[-72.9545,44.2918],[-72.9547,44.2927],[-72.9561,44.2931],[-72.9577,44.2927],[-72.9565,44.2918],[-72.9568,44.2913],[-72.9605,44.2921],[-72.9604,44.2926],[-72.9616,44.2926],[-72.9617,44.2921],[-72.9626,44.2923],[-72.9625,44.2928],[-72.9637,44.2941],[-72.9645,44.2937],[-72.9649,44.2942],[-72.9647,44.2946],[-72.9633,44.2948],[-72.9623,44.2966],[-72.9613,44.2966],[-72.9609,44.2954]],[[-72.9583,44.2942],[-72.9572,44.293],[-72.9566,44.2932],[-72.9578,44.2952],[-72.9588,44.2948],[-72.9583,44.2942]],[[-72.9556,44.2947],[-72.9561,44.2945],[-72.9561,44.2941],[-72.9552,44.2933],[-72.9548,44.2937],[-72.9556,44.2947]]]}},{"type":"Feature","properties":{"name":"Huntington Community Forest","agency":"5000734600","type":"FEE_OWN","access":"open","acres":10,"owner":"PUB"},"geometry":{"type":"Polygon","coordinates":[[[-72.9494,44.2868],[-72.9506,44.2863],[-72.9503,44.285],[-72.9517,44.2849],[-72.9511,44.2852],[-72.9513,44.286],[-72.9524,44.2855],[-72.9524,44.2848],[-72.9531,44.2848],[-72.9538,44.2854],[-72.953,44.2857],[-72.9529,44.2865],[-72.9505,44.2867],[-72.9495,44.2871],[-72.9494,44.2868]]]}},{"type":"Feature","properties":{"name":"Huntington Community Forest","agency":"5000734600","type":"FEE_OWN","access":"open","acres":9,"owner":"PUB"},"geometry":{"type":"Polygon","coordinates":[[[-72.9522,44.2892],[-72.9509,44.2881],[-72.9506,44.2884],[-72.9506,44.2877],[-72.953,44.2875],[-72.9544,44.2879],[-72.9545,44.2885],[-72.954,44.2882],[-72.9527,44.2894],[-72.9522,44.2892]]]}},{"type":"Feature","properties":{"name":"Huntington Community Forest","agency":"5000734600","type":"FEE_OWN","access":"open","acres":27,"owner":"PUB"},"geometry":{"type":"Polygon","coordinates":[[[-72.9512,44.2926],[-72.9509,44.2907],[-72.9497,44.2887],[-72.9509,44.2886],[-72.9511,44.2902],[-72.9531,44.2906],[-72.9528,44.2912],[-72.9537,44.2913],[-72.954,44.2909],[-72.9552,44.2914],[-72.9565,44.2912],[-72.9565,44.2918],[-72.9577,44.2927],[-72.9561,44.2931],[-72.9557,44.2927],[-72.9547,44.2927],[-72.9545,44.2918],[-72.9536,44.2921],[-72.9521,44.2915],[-72.9522,44.2924],[-72.9537,44.2931],[-72.9528,44.2934],[-72.9518,44.2926],[-72.9525,44.2948],[-72.9517,44.2946],[-72.952,44.2944],[-72.9512,44.2926]]]}},{"type":"Feature","properties":{"name":"Huntington Community Forest","agency":"5000734600","type":"FEE_OWN","access":"open","acres":5,"owner":"PUB"},"geometry":{"type":"Polygon","coordinates":[[[-72.9576,44.2949],[-72.9565,44.2934],[-72.9569,44.293],[-72.9588,44.2947],[-72.9579,44.2953],[-72.9576,44.2949]]]}},{"type":"Feature","properties":{"name":"Huntington Community Forest","agency":"5000734600","type":"FEE_OWN","access":"open","acres":5,"owner":"PUB"},"geometry":{"type":"Polygon","coordinates":[[[-72.9597,44.2954],[-72.9612,44.2945],[-72.9617,44.2952],[-72.9607,44.2952],[-72.9613,44.2966],[-72.9598,44.2965],[-72.9597,44.2954]]]}},{"type":"Feature","properties":{"name":"Vermont River Conservancy","agency":"4000052230","type":"FEE_OWN","access":"open","acres":72,"owner":"PUB"},"geometry":{"type":"Polygon","coordinates":[[[-72.5441,44.4598],[-72.545,44.4582],[-72.5439,44.4488],[-72.5417,44.4442],[-72.5389,44.4412],[-72.5395,44.4408],[-72.5424,44.4429],[-72.5444,44.4457],[-72.5456,44.4487],[-72.5453,44.4502],[-72.5457,44.4501],[-72.5466,44.4545],[-72.5469,44.4549],[-72.547,44.4566],[-72.5451,44.4601],[-72.5441,44.4598]]]}},{"type":"Feature","properties":{"name":"Hinesburg Town Forest","agency":"5000733475","type":"FEE_OWN","access":"open","acres":1029,"owner":"PUB"},"geometry":{"type":"Polygon","coordinates":[[[-73.0438,44.3304],[-73.0433,44.3302],[-73.0448,44.3292],[-73.0434,44.3288],[-73.0418,44.3291],[-73.0408,44.3304],[-73.0417,44.3319],[-73.04,44.3333],[-73.037,44.3341],[-73.0332,44.3359],[-73.0327,44.334],[-73.0269,44.3345],[-73.024,44.3205],[-73.0319,44.3198],[-73.0333,44.3201],[-73.0372,44.3222],[-73.0325,44.3197],[-73.024,44.3204],[-73.0229,44.3155],[-73.0265,44.3145],[-73.0347,44.3161],[-73.035,44.3144],[-73.0336,44.3079],[-73.0348,44.3079],[-73.0348,44.3075],[-73.0355,44.3076],[-73.0357,44.3087],[-73.0386,44.3094],[-73.0399,44.3081],[-73.047,44.3103],[-73.0466,44.3111],[-73.0474,44.3114],[-73.0479,44.3141],[-73.0493,44.314],[-73.0501,44.3183],[-73.0452,44.3187],[-73.0473,44.3283],[-73.0438,44.3304]],[[-73.036,44.3142],[-73.0355,44.3133],[-73.0355,44.3147],[-73.036,44.3142]],[[-73.0366,44.3116],[-73.0371,44.3107],[-73.035,44.3094],[-73.035,44.3105],[-73.0361,44.311],[-73.0363,44.3119],[-73.0366,44.3116]],[[-73.0382,44.3113],[-73.0387,44.3111],[-73.0387,44.3106],[-73.0378,44.3101],[-73.0376,44.3106],[-73.0382,44.3113]]]}},{"type":"Feature","properties":{"name":"Hinesburg Town Forest","agency":"5000733475","type":"FEE_OWN","access":"open","acres":41,"owner":"PUB"},"geometry":{"type":"Polygon","coordinates":[[[-73.0487,44.3334],[-73.0474,44.3284],[-73.0533,44.3274],[-73.0546,44.3317],[-73.0542,44.3328],[-73.0487,44.3334]],[[-73.051,44.3285],[-73.0493,44.329],[-73.0486,44.3302],[-73.0491,44.3315],[-73.0506,44.3322],[-73.0525,44.3318],[-73.0534,44.3307],[-73.0528,44.3291],[-73.051,44.3285]]]}},{"type":"Feature","properties":{"name":"Hinesburg Town Forest","agency":"5000733475","type":"FEE_OWN","access":"open","acres":6,"owner":"PUB"},"geometry":{"type":"Polygon","coordinates":[[[-73.0363,44.3119],[-73.0361,44.311],[-73.035,44.3105],[-73.035,44.3094],[-73.0371,44.3107],[-73.0363,44.3119]]]}},{"type":"Feature","properties":{"name":"Hinesburg Town Forest","agency":"5000733475","type":"FEE_OWN","access":"open","acres":14,"owner":"PUB"},"geometry":{"type":"Polygon","coordinates":[[[-73.0433,44.3302],[-73.0427,44.3304],[-73.0432,44.331],[-73.0417,44.3319],[-73.0409,44.3308],[-73.041,44.3298],[-73.042,44.329],[-73.0435,44.3288],[-73.0448,44.3292],[-73.0433,44.3302]]]}},{"type":"Feature","properties":{"name":"Hinesburg Town Forest","agency":"5000733475","type":"FEE_OWN","access":"open","acres":25,"owner":"PUB"},"geometry":{"type":"Polygon","coordinates":[[[-73.0487,44.3309],[-73.049,44.3294],[-73.0503,44.3286],[-73.0519,44.3286],[-73.053,44.3294],[-73.0514,44.3295],[-73.0517,44.3301],[-73.0531,44.3295],[-73.0533,44.3299],[-73.0531,44.3313],[-73.0516,44.3321],[-73.0498,44.332],[-73.0487,44.3309]],[[-73.0506,44.3307],[-73.0514,44.3307],[-73.0514,44.3301],[-73.0509,44.3299],[-73.0506,44.3302],[-73.0506,44.3294],[-73.05,44.3293],[-73.0498,44.3308],[-73.0506,44.3307]]]}},{"type":"Feature","properties":{"name":"Montpelier City Forest","agency":"5002346000","type":"EASEMENT","access":"open","acres":17,"owner":"PUB"},"geometry":{"type":"Polygon","coordinates":[[[-72.5909,44.1742],[-72.5905,44.1756],[-72.5911,44.1749],[-72.5916,44.1749],[-72.5914,44.1761],[-72.5921,44.176],[-72.5924,44.1763],[-72.5916,44.1768],[-72.5916,44.1773],[-72.5924,44.1773],[-72.5926,44.1777],[-72.5922,44.178],[-72.5905,44.178],[-72.5909,44.1786],[-72.5897,44.1786],[-72.5899,44.1774],[-72.5895,44.1756],[-72.5898,44.1746],[-72.5909,44.1742]]]}},{"type":"Feature","properties":{"name":"Montpelier City Forest","agency":"5002346000","type":"EASEMENT","access":"open","acres":15,"owner":"PUB"},"geometry":{"type":"Polygon","coordinates":[[[-72.5902,44.1787],[-72.5909,44.1785],[-72.5904,44.178],[-72.5922,44.178],[-72.5926,44.1777],[-72.5916,44.1773],[-72.5916,44.1768],[-72.5924,44.1763],[-72.5921,44.176],[-72.5914,44.1761],[-72.5916,44.1749],[-72.5911,44.1749],[-72.5905,44.1756],[-72.5909,44.1742],[-72.5921,44.1746],[-72.5922,44.1743],[-72.5928,44.1744],[-72.5928,44.179],[-72.5935,44.1794],[-72.5902,44.1787]]]}},{"type":"Feature","properties":{"name":"Vermont Land Trust Easement","agency":"4000052210","type":"EASEMENT","access":"limited (easement)","acres":30,"owner":"PRIV"},"geometry":{"type":"Polygon","coordinates":[[[-73.0084,43.9694],[-73.0126,43.9695],[-73.0122,43.9712],[-73.0158,43.9713],[-73.0158,43.9724],[-73.0092,43.9721],[-73.0086,43.9711],[-73.0084,43.9694]]]}},{"type":"Feature","properties":{"name":"Vermont Land Trust Easement","agency":"4000052210","type":"EASEMENT","access":"limited (easement)","acres":20,"owner":"PRIV"},"geometry":{"type":"Polygon","coordinates":[[[-73.0057,43.9743],[-73.006,43.9693],[-73.0073,43.9694],[-73.0069,43.9705],[-73.0077,43.9719],[-73.0085,43.9723],[-73.0085,43.974],[-73.0057,43.9743]]]}},{"type":"Feature","properties":{"name":"Vermont Land Trust Easement","agency":"4000052210","type":"EASEMENT","access":"limited (easement)","acres":4,"owner":"PRIV"},"geometry":{"type":"Polygon","coordinates":[[[-73.0072,43.9754],[-73.0069,43.9766],[-73.0061,43.9769],[-73.0053,43.9767],[-73.0054,43.9762],[-73.0072,43.9754]]]}},{"type":"Feature","properties":{"name":"Vermont Land Trust Easement","agency":"4000052210","type":"EASEMENT","access":"limited (easement)","acres":9,"owner":"PRIV"},"geometry":{"type":"Polygon","coordinates":[[[-73.0078,43.9721],[-73.0069,43.9705],[-73.0073,43.9694],[-73.0084,43.9694],[-73.0086,43.9711],[-73.0092,43.9721],[-73.0078,43.9721]]]}},{"type":"Feature","properties":{"name":"Vermont Land Trust Easement","agency":"4000052210","type":"EASEMENT","access":"limited (easement)","acres":10,"owner":"PRIV"},"geometry":{"type":"Polygon","coordinates":[[[-73.0061,43.9753],[-73.0055,43.9753],[-73.0057,43.9743],[-73.011,43.9742],[-73.0106,43.9746],[-73.009,43.9747],[-73.0083,43.9753],[-73.0061,43.9753]]]}},{"type":"Feature","properties":{"name":"Vermont Land Trust Easement","agency":"4000052210","type":"EASEMENT","access":"limited (easement)","acres":4,"owner":"PRIV"},"geometry":{"type":"Polygon","coordinates":[[[-73.0052,43.9779],[-73.0053,43.9767],[-73.0062,43.9769],[-73.007,43.9764],[-73.0066,43.9778],[-73.0051,43.9782],[-73.0052,43.9779]]]}},{"type":"Feature","properties":{"name":"Vermont Land Trust Easement","agency":"3000045200","type":"EASEMENT","access":"limited (easement)","acres":17,"owner":"PRIV"},"geometry":{"type":"Polygon","coordinates":[[[-72.5568,44.4261],[-72.5582,44.4267],[-72.5552,44.4281],[-72.5545,44.4292],[-72.5545,44.43],[-72.553,44.4301],[-72.553,44.429],[-72.5536,44.4278],[-72.555,44.4267],[-72.5568,44.4261]]]}},{"type":"Feature","properties":{"name":"Vermont Land Trust Easement","agency":"3000045200","type":"EASEMENT","access":"limited (easement)","acres":11,"owner":"PRIV"},"geometry":{"type":"Polygon","coordinates":[[[-72.5542,44.4319],[-72.555,44.4318],[-72.5562,44.435],[-72.5547,44.4353],[-72.5534,44.4319],[-72.5542,44.4319]]]}},{"type":"Feature","properties":{"name":"Vermont Land Trust Easement","agency":"3000045200","type":"EASEMENT","access":"limited (easement)","acres":20,"owner":"PRIV"},"geometry":{"type":"Polygon","coordinates":[[[-72.5462,44.4415],[-72.5465,44.4414],[-72.5475,44.4438],[-72.5443,44.4445],[-72.5424,44.4423],[-72.5462,44.4415]]]}},{"type":"Feature","properties":{"name":"Vermont Land Trust Easement","agency":"4000052210","type":"EASEMENT","access":"limited (easement)","acres":7383,"owner":"PRIV"},"geometry":{"type":"Polygon","coordinates":[[[-72.8084,44.032],[-72.7922,44.0275],[-72.7911,44.029],[-72.7902,44.0287],[-72.7896,44.0296],[-72.7904,44.0299],[-72.7889,44.0319],[-72.7695,44.0267],[-72.7719,44.022],[-72.7622,44.0194],[-72.7657,44.015],[-72.7618,44.0148],[-72.761,44.0153],[-72.761,44.0139],[-72.7587,44.0137],[-72.7551,44.0101],[-72.7541,44.0044],[-72.7553,44.0033],[-72.7598,44.0044],[-72.7694,43.9913],[-72.7674,43.9916],[-72.7655,43.9912],[-72.7685,43.9863],[-72.762,43.9846],[-72.7662,43.9778],[-72.7599,43.9758],[-72.7638,43.9691],[-72.7578,43.9672],[-72.7617,43.9592],[-72.7547,43.9569],[-72.7499,43.9649],[-72.7489,43.9649],[-72.7463,43.9612],[-72.7372,43.956],[-72.7348,43.9566],[-72.7312,43.9551],[-72.7309,43.9545],[-72.7336,43.9499],[-72.737,43.9511],[-72.7376,43.9503],[-72.7446,43.9517],[-72.7438,43.9535],[-72.7501,43.9557],[-72.7519,43.9523],[-72.7583,43.9543],[-72.7598,43.9514],[-72.7722,43.9551],[-72.7746,43.9537],[-72.7788,43.9521],[-72.7816,43.9518],[-72.7849,43.9521],[-72.7889,43.947],[-72.7909,43.9467],[-72.7922,43.9512],[-72.7964,43.9502],[-72.7917,43.9569],[-72.7936,43.9589],[-72.7913,43.9619],[-72.7926,43.9624],[-72.7943,43.9641],[-72.7948,43.9661],[-72.7941,43.9706],[-72.7975,43.9731],[-72.8006,43.974],[-72.8019,43.9752],[-72.8022,43.9769],[-72.8039,43.9774],[-72.8035,43.978],[-72.8042,43.9791],[-72.8054,43.9828],[-72.8108,43.9844],[-72.8082,43.9888],[-72.8093,43.9892],[-72.8096,43.9899],[-72.8082,43.9925],[-72.808,43.9936],[-72.8084,43.9947],[-72.8077,43.9958],[-72.8084,43.9993],[-72.8128,44.0007],[-72.8065,44.0085],[-72.8078,44.0103],[-72.8101,44.0121],[-72.8107,44.0138],[-72.8093,44.0186],[-72.8118,44.0229],[-72.8159,44.0268],[-72.8151,44.0281],[-72.8166,44.0289],[-72.813,44.0332],[-72.8084,44.032]],[[-72.8079,44.0283],[-72.8079,44.0275],[-72.8068,44.0275],[-72.8068,44.0283],[-72.8079,44.0283]],[[-72.7834,44.0155],[-72.7834,44.0147],[-72.7823,44.0147],[-72.7823,44.0155],[-72.7834,44.0155]],[[-72.7904,44.0139],[-72.7889,44.014],[-72.7889,44.0145],[-72.7904,44.0145],[-72.7904,44.0139]],[[-72.7728,44.0116],[-72.7744,44.0093],[-72.776,44.0099],[-72.7773,44.0079],[-72.7742,44.0069],[-72.7746,44.0065],[-72.7742,44.0063],[-72.7737,44.0068],[-72.7719,44.0063],[-72.7689,44.0105],[-72.7728,44.0116]],[[-72.7698,44.0072],[-72.7694,44.0062],[-72.7685,44.0064],[-72.7689,44.0074],[-72.7698,44.0072]],[[-72.7885,43.9992],[-72.7931,43.9931],[-72.7917,43.9919],[-72.7942,43.9914],[-72.795,43.9903],[-72.7864,43.9878],[-72.7835,43.9921],[-72.7872,43.9933],[-72.784,43.9979],[-72.7885,43.9992]],[[-72.798,43.9961],[-72.798,43.9967],[-72.7997,43.9967],[-72.7994,43.996],[-72.7998,43.9959],[-72.798,43.9955],[-72.798,43.9961]],[[-72.7826,43.9848],[-72.7824,43.9839],[-72.7815,43.9839],[-72.7817,43.9849],[-72.7826,43.9848]],[[-72.786,43.9794],[-72.784,43.98],[-72.7833,43.9808],[-72.7854,43.982],[-72.7874,43.9801],[-72.786,43.9794]],[[-72.7875,43.9656],[-72.7867,43.965],[-72.7859,43.9655],[-72.7867,43.9661],[-72.7875,43.9656]]]}},{"type":"Feature","properties":{"name":null,"agency":"5001570525","type":"FEE_OWN","access":"open","acres":21,"owner":"PUB"},"geometry":{"type":"Polygon","coordinates":[[[-72.6807,44.466],[-72.6802,44.4663],[-72.6757,44.4642],[-72.6775,44.463],[-72.679,44.4638],[-72.6807,44.464],[-72.6819,44.4649],[-72.6815,44.4649],[-72.6812,44.4659],[-72.6807,44.466]]]}},{"type":"Feature","properties":{"name":"Vermont Land Trust Easement","agency":"4000052210","type":"EASEMENT","access":"open","acres":115,"owner":"PUB"},"geometry":{"type":"Polygon","coordinates":[[[-72.6133,44.1981],[-72.6076,44.1974],[-72.6082,44.1942],[-72.6087,44.1934],[-72.6104,44.1911],[-72.613,44.1892],[-72.6132,44.1885],[-72.6153,44.189],[-72.6154,44.1897],[-72.6137,44.1936],[-72.617,44.1945],[-72.6163,44.1955],[-72.6166,44.1956],[-72.6148,44.1978],[-72.614,44.1983],[-72.6133,44.1981]]]}},{"type":"Feature","properties":{"name":"Vermont Land Trust Easement","agency":"4000052210","type":"EASEMENT","access":"limited (easement)","acres":149,"owner":"PRIV"},"geometry":{"type":"Polygon","coordinates":[[[-72.498,44.4666],[-72.4887,44.463],[-72.491,44.4599],[-72.4923,44.4594],[-72.4912,44.4596],[-72.4939,44.4556],[-72.4991,44.4574],[-72.4977,44.4594],[-72.4975,44.4588],[-72.4963,44.4584],[-72.4943,44.4588],[-72.4943,44.4592],[-72.4956,44.4599],[-72.4965,44.4611],[-72.496,44.4617],[-72.4945,44.4616],[-72.4929,44.4622],[-72.4951,44.4618],[-72.494,44.4625],[-72.4962,44.462],[-72.4996,44.4628],[-72.503,44.4613],[-72.5023,44.4628],[-72.5031,44.4632],[-72.5027,44.4643],[-72.5022,44.4646],[-72.5026,44.4653],[-72.5006,44.4655],[-72.4994,44.4651],[-72.4989,44.4654],[-72.4985,44.4668],[-72.498,44.4666]]]}},{"type":"Feature","properties":{"name":"Vermont Land Trust Easement","agency":"4000052210","type":"EASEMENT","access":"limited (easement)","acres":188,"owner":"PRIV"},"geometry":{"type":"Polygon","coordinates":[[[-72.5046,44.4695],[-72.5024,44.4686],[-72.5023,44.4681],[-72.5026,44.4659],[-72.5035,44.4652],[-72.5031,44.4643],[-72.5034,44.4631],[-72.5027,44.4628],[-72.504,44.4613],[-72.5033,44.4611],[-72.5036,44.4607],[-72.5031,44.4603],[-72.5026,44.4602],[-72.5021,44.4607],[-72.5017,44.46],[-72.501,44.4606],[-72.5009,44.4612],[-72.5001,44.462],[-72.4985,44.4618],[-72.4989,44.4608],[-72.4982,44.4599],[-72.4988,44.4594],[-72.4985,44.4585],[-72.4995,44.4576],[-72.5122,44.462],[-72.5114,44.4633],[-72.514,44.4642],[-72.5129,44.4655],[-72.5085,44.4641],[-72.5072,44.4659],[-72.5109,44.4672],[-72.5081,44.4708],[-72.5046,44.4695]]]}},{"type":"Feature","properties":{"name":"Vermont Land Trust Easement","agency":"4000052210","type":"EASEMENT","access":"limited (easement)","acres":14,"owner":"PRIV"},"geometry":{"type":"Polygon","coordinates":[[[-72.5139,44.4729],[-72.514,44.4725],[-72.5153,44.472],[-72.5163,44.4727],[-72.5181,44.473],[-72.5192,44.4724],[-72.5198,44.4728],[-72.5188,44.4745],[-72.5139,44.4729]]]}},{"type":"Feature","properties":{"name":"Jericho Underhill Land Trust","agency":"4000052210","type":"FEE_OWN","access":"limited (easement)","acres":118,"owner":"PRIV"},"geometry":{"type":"Polygon","coordinates":[[[-73.0172,44.472],[-73.0169,44.4705],[-73.0164,44.4699],[-73.0151,44.4694],[-73.0127,44.4697],[-73.0115,44.4694],[-73.0111,44.468],[-73.0146,44.4649],[-73.0212,44.4651],[-73.023,44.4688],[-73.0219,44.4693],[-73.0205,44.4721],[-73.0176,44.4715],[-73.0172,44.472]]]}},{"type":"Feature","properties":{"name":"Jericho Underhill Land Trust","agency":"4000052210","type":"FEE_OWN","access":"limited (easement)","acres":86,"owner":"PRIV"},"geometry":{"type":"Polygon","coordinates":[[[-73.0084,44.4706],[-73.0111,44.468],[-73.0115,44.4694],[-73.0127,44.4697],[-73.0151,44.4694],[-73.0164,44.4699],[-73.0169,44.4705],[-73.0172,44.472],[-73.0168,44.4726],[-73.0151,44.4724],[-73.015,44.4742],[-73.0145,44.4742],[-73.0141,44.4736],[-73.0147,44.4734],[-73.0147,44.4724],[-73.0134,44.4725],[-73.013,44.4716],[-73.0112,44.4705],[-73.0107,44.471],[-73.0115,44.4717],[-73.0097,44.4719],[-73.0095,44.4743],[-73.0078,44.4767],[-73.0041,44.4746],[-73.0084,44.4706]]]}},{"type":"Feature","properties":{"name":"Jericho Underhill Land Trust","agency":"4000052210","type":"FEE_OWN","access":"limited (easement)","acres":75,"owner":"PRIV"},"geometry":{"type":"Polygon","coordinates":[[[-73.0183,44.475],[-73.0142,44.4801],[-73.0078,44.4767],[-73.0095,44.4743],[-73.0097,44.4719],[-73.0112,44.472],[-73.0124,44.4754],[-73.0137,44.4758],[-73.0171,44.4759],[-73.0174,44.475],[-73.0183,44.475]]]}},{"type":"Feature","properties":{"name":"Mills Riverside Park","agency":"4000052210","type":"FEE_OWN","access":"open","acres":6,"owner":"PUB"},"geometry":{"type":"Polygon","coordinates":[[[-72.935,44.5196],[-72.9377,44.5196],[-72.9376,44.5183],[-72.9381,44.5179],[-72.9407,44.519],[-72.9411,44.5182],[-72.9431,44.517],[-72.9445,44.5171],[-72.9458,44.5164],[-72.9497,44.5157],[-72.9459,44.5165],[-72.9445,44.5173],[-72.9426,44.5173],[-72.941,44.5185],[-72.9409,44.5192],[-72.9381,44.518],[-72.9378,44.5186],[-72.9379,44.5197],[-72.935,44.5196]]]}},{"type":"Feature","properties":{"name":"Mills Riverside Park","agency":"4000052210","type":"FEE_OWN","access":"open","acres":54,"owner":"PUB"},"geometry":{"type":"Polygon","coordinates":[[[-72.935,44.5196],[-72.9368,44.5171],[-72.9384,44.5169],[-72.9384,44.5154],[-72.9409,44.5154],[-72.9416,44.5159],[-72.9439,44.5152],[-72.9447,44.5158],[-72.9454,44.5156],[-72.9457,44.5149],[-72.9467,44.5148],[-72.9481,44.5149],[-72.9495,44.5156],[-72.9458,44.5164],[-72.9445,44.5171],[-72.9425,44.5172],[-72.9408,44.5185],[-72.9407,44.519],[-72.9381,44.5179],[-72.9376,44.5183],[-72.9377,44.5196],[-72.935,44.5196]]]}},{"type":"Feature","properties":{"name":"Mills Riverside Park","agency":"4000052210","type":"FEE_OWN","access":"open","acres":91,"owner":"PUB"},"geometry":{"type":"Polygon","coordinates":[[[-72.9317,44.5115],[-72.9356,44.5119],[-72.9367,44.5116],[-72.9381,44.5122],[-72.9396,44.5115],[-72.9408,44.5097],[-72.9415,44.5101],[-72.9408,44.5109],[-72.9439,44.5126],[-72.9427,44.514],[-72.943,44.5147],[-72.9411,44.5151],[-72.9409,44.5154],[-72.9384,44.5154],[-72.9384,44.5169],[-72.9368,44.5171],[-72.932,44.5126],[-72.9313,44.5118],[-72.9317,44.5115]]]}},{"type":"Feature","properties":{"name":"Mills Riverside Park","agency":"4000052210","type":"FEE_OWN","access":"open","acres":57,"owner":"PUB"},"geometry":{"type":"Polygon","coordinates":[[[-72.9317,44.5115],[-72.9361,44.5071],[-72.9408,44.5097],[-72.9396,44.5115],[-72.9381,44.5122],[-72.9367,44.5116],[-72.9356,44.5119],[-72.9317,44.5115]]]}},{"type":"Feature","properties":{"name":"Mills Riverside Park","agency":"4000052210","type":"FEE_OWN","access":"open","acres":5,"owner":"PUB"},"geometry":{"type":"Polygon","coordinates":[[[-72.9462,44.5166],[-72.9498,44.5158],[-72.9481,44.5175],[-72.9462,44.5166]]]}},{"type":"Feature","properties":{"name":"Town Of Stowe","agency":"4000052210","type":"FEE_OWN","access":"open","acres":5,"owner":"PUB"},"geometry":{"type":"Polygon","coordinates":[[[-72.7193,44.5421],[-72.7195,44.5416],[-72.72,44.5416],[-72.7225,44.5429],[-72.7193,44.5427],[-72.7193,44.5421]]]}},{"type":"Feature","properties":{"name":"Foodworks-Two Rivers","agency":"4000050000","type":"FEE_OWN","access":"limited (easement)","acres":3,"owner":"PRIV"},"geometry":{"type":"Polygon","coordinates":[[[-72.5481,44.2427],[-72.5492,44.2436],[-72.548,44.2446],[-72.5477,44.2443],[-72.5481,44.2427]]]}},{"type":"Feature","properties":{"name":"Vermont River Conservancy Easement","agency":"4000052230","type":"EASEMENT","access":"open","acres":6,"owner":"PUB"},"geometry":{"type":"Polygon","coordinates":[[[-72.6961,44.3086],[-72.6962,44.3069],[-72.697,44.3077],[-72.6975,44.3096],[-72.6958,44.3097],[-72.6961,44.3086]]]}},{"type":"Feature","properties":{"name":"Vermont River Conservancy Easement","agency":"4000052230","type":"EASEMENT","access":"open","acres":5,"owner":"PUB"},"geometry":{"type":"Polygon","coordinates":[[[-72.4536,44.2838],[-72.4539,44.2837],[-72.4533,44.2862],[-72.4533,44.2882],[-72.4528,44.2882],[-72.4525,44.2876],[-72.453,44.2871],[-72.4525,44.2863],[-72.4534,44.2851],[-72.4536,44.2838]]]}},{"type":"Feature","properties":{"name":"Woodbury Town Forest","agency":"5002385525","type":"FEE_OWN","access":"open","acres":65,"owner":"PUB"},"geometry":{"type":"Polygon","coordinates":[[[-72.4143,44.4461],[-72.4129,44.446],[-72.411,44.4487],[-72.4065,44.4471],[-72.4093,44.4433],[-72.4112,44.4435],[-72.4123,44.443],[-72.4123,44.4427],[-72.4151,44.4437],[-72.4151,44.4458],[-72.4148,44.4463],[-72.4143,44.4461]]]}},{"type":"Feature","properties":{"name":"Morristown Town Forest","agency":"5001546675","type":"FEE_OWN","access":"open","acres":205,"owner":"PUB"},"geometry":{"type":"Polygon","coordinates":[[[-72.6267,44.5722],[-72.6279,44.5717],[-72.629,44.5724],[-72.6334,44.5722],[-72.6331,44.5727],[-72.6342,44.5729],[-72.6315,44.5769],[-72.6356,44.5783],[-72.6358,44.5811],[-72.6351,44.584],[-72.6217,44.5793],[-72.6236,44.5766],[-72.6267,44.5769],[-72.6256,44.5762],[-72.6267,44.5722]]]}},{"type":"Feature","properties":{"name":"Willard's Woods","agency":"5000140075","type":"FEE_OWN","access":"open","acres":136,"owner":"PUB"},"geometry":{"type":"Polygon","coordinates":[[[-72.9851,44.1026],[-72.9793,44.1034],[-72.9761,44.1034],[-72.9745,44.1011],[-72.9817,44.0982],[-72.9826,44.0971],[-72.9848,44.0969],[-72.985,44.0984],[-72.9868,44.0985],[-72.9876,44.1],[-72.9902,44.1008],[-72.9923,44.1021],[-72.989,44.1024],[-72.9892,44.1033],[-72.9863,44.1034],[-72.986,44.1025],[-72.9851,44.1026]]]}},{"type":"Feature","properties":{"name":"Safford Preserve","agency":"4000051805","type":"FEE_OWN","access":"open","acres":5,"owner":"PUB"},"geometry":{"type":"Polygon","coordinates":[[[-72.9458,44.3872],[-72.9495,44.3871],[-72.9489,44.3882],[-72.9458,44.3872]]]}},{"type":"Feature","properties":{"name":"Safford Preserve","agency":"4000051805","type":"FEE_OWN","access":"open","acres":5,"owner":"PUB"},"geometry":{"type":"Polygon","coordinates":[[[-72.946,44.3865],[-72.9463,44.3859],[-72.9499,44.3864],[-72.9497,44.3868],[-72.946,44.3865]]]}},{"type":"Feature","properties":{"name":"Richmond Town Forest","agency":"5000759275","type":"FEE_OWN","access":"open","acres":23,"owner":"PUB"},"geometry":{"type":"Polygon","coordinates":[[[-72.9226,44.4236],[-72.9219,44.4247],[-72.9206,44.4242],[-72.9219,44.4195],[-72.9247,44.4204],[-72.9226,44.4236]]]}},{"type":"Feature","properties":{"name":"Richmond Land Trust ","agency":"4000051805","type":"FEE_OWN","access":"limited (easement)","acres":10,"owner":"PRIV"},"geometry":{"type":"Polygon","coordinates":[[[-73.0139,44.4165],[-73.0126,44.4164],[-73.0123,44.4151],[-73.0138,44.4143],[-73.0153,44.4152],[-73.0139,44.4165]]]}},{"type":"Feature","properties":{"name":"Bear Island Tree Farm","agency":"4000051805","type":"EASEMENT","access":"limited (easement)","acres":172,"owner":"PRIV"},"geometry":{"type":"Polygon","coordinates":[[[-72.8782,44.3806],[-72.8764,44.3799],[-72.8763,44.379],[-72.8751,44.3781],[-72.8755,44.3781],[-72.8755,44.3773],[-72.8746,44.377],[-72.8755,44.376],[-72.8771,44.3764],[-72.8784,44.3753],[-72.8795,44.3751],[-72.8802,44.3743],[-72.8795,44.3738],[-72.8836,44.3753],[-72.89,44.3768],[-72.8849,44.3833],[-72.8782,44.3806]]]}},{"type":"Feature","properties":{"name":"Huntington Gorge","agency":"4000051805","type":"FEE_OWN","access":"open","acres":5,"owner":"PUB"},"geometry":{"type":"Polygon","coordinates":[[[-72.9675,44.3682],[-72.9688,44.3669],[-72.9691,44.367],[-72.9713,44.3652],[-72.974,44.3647],[-72.9711,44.3655],[-72.9687,44.3681],[-72.9679,44.3685],[-72.9675,44.3682]]]}},{"type":"Feature","properties":{"name":"Pine Ridge Forest","agency":"5000784475","type":"FEE_OWN","access":"public, limited","acres":43,"owner":"PUB"},"geometry":{"type":"Polygon","coordinates":[[[-73.0345,44.4396],[-73.0351,44.4388],[-73.0383,44.4392],[-73.0386,44.4386],[-73.0403,44.439],[-73.0422,44.4387],[-73.0431,44.4381],[-73.0449,44.4386],[-73.0432,44.4419],[-73.0345,44.4396]]]}},{"type":"Feature","properties":{"name":"11532 Route 116","agency":"5000733475","type":"FEE_OWN","access":"public, limited","acres":18,"owner":"PUB"},"geometry":{"type":"Polygon","coordinates":[[[-73.0969,44.3212],[-73.1028,44.3206],[-73.1032,44.3221],[-73.0984,44.3226],[-73.0969,44.3212]]]}},{"type":"Feature","properties":{"name":"Shutesville Ledges","agency":"4000051910","type":"FEE_OWN","access":"open","acres":86,"owner":"PUB"},"geometry":{"type":"Polygon","coordinates":[[[-72.7139,44.4268],[-72.713,44.4282],[-72.7147,44.4288],[-72.7145,44.4292],[-72.7154,44.4295],[-72.7151,44.4299],[-72.7136,44.4294],[-72.7128,44.4307],[-72.7121,44.4308],[-72.7102,44.4326],[-72.7096,44.4324],[-72.7106,44.431],[-72.7088,44.43],[-72.7114,44.4217],[-72.7161,44.4236],[-72.7139,44.4268]]]}},{"type":"Feature","properties":{"name":"Lackey Parcel","agency":"4000051910","type":"FEE_OWN","access":"open","acres":10,"owner":"PUB"},"geometry":{"type":"Polygon","coordinates":[[[-72.7225,44.4203],[-72.7225,44.4163],[-72.725,44.417],[-72.7224,44.4207],[-72.7225,44.4203]]]}},{"type":"Feature","properties":{"name":"DuMont Meadow","agency":"4000051910","type":"FEE_OWN","access":"open","acres":46,"owner":"PUB"},"geometry":{"type":"Polygon","coordinates":[[[-72.7264,44.4419],[-72.7279,44.4397],[-72.7324,44.4417],[-72.7306,44.4443],[-72.7308,44.4449],[-72.7316,44.4452],[-72.7316,44.4462],[-72.7336,44.4466],[-72.7332,44.4473],[-72.7278,44.4446],[-72.7283,44.4444],[-72.7281,44.4425],[-72.7264,44.4419]]]}},{"type":"Feature","properties":{"name":"Crawford Forest","agency":"4000051910","type":"EASEMENT","access":"limited (easement)","acres":102,"owner":"PRIV"},"geometry":{"type":"Polygon","coordinates":[[[-72.7345,44.4309],[-72.7338,44.4306],[-72.7344,44.4285],[-72.7326,44.4278],[-72.7293,44.4288],[-72.7283,44.4284],[-72.7321,44.4232],[-72.7391,44.4258],[-72.7346,44.4335],[-72.733,44.433],[-72.7345,44.4309]]]}},{"type":"Feature","properties":{"name":"Nichols Field - Parcel 1","agency":"4000051910","type":"EASEMENT","access":"limited (easement)","acres":33,"owner":"PRIV"},"geometry":{"type":"Polygon","coordinates":[[[-72.7102,44.4382],[-72.7129,44.4393],[-72.7117,44.4415],[-72.7103,44.4409],[-72.7096,44.4433],[-72.7069,44.4419],[-72.7067,44.4412],[-72.7102,44.4382]]]}},{"type":"Feature","properties":{"name":"Nichols Field - Parcel 2","agency":"4000051910","type":"EASEMENT","access":"limited (easement)","acres":6,"owner":"PRIV"},"geometry":{"type":"Polygon","coordinates":[[[-72.7111,44.4423],[-72.7102,44.4436],[-72.7096,44.4433],[-72.7103,44.4409],[-72.7117,44.4415],[-72.7111,44.4423]]]}},{"type":"Feature","properties":{"name":"Sunset Rock Town Forest","agency":"5001570525","type":"FEE_OWN","access":"open","acres":24,"owner":"PUB"},"geometry":{"type":"Polygon","coordinates":[[[-72.681,44.4659],[-72.6802,44.4666],[-72.6755,44.4648],[-72.6763,44.4638],[-72.6772,44.4633],[-72.6784,44.4639],[-72.6806,44.464],[-72.6817,44.4646],[-72.6819,44.4649],[-72.6812,44.4651],[-72.681,44.4659]]]}},{"type":"Feature","properties":{"name":"Mill Trail","agency":"4000051910","type":"FEE_OWN","access":"open","acres":29,"owner":"PUB"},"geometry":{"type":"Polygon","coordinates":[[[-72.76,44.5091],[-72.7591,44.5078],[-72.76,44.5072],[-72.7611,44.5081],[-72.7614,44.5089],[-72.7614,44.5096],[-72.7608,44.5102],[-72.7617,44.5112],[-72.7627,44.5114],[-72.7633,44.512],[-72.7594,44.5104],[-72.7605,44.5111],[-72.76,44.5122],[-72.7602,44.5127],[-72.7608,44.5127],[-72.7617,44.5119],[-72.7623,44.5122],[-72.7589,44.514],[-72.7578,44.5108],[-72.7582,44.5099],[-72.7596,44.51],[-72.76,44.5091]]]}},{"type":"Feature","properties":{"name":"Sunset Brook Marsh Natural Area","agency":"5001709325","type":"FEE_OWN","access":"open","acres":13,"owner":"PUB"},"geometry":{"type":"Polygon","coordinates":[[[-72.5908,44.0323],[-72.5914,44.0311],[-72.5937,44.0317],[-72.592,44.035],[-72.5908,44.0323]]]}},{"type":"Feature","properties":{"name":"Bouchard Farm","agency":"4000051910","type":"EASEMENT","access":"limited (easement)","acres":195,"owner":"PRIV"},"geometry":{"type":"Polygon","coordinates":[[[-72.7273,44.4764],[-72.7281,44.4768],[-72.7293,44.479],[-72.7295,44.4801],[-72.7297,44.4794],[-72.729,44.478],[-72.731,44.4774],[-72.7325,44.4799],[-72.7346,44.481],[-72.7379,44.4869],[-72.7371,44.4882],[-72.7322,44.4886],[-72.7294,44.4867],[-72.7292,44.4854],[-72.7275,44.4831],[-72.728,44.48],[-72.7269,44.4794],[-72.7246,44.4794],[-72.7238,44.4788],[-72.723,44.4762],[-72.7231,44.4759],[-72.7278,44.4749],[-72.7279,44.4754],[-72.727,44.4757],[-72.7273,44.4764]]]}},{"type":"Feature","properties":{"name":"Adams Camp Connector","agency":"4000051910","type":"EASEMENT","access":"limited (easement)","acres":84,"owner":"PRIV"},"geometry":{"type":"Polygon","coordinates":[[[-72.7449,44.4921],[-72.744,44.4925],[-72.7428,44.4917],[-72.7421,44.4906],[-72.7373,44.4882],[-72.7352,44.4884],[-72.7342,44.4855],[-72.7367,44.4847],[-72.7379,44.4868],[-72.7491,44.491],[-72.7471,44.4939],[-72.7457,44.4932],[-72.7449,44.4921]]]}},{"type":"Feature","properties":{"name":"Woodbury Mountain Wilderness Preserve","agency":"4000051420","type":"FEE_OWN","access":"open","acres":165,"owner":"PUB"},"geometry":{"type":"Polygon","coordinates":[[[-72.4711,44.4703],[-72.4705,44.4711],[-72.4712,44.4714],[-72.4668,44.4772],[-72.4649,44.4765],[-72.4654,44.4761],[-72.4655,44.4755],[-72.4644,44.4761],[-72.4627,44.475],[-72.4602,44.4751],[-72.4589,44.4745],[-72.458,44.4735],[-72.4628,44.4671],[-72.4711,44.4703]]]}},{"type":"Feature","properties":{"name":"Mt. Mansfield State Forest","agency":"3000045200","type":"FEE_OWN","access":"open","acres":102,"owner":"PUB"},"geometry":{"type":"Polygon","coordinates":[[[-72.7433,44.5892],[-72.7481,44.5909],[-72.7423,44.5987],[-72.7376,44.5969],[-72.7433,44.5892]]]}},{"type":"Feature","properties":{"name":"Prelco","agency":"3000045200","type":"EASEMENT","access":"open","acres":21,"owner":"PUB"},"geometry":{"type":"Polygon","coordinates":[[[-72.9196,44.4156],[-72.9222,44.4168],[-72.9215,44.4192],[-72.9175,44.4178],[-72.9183,44.4165],[-72.9196,44.4156]]]}},{"type":"Feature","properties":{"name":"Roxbury State Forest","agency":"3000045200","type":"FEE_OWN","access":"open","acres":887,"owner":"PUB"},"geometry":{"type":"MultiPolygon","coordinates":[[[[-72.7034,44.0507],[-72.701,44.0549],[-72.6921,44.052],[-72.6978,44.0434],[-72.717,44.0495],[-72.7196,44.0451],[-72.7219,44.0459],[-72.7225,44.0478],[-72.7223,44.049],[-72.721,44.0511],[-72.7213,44.0548],[-72.7209,44.056],[-72.7194,44.0578],[-72.7173,44.0573],[-72.7185,44.0554],[-72.7144,44.0541],[-72.7088,44.0631],[-72.7108,44.0637],[-72.709,44.068],[-72.7029,44.0661],[-72.7006,44.0699],[-72.6936,44.0677],[-72.696,44.0638],[-72.6909,44.0622],[-72.6934,44.0584],[-72.6978,44.0598],[-72.701,44.0549],[-72.7081,44.0571],[-72.7095,44.0552],[-72.709,44.0524],[-72.7034,44.0507]]]]}},{"type":"Feature","properties":{"name":"Winooski River Streambank","agency":"3000045100","type":"FEE_OWN","access":"open","acres":12,"owner":"PUB"},"geometry":{"type":"Polygon","coordinates":[[[-72.7187,44.3146],[-72.716,44.314],[-72.717,44.3125],[-72.7195,44.3142],[-72.7214,44.3144],[-72.7206,44.3154],[-72.7187,44.3146]]]}},{"type":"Feature","properties":{"name":"Groton State Forest (Lords Hill)","agency":"3000045200","type":"FEE_OWN","access":"open","acres":26,"owner":"PUB"},"geometry":{"type":"Polygon","coordinates":[[[-72.3634,44.3166],[-72.3607,44.3157],[-72.3636,44.312],[-72.366,44.313],[-72.3634,44.3166]]]}},{"type":"Feature","properties":{"name":"Mt. Mansfield State Forest","agency":"3000045200","type":"FEE_OWN","access":"open","acres":190,"owner":"PUB"},"geometry":{"type":"Polygon","coordinates":[[[-72.7572,44.4431],[-72.7547,44.4438],[-72.7518,44.4455],[-72.7505,44.4457],[-72.7507,44.4474],[-72.7498,44.448],[-72.7499,44.4484],[-72.7486,44.4483],[-72.7487,44.4479],[-72.7479,44.4479],[-72.7474,44.447],[-72.7468,44.4473],[-72.7461,44.4464],[-72.7475,44.4456],[-72.7445,44.4432],[-72.7479,44.4365],[-72.7588,44.4408],[-72.7572,44.4431]]]}},{"type":"Feature","properties":{"name":"Mt. Mansfield State Forest","agency":"3000045200","type":"FEE_OWN","access":"open","acres":1537,"owner":"PUB"},"geometry":{"type":"Polygon","coordinates":[[[-72.8079,44.467],[-72.7977,44.463],[-72.7989,44.4613],[-72.7903,44.4579],[-72.7876,44.4617],[-72.7734,44.4564],[-72.7767,44.452],[-72.7677,44.4485],[-72.7643,44.4528],[-72.7597,44.4509],[-72.7581,44.4532],[-72.7576,44.4532],[-72.757,44.4526],[-72.7571,44.4517],[-72.756,44.4508],[-72.7551,44.4506],[-72.7543,44.4511],[-72.7513,44.4487],[-72.7499,44.4484],[-72.7498,44.448],[-72.7507,44.4474],[-72.7505,44.4457],[-72.7518,44.4455],[-72.7547,44.4438],[-72.7575,44.443],[-72.7585,44.4432],[-72.7605,44.4425],[-72.7613,44.4431],[-72.7591,44.4462],[-72.7623,44.4474],[-72.7652,44.4433],[-72.8272,44.4566],[-72.8238,44.4614],[-72.8187,44.4594],[-72.8173,44.4606],[-72.8165,44.462],[-72.8154,44.4624],[-72.8121,44.4666],[-72.8091,44.4654],[-72.8079,44.467]]]}},{"type":"Feature","properties":{"name":"Flagg Pond Access","agency":"3000045100","type":"FEE_OWN","access":"open","acres":8,"owner":"PUB"},"geometry":{"type":"Polygon","coordinates":[[[-72.2108,44.5652],[-72.2102,44.5651],[-72.2104,44.5642],[-72.2119,44.5651],[-72.2146,44.5645],[-72.2149,44.5641],[-72.2148,44.5657],[-72.2108,44.5652]]]}},{"type":"Feature","properties":{"name":"Baker Pond","agency":"3000045100","type":"FEE_OWN","access":"open","acres":30,"owner":"PUB"},"geometry":{"type":"Polygon","coordinates":[[[-72.6367,44.0648],[-72.6353,44.0678],[-72.6364,44.0682],[-72.6366,44.0692],[-72.6339,44.0695],[-72.633,44.0672],[-72.6343,44.0636],[-72.6352,44.0645],[-72.6367,44.0648]]]}},{"type":"Feature","properties":{"name":"Mt. Mansfield State Forest","agency":"3000045200","type":"FEE_OWN","access":"open","acres":5127,"owner":"PUB"},"geometry":{"type":"Polygon","coordinates":[[[-72.7481,44.5909],[-72.769,44.5628],[-72.7773,44.551],[-72.7821,44.5526],[-72.7854,44.5479],[-72.7875,44.5486],[-72.7918,44.5426],[-72.8272,44.5507],[-72.8012,44.5859],[-72.7888,44.5816],[-72.7858,44.5858],[-72.7811,44.5808],[-72.7808,44.5812],[-72.7794,44.5792],[-72.7766,44.5777],[-72.7742,44.5774],[-72.7736,44.578],[-72.7729,44.5802],[-72.7752,44.5817],[-72.7752,44.5824],[-72.7784,44.5847],[-72.7715,44.5945],[-72.7797,44.5973],[-72.776,44.6026],[-72.78,44.6047],[-72.7754,44.6105],[-72.7423,44.5987],[-72.7481,44.5909]],[[-72.797,44.5523],[-72.7966,44.5522],[-72.7969,44.5518],[-72.7964,44.5514],[-72.7963,44.5507],[-72.7931,44.5476],[-72.7925,44.5457],[-72.787,44.5532],[-72.7949,44.556],[-72.7958,44.5554],[-72.7968,44.5537],[-72.797,44.5523]]]}},{"type":"Feature","properties":{"name":"East Barre Dam","agency":"3000045300","type":"FEE_OWN","access":"open","acres":53,"owner":"PUB"},"geometry":{"type":"Polygon","coordinates":[[[-72.4364,44.1535],[-72.4308,44.1526],[-72.4307,44.1505],[-72.4329,44.1486],[-72.4377,44.1502],[-72.4368,44.1536],[-72.4364,44.1535]]]}},{"type":"Feature","properties":{"name":"Wrightsville Dam","agency":"3000045300","type":"FEE_OWN","access":"open","acres":57,"owner":"PUB"},"geometry":{"type":"Polygon","coordinates":[[[-72.5731,44.3274],[-72.5676,44.3253],[-72.5695,44.3232],[-72.5721,44.3228],[-72.5722,44.3238],[-72.5759,44.3248],[-72.5771,44.326],[-72.5768,44.3266],[-72.5745,44.328],[-72.5731,44.3274]]]}},{"type":"Feature","properties":{"name":"Levi Pond WMA","agency":"3000045100","type":"FEE_OWN","access":"open","acres":121,"owner":"PUB"},"geometry":{"type":"Polygon","coordinates":[[[-72.2185,44.2626],[-72.2294,44.2647],[-72.2294,44.2696],[-72.2186,44.2679],[-72.2185,44.2626]]]}},{"type":"Feature","properties":{"name":"C.C. Putnam State Forest (Patterson Brook)","agency":"3000045200","type":"FEE_OWN","access":"open","acres":1755,"owner":"PUB"},"geometry":{"type":"Polygon","coordinates":[[[-72.6028,44.3974],[-72.5936,44.393],[-72.5984,44.3859],[-72.5982,44.3858],[-72.5996,44.3828],[-72.5994,44.3817],[-72.5988,44.3809],[-72.6001,44.3806],[-72.6022,44.3836],[-72.6033,44.3836],[-72.6049,44.3809],[-72.6047,44.3795],[-72.6051,44.3793],[-72.6055,44.378],[-72.6096,44.3755],[-72.6161,44.3788],[-72.6131,44.3829],[-72.6145,44.3836],[-72.6091,44.3849],[-72.605,44.3847],[-72.6037,44.384],[-72.6024,44.3846],[-72.6017,44.3845],[-72.6024,44.3848],[-72.6037,44.3842],[-72.6049,44.3848],[-72.6091,44.385],[-72.6147,44.3837],[-72.6214,44.3869],[-72.6299,44.3756],[-72.634,44.3771],[-72.6378,44.3717],[-72.6398,44.372],[-72.6397,44.3725],[-72.6406,44.3724],[-72.6405,44.3718],[-72.6413,44.3711],[-72.6408,44.3695],[-72.6421,44.3674],[-72.6515,44.3708],[-72.6492,44.3741],[-72.6535,44.3755],[-72.6558,44.3722],[-72.6585,44.3728],[-72.6633,44.3728],[-72.6648,44.3734],[-72.6605,44.3798],[-72.6599,44.3796],[-72.6585,44.3817],[-72.655,44.3805],[-72.6524,44.384],[-72.6486,44.3825],[-72.651,44.3792],[-72.6443,44.3768],[-72.6394,44.3833],[-72.6401,44.3835],[-72.6363,44.3891],[-72.6338,44.3878],[-72.6269,44.3993],[-72.6079,44.3904],[-72.6028,44.3974]]]}},{"type":"Feature","properties":{"name":"Mt. Mansfield State Forest","agency":"3000045200","type":"FEE_OWN","access":"open","acres":1261,"owner":"PUB"},"geometry":{"type":"Polygon","coordinates":[[[-72.8485,44.5522],[-72.8444,44.5508],[-72.8372,44.5596],[-72.8298,44.5525],[-72.829,44.5526],[-72.8272,44.5507],[-72.8373,44.5377],[-72.8417,44.5392],[-72.8429,44.5374],[-72.8493,44.5397],[-72.8534,44.5343],[-72.8494,44.5329],[-72.8539,44.5268],[-72.8583,44.5285],[-72.8569,44.5304],[-72.8603,44.532],[-72.8575,44.5358],[-72.8629,44.5378],[-72.858,44.5443],[-72.8606,44.5454],[-72.8586,44.5479],[-72.8609,44.549],[-72.8564,44.5551],[-72.8587,44.556],[-72.8557,44.5601],[-72.8511,44.558],[-72.8517,44.5573],[-72.8464,44.5553],[-72.8485,44.5522]]]}},{"type":"Feature","properties":{"name":"Groton State Forest","agency":"3000045200","type":"FEE_OWN","access":"open","acres":80,"owner":"PUB"},"geometry":{"type":"Polygon","coordinates":[[[-72.207,44.2992],[-72.2113,44.3013],[-72.2102,44.3017],[-72.2134,44.303],[-72.2137,44.3023],[-72.2209,44.3059],[-72.2179,44.3084],[-72.2164,44.3067],[-72.2137,44.3049],[-72.2117,44.3043],[-72.2114,44.3043],[-72.2113,44.3049],[-72.2108,44.3046],[-72.2102,44.3039],[-72.2098,44.302],[-72.2087,44.3021],[-72.2052,44.3005],[-72.205,44.2999],[-72.2061,44.2988],[-72.207,44.2992]]]}},{"type":"Feature","properties":{"name":"Lamoille River Streambank","agency":"3000045100","type":"FEE_OWN","access":"open","acres":9,"owner":"PUB"},"geometry":{"type":"Polygon","coordinates":[[[-72.6203,44.5705],[-72.619,44.5698],[-72.6183,44.5702],[-72.6175,44.5695],[-72.6186,44.5687],[-72.621,44.569],[-72.6203,44.5705]]]}},{"type":"Feature","properties":{"name":"Mt. Mansfield State Forest","agency":"3000045200","type":"FEE_OWN","access":"open","acres":170,"owner":"PUB"},"geometry":{"type":"Polygon","coordinates":[[[-72.8905,44.4333],[-72.8815,44.4295],[-72.8855,44.4244],[-72.8966,44.429],[-72.8957,44.4321],[-72.895,44.4323],[-72.8929,44.4342],[-72.8905,44.4333]]]}},{"type":"Feature","properties":{"name":"Elmore State Park","agency":"3000045200","type":"FEE_OWN","access":"open","acres":191,"owner":"PUB"},"geometry":{"type":"Polygon","coordinates":[[[-72.5487,44.5205],[-72.5423,44.5292],[-72.5362,44.5267],[-72.5447,44.5145],[-72.5479,44.5156],[-72.5476,44.5181],[-72.5487,44.5205]]]}},{"type":"Feature","properties":{"name":"Levi Pond WMA","agency":"3000045100","type":"FEE_OWN","access":"open","acres":108,"owner":"PUB"},"geometry":{"type":"Polygon","coordinates":[[[-72.2185,44.2626],[-72.2184,44.2582],[-72.229,44.2599],[-72.2293,44.2603],[-72.2294,44.2647],[-72.2185,44.2626]]]}},{"type":"Feature","properties":{"name":"Wolcott Dam","agency":"3000045300","type":"FEE_OWN","access":"open","acres":54,"owner":"PUB"},"geometry":{"type":"Polygon","coordinates":[[[-72.4269,44.5666],[-72.4249,44.5659],[-72.4281,44.5616],[-72.4326,44.5633],[-72.4297,44.5675],[-72.4268,44.5663],[-72.4269,44.5666]]]}},{"type":"Feature","properties":{"name":"Groton State Forest","agency":"3000045200","type":"FEE_OWN","access":"open","acres":11,"owner":"PUB"},"geometry":{"type":"Polygon","coordinates":[[[-72.2514,44.2536],[-72.2514,44.2517],[-72.2542,44.2513],[-72.2532,44.2526],[-72.2539,44.2539],[-72.2514,44.2536]]]}},{"type":"Feature","properties":{"name":"Wrightsville Dam","agency":"3000045300","type":"FEE_OWN","access":"open","acres":22,"owner":"PUB"},"geometry":{"type":"Polygon","coordinates":[[[-72.5783,44.3211],[-72.5787,44.3227],[-72.5739,44.3236],[-72.5736,44.3231],[-72.5735,44.3225],[-72.5753,44.3219],[-72.5745,44.3211],[-72.5747,44.3207],[-72.5763,44.3208],[-72.5764,44.3199],[-72.5767,44.3199],[-72.577,44.3209],[-72.5783,44.3211]]]}},{"type":"Feature","properties":{"name":"C.C. Putnam State Forest","agency":"3000045200","type":"FEE_OWN","access":"open","acres":36,"owner":"PUB"},"geometry":{"type":"Polygon","coordinates":[[[-72.7407,44.3346],[-72.7449,44.333],[-72.7459,44.3355],[-72.7458,44.3366],[-72.7447,44.3368],[-72.7418,44.3356],[-72.7396,44.337],[-72.7373,44.336],[-72.7407,44.3346]]]}},{"type":"Feature","properties":{"name":"Mt. Mansfield State Forest","agency":"3000045200","type":"FEE_OWN","access":"open","acres":17,"owner":"PUB"},"geometry":{"type":"Polygon","coordinates":[[[-72.7027,44.5595],[-72.7047,44.5568],[-72.7069,44.5572],[-72.7045,44.5605],[-72.7033,44.5603],[-72.7027,44.5595]]]}},{"type":"Feature","properties":{"name":"Groton State Forest","agency":"3000045200","type":"FEE_OWN","access":"open","acres":107,"owner":"PUB"},"geometry":{"type":"MultiPolygon","coordinates":[[[[-72.2658,44.2591],[-72.2654,44.2589],[-72.2672,44.2571],[-72.2687,44.2584],[-72.2682,44.2588],[-72.2674,44.2578],[-72.2667,44.2582],[-72.2667,44.259],[-72.2675,44.261],[-72.2658,44.2591]]],[[[-72.2694,44.2694],[-72.2703,44.2689],[-72.2707,44.2673],[-72.268,44.2621],[-72.2669,44.259],[-72.2673,44.2579],[-72.2681,44.2589],[-72.2688,44.2585],[-72.2736,44.2626],[-72.2738,44.2707],[-72.269,44.2698],[-72.2696,44.2696],[-72.2694,44.2694]]]]}},{"type":"Feature","properties":{"name":"Mt. Mansfield State Forest","agency":"3000045200","type":"FEE_OWN","access":"open","acres":492,"owner":"PUB"},"geometry":{"type":"Polygon","coordinates":[[[-72.7596,44.5599],[-72.7511,44.5567],[-72.7496,44.5589],[-72.7501,44.5581],[-72.739,44.5302],[-72.7447,44.5313],[-72.7455,44.5355],[-72.7478,44.5369],[-72.7486,44.5379],[-72.7506,44.5389],[-72.7517,44.5415],[-72.7524,44.5448],[-72.754,44.5465],[-72.7612,44.5564],[-72.7611,44.5573],[-72.7596,44.5599]]]}},{"type":"Feature","properties":{"name":"Groton State Forest","agency":"3000045200","type":"FEE_OWN","access":"open","acres":44,"owner":"PUB"},"geometry":{"type":"Polygon","coordinates":[[[-72.2513,44.2422],[-72.2513,44.2403],[-72.2616,44.2422],[-72.2617,44.2441],[-72.2513,44.2422]]]}},{"type":"Feature","properties":{"name":"Mt. Mansfield State Forest","agency":"3000045200","type":"FEE_OWN","access":"open","acres":51,"owner":"PUB"},"geometry":{"type":"Polygon","coordinates":[[[-72.8283,44.5256],[-72.8312,44.5245],[-72.8359,44.5311],[-72.8331,44.5321],[-72.8283,44.5256]]]}},{"type":"Feature","properties":{"name":"Mt. Mansfield State Forest","agency":"3000045200","type":"FEE_OWN","access":"open","acres":956,"owner":"PUB"},"geometry":{"type":"Polygon","coordinates":[[[-72.7598,44.5597],[-72.7611,44.5573],[-72.7612,44.5564],[-72.754,44.5465],[-72.7524,44.5448],[-72.7517,44.5415],[-72.7506,44.5389],[-72.7486,44.5379],[-72.7478,44.5369],[-72.7455,44.5355],[-72.7447,44.5313],[-72.739,44.5302],[-72.7426,44.5254],[-72.7469,44.5269],[-72.7504,44.5232],[-72.7553,44.525],[-72.7519,44.5296],[-72.7746,44.5548],[-72.769,44.5628],[-72.7598,44.5597]]]}},{"type":"Feature","properties":{"name":"C.C. Putnam State Forest","agency":"3000045200","type":"FEE_OWN","access":"open","acres":99,"owner":"PUB"},"geometry":{"type":"Polygon","coordinates":[[[-72.6363,44.3891],[-72.6401,44.3835],[-72.6464,44.3856],[-72.6417,44.3919],[-72.6363,44.3891]]]}},{"type":"Feature","properties":{"name":"Martins Pond Access","agency":"3000045100","type":"FEE_OWN","access":"open","acres":4,"owner":"PUB"},"geometry":{"type":"Polygon","coordinates":[[[-72.2036,44.3046],[-72.2031,44.3043],[-72.2037,44.3038],[-72.2052,44.3035],[-72.2044,44.303],[-72.2058,44.3037],[-72.206,44.3046],[-72.2057,44.3043],[-72.2036,44.3046]]]}},{"type":"Feature","properties":{"name":"Groton State Forest","agency":"3000045200","type":"FEE_OWN","access":"open","acres":141,"owner":"PUB"},"geometry":{"type":"Polygon","coordinates":[[[-72.3195,44.3417],[-72.3271,44.3445],[-72.3215,44.3512],[-72.3144,44.3487],[-72.3195,44.3417]]]}},{"type":"Feature","properties":{"name":"Mt. Mansfield State Forest","agency":"3000045200","type":"FEE_OWN","access":"open","acres":175,"owner":"PUB"},"geometry":{"type":"Polygon","coordinates":[[[-72.9124,44.3853],[-72.9065,44.3935],[-72.9031,44.3922],[-72.9026,44.3927],[-72.8997,44.3917],[-72.9004,44.3907],[-72.8973,44.3894],[-72.9,44.386],[-72.9041,44.3862],[-72.9044,44.3835],[-72.9064,44.3809],[-72.9072,44.3811],[-72.9058,44.3827],[-72.9065,44.3858],[-72.9074,44.3861],[-72.9081,44.3853],[-72.9094,44.3859],[-72.9099,44.3849],[-72.9103,44.385],[-72.9105,44.3846],[-72.9124,44.3853]]]}},{"type":"Feature","properties":{"name":"Bissonette Easement","agency":"3000045100","type":"EASEMENT","access":"open","acres":140,"owner":"PUB"},"geometry":{"type":"Polygon","coordinates":[[[-73.0784,44.3016],[-73.0778,44.299],[-73.0769,44.2991],[-73.0763,44.2966],[-73.0806,44.2961],[-73.081,44.2969],[-73.0862,44.2962],[-73.0873,44.2972],[-73.0875,44.2994],[-73.0881,44.3008],[-73.0889,44.3015],[-73.0884,44.3021],[-73.0779,44.3031],[-73.0776,44.3017],[-73.0784,44.3016]]]}},{"type":"Feature","properties":{"name":"C.C. Putnam State Forest","agency":"3000045200","type":"FEE_OWN","access":"open","acres":766,"owner":"PUB"},"geometry":{"type":"Polygon","coordinates":[[[-72.6028,44.3974],[-72.6079,44.3904],[-72.6255,44.3986],[-72.6119,44.4176],[-72.6033,44.4132],[-72.6086,44.4056],[-72.6,44.4012],[-72.6028,44.3974]]]}},{"type":"Feature","properties":{"name":"Wrightsville Dam","agency":"3000045300","type":"FEE_OWN","access":"open","acres":19,"owner":"PUB"},"geometry":{"type":"Polygon","coordinates":[[[-72.579,44.3244],[-72.5803,44.3268],[-72.5804,44.3283],[-72.5775,44.3272],[-72.5775,44.326],[-72.5768,44.3251],[-72.5767,44.3245],[-72.579,44.3244]]]}},{"type":"Feature","properties":{"name":"Fred Johnson WMA","agency":"3000045100","type":"FEE_OWN","access":"open","acres":622,"owner":"PUB"},"geometry":{"type":"Polygon","coordinates":[[[-73.0561,44.3162],[-73.0529,44.3033],[-73.0504,44.3036],[-73.0507,44.2989],[-73.0523,44.2983],[-73.0503,44.2935],[-73.0571,44.2928],[-73.0579,44.2948],[-73.0626,44.2956],[-73.0641,44.2939],[-73.0666,44.2935],[-73.0694,44.2981],[-73.0678,44.2982],[-73.0679,44.2998],[-73.069,44.3042],[-73.0706,44.304],[-73.0709,44.3099],[-73.0672,44.3102],[-73.0661,44.3042],[-73.0608,44.3048],[-73.0623,44.3124],[-73.063,44.3124],[-73.0631,44.3131],[-73.0598,44.3135],[-73.0603,44.3173],[-73.0565,44.3177],[-73.0561,44.3162]]]}},{"type":"Feature","properties":{"name":"Groton State Forest","agency":"3000045200","type":"FEE_OWN","access":"open","acres":365,"owner":"PUB"},"geometry":{"type":"Polygon","coordinates":[[[-72.2506,44.3415],[-72.2484,44.3409],[-72.2462,44.3393],[-72.2452,44.3394],[-72.2448,44.339],[-72.2434,44.3387],[-72.2446,44.3375],[-72.2345,44.3326],[-72.2423,44.3259],[-72.2476,44.3285],[-72.2499,44.3283],[-72.2504,44.3299],[-72.2516,44.3321],[-72.2532,44.3334],[-72.2536,44.3343],[-72.2528,44.3368],[-72.2522,44.3373],[-72.2523,44.3378],[-72.2542,44.3391],[-72.2551,44.3384],[-72.256,44.3385],[-72.2564,44.3391],[-72.2561,44.34],[-72.2569,44.3403],[-72.254,44.3403],[-72.2535,44.3412],[-72.2506,44.3415]]]}},{"type":"Feature","properties":{"name":"Bristol Pond Access","agency":"3000045100","type":"FEE_OWN","access":"open","acres":5,"owner":"PUB"},"geometry":{"type":"Polygon","coordinates":[[[-73.1036,44.1812],[-73.104,44.1812],[-73.1009,44.1815],[-73.1007,44.182],[-73.1012,44.1822],[-73.0994,44.1835],[-73.099,44.1816],[-73.1036,44.1812]]]}},{"type":"Feature","properties":{"name":"Groton State Forest","agency":"3000045200","type":"FEE_OWN","access":"open","acres":466,"owner":"PUB"},"geometry":{"type":"Polygon","coordinates":[[[-72.3296,44.294],[-72.3275,44.2937],[-72.326,44.2942],[-72.3246,44.2938],[-72.321,44.2943],[-72.3208,44.294],[-72.3187,44.2941],[-72.3352,44.2744],[-72.3435,44.2775],[-72.3308,44.2951],[-72.3296,44.294]]]}},{"type":"Feature","properties":{"name":"FWD Mitigation Easement","agency":"3000045100","type":"EASEMENT","access":"limited (easement)","acres":33,"owner":"PRIV"},"geometry":{"type":"MultiPolygon","coordinates":[[[[-73.0505,44.461],[-73.0486,44.4611],[-73.0463,44.4596],[-73.0458,44.4604],[-73.0461,44.461],[-73.0437,44.4619],[-73.0415,44.4607],[-73.0425,44.4595],[-73.0405,44.4596],[-73.0461,44.4594],[-73.0451,44.4585],[-73.0436,44.459],[-73.0428,44.4588],[-73.0437,44.4589],[-73.045,44.4579],[-73.0461,44.4585],[-73.0456,44.4589],[-73.0472,44.4601],[-73.048,44.4595],[-73.0518,44.4595],[-73.0509,44.4607],[-73.0503,44.4609],[-73.0522,44.4618],[-73.0505,44.461]]]]}},{"type":"Feature","properties":{"name":"C.C. Putnam State Forest","agency":"3000045200","type":"FEE_OWN","access":"open","acres":680,"owner":"PUB"},"geometry":{"type":"Polygon","coordinates":[[[-72.6092,44.4212],[-72.6173,44.41],[-72.6256,44.4142],[-72.6123,44.4331],[-72.613,44.4334],[-72.5933,44.4434],[-72.6092,44.4212]]]}},{"type":"Feature","properties":{"name":"C.C. Putnam State Forest","agency":"3000045200","type":"FEE_OWN","access":"open","acres":110,"owner":"PUB"},"geometry":{"type":"Polygon","coordinates":[[[-72.5816,44.4431],[-72.5848,44.4385],[-72.5933,44.4434],[-72.5888,44.4472],[-72.5816,44.4431]]]}},{"type":"Feature","properties":{"name":"Hardwick Lake Access","agency":"3000045100","type":"FEE_OWN","access":"open","acres":6,"owner":"PUB"},"geometry":{"type":"Polygon","coordinates":[[[-72.3733,44.5351],[-72.3734,44.5341],[-72.3741,44.5342],[-72.3741,44.5371],[-72.3729,44.537],[-72.3733,44.5351]]]}},{"type":"Feature","properties":{"name":"Lewis Creek WMA","agency":"3000045100","type":"FEE_OWN","access":"open","acres":578,"owner":"PUB"},"geometry":{"type":"Polygon","coordinates":[[[-72.9892,44.2449],[-72.9882,44.2444],[-72.9888,44.2432],[-72.9886,44.2428],[-72.9895,44.2415],[-72.9909,44.2405],[-72.9906,44.2398],[-72.991,44.2395],[-72.9909,44.2385],[-72.9903,44.2374],[-72.99,44.235],[-72.9906,44.2332],[-72.987,44.2352],[-72.987,44.2348],[-72.986,44.2349],[-72.9852,44.2303],[-72.9754,44.2312],[-72.9746,44.2268],[-72.9845,44.2258],[-72.9842,44.224],[-72.9872,44.2237],[-72.9868,44.221],[-73.0014,44.2192],[-73.0005,44.224],[-72.9959,44.2245],[-72.9981,44.2331],[-72.9931,44.2338],[-72.9947,44.24],[-72.9934,44.2402],[-72.9946,44.2449],[-72.9892,44.2449]]]}},{"type":"Feature","properties":{"name":"Buttolph I","agency":"3000045200","type":"EASEMENT","access":"limited (easement)","acres":1542,"owner":"PRIV"},"geometry":{"type":"Polygon","coordinates":[[[-72.8195,44.3915],[-72.8276,44.3811],[-72.8285,44.3815],[-72.8344,44.3737],[-72.8349,44.3739],[-72.8358,44.3727],[-72.8464,44.3766],[-72.8518,44.3782],[-72.8504,44.3803],[-72.8581,44.3832],[-72.8426,44.4047],[-72.8218,44.3964],[-72.8195,44.3915]]]}},{"type":"Feature","properties":{"name":"East Hill WMA","agency":"3000045100","type":"FEE_OWN","access":"open","acres":24,"owner":"PUB"},"geometry":{"type":"Polygon","coordinates":[[[-72.4113,44.5544],[-72.4077,44.5587],[-72.4058,44.5579],[-72.4094,44.5535],[-72.4113,44.5544]]]}},{"type":"Feature","properties":{"name":"Steam Mill Brook WMA","agency":"3000045100","type":"FEE_OWN","access":"open","acres":46,"owner":"PUB"},"geometry":{"type":"Polygon","coordinates":[[[-72.2102,44.4716],[-72.2156,44.4736],[-72.2145,44.4744],[-72.2132,44.4746],[-72.2107,44.4762],[-72.2076,44.4762],[-72.2071,44.4759],[-72.2102,44.4716]]]}},{"type":"Feature","properties":{"name":"Wrightsville Dam","agency":"3000045300","type":"FEE_OWN","access":"open","acres":15,"owner":"PUB"},"geometry":{"type":"Polygon","coordinates":[[[-72.5758,44.3102],[-72.5824,44.3125],[-72.5816,44.3133],[-72.5785,44.3124],[-72.5773,44.3115],[-72.5756,44.3111],[-72.5758,44.3102]]]}},{"type":"Feature","properties":{"name":"Groton State Forest","agency":"3000045200","type":"FEE_OWN","access":"open","acres":3209,"owner":"PUB"},"geometry":{"type":"Polygon","coordinates":[[[-72.2303,44.3107],[-72.2337,44.3078],[-72.2284,44.3053],[-72.2328,44.3017],[-72.2228,44.2967],[-72.2235,44.2962],[-72.2188,44.2941],[-72.2295,44.2837],[-72.2294,44.2789],[-72.2392,44.2806],[-72.2391,44.2671],[-72.2512,44.269],[-72.2512,44.2736],[-72.2625,44.2758],[-72.2632,44.2776],[-72.2624,44.2786],[-72.2623,44.2802],[-72.2617,44.2801],[-72.2619,44.2891],[-72.2674,44.2901],[-72.2672,44.2857],[-72.2739,44.2869],[-72.274,44.2914],[-72.2674,44.2969],[-72.2734,44.2997],[-72.2568,44.3131],[-72.2462,44.308],[-72.2385,44.3148],[-72.2303,44.3107]]]}},{"type":"Feature","properties":{"name":"River Corridor Easement","agency":"4000052230","type":"EASEMENT","access":"open","acres":15,"owner":"PUB"},"geometry":{"type":"Polygon","coordinates":[[[-73.0946,44.1056],[-73.0958,44.1055],[-73.0958,44.1088],[-73.0945,44.1085],[-73.0935,44.1088],[-73.0932,44.1077],[-73.0946,44.1056]]]}},{"type":"Feature","properties":{"name":"Groton State Forest","agency":"3000045200","type":"FEE_OWN","access":"open","acres":351,"owner":"PUB"},"geometry":{"type":"Polygon","coordinates":[[[-72.2393,44.252],[-72.2394,44.2442],[-72.2387,44.243],[-72.2392,44.2422],[-72.236,44.2405],[-72.2349,44.239],[-72.2351,44.2383],[-72.2338,44.2381],[-72.2334,44.2371],[-72.234,44.2371],[-72.2343,44.2378],[-72.2357,44.238],[-72.2354,44.2389],[-72.2373,44.2408],[-72.2409,44.2419],[-72.2446,44.244],[-72.2457,44.2442],[-72.2473,44.2459],[-72.248,44.246],[-72.248,44.2462],[-72.2471,44.2463],[-72.2479,44.2476],[-72.2493,44.248],[-72.2495,44.2484],[-72.2483,44.2484],[-72.2484,44.2488],[-72.2513,44.249],[-72.2515,44.259],[-72.2392,44.2569],[-72.2393,44.252]],[[-72.2485,44.2494],[-72.2476,44.2509],[-72.2483,44.2513],[-72.2494,44.2496],[-72.2485,44.2494]],[[-72.245,44.2492],[-72.2458,44.2489],[-72.2451,44.2486],[-72.2444,44.2489],[-72.2445,44.2493],[-72.245,44.2492]],[[-72.2457,44.2508],[-72.246,44.2507],[-72.2458,44.2502],[-72.2455,44.2502],[-72.2457,44.2508]],[[-72.247,44.2507],[-72.2466,44.2511],[-72.247,44.2512],[-72.247,44.2507]]]}},{"type":"Feature","properties":{"name":"Wrightsville Dam","agency":"3000045300","type":"FEE_OWN","access":"open","acres":25,"owner":"PUB"},"geometry":{"type":"MultiPolygon","coordinates":[[[[-72.5738,44.3243],[-72.573,44.3238],[-72.5722,44.3238],[-72.5721,44.3228],[-72.5711,44.323],[-72.5712,44.3209],[-72.5723,44.3202],[-72.5723,44.3198],[-72.573,44.3195],[-72.5728,44.319],[-72.5733,44.3189],[-72.5742,44.319],[-72.5726,44.3209],[-72.5753,44.3219],[-72.5735,44.3225],[-72.5738,44.3243]]],[[[-72.5685,44.3193],[-72.5697,44.3175],[-72.5711,44.318],[-72.5711,44.3186],[-72.5702,44.3182],[-72.5693,44.3191],[-72.5685,44.3193]]]]}},{"type":"Feature","properties":{"name":"C.C. Putnam State Forest","agency":"3000045200","type":"FEE_OWN","access":"open","acres":142,"owner":"PUB"},"geometry":{"type":"Polygon","coordinates":[[[-72.6585,44.3817],[-72.6599,44.3796],[-72.6605,44.3798],[-72.6648,44.3734],[-72.6709,44.3758],[-72.665,44.384],[-72.6585,44.3817]]]}},{"type":"Feature","properties":{"name":"Mt. Mansfield State Forest","agency":"3000045200","type":"FEE_OWN","access":"open","acres":13,"owner":"PUB"},"geometry":{"type":"Polygon","coordinates":[[[-72.7091,44.5689],[-72.7107,44.5691],[-72.7082,44.5726],[-72.7068,44.5723],[-72.7091,44.5689]]]}},{"type":"Feature","properties":{"name":"C.C. Putnam State Forest","agency":"3000045200","type":"FEE_OWN","access":"open","acres":34,"owner":"PUB"},"geometry":{"type":"Polygon","coordinates":[[[-72.6542,44.434],[-72.655,44.4331],[-72.6669,44.4373],[-72.6663,44.4382],[-72.6679,44.4388],[-72.6542,44.434]]]}},{"type":"Feature","properties":{"name":"Groton State Forest","agency":"3000045200","type":"FEE_OWN","access":"open","acres":362,"owner":"PUB"},"geometry":{"type":"Polygon","coordinates":[[[-72.3458,44.2334],[-72.3568,44.2194],[-72.3655,44.2227],[-72.3566,44.2354],[-72.3555,44.235],[-72.3529,44.2363],[-72.3458,44.2334]]]}},{"type":"Feature","properties":{"name":"Groton State Forest","agency":"3000045200","type":"FEE_OWN","access":"open","acres":6,"owner":"PUB"},"geometry":{"type":"Polygon","coordinates":[[[-72.2185,44.308],[-72.2209,44.3059],[-72.2218,44.3064],[-72.2188,44.3087],[-72.2185,44.308]]]}},{"type":"Feature","properties":{"name":"East Hill WMA","agency":"3000045100","type":"EASEMENT","access":"limited (easement)","acres":159,"owner":"PRIV"},"geometry":{"type":"Polygon","coordinates":[[[-72.4394,44.5713],[-72.4357,44.5699],[-72.4388,44.5657],[-72.4473,44.5688],[-72.4406,44.5779],[-72.4366,44.5764],[-72.4394,44.5713]]]}},{"type":"Feature","properties":{"name":"Lamoille River Streambank","agency":"3000045100","type":"FEE_OWN","access":"open","acres":12,"owner":"PUB"},"geometry":{"type":"Polygon","coordinates":[[[-72.5503,44.5664],[-72.5496,44.5661],[-72.5539,44.5643],[-72.559,44.5637],[-72.563,44.5627],[-72.5647,44.5628],[-72.5664,44.5641],[-72.5651,44.5633],[-72.5546,44.5643],[-72.5503,44.5664]]]}},{"type":"Feature","properties":{"name":"East Hill WMA","agency":"3000045100","type":"EASEMENT","access":"limited (easement)","acres":10,"owner":"PRIV"},"geometry":{"type":"Polygon","coordinates":[[[-72.4236,44.5676],[-72.4265,44.5684],[-72.426,44.5699],[-72.4227,44.5687],[-72.4236,44.5676]]]}},{"type":"Feature","properties":{"name":"Washington State Forest","agency":"3000045200","type":"FEE_OWN","access":"open","acres":41,"owner":"PUB"},"geometry":{"type":"Polygon","coordinates":[[[-72.3856,44.0376],[-72.3909,44.0362],[-72.3917,44.0379],[-72.3839,44.0422],[-72.3856,44.0376]]]}},{"type":"Feature","properties":{"name":"Mt. Mansfield State Forest","agency":"3000045200","type":"FEE_OWN","access":"open","acres":10,"owner":"PUB"},"geometry":{"type":"Polygon","coordinates":[[[-72.7233,44.3822],[-72.7234,44.3812],[-72.7243,44.3813],[-72.7272,44.3826],[-72.7255,44.3847],[-72.7256,44.3835],[-72.7252,44.383],[-72.7233,44.3822]]]}},{"type":"Feature","properties":{"name":"Lewis Creek Streambank","agency":"3000045100","type":"FEE_OWN","access":"open","acres":61,"owner":"PUB"},"geometry":{"type":"Polygon","coordinates":[[[-73.0903,44.2808],[-73.0896,44.2809],[-73.0875,44.28],[-73.0882,44.2793],[-73.0874,44.2787],[-73.0869,44.2791],[-73.0855,44.2791],[-73.0854,44.2787],[-73.0838,44.2786],[-73.0842,44.2782],[-73.0817,44.2782],[-73.0814,44.2776],[-73.0918,44.2762],[-73.0929,44.2805],[-73.0903,44.2808]]]}},{"type":"Feature","properties":{"name":"Wrightsville Dam","agency":"3000045000","type":"FEE_OWN","access":"open","acres":3,"owner":"PUB"},"geometry":{"type":"Polygon","coordinates":[[[-72.5795,44.3356],[-72.5783,44.3356],[-72.5783,44.3348],[-72.5795,44.3347],[-72.5803,44.3355],[-72.5795,44.3356]]]}},{"type":"Feature","properties":{"name":"Elmore State Park","agency":"3000045200","type":"FEE_OWN","access":"open","acres":345,"owner":"PUB"},"geometry":{"type":"Polygon","coordinates":[[[-72.5402,44.5355],[-72.5367,44.5343],[-72.5423,44.5292],[-72.5456,44.5245],[-72.5535,44.5273],[-72.5536,44.5319],[-72.5565,44.5328],[-72.5512,44.5395],[-72.5402,44.5355]]]}},{"type":"Feature","properties":{"name":"C.C. Putnam State Forest","agency":"3000045200","type":"FEE_OWN","access":"open","acres":69,"owner":"PUB"},"geometry":{"type":"Polygon","coordinates":[[[-72.5469,44.453],[-72.5467,44.4522],[-72.5553,44.4569],[-72.5535,44.4598],[-72.5472,44.4575],[-72.5475,44.4557],[-72.5469,44.453]]]}},{"type":"Feature","properties":{"name":"Lamoille River Streambank","agency":"3000045100","type":"FEE_OWN","access":"open","acres":3,"owner":"PUB"},"geometry":{"type":"Polygon","coordinates":[[[-72.2824,44.5498],[-72.2833,44.549],[-72.2833,44.5481],[-72.283,44.5473],[-72.2818,44.5473],[-72.2815,44.5467],[-72.2814,44.5441],[-72.2817,44.5434],[-72.2815,44.5432],[-72.2818,44.5429],[-72.2815,44.5426],[-72.282,44.5421],[-72.2815,44.5416],[-72.2827,44.5414],[-72.2831,44.5407],[-72.2816,44.5397],[-72.2817,44.5384],[-72.2805,44.5372],[-72.2813,44.5366],[-72.2814,44.5352],[-72.2821,44.5343],[-72.2817,44.5327],[-72.2821,44.5343],[-72.2815,44.5353],[-72.2813,44.5366],[-72.2805,44.5372],[-72.2817,44.5383],[-72.2817,44.5396],[-72.2832,44.5407],[-72.2827,44.5414],[-72.2816,44.5416],[-72.2821,44.5421],[-72.2816,44.5426],[-72.2818,44.5429],[-72.2816,44.5432],[-72.2818,44.5434],[-72.2815,44.5441],[-72.2815,44.5467],[-72.2819,44.5472],[-72.2832,44.5474],[-72.2835,44.5489],[-72.2824,44.5498]]]}},{"type":"Feature","properties":{"name":"Groton State Forest","agency":"3000045200","type":"FEE_OWN","access":"open","acres":691,"owner":"PUB"},"geometry":{"type":"MultiPolygon","coordinates":[[[[-72.337,44.2132],[-72.3563,44.22],[-72.3523,44.2252],[-72.3337,44.2182],[-72.337,44.2132]]],[[[-72.3407,44.208],[-72.337,44.2132],[-72.3199,44.2066],[-72.3232,44.2013],[-72.3407,44.208]]],[[[-72.3484,44.1971],[-72.3442,44.203],[-72.3334,44.199],[-72.3368,44.1934],[-72.3484,44.1971]]]]}},{"type":"Feature","properties":{"name":"C.C. Putnam State Forest","agency":"3000045200","type":"FEE_OWN","access":"open","acres":227,"owner":"PUB"},"geometry":{"type":"Polygon","coordinates":[[[-72.5915,44.4127],[-72.5858,44.4212],[-72.5772,44.417],[-72.5802,44.4128],[-72.5789,44.4121],[-72.5818,44.4079],[-72.5915,44.4127]]]}},{"type":"Feature","properties":{"name":"C.C. Putnam State Forest","agency":"3000045200","type":"FEE_OWN","access":"open","acres":42,"owner":"PUB"},"geometry":{"type":"Polygon","coordinates":[[[-72.5769,44.4268],[-72.5809,44.429],[-72.5788,44.4325],[-72.5746,44.4303],[-72.5769,44.4268]]]}},{"type":"Feature","properties":{"name":"Ainsworth State Park","agency":"3000045200","type":"FEE_OWN","access":"open","acres":26,"owner":"PUB"},"geometry":{"type":"Polygon","coordinates":[[[-72.5673,44.0653],[-72.566,44.0639],[-72.5679,44.0601],[-72.5703,44.0661],[-72.5673,44.0653]]]}},{"type":"Feature","properties":{"name":"Mt. Mansfield State Forest","agency":"3000045200","type":"FEE_OWN","access":"open","acres":574,"owner":"PUB"},"geometry":{"type":"Polygon","coordinates":[[[-72.8264,44.4209],[-72.8294,44.4239],[-72.8314,44.4279],[-72.83,44.4299],[-72.8335,44.4324],[-72.836,44.4354],[-72.8391,44.4414],[-72.8459,44.4431],[-72.8401,44.4512],[-72.8296,44.4472],[-72.8352,44.439],[-72.8178,44.4326],[-72.8264,44.4209]]]}},{"type":"Feature","properties":{"name":"Lamoille River Streambank","agency":"3000045100","type":"FEE_OWN","access":"open","acres":7,"owner":"PUB"},"geometry":{"type":"Polygon","coordinates":[[[-72.3718,44.5463],[-72.3728,44.5466],[-72.3721,44.5483],[-72.3711,44.5491],[-72.3708,44.5482],[-72.3718,44.5463]]]}},{"type":"Feature","properties":{"name":"Buck Lake WMA","agency":"3000045100","type":"FEE_OWN","access":"open","acres":315,"owner":"PUB"},"geometry":{"type":"Polygon","coordinates":[[[-72.396,44.4614],[-72.4024,44.4531],[-72.4048,44.4541],[-72.4022,44.4575],[-72.4117,44.4612],[-72.4057,44.4642],[-72.4072,44.4649],[-72.3973,44.4702],[-72.3915,44.4675],[-72.396,44.4614]],[[-72.4087,44.4609],[-72.4093,44.461],[-72.409,44.4603],[-72.4087,44.4609]]]}},{"type":"Feature","properties":{"name":"River Corridor Easement","agency":"4000052230","type":"EASEMENT","access":"limited (easement)","acres":40,"owner":"PRIV"},"geometry":{"type":"Polygon","coordinates":[[[-73.0953,44.1088],[-73.0961,44.1087],[-73.0959,44.1113],[-73.0968,44.1113],[-73.096,44.1114],[-73.0959,44.112],[-73.0967,44.112],[-73.0965,44.1129],[-73.0956,44.1129],[-73.0956,44.1137],[-73.0944,44.1138],[-73.0943,44.1141],[-73.0939,44.1137],[-73.0912,44.1134],[-73.0918,44.112],[-73.0912,44.111],[-73.0916,44.1106],[-73.0942,44.1103],[-73.0938,44.1089],[-73.0953,44.1088]]]}},{"type":"Feature","properties":{"name":"Lamoille River Streambank","agency":"3000045100","type":"FEE_OWN","access":"open","acres":23,"owner":"PUB"},"geometry":{"type":"Polygon","coordinates":[[[-72.3711,44.5491],[-72.3713,44.5496],[-72.3725,44.5499],[-72.3706,44.5549],[-72.3703,44.5547],[-72.3702,44.5553],[-72.3692,44.5554],[-72.3702,44.5502],[-72.3711,44.5491]]]}},{"type":"Feature","properties":{"name":"Boyer State Forest","agency":"3000045200","type":"FEE_OWN","access":"open","acres":143,"owner":"PUB"},"geometry":{"type":"Polygon","coordinates":[[[-72.6073,44.2063],[-72.6094,44.2025],[-72.6082,44.2023],[-72.6106,44.1978],[-72.614,44.1983],[-72.6158,44.1968],[-72.6188,44.1975],[-72.6142,44.2062],[-72.6103,44.2047],[-72.6098,44.2078],[-72.6069,44.2071],[-72.6073,44.2063]]]}},{"type":"Feature","properties":{"name":"Mt. Mansfield State Forest","agency":"3000045200","type":"FEE_OWN","access":"open","acres":93,"owner":"PUB"},"geometry":{"type":"Polygon","coordinates":[[[-72.8037,44.3891],[-72.8063,44.3856],[-72.8154,44.3887],[-72.8126,44.3926],[-72.8037,44.3891]]]}},{"type":"Feature","properties":{"name":"FWD Mitigation Easement","agency":"3000045100","type":"EASEMENT","access":"open","acres":732,"owner":"PUB"},"geometry":{"type":"Polygon","coordinates":[[[-72.7678,44.5473],[-72.7519,44.5296],[-72.7584,44.521],[-72.7656,44.5241],[-72.7677,44.5189],[-72.7689,44.5194],[-72.7746,44.5173],[-72.7812,44.5181],[-72.7806,44.519],[-72.7746,44.5185],[-72.773,44.5193],[-72.7705,44.5195],[-72.7723,44.5214],[-72.7743,44.5225],[-72.7695,44.5235],[-72.7676,44.5265],[-72.7678,44.5272],[-72.7668,44.5281],[-72.7677,44.5299],[-72.7689,44.5299],[-72.7702,44.5328],[-72.7714,44.5331],[-72.7715,44.5341],[-72.7727,44.5354],[-72.7731,44.5353],[-72.7729,44.5397],[-72.7717,44.5396],[-72.7725,44.5407],[-72.7715,44.5431],[-72.7716,44.544],[-72.7725,44.545],[-72.7726,44.5456],[-72.7678,44.5473]]]}},{"type":"Feature","properties":{"name":"Groton State Forest","agency":"3000045200","type":"FEE_OWN","access":"open","acres":6013,"owner":"PUB"},"geometry":{"type":"Polygon","coordinates":[[[-72.2734,44.2997],[-72.282,44.2928],[-72.2838,44.2931],[-72.2838,44.2834],[-72.2786,44.2827],[-72.2788,44.2877],[-72.2739,44.2869],[-72.2738,44.2821],[-72.2713,44.2816],[-72.2702,44.2791],[-72.2699,44.2768],[-72.2738,44.2775],[-72.2737,44.2729],[-72.2946,44.2758],[-72.2946,44.2706],[-72.2835,44.2687],[-72.2832,44.2642],[-72.2736,44.2626],[-72.2688,44.2585],[-72.27,44.2575],[-72.2687,44.2584],[-72.2672,44.2571],[-72.2648,44.2591],[-72.2649,44.2586],[-72.2639,44.2573],[-72.2648,44.2563],[-72.2656,44.2563],[-72.2661,44.2557],[-72.2643,44.2546],[-72.2612,44.2504],[-72.2604,44.2506],[-72.2596,44.2515],[-72.2584,44.2516],[-72.2574,44.2525],[-72.2576,44.2531],[-72.2561,44.2528],[-72.2547,44.2509],[-72.2557,44.2506],[-72.2537,44.2501],[-72.2536,44.2484],[-72.2512,44.248],[-72.2513,44.249],[-72.2484,44.2488],[-72.2483,44.2484],[-72.2495,44.2484],[-72.2493,44.248],[-72.2479,44.2476],[-72.2471,44.2463],[-72.248,44.2462],[-72.248,44.246],[-72.2473,44.2459],[-72.2457,44.2442],[-72.2446,44.244],[-72.2395,44.2413],[-72.2405,44.2413],[-72.2406,44.2404],[-72.2617,44.2441],[-72.2616,44.2422],[-72.2738,44.2442],[-72.2737,44.2395],[-72.3059,44.245],[-72.3059,44.252],[-72.3157,44.254],[-72.316,44.2619],[-72.3225,44.2641],[-72.3214,44.2657],[-72.3298,44.2688],[-72.3252,44.2751],[-72.3325,44.2778],[-72.3187,44.2941],[-72.3208,44.294],[-72.3211,44.2943],[-72.3175,44.2989],[-72.3075,44.2972],[-72.2935,44.3087],[-72.2734,44.2997]],[[-72.3071,44.2919],[-72.2951,44.2899],[-72.2951,44.2918],[-72.3071,44.2936],[-72.3071,44.2919]],[[-72.2616,44.2475],[-72.2615,44.2502],[-72.2627,44.2518],[-72.2739,44.2535],[-72.2738,44.2495],[-72.2616,44.2475]]]}},{"type":"Feature","properties":{"name":"L.R. Jones State Forest","agency":"3000045200","type":"FEE_OWN","access":"open","acres":84,"owner":"PUB"},"geometry":{"type":"Polygon","coordinates":[[[-72.3764,44.2247],[-72.3849,44.2279],[-72.3824,44.2314],[-72.3738,44.2282],[-72.3764,44.2247]]]}},{"type":"Feature","properties":{"name":"Roxbury State Forest","agency":"3000045200","type":"FEE_OWN","access":"open","acres":1759,"owner":"PUB"},"geometry":{"type":"Polygon","coordinates":[[[-72.7705,44.0785],[-72.7729,44.0744],[-72.7814,44.0768],[-72.7859,44.0702],[-72.7771,44.0676],[-72.7848,44.057],[-72.7938,44.0578],[-72.796,44.0537],[-72.8031,44.0551],[-72.8012,44.0566],[-72.8041,44.0615],[-72.8067,44.0632],[-72.8073,44.0643],[-72.8071,44.0671],[-72.8074,44.0695],[-72.7937,44.0905],[-72.7674,44.0832],[-72.7705,44.0785]]]}},{"type":"Feature","properties":{"name":"East Barre Dam","agency":"3000045300","type":"FEE_OWN","access":"open","acres":72,"owner":"PUB"},"geometry":{"type":"Polygon","coordinates":[[[-72.443,44.158],[-72.4387,44.1544],[-72.4368,44.1536],[-72.4374,44.1512],[-72.4382,44.1513],[-72.4383,44.1518],[-72.4392,44.1513],[-72.4398,44.1517],[-72.4407,44.1515],[-72.4408,44.1522],[-72.4424,44.1542],[-72.443,44.1542],[-72.4432,44.1534],[-72.4426,44.153],[-72.443,44.1527],[-72.4481,44.1564],[-72.4463,44.1553],[-72.446,44.1557],[-72.4456,44.1555],[-72.4453,44.1566],[-72.4458,44.1578],[-72.445,44.1576],[-72.4452,44.1584],[-72.4445,44.1579],[-72.4442,44.1585],[-72.443,44.158]]]}},{"type":"Feature","properties":{"name":"Wrightsville Dam","agency":"3000045300","type":"FEE_OWN","access":"open","acres":58,"owner":"PUB"},"geometry":{"type":"Polygon","coordinates":[[[-72.5731,44.3189],[-72.5723,44.3175],[-72.5711,44.3186],[-72.5711,44.318],[-72.5739,44.3139],[-72.5756,44.3182],[-72.5759,44.3182],[-72.5758,44.3155],[-72.5773,44.3155],[-72.5774,44.3167],[-72.5771,44.3169],[-72.5783,44.3211],[-72.577,44.3209],[-72.5767,44.3199],[-72.5764,44.3199],[-72.5763,44.3208],[-72.5747,44.3207],[-72.5745,44.3211],[-72.5752,44.3217],[-72.5726,44.3209],[-72.5742,44.319],[-72.5731,44.3189]]]}},{"type":"Feature","properties":{"name":"Mt. Mansfield State Forest","agency":"3000045200","type":"FEE_OWN","access":"open","acres":108,"owner":"PUB"},"geometry":{"type":"Polygon","coordinates":[[[-72.8782,44.4337],[-72.8815,44.4295],[-72.8905,44.4333],[-72.8876,44.4375],[-72.8782,44.4337]]]}},{"type":"Feature","properties":{"name":"Perry Pond","agency":"3000045100","type":"FEE_OWN","access":"open","acres":8,"owner":"PUB"},"geometry":{"type":"Polygon","coordinates":[[[-72.6396,44.1871],[-72.6384,44.1875],[-72.6377,44.1871],[-72.6369,44.1873],[-72.6372,44.1867],[-72.6358,44.1862],[-72.6358,44.1859],[-72.6373,44.1854],[-72.6379,44.1861],[-72.6387,44.1861],[-72.6388,44.1866],[-72.6396,44.1867],[-72.6396,44.1871]]]}},{"type":"Feature","properties":{"name":"Worcester Woods WMA","agency":"3000045100","type":"FEE_OWN","access":"open","acres":186,"owner":"PUB"},"geometry":{"type":"Polygon","coordinates":[[[-72.5497,44.3961],[-72.5445,44.4038],[-72.5362,44.3996],[-72.5412,44.3921],[-72.5497,44.3961]]]}},{"type":"Feature","properties":{"name":"C.C. Putnam State Forest","agency":"3000045200","type":"FEE_OWN","access":"open","acres":16,"owner":"PUB"},"geometry":{"type":"Polygon","coordinates":[[[-72.5779,44.4721],[-72.5762,44.4712],[-72.5778,44.4689],[-72.5802,44.4702],[-72.5783,44.4724],[-72.5779,44.4721]]]}},{"type":"Feature","properties":{"name":"East Barre Dam","agency":"3000045300","type":"FEE_OWN","access":"open","acres":6,"owner":"PUB"},"geometry":{"type":"Polygon","coordinates":[[[-72.4291,44.1569],[-72.4284,44.1565],[-72.4298,44.155],[-72.4302,44.1551],[-72.4308,44.1559],[-72.4297,44.1571],[-72.4291,44.1569]]]}},{"type":"Feature","properties":{"name":"Groton State Forest","agency":"3000045200","type":"FEE_OWN","access":"open","acres":141,"owner":"PUB"},"geometry":{"type":"Polygon","coordinates":[[[-72.3059,44.245],[-72.306,44.2388],[-72.3157,44.2399],[-72.3157,44.247],[-72.3059,44.245]]]}},{"type":"Feature","properties":{"name":"Ainsworth State Park","agency":"3000045200","type":"FEE_OWN","access":"open","acres":414,"owner":"PUB"},"geometry":{"type":"Polygon","coordinates":[[[-72.563,44.0845],[-72.5664,44.0775],[-72.5622,44.0764],[-72.5593,44.078],[-72.5582,44.08],[-72.5563,44.0795],[-72.5538,44.0805],[-72.5534,44.0811],[-72.5526,44.0809],[-72.5522,44.0815],[-72.5491,44.0806],[-72.5501,44.0789],[-72.5518,44.0792],[-72.553,44.0769],[-72.5573,44.0746],[-72.5533,44.0729],[-72.5544,44.0709],[-72.5577,44.0684],[-72.5595,44.0704],[-72.5624,44.0706],[-72.5629,44.0696],[-72.5691,44.0712],[-72.5697,44.0736],[-72.5731,44.0765],[-72.5729,44.0776],[-72.5699,44.084],[-72.5659,44.0854],[-72.563,44.0845]]]}},{"type":"Feature","properties":{"name":"Wrightsville Dam","agency":"3000045300","type":"FEE_OWN","access":"open","acres":15,"owner":"PUB"},"geometry":{"type":"Polygon","coordinates":[[[-72.5737,44.3137],[-72.5756,44.3111],[-72.5759,44.3182],[-72.5756,44.3182],[-72.5743,44.3143],[-72.5737,44.3137]]]}},{"type":"Feature","properties":{"name":"C.C. Putnam State Forest","agency":"3000045200","type":"FEE_OWN","access":"open","acres":465,"owner":"PUB"},"geometry":{"type":"Polygon","coordinates":[[[-72.5816,44.4431],[-72.5888,44.4472],[-72.5851,44.4503],[-72.5874,44.4516],[-72.5758,44.4679],[-72.5682,44.4638],[-72.5743,44.4565],[-72.5729,44.4557],[-72.5816,44.4431]]]}},{"type":"Feature","properties":{"name":"Allis State Park","agency":"3000045200","type":"FEE_OWN","access":"open","acres":481,"owner":"PUB"},"geometry":{"type":"MultiPolygon","coordinates":[[[[-72.6423,44.0424],[-72.64,44.0471],[-72.644,44.0484],[-72.6433,44.0502],[-72.6411,44.0531],[-72.641,44.054],[-72.6399,44.0549],[-72.6394,44.0568],[-72.6388,44.0566],[-72.6413,44.0523],[-72.6341,44.0502],[-72.6327,44.0513],[-72.6318,44.053],[-72.6271,44.0525],[-72.6257,44.0478],[-72.6321,44.0496],[-72.6341,44.0451],[-72.6276,44.0433],[-72.6269,44.0441],[-72.6265,44.044],[-72.6274,44.0413],[-72.6291,44.0386],[-72.6423,44.0424]]],[[[-72.6461,44.0434],[-72.6423,44.0424],[-72.6488,44.0292],[-72.6511,44.0249],[-72.6548,44.026],[-72.6533,44.0305],[-72.6513,44.0323],[-72.6498,44.0344],[-72.6465,44.0416],[-72.6461,44.0434]]]]}},{"type":"Feature","properties":{"name":"East Hill WMA","agency":"3000045100","type":"FEE_OWN","access":"open","acres":206,"owner":"PUB"},"geometry":{"type":"Polygon","coordinates":[[[-72.425,44.55],[-72.4214,44.5533],[-72.4207,44.5549],[-72.419,44.5561],[-72.4185,44.5568],[-72.4185,44.5578],[-72.4153,44.5617],[-72.4077,44.5587],[-72.4113,44.5544],[-72.4123,44.5505],[-72.4131,44.5492],[-72.4152,44.5513],[-72.4155,44.5509],[-72.4192,44.5522],[-72.4188,44.5529],[-72.4208,44.5518],[-72.4217,44.5494],[-72.425,44.55]]]}},{"type":"Feature","properties":{"name":"Wrightsville Dam","agency":"3000045300","type":"FEE_OWN","access":"open","acres":16,"owner":"PUB"},"geometry":{"type":"Polygon","coordinates":[[[-72.5722,44.3097],[-72.5712,44.3109],[-72.5731,44.3117],[-72.572,44.3127],[-72.5688,44.3115],[-72.5706,44.3091],[-72.5722,44.3097]]]}},{"type":"Feature","properties":{"name":"East Hill WMA","agency":"3000045100","type":"EASEMENT","access":"limited (easement)","acres":5,"owner":"PRIV"},"geometry":{"type":"Polygon","coordinates":[[[-72.4272,44.5685],[-72.428,44.5687],[-72.4279,44.567],[-72.4296,44.5676],[-72.4289,44.569],[-72.4272,44.5685]]]}},{"type":"Feature","properties":{"name":"Prelco","agency":"3000045200","type":"EASEMENT","access":"open","acres":1276,"owner":"PUB"},"geometry":{"type":"Polygon","coordinates":[[[-72.9619,44.4311],[-72.9296,44.4296],[-72.9302,44.4291],[-72.9279,44.4282],[-72.9293,44.4259],[-72.9231,44.4231],[-72.9249,44.4205],[-72.9215,44.4192],[-72.9222,44.4168],[-72.9238,44.4171],[-72.9258,44.4159],[-72.9277,44.4167],[-72.9361,44.4045],[-72.9367,44.4056],[-72.9473,44.4093],[-72.9435,44.4101],[-72.9429,44.4108],[-72.9406,44.4118],[-72.9401,44.4123],[-72.9396,44.4138],[-72.9375,44.4156],[-72.9408,44.4162],[-72.9414,44.4155],[-72.9427,44.4161],[-72.9443,44.4147],[-72.9458,44.4143],[-72.9505,44.4144],[-72.9509,44.4121],[-72.953,44.4118],[-72.956,44.4131],[-72.9622,44.4147],[-72.9618,44.4163],[-72.9629,44.4172],[-72.9635,44.4184],[-72.9633,44.4191],[-72.9662,44.4232],[-72.9639,44.4234],[-72.9634,44.4243],[-72.9634,44.4264],[-72.9622,44.4285],[-72.9619,44.4311]],[[-72.9418,44.4275],[-72.9424,44.4263],[-72.9459,44.4273],[-72.9482,44.423],[-72.9509,44.4231],[-72.952,44.4226],[-72.9503,44.4191],[-72.9488,44.4203],[-72.9481,44.4187],[-72.9484,44.4176],[-72.9474,44.416],[-72.9474,44.4155],[-72.9453,44.4155],[-72.9438,44.4164],[-72.9445,44.4176],[-72.9457,44.4179],[-72.9456,44.419],[-72.9463,44.4209],[-72.946,44.4213],[-72.9449,44.4211],[-72.9422,44.4188],[-72.9408,44.4218],[-72.9399,44.4217],[-72.9398,44.4212],[-72.9365,44.4216],[-72.9361,44.4219],[-72.9358,44.4243],[-72.9376,44.4246],[-72.9375,44.4261],[-72.9389,44.4296],[-72.9409,44.4298],[-72.9418,44.4275]]]}},{"type":"Feature","properties":{"name":"Mt. Mansfield State Forest","agency":"3000045200","type":"FEE_OWN","access":"open","acres":19,"owner":"PUB"},"geometry":{"type":"Polygon","coordinates":[[[-72.7285,44.3744],[-72.7292,44.3737],[-72.7325,44.375],[-72.731,44.3769],[-72.7275,44.3755],[-72.7285,44.3744]]]}},{"type":"Feature","properties":{"name":"Molly\u2019s Falls Pond State Park","agency":"3000045200","type":"FEE_OWN","access":"open","acres":33,"owner":"PUB"},"geometry":{"type":"Polygon","coordinates":[[[-72.2823,44.3627],[-72.2837,44.3638],[-72.2867,44.3643],[-72.2882,44.3651],[-72.2874,44.3663],[-72.285,44.366],[-72.2829,44.3662],[-72.2804,44.3653],[-72.2823,44.3627]]]}},{"type":"Feature","properties":{"name":"Groton State Forest","agency":"3000045200","type":"FEE_OWN","access":"open","acres":19,"owner":"PUB"},"geometry":{"type":"Polygon","coordinates":[[[-72.2514,44.2536],[-72.2539,44.2539],[-72.2564,44.2565],[-72.2515,44.2558],[-72.2514,44.2536]]]}},{"type":"Feature","properties":{"name":"East Hill WMA","agency":"3000045100","type":"EASEMENT","access":"limited (easement)","acres":62,"owner":"PRIV"},"geometry":{"type":"Polygon","coordinates":[[[-72.4279,44.5499],[-72.4287,44.5486],[-72.4313,44.5495],[-72.4331,44.5474],[-72.4376,44.5496],[-72.4347,44.5533],[-72.4332,44.5531],[-72.4318,44.5516],[-72.4279,44.5499]]]}},{"type":"Feature","properties":{"name":"Steam Mill Brook WMA","agency":"3000045100","type":"FEE_OWN","access":"open","acres":141,"owner":"PUB"},"geometry":{"type":"Polygon","coordinates":[[[-72.2157,44.4736],[-72.2103,44.4715],[-72.2156,44.4649],[-72.2227,44.4676],[-72.2178,44.4743],[-72.2157,44.4736]]]}},{"type":"Feature","properties":{"name":"Roxbury State Forest","agency":"3000045200","type":"FEE_OWN","access":"open","acres":15,"owner":"PUB"},"geometry":{"type":"Polygon","coordinates":[[[-72.7334,44.0528],[-72.7349,44.0506],[-72.7374,44.0515],[-72.7359,44.0537],[-72.7334,44.0528]]]}},{"type":"Feature","properties":{"name":"MTL Duplissey","agency":"3000045200","type":"EASEMENT","access":"open","acres":1445,"owner":"PUB"},"geometry":{"type":"Polygon","coordinates":[[[-72.3657,44.0853],[-72.3671,44.0829],[-72.3687,44.0815],[-72.3684,44.0808],[-72.3677,44.0799],[-72.3664,44.0794],[-72.3665,44.0823],[-72.3657,44.0836],[-72.3646,44.0839],[-72.3638,44.0852],[-72.3626,44.0851],[-72.3603,44.0862],[-72.3591,44.0838],[-72.3603,44.0819],[-72.3604,44.0807],[-72.3636,44.0818],[-72.3641,44.0791],[-72.3608,44.0781],[-72.3587,44.076],[-72.3601,44.0722],[-72.3629,44.0724],[-72.3643,44.0687],[-72.3635,44.0684],[-72.365,44.0663],[-72.365,44.0628],[-72.3674,44.0611],[-72.3689,44.0584],[-72.3782,44.0635],[-72.3822,44.061],[-72.3836,44.0619],[-72.3833,44.063],[-72.385,44.0634],[-72.3863,44.0643],[-72.3887,44.0672],[-72.3867,44.0725],[-72.3932,44.0749],[-72.3921,44.0781],[-72.3931,44.0788],[-72.3921,44.0805],[-72.3962,44.0824],[-72.3936,44.0872],[-72.383,44.0834],[-72.3824,44.0855],[-72.379,44.0851],[-72.3676,44.0848],[-72.3672,44.0858],[-72.3657,44.0853]]]}},{"type":"Feature","properties":{"name":"C.C. Putnam State Forest","agency":"3000045200","type":"FEE_OWN","access":"open","acres":109,"owner":"PUB"},"geometry":{"type":"Polygon","coordinates":[[[-72.5626,44.4552],[-72.5715,44.4599],[-72.5682,44.4638],[-72.5594,44.4591],[-72.5626,44.4552]]]}},{"type":"Feature","properties":{"name":"C.C. Putnam State Forest","agency":"3000045200","type":"FEE_OWN","access":"open","acres":215,"owner":"PUB"},"geometry":{"type":"Polygon","coordinates":[[[-72.5833,44.4251],[-72.5914,44.429],[-72.5848,44.4385],[-72.5773,44.4349],[-72.5833,44.4251]]]}},{"type":"Feature","properties":{"name":"Little River Corridor Easement","agency":"4000051910","type":"EASEMENT","access":"open","acres":7,"owner":"PUB"},"geometry":{"type":"Polygon","coordinates":[[[-72.698,44.4531],[-72.6985,44.4528],[-72.7,44.4533],[-72.6942,44.4592],[-72.6981,44.4546],[-72.6977,44.4537],[-72.698,44.4531]]]}},{"type":"Feature","properties":{"name":"Ainsworth State Park","agency":"3000045200","type":"FEE_OWN","access":"open","acres":21,"owner":"PUB"},"geometry":{"type":"Polygon","coordinates":[[[-72.5558,44.0677],[-72.5629,44.0696],[-72.5624,44.0706],[-72.5595,44.0704],[-72.5577,44.0684],[-72.5544,44.0709],[-72.5558,44.0677]]]}},{"type":"Feature","properties":{"name":"Mt. Mansfield State Forest","agency":"3000045200","type":"FEE_OWN","access":"open","acres":942,"owner":"PUB"},"geometry":{"type":"Polygon","coordinates":[[[-72.7918,44.5426],[-72.7849,44.541],[-72.7906,44.5328],[-72.7829,44.5301],[-72.781,44.5278],[-72.7795,44.5269],[-72.7842,44.5219],[-72.7872,44.5203],[-72.7911,44.5217],[-72.7893,44.5243],[-72.7949,44.5263],[-72.7941,44.5275],[-72.8148,44.5351],[-72.815,44.5355],[-72.8148,44.5365],[-72.8142,44.5368],[-72.8142,44.5376],[-72.8092,44.5447],[-72.8079,44.5454],[-72.8079,44.5464],[-72.7918,44.5426]]]}},{"type":"Feature","properties":{"name":"Mud Pond","agency":"3000045100","type":"FEE_OWN","access":"open","acres":4,"owner":"PUB"},"geometry":{"type":"Polygon","coordinates":[[[-72.2132,44.3181],[-72.2153,44.3163],[-72.2157,44.3168],[-72.2139,44.3184],[-72.2132,44.3181]]]}},{"type":"Feature","properties":{"name":"East Hill WMA","agency":"3000045100","type":"EASEMENT","access":"limited (easement)","acres":80,"owner":"PRIV"},"geometry":{"type":"Polygon","coordinates":[[[-72.4307,44.5464],[-72.4339,44.5426],[-72.4409,44.5457],[-72.4376,44.5496],[-72.4307,44.5464]]]}},{"type":"Feature","properties":{"name":"L.R. Jones State Forest","agency":"3000045200","type":"FEE_OWN","access":"open","acres":124,"owner":"PUB"},"geometry":{"type":"Polygon","coordinates":[[[-72.3695,44.2337],[-72.3738,44.2282],[-72.3824,44.2314],[-72.3816,44.2324],[-72.3796,44.2328],[-72.3774,44.2342],[-72.3796,44.2351],[-72.3782,44.237],[-72.3695,44.2337]]]}},{"type":"Feature","properties":{"name":"L.R. Jones State Forest","agency":"3000045200","type":"FEE_OWN","access":"open","acres":140,"owner":"PUB"},"geometry":{"type":"Polygon","coordinates":[[[-72.359,44.232],[-72.3629,44.2266],[-72.3722,44.2302],[-72.3681,44.2355],[-72.359,44.232]]]}},{"type":"Feature","properties":{"name":"Roxbury State Forest","agency":"3000045200","type":"FEE_OWN","access":"open","acres":141,"owner":"PUB"},"geometry":{"type":"Polygon","coordinates":[[[-72.7379,44.0816],[-72.7323,44.0806],[-72.7382,44.0714],[-72.7446,44.0726],[-72.7426,44.0758],[-72.7407,44.0778],[-72.7388,44.0817],[-72.7379,44.0816]]]}},{"type":"Feature","properties":{"name":"Groton State Forest","agency":"3000045200","type":"FEE_OWN","access":"open","acres":51,"owner":"PUB"},"geometry":{"type":"Polygon","coordinates":[[[-72.2618,44.2848],[-72.2672,44.2857],[-72.2674,44.2901],[-72.2619,44.2891],[-72.2618,44.2848]]]}},{"type":"Feature","properties":{"name":"Levi Pond WMA","agency":"3000045100","type":"FEE_OWN","access":"open","acres":31,"owner":"PUB"},"geometry":{"type":"Polygon","coordinates":[[[-72.2186,44.2679],[-72.2255,44.269],[-72.2255,44.2711],[-72.2187,44.27],[-72.2186,44.2679]]]}},{"type":"Feature","properties":{"name":"Pine Mountain WMA","agency":"3000045100","type":"FEE_OWN","access":"open","acres":203,"owner":"PUB"},"geometry":{"type":"Polygon","coordinates":[[[-72.1876,44.1917],[-72.2095,44.19],[-72.2092,44.1917],[-72.2082,44.1912],[-72.2,44.1919],[-72.2086,44.1937],[-72.2085,44.1958],[-72.2066,44.1976],[-72.2038,44.1978],[-72.2027,44.1985],[-72.1988,44.1964],[-72.1988,44.1951],[-72.1877,44.1935],[-72.1876,44.1917]]]}},{"type":"Feature","properties":{"name":"Groton State Forest","agency":"3000045200","type":"FEE_OWN","access":"open","acres":201,"owner":"PUB"},"geometry":{"type":"Polygon","coordinates":[[[-72.2285,44.3247],[-72.2327,44.3209],[-72.2423,44.3259],[-72.2345,44.3326],[-72.2271,44.3289],[-72.2307,44.3257],[-72.2285,44.3247]]]}},{"type":"Feature","properties":{"name":"Mt. Mansfield State Forest","agency":"3000045200","type":"FEE_OWN","access":"open","acres":1829,"owner":"PUB"},"geometry":{"type":"Polygon","coordinates":[[[-72.7072,44.6077],[-72.7069,44.6054],[-72.7055,44.605],[-72.7059,44.6038],[-72.7049,44.6012],[-72.7058,44.599],[-72.7036,44.5982],[-72.7046,44.5964],[-72.7044,44.5947],[-72.7048,44.5932],[-72.7054,44.5923],[-72.7069,44.5918],[-72.7045,44.5909],[-72.708,44.5859],[-72.6985,44.5839],[-72.692,44.5928],[-72.6824,44.5908],[-72.6804,44.5935],[-72.6785,44.5928],[-72.6781,44.5902],[-72.6723,44.5898],[-72.6821,44.5765],[-72.7105,44.5825],[-72.7286,44.5888],[-72.7312,44.5851],[-72.7433,44.5892],[-72.7376,44.5969],[-72.7423,44.5987],[-72.7412,44.6001],[-72.7159,44.5901],[-72.7131,44.5939],[-72.7225,44.5975],[-72.7197,44.6014],[-72.7288,44.6045],[-72.726,44.6088],[-72.7167,44.6057],[-72.7161,44.6067],[-72.7155,44.6065],[-72.7133,44.6099],[-72.7072,44.6077]],[[-72.7086,44.6029],[-72.7117,44.6039],[-72.7144,44.5997],[-72.7113,44.5986],[-72.7086,44.6029]]]}},{"type":"Feature","properties":{"name":"Mt. Mansfield State Forest","agency":"3000045200","type":"FEE_OWN","access":"open","acres":35,"owner":"PUB"},"geometry":{"type":"Polygon","coordinates":[[[-72.7344,44.4532],[-72.7353,44.4519],[-72.7395,44.4533],[-72.7392,44.4571],[-72.7348,44.4556],[-72.736,44.4538],[-72.7344,44.4532]]]}},{"type":"Feature","properties":{"name":"Roxbury State Forest","agency":"3000045200","type":"FEE_OWN","access":"open","acres":56,"owner":"PUB"},"geometry":{"type":"Polygon","coordinates":[[[-72.7208,44.0563],[-72.7226,44.0569],[-72.7175,44.0657],[-72.7161,44.0653],[-72.716,44.0618],[-72.7167,44.06],[-72.7172,44.0596],[-72.719,44.0595],[-72.7198,44.0573],[-72.7208,44.0563]]]}},{"type":"Feature","properties":{"name":"Roxbury State Forest","agency":"3000045200","type":"FEE_OWN","access":"open","acres":82,"owner":"PUB"},"geometry":{"type":"Polygon","coordinates":[[[-72.6978,44.0434],[-72.6953,44.0425],[-72.6982,44.0379],[-72.7048,44.0404],[-72.7023,44.0448],[-72.6978,44.0434]]]}},{"type":"Feature","properties":{"name":"C.C. Putnam State Forest","agency":"3000045200","type":"FEE_OWN","access":"open","acres":94,"owner":"PUB"},"geometry":{"type":"Polygon","coordinates":[[[-72.6119,44.4176],[-72.6092,44.4212],[-72.6006,44.4171],[-72.6033,44.4132],[-72.6119,44.4176]]]}},{"type":"Feature","properties":{"name":"L.R. Jones State Forest","agency":"3000045200","type":"FEE_OWN","access":"open","acres":45,"owner":"PUB"},"geometry":{"type":"Polygon","coordinates":[[[-72.3681,44.2355],[-72.3695,44.2337],[-72.3782,44.237],[-72.3768,44.2389],[-72.3681,44.2355]]]}},{"type":"Feature","properties":{"name":"L.R. Jones State Forest","agency":"3000045200","type":"FEE_OWN","access":"open","acres":97,"owner":"PUB"},"geometry":{"type":"Polygon","coordinates":[[[-72.3668,44.221],[-72.3696,44.2174],[-72.379,44.221],[-72.3764,44.2247],[-72.3668,44.221]]]}},{"type":"Feature","properties":{"name":"Prelco","agency":"3000045200","type":"EASEMENT","access":"open","acres":274,"owner":"PUB"},"geometry":{"type":"Polygon","coordinates":[[[-72.9296,44.4296],[-72.9619,44.4311],[-72.9546,44.4316],[-72.9535,44.4338],[-72.9527,44.4368],[-72.9484,44.4346],[-72.9461,44.4368],[-72.9402,44.4348],[-72.9381,44.4336],[-72.9353,44.4359],[-72.9324,44.4345],[-72.9327,44.4329],[-72.9309,44.4333],[-72.9288,44.4322],[-72.9292,44.4316],[-72.9288,44.4306],[-72.9296,44.4296]]]}},{"type":"Feature","properties":{"name":"Washington WMA","agency":"3000045100","type":"FEE_OWN","access":"open","acres":264,"owner":"PUB"},"geometry":{"type":"Polygon","coordinates":[[[-72.3749,44.0253],[-72.3773,44.0197],[-72.3813,44.0205],[-72.3823,44.0177],[-72.385,44.0185],[-72.3845,44.0203],[-72.3909,44.0225],[-72.3884,44.0301],[-72.3875,44.0307],[-72.3827,44.0298],[-72.3799,44.0288],[-72.3806,44.0271],[-72.3749,44.0253]]]}},{"type":"Feature","properties":{"name":"Wrightsville Dam","agency":"3000045300","type":"FEE_OWN","access":"open","acres":4,"owner":"PUB"},"geometry":{"type":"Polygon","coordinates":[[[-72.5731,44.3274],[-72.5745,44.328],[-72.5734,44.3284],[-72.5729,44.3291],[-72.5719,44.3289],[-72.5731,44.3274]]]}},{"type":"Feature","properties":{"name":"Wrightsville Dam","agency":"3000045300","type":"FEE_OWN","access":"open","acres":26,"owner":"PUB"},"geometry":{"type":"Polygon","coordinates":[[[-72.5715,44.3132],[-72.5719,44.3135],[-72.5725,44.313],[-72.5739,44.3139],[-72.5711,44.318],[-72.5688,44.3171],[-72.5715,44.3132]]]}},{"type":"Feature","properties":{"name":"Chittenden County Uplands","agency":"3000045200","type":"EASEMENT","access":"open","acres":78,"owner":"PUB"},"geometry":{"type":"Polygon","coordinates":[[[-72.9249,44.4494],[-72.9262,44.4483],[-72.9258,44.4473],[-72.925,44.447],[-72.926,44.4468],[-72.9255,44.4454],[-72.9237,44.4464],[-72.9271,44.4429],[-72.9278,44.4435],[-72.9275,44.4443],[-72.9349,44.4483],[-72.9331,44.45],[-72.9299,44.4497],[-72.9288,44.4492],[-72.9266,44.4492],[-72.9262,44.4486],[-72.9249,44.4494]]]}},{"type":"Feature","properties":{"name":"Steam Mill Brook WMA","agency":"3000045100","type":"FEE_OWN","access":"open","acres":27,"owner":"PUB"},"geometry":{"type":"Polygon","coordinates":[[[-72.193,44.5349],[-72.1942,44.5334],[-72.2,44.5357],[-72.1987,44.5373],[-72.193,44.5349]]]}},{"type":"Feature","properties":{"name":"Molly\u2019s Falls Pond State Park","agency":"3000045200","type":"FEE_OWN","access":"open","acres":127,"owner":"PUB"},"geometry":{"type":"Polygon","coordinates":[[[-72.2993,44.3685],[-72.2939,44.3666],[-72.2971,44.3647],[-72.3,44.3639],[-72.3045,44.364],[-72.3068,44.3632],[-72.3095,44.3643],[-72.3056,44.3693],[-72.3032,44.3684],[-72.3022,44.3698],[-72.2993,44.3685]]]}},{"type":"Feature","properties":{"name":"Groton State Forest","agency":"3000045200","type":"FEE_OWN","access":"open","acres":370,"owner":"PUB"},"geometry":{"type":"Polygon","coordinates":[[[-72.2515,44.2558],[-72.2564,44.2565],[-72.2581,44.2575],[-72.2599,44.2615],[-72.2602,44.2634],[-72.2611,44.2638],[-72.261,44.2643],[-72.2619,44.2659],[-72.2631,44.2664],[-72.2619,44.267],[-72.2618,44.2675],[-72.2633,44.2675],[-72.2642,44.2691],[-72.2617,44.2687],[-72.2617,44.2663],[-72.239,44.2624],[-72.2392,44.2617],[-72.2343,44.2608],[-72.2342,44.2561],[-72.2515,44.259],[-72.2515,44.2558]]]}},{"type":"Feature","properties":{"name":"C.C. Putnam State Forest","agency":"3000045200","type":"FEE_OWN","access":"open","acres":320,"owner":"PUB"},"geometry":{"type":"Polygon","coordinates":[[[-72.6006,44.4171],[-72.6092,44.4212],[-72.6002,44.4337],[-72.5914,44.429],[-72.6006,44.4171]]]}},{"type":"Feature","properties":{"name":"Groton State Forest","agency":"3000045200","type":"FEE_OWN","access":"open","acres":26,"owner":"PUB"},"geometry":{"type":"Polygon","coordinates":[[[-72.2341,44.3126],[-72.2359,44.3135],[-72.2309,44.3178],[-72.2291,44.317],[-72.2341,44.3126]]]}},{"type":"Feature","properties":{"name":"C.C. Putnam State Forest","agency":"3000045200","type":"FEE_OWN","access":"open","acres":1018,"owner":"PUB"},"geometry":{"type":"Polygon","coordinates":[[[-72.6373,44.4222],[-72.6569,44.3952],[-72.6737,44.4012],[-72.673,44.4023],[-72.6756,44.4024],[-72.6756,44.4039],[-72.6719,44.4037],[-72.6695,44.4047],[-72.6621,44.4016],[-72.6601,44.4043],[-72.6635,44.4055],[-72.6562,44.4154],[-72.6634,44.418],[-72.662,44.4198],[-72.6638,44.4204],[-72.6605,44.4251],[-72.6506,44.4215],[-72.6475,44.4259],[-72.6373,44.4222]]]}},{"type":"Feature","properties":{"name":"Rogers Forest Deer Yard","agency":"3000045100","type":"EASEMENT","access":"open","acres":126,"owner":"PUB"},"geometry":{"type":"Polygon","coordinates":[[[-73.0162,44.4386],[-73.0197,44.4388],[-73.0197,44.4394],[-73.0179,44.4393],[-73.0115,44.4416],[-73.0112,44.443],[-73.0036,44.44],[-73.0051,44.438],[-73.006,44.4381],[-73.0077,44.4344],[-73.0162,44.4386]]]}},{"type":"Feature","properties":{"name":"Mt. Mansfield State Forest","agency":"3000045200","type":"FEE_OWN","access":"open","acres":93,"owner":"PUB"},"geometry":{"type":"Polygon","coordinates":[[[-72.7407,44.5558],[-72.7496,44.5589],[-72.7468,44.5628],[-72.738,44.5595],[-72.7407,44.5558]]]}},{"type":"Feature","properties":{"name":"Mt. Mansfield State Forest","agency":"3000045200","type":"FEE_OWN","access":"open","acres":934,"owner":"PUB"},"geometry":{"type":"MultiPolygon","coordinates":[[[[-72.7996,44.5198],[-72.8082,44.5076],[-72.8175,44.511],[-72.8153,44.5158],[-72.8154,44.5176],[-72.8162,44.52],[-72.8153,44.5207],[-72.8123,44.5264],[-72.8145,44.5308],[-72.8141,44.5331],[-72.8148,44.5351],[-72.7941,44.5275],[-72.7996,44.5198]]],[[[-72.822,44.5128],[-72.8299,44.5156],[-72.8196,44.5301],[-72.8177,44.5264],[-72.8196,44.5227],[-72.8216,44.5214],[-72.8204,44.5164],[-72.822,44.5128]]]]}},{"type":"Feature","properties":{"name":"VLT OMalley","agency":"3000045200","type":"EASEMENT","access":"limited (easement)","acres":483,"owner":"PRIV"},"geometry":{"type":"Polygon","coordinates":[[[-72.9316,44.3641],[-72.9411,44.3666],[-72.9377,44.3727],[-72.9356,44.3721],[-72.9323,44.378],[-72.9291,44.3784],[-72.9271,44.3768],[-72.9282,44.3746],[-72.9235,44.3747],[-72.9162,44.3719],[-72.918,44.3681],[-72.9204,44.3688],[-72.9218,44.3645],[-72.9235,44.362],[-72.9316,44.3641]],[[-72.9307,44.3642],[-72.9304,44.3644],[-72.9307,44.3647],[-72.9311,44.3644],[-72.9307,44.3642]]]}},{"type":"Feature","properties":{"name":"Baker Pond","agency":"3000045100","type":"FEE_OWN","access":"open","acres":16,"owner":"PUB"},"geometry":{"type":"Polygon","coordinates":[[[-72.6366,44.0692],[-72.6364,44.0682],[-72.6353,44.0678],[-72.6367,44.0648],[-72.6379,44.0655],[-72.6372,44.0702],[-72.6368,44.0701],[-72.6366,44.0692]]]}},{"type":"Feature","properties":{"name":"Mt. Mansfield State Forest","agency":"3000045200","type":"FEE_OWN","access":"open","acres":28,"owner":"PUB"},"geometry":{"type":"Polygon","coordinates":[[[-72.7249,44.3806],[-72.7244,44.3805],[-72.725,44.3789],[-72.7266,44.3794],[-72.7275,44.3782],[-72.7283,44.379],[-72.7273,44.3795],[-72.7275,44.38],[-72.731,44.3805],[-72.7313,44.3811],[-72.7301,44.3815],[-72.7291,44.383],[-72.7273,44.3817],[-72.727,44.381],[-72.7249,44.3806]]]}},{"type":"Feature","properties":{"name":"Lamoille River Streambank","agency":"3000045100","type":"FEE_OWN","access":"open","acres":21,"owner":"PUB"},"geometry":{"type":"Polygon","coordinates":[[[-72.4901,44.5638],[-72.4897,44.5637],[-72.4896,44.5641],[-72.4875,44.5636],[-72.4886,44.5628],[-72.4881,44.5609],[-72.4895,44.5617],[-72.4911,44.5611],[-72.4905,44.5604],[-72.4927,44.5613],[-72.4905,44.5641],[-72.4901,44.5641],[-72.4901,44.5638]]]}},{"type":"Feature","properties":{"name":"Mt. Mansfield State Forest","agency":"3000045200","type":"FEE_OWN","access":"open","acres":22,"owner":"PUB"},"geometry":{"type":"Polygon","coordinates":[[[-72.8373,44.5377],[-72.8387,44.5358],[-72.8429,44.5374],[-72.8417,44.5392],[-72.8373,44.5377]]]}},{"type":"Feature","properties":{"name":"Granville Reservation State Forest","agency":"3000045200","type":"FEE_OWN","access":"open","acres":25,"owner":"PUB"},"geometry":{"type":"Polygon","coordinates":[[[-72.8521,43.9965],[-72.8527,44.0],[-72.8516,43.9975],[-72.8518,43.9932],[-72.8512,43.9922],[-72.8509,43.9925],[-72.8501,43.9895],[-72.8512,43.9891],[-72.8519,43.9901],[-72.8524,43.992],[-72.8524,43.995],[-72.8526,43.9924],[-72.852,43.9898],[-72.8514,43.9891],[-72.8518,43.9889],[-72.8523,43.9893],[-72.8528,43.9925],[-72.8524,43.9977],[-72.8531,44.0002],[-72.8526,43.9997],[-72.8521,43.9965]]]}},{"type":"Feature","properties":{"name":"Huntington Gap WMA","agency":"3000045100","type":"FEE_OWN","access":"open","acres":129,"owner":"PUB"},"geometry":{"type":"Polygon","coordinates":[[[-72.9537,44.229],[-72.9535,44.2277],[-72.9464,44.2279],[-72.9467,44.2255],[-72.956,44.2246],[-72.9563,44.2273],[-72.9644,44.2265],[-72.9646,44.2294],[-72.954,44.2305],[-72.9537,44.229]]]}},{"type":"Feature","properties":{"name":"Camels Hump State Park","agency":"3000045200","type":"FEE_OWN","access":"open","acres":99,"owner":"PUB"},"geometry":{"type":"Polygon","coordinates":[[[-72.9271,44.2287],[-72.9275,44.2242],[-72.9375,44.2245],[-72.9369,44.229],[-72.9271,44.2287]]]}},{"type":"Feature","properties":{"name":"Robbins Mountain WMA","agency":"3000045100","type":"FEE_OWN","access":"open","acres":525,"owner":"PUB"},"geometry":{"type":"Polygon","coordinates":[[[-72.95,44.3488],[-72.9412,44.3655],[-72.9411,44.3666],[-72.9316,44.3641],[-72.9322,44.3633],[-72.9322,44.3609],[-72.931,44.3596],[-72.9304,44.3572],[-72.9307,44.3545],[-72.9313,44.3536],[-72.9286,44.3528],[-72.9308,44.3486],[-72.9408,44.3513],[-72.9431,44.3469],[-72.95,44.3488]]]}},{"type":"Feature","properties":{"name":"Camels Hump State Park","agency":"3000045200","type":"FEE_OWN","access":"open","acres":340,"owner":"PUB"},"geometry":{"type":"Polygon","coordinates":[[[-72.8723,44.3187],[-72.8603,44.3142],[-72.8642,44.3069],[-72.8876,44.3157],[-72.8857,44.3194],[-72.8742,44.3151],[-72.8723,44.3187]]]}},{"type":"Feature","properties":{"name":"Camels Hump State Park","agency":"3000045200","type":"FEE_OWN","access":"open","acres":384,"owner":"PUB"},"geometry":{"type":"Polygon","coordinates":[[[-72.911,44.3613],[-72.9046,44.3595],[-72.9101,44.3488],[-72.9032,44.3469],[-72.9066,44.3391],[-72.919,44.3422],[-72.9167,44.3466],[-72.9146,44.3462],[-72.9131,44.3505],[-72.9157,44.351],[-72.9157,44.3521],[-72.911,44.3613]]]}},{"type":"Feature","properties":{"name":"Camels Hump State Park","agency":"3000045200","type":"FEE_OWN","access":"open","acres":221,"owner":"PUB"},"geometry":{"type":"Polygon","coordinates":[[[-72.8567,44.3484],[-72.8606,44.3411],[-72.872,44.3454],[-72.8682,44.3527],[-72.8567,44.3484]]]}},{"type":"Feature","properties":{"name":"Camels Hump State Park","agency":"3000045200","type":"FEE_OWN","access":"open","acres":106,"owner":"PUB"},"geometry":{"type":"Polygon","coordinates":[[[-72.8545,44.3526],[-72.8547,44.3522],[-72.8662,44.3565],[-72.8642,44.3603],[-72.853,44.3554],[-72.8545,44.3526]]]}},{"type":"Feature","properties":{"name":"Camels Hump State Park","agency":"3000045200","type":"FEE_OWN","access":"open","acres":165,"owner":"PUB"},"geometry":{"type":"Polygon","coordinates":[[[-72.9003,44.237],[-72.8968,44.2262],[-72.9101,44.2315],[-72.9074,44.2356],[-72.9003,44.237]]]}},{"type":"Feature","properties":{"name":"Huntington Gap WMA","agency":"3000045100","type":"FEE_OWN","access":"open","acres":28,"owner":"PUB"},"geometry":{"type":"Polygon","coordinates":[[[-72.91,44.2433],[-72.9124,44.2407],[-72.9097,44.2481],[-72.9066,44.2469],[-72.91,44.2433]]]}},{"type":"Feature","properties":{"name":"Camels Hump State Park","agency":"3000045200","type":"FEE_OWN","access":"open","acres":215,"owner":"PUB"},"geometry":{"type":"Polygon","coordinates":[[[-72.9131,44.3229],[-72.9052,44.3208],[-72.9098,44.3124],[-72.9201,44.3152],[-72.9162,44.3226],[-72.9149,44.3223],[-72.9145,44.3232],[-72.9131,44.3229]]]}},{"type":"Feature","properties":{"name":"Camels Hump State Park","agency":"3000045200","type":"FEE_OWN","access":"open","acres":228,"owner":"PUB"},"geometry":{"type":"Polygon","coordinates":[[[-72.8762,44.3114],[-72.8801,44.3039],[-72.8917,44.308],[-72.8876,44.3157],[-72.8762,44.3114]]]}},{"type":"Feature","properties":{"name":"Camels Hump State Forest","agency":"3000045200","type":"FEE_OWN","access":"open","acres":19,"owner":"PUB"},"geometry":{"type":"Polygon","coordinates":[[[-72.9311,44.1914],[-72.9369,44.1927],[-72.9354,44.1958],[-72.9352,44.1947],[-72.9311,44.1914]]]}},{"type":"Feature","properties":{"name":"Camels Hump State Park","agency":"3000045200","type":"FEE_OWN","access":"open","acres":177,"owner":"PUB"},"geometry":{"type":"Polygon","coordinates":[[[-72.8832,44.298],[-72.8948,44.3021],[-72.8917,44.308],[-72.8801,44.3039],[-72.8832,44.298]]]}},{"type":"Feature","properties":{"name":"Camels Hump State Park","agency":"3000045200","type":"FEE_OWN","access":"open","acres":381,"owner":"PUB"},"geometry":{"type":"Polygon","coordinates":[[[-72.9278,44.2194],[-72.9285,44.2097],[-72.9289,44.2085],[-72.9309,44.211],[-72.9337,44.2106],[-72.9357,44.2117],[-72.9356,44.2136],[-72.9378,44.2149],[-72.9386,44.2151],[-72.9406,44.2148],[-72.9426,44.2155],[-72.9408,44.2158],[-72.9403,44.2163],[-72.9405,44.2167],[-72.9441,44.2183],[-72.9463,44.2184],[-72.9473,44.2188],[-72.9473,44.2192],[-72.9426,44.219],[-72.942,44.2247],[-72.9275,44.2242],[-72.9278,44.2194]]]}},{"type":"Feature","properties":{"name":"Camels Hump State Park","agency":"3000045200","type":"FEE_OWN","access":"open","acres":2034,"owner":"PUB"},"geometry":{"type":"Polygon","coordinates":[[[-72.8312,44.2663],[-72.8328,44.2629],[-72.841,44.2657],[-72.8443,44.2586],[-72.8517,44.2612],[-72.8504,44.2636],[-72.8593,44.267],[-72.8576,44.2701],[-72.855,44.2725],[-72.8557,44.2755],[-72.8568,44.2776],[-72.8631,44.2833],[-72.8608,44.2873],[-72.8579,44.2875],[-72.8548,44.287],[-72.8527,44.2881],[-72.8506,44.2876],[-72.8482,44.2901],[-72.847,44.2907],[-72.8446,44.2909],[-72.8421,44.2917],[-72.8408,44.2931],[-72.8382,44.2934],[-72.8329,44.2925],[-72.8301,44.2942],[-72.8256,44.2953],[-72.8226,44.2966],[-72.8216,44.2964],[-72.8191,44.2951],[-72.8152,44.2913],[-72.8142,44.2916],[-72.8133,44.2912],[-72.8097,44.286],[-72.8113,44.2858],[-72.8183,44.2884],[-72.8211,44.2818],[-72.8242,44.2829],[-72.8264,44.2778],[-72.8342,44.2781],[-72.8363,44.2734],[-72.8361,44.2712],[-72.832,44.2678],[-72.8326,44.2666],[-72.8312,44.2663]]]}},{"type":"Feature","properties":{"name":"Camels Hump State Park","agency":"3000045200","type":"FEE_OWN","access":"open","acres":1131,"owner":"PUB"},"geometry":{"type":"Polygon","coordinates":[[[-72.8875,44.316],[-72.9029,44.2865],[-72.9106,44.2887],[-72.911,44.2879],[-72.9206,44.2904],[-72.9165,44.2992],[-72.912,44.301],[-72.9124,44.3016],[-72.9119,44.3028],[-72.9093,44.3021],[-72.9068,44.3069],[-72.9119,44.3083],[-72.9077,44.3162],[-72.8986,44.3136],[-72.897,44.3165],[-72.896,44.3162],[-72.895,44.318],[-72.8875,44.316]]]}},{"type":"Feature","properties":{"name":"Camels Hump State Park","agency":"3000045200","type":"FEE_OWN","access":"open","acres":183,"owner":"PUB"},"geometry":{"type":"Polygon","coordinates":[[[-72.9051,44.3211],[-72.9052,44.3208],[-72.9131,44.3229],[-72.9094,44.3319],[-72.9006,44.3295],[-72.9051,44.3211]]]}},{"type":"Feature","properties":{"name":"Huntington Gap WMA","agency":"3000045100","type":"FEE_OWN","access":"open","acres":1445,"owner":"PUB"},"geometry":{"type":"Polygon","coordinates":[[[-72.9097,44.2481],[-72.9124,44.2407],[-72.91,44.2433],[-72.9072,44.2424],[-72.9074,44.2356],[-72.9101,44.2315],[-72.9168,44.2341],[-72.9182,44.2313],[-72.9205,44.2304],[-72.9212,44.2285],[-72.9369,44.229],[-72.9375,44.2245],[-72.9467,44.225],[-72.9456,44.2346],[-72.9364,44.2343],[-72.9363,44.2338],[-72.9268,44.2335],[-72.9251,44.2605],[-72.9049,44.2597],[-72.9074,44.2555],[-72.9075,44.2537],[-72.9097,44.2481]]]}},{"type":"Feature","properties":{"name":"Camels Hump State Park","agency":"3000045200","type":"FEE_OWN","access":"open","acres":2670,"owner":"PUB"},"geometry":{"type":"Polygon","coordinates":[[[-72.9101,44.2315],[-72.8913,44.2242],[-72.8872,44.2286],[-72.8824,44.2299],[-72.8787,44.2294],[-72.878,44.2277],[-72.876,44.2271],[-72.8741,44.2296],[-72.865,44.2262],[-72.8641,44.2179],[-72.8597,44.216],[-72.8614,44.2142],[-72.8705,44.2172],[-72.8795,44.2075],[-72.8849,44.2095],[-72.8888,44.2053],[-72.89,44.2023],[-72.8964,44.2048],[-72.9005,44.2059],[-72.9018,44.205],[-72.9033,44.2047],[-72.9183,44.209],[-72.9186,44.2082],[-72.9282,44.2105],[-72.9168,44.2341],[-72.9101,44.2315]]]}},{"type":"Feature","properties":{"name":"Camels Hump State Park","agency":"3000045200","type":"FEE_OWN","access":"open","acres":172,"owner":"PUB"},"geometry":{"type":"Polygon","coordinates":[[[-72.8828,44.2868],[-72.8887,44.2748],[-72.8946,44.2768],[-72.8882,44.2886],[-72.8828,44.2868]]]}},{"type":"Feature","properties":{"name":"Camels Hump State Park","agency":"3000045200","type":"FEE_OWN","access":"open","acres":369,"owner":"PUB"},"geometry":{"type":"Polygon","coordinates":[[[-72.9235,44.362],[-72.9226,44.3594],[-72.9217,44.3511],[-72.9198,44.3511],[-72.9194,44.3476],[-72.9186,44.3472],[-72.9161,44.3479],[-72.9177,44.3448],[-72.9239,44.3463],[-72.9247,44.3448],[-72.9319,44.3465],[-72.9286,44.3528],[-72.9313,44.3536],[-72.9307,44.3545],[-72.9304,44.3578],[-72.931,44.3596],[-72.9322,44.3609],[-72.9322,44.3633],[-72.9316,44.3641],[-72.9235,44.362]]]}},{"type":"Feature","properties":{"name":"Camels Hump State Park","agency":"3000045200","type":"FEE_OWN","access":"open","acres":359,"owner":"PUB"},"geometry":{"type":"Polygon","coordinates":[[[-72.9108,44.3777],[-72.9052,44.377],[-72.9007,44.3749],[-72.9036,44.3701],[-72.9055,44.3706],[-72.9057,44.3696],[-72.9081,44.3679],[-72.9079,44.3658],[-72.9076,44.3657],[-72.9089,44.363],[-72.911,44.3614],[-72.9116,44.3624],[-72.9181,44.3642],[-72.9183,44.3639],[-72.9218,44.3645],[-72.9204,44.3688],[-72.918,44.3681],[-72.9133,44.3774],[-72.9108,44.3777]],[[-72.906,44.3707],[-72.9059,44.3712],[-72.9068,44.3729],[-72.9065,44.3729],[-72.9065,44.3736],[-72.9071,44.3738],[-72.9096,44.3745],[-72.9111,44.3727],[-72.91,44.371],[-72.906,44.3707]],[[-72.9062,44.3729],[-72.9059,44.3725],[-72.9057,44.3732],[-72.9061,44.3734],[-72.9062,44.3729]],[[-72.9035,44.3721],[-72.9028,44.3719],[-72.9026,44.3722],[-72.9033,44.3724],[-72.9035,44.3721]]]}},{"type":"Feature","properties":{"name":"Camels Hump State Park","agency":"3000045200","type":"FEE_OWN","access":"open","acres":72,"owner":"PUB"},"geometry":{"type":"Polygon","coordinates":[[[-72.9223,44.2227],[-72.9285,44.2097],[-72.9278,44.2194],[-72.9269,44.2207],[-72.9268,44.2218],[-72.9259,44.2235],[-72.9223,44.2227]]]}},{"type":"Feature","properties":{"name":"Robbins Mountain WMA","agency":"3000045100","type":"FEE_OWN","access":"open","acres":145,"owner":"PUB"},"geometry":{"type":"Polygon","coordinates":[[[-72.9412,44.3655],[-72.9432,44.3615],[-72.9454,44.3621],[-72.9483,44.356],[-72.9499,44.3563],[-72.9505,44.3574],[-72.9505,44.3582],[-72.9544,44.3588],[-72.9564,44.3559],[-72.9596,44.3566],[-72.9571,44.3594],[-72.9541,44.361],[-72.9543,44.3619],[-72.9535,44.3637],[-72.9531,44.3636],[-72.9539,44.3619],[-72.9525,44.3604],[-72.9477,44.3614],[-72.9464,44.3625],[-72.9464,44.3638],[-72.9495,44.3648],[-72.947,44.3672],[-72.9412,44.3655]]]}},{"type":"Feature","properties":{"name":"Camels Hump State Park","agency":"3000045200","type":"FEE_OWN","access":"open","acres":93,"owner":"PUB"},"geometry":{"type":"Polygon","coordinates":[[[-72.8928,44.2798],[-72.8946,44.2768],[-72.9061,44.2808],[-72.9044,44.2839],[-72.8928,44.2798]]]}},{"type":"Feature","properties":{"name":"Robbins Mountain WMA","agency":"3000045100","type":"FEE_OWN","access":"open","acres":228,"owner":"PUB"},"geometry":{"type":"Polygon","coordinates":[[[-72.9432,44.3615],[-72.95,44.3488],[-72.9618,44.352],[-72.9596,44.3566],[-72.9564,44.3559],[-72.9544,44.3588],[-72.9505,44.3582],[-72.9505,44.3574],[-72.9499,44.3563],[-72.9483,44.356],[-72.9454,44.3621],[-72.9432,44.3615]]]}},{"type":"Feature","properties":{"name":"Camels Hump State Forest","agency":"3000045200","type":"FEE_OWN","access":"open","acres":40,"owner":"PUB"},"geometry":{"type":"Polygon","coordinates":[[[-72.9568,44.1847],[-72.9594,44.1985],[-72.9571,44.1987],[-72.9562,44.1939],[-72.958,44.1938],[-72.9557,44.1848],[-72.9568,44.1847]]]}},{"type":"Feature","properties":{"name":"Camels Hump State Forest","agency":"3000045200","type":"FEE_OWN","access":"open","acres":41,"owner":"PUB"},"geometry":{"type":"Polygon","coordinates":[[[-72.8615,44.1624],[-72.8635,44.1603],[-72.8698,44.163],[-72.8691,44.1638],[-72.8706,44.1644],[-72.8698,44.1653],[-72.8615,44.1624]]]}},{"type":"Feature","properties":{"name":"Camels Hump State Park","agency":"3000045200","type":"FEE_OWN","access":"open","acres":43,"owner":"PUB"},"geometry":{"type":"Polygon","coordinates":[[[-72.9223,44.2227],[-72.9259,44.2235],[-72.9251,44.2248],[-72.9217,44.2271],[-72.9205,44.2304],[-72.9182,44.2313],[-72.9223,44.2227]]]}},{"type":"Feature","properties":{"name":"Mt. Mansfield State Forest","agency":"3000045200","type":"FEE_OWN","access":"open","acres":262,"owner":"PUB"},"geometry":{"type":"Polygon","coordinates":[[[-72.7418,44.3804],[-72.7418,44.381],[-72.7409,44.3811],[-72.7406,44.3823],[-72.7416,44.3826],[-72.7391,44.3852],[-72.7378,44.3848],[-72.7348,44.3898],[-72.7295,44.388],[-72.7302,44.3868],[-72.7301,44.386],[-72.7297,44.3854],[-72.7287,44.385],[-72.7265,44.385],[-72.7252,44.3864],[-72.7231,44.3876],[-72.7272,44.3826],[-72.7251,44.3819],[-72.7249,44.3806],[-72.727,44.381],[-72.7273,44.3817],[-72.7291,44.383],[-72.7301,44.3815],[-72.7313,44.3811],[-72.7312,44.38],[-72.7331,44.3806],[-72.7349,44.378],[-72.7314,44.3768],[-72.7325,44.3751],[-72.7414,44.3781],[-72.7412,44.3799],[-72.7418,44.3804]]]}},{"type":"Feature","properties":{"name":"Mt. Mansfield State Forest","agency":"3000045200","type":"FEE_OWN","access":"open","acres":55,"owner":"PUB"},"geometry":{"type":"Polygon","coordinates":[[[-72.7462,44.3886],[-72.7456,44.3876],[-72.7436,44.3865],[-72.7463,44.3855],[-72.7473,44.3856],[-72.749,44.3833],[-72.7518,44.3841],[-72.7501,44.3877],[-72.7501,44.3891],[-72.747,44.3895],[-72.7462,44.3886]]]}},{"type":"Feature","properties":{"name":"Mt. Mansfield State Forest","agency":"3000045200","type":"FEE_OWN","access":"open","acres":8,"owner":"PUB"},"geometry":{"type":"Polygon","coordinates":[[[-72.7434,44.3888],[-72.7452,44.3874],[-72.7459,44.3881],[-72.7454,44.3884],[-72.7455,44.389],[-72.7462,44.3886],[-72.747,44.3895],[-72.7467,44.3898],[-72.7434,44.3888]]]}},{"type":"Feature","properties":{"name":"Mt. Mansfield State Forest","agency":"3000045200","type":"FEE_OWN","access":"open","acres":5,"owner":"PUB"},"geometry":{"type":"Polygon","coordinates":[[[-72.7525,44.387],[-72.7534,44.3864],[-72.7541,44.3873],[-72.7531,44.3881],[-72.7523,44.3881],[-72.7518,44.3875],[-72.7525,44.387]]]}},{"type":"Feature","properties":{"name":"Mt. Mansfield State Forest","agency":"3000045200","type":"FEE_OWN","access":"open","acres":139,"owner":"PUB"},"geometry":{"type":"Polygon","coordinates":[[[-72.7775,44.3739],[-72.7812,44.3684],[-72.7831,44.3692],[-72.7855,44.3668],[-72.7932,44.3694],[-72.7913,44.372],[-72.7878,44.3723],[-72.7872,44.371],[-72.7842,44.3714],[-72.7835,44.3728],[-72.7832,44.3728],[-72.7837,44.3744],[-72.7833,44.3764],[-72.7775,44.3739]]]}},{"type":"Feature","properties":{"name":"Mt. Mansfield State Forest","agency":"3000045200","type":"FEE_OWN","access":"open","acres":367,"owner":"PUB"},"geometry":{"type":"Polygon","coordinates":[[[-72.7756,44.3841],[-72.7798,44.3782],[-72.7757,44.3765],[-72.7775,44.3739],[-72.7919,44.3797],[-72.7979,44.3709],[-72.8016,44.3725],[-72.7956,44.3811],[-72.7991,44.3824],[-72.7985,44.3832],[-72.7909,44.3802],[-72.7849,44.3881],[-72.7756,44.3841]]]}},{"type":"Feature","properties":{"name":"Mt. Mansfield State Forest","agency":"3000045200","type":"FEE_OWN","access":"open","acres":122,"owner":"PUB"},"geometry":{"type":"Polygon","coordinates":[[[-72.7378,44.4279],[-72.7418,44.4294],[-72.7426,44.4273],[-72.7485,44.4297],[-72.745,44.4353],[-72.736,44.4316],[-72.7378,44.4279]]]}},{"type":"Feature","properties":{"name":"Mt. Mansfield State Forest","agency":"3000045200","type":"FEE_OWN","access":"open","acres":304,"owner":"PUB"},"geometry":{"type":"Polygon","coordinates":[[[-72.7849,44.3881],[-72.7909,44.3802],[-72.7985,44.3832],[-72.7878,44.3972],[-72.7802,44.3943],[-72.7849,44.3881]]]}},{"type":"Feature","properties":{"name":"Mt. Mansfield State Forest","agency":"3000045200","type":"FEE_OWN","access":"open","acres":8,"owner":"PUB"},"geometry":{"type":"Polygon","coordinates":[[[-72.7602,44.397],[-72.7624,44.398],[-72.7611,44.3996],[-72.76,44.3985],[-72.7602,44.397]]]}},{"type":"Feature","properties":{"name":"Lamoille River Streambank","agency":"3000045100","type":"FEE_OWN","access":"open","acres":6,"owner":"PUB"},"geometry":{"type":"Polygon","coordinates":[[[-72.6216,44.5738],[-72.622,44.5731],[-72.6214,44.5725],[-72.6233,44.5727],[-72.6234,44.5741],[-72.6229,44.5748],[-72.6216,44.5738]]]}},{"type":"Feature","properties":{"name":"Lamoille River Streambank","agency":"3000045100","type":"FEE_OWN","access":"open","acres":15,"owner":"PUB"},"geometry":{"type":"Polygon","coordinates":[[[-72.6212,44.5724],[-72.6197,44.5713],[-72.6206,44.5704],[-72.6214,44.5683],[-72.6222,44.5685],[-72.622,44.5706],[-72.6233,44.572],[-72.6232,44.5725],[-72.6212,44.5724]]]}},{"type":"Feature","properties":{"name":"Buck Lake WMA","agency":"3000045100","type":"FEE_OWN","access":"open","acres":289,"owner":"PUB"},"geometry":{"type":"Polygon","coordinates":[[[-72.3966,44.4729],[-72.3942,44.4743],[-72.3924,44.4736],[-72.3891,44.4781],[-72.3864,44.4772],[-72.3863,44.4748],[-72.3817,44.4731],[-72.3902,44.461],[-72.3952,44.4626],[-72.3915,44.4675],[-72.3978,44.4704],[-72.3968,44.4709],[-72.3986,44.4716],[-72.3966,44.4729]]]}},{"type":"Feature","properties":{"name":"Worcester Woods Forest Legacy","agency":"3000045200","type":"EASEMENT","access":"limited (easement)","acres":3145,"owner":"PRIV"},"geometry":{"type":"Polygon","coordinates":[[[-72.3802,44.4747],[-72.3749,44.4727],[-72.3769,44.4698],[-72.3755,44.4684],[-72.3747,44.4682],[-72.3742,44.4672],[-72.3737,44.467],[-72.3709,44.4708],[-72.3719,44.4711],[-72.3702,44.4738],[-72.3672,44.4726],[-72.3689,44.4701],[-72.3577,44.4659],[-72.364,44.4575],[-72.3498,44.4524],[-72.3529,44.448],[-72.3578,44.4498],[-72.361,44.4455],[-72.3562,44.4438],[-72.3529,44.448],[-72.3482,44.4463],[-72.3461,44.449],[-72.3462,44.4479],[-72.3481,44.4455],[-72.3521,44.4451],[-72.3539,44.4443],[-72.3556,44.4427],[-72.3566,44.441],[-72.3595,44.4398],[-72.3591,44.4383],[-72.36,44.4374],[-72.3585,44.4362],[-72.3566,44.4355],[-72.3554,44.4371],[-72.3581,44.4381],[-72.3548,44.4398],[-72.3531,44.4424],[-72.3509,44.4435],[-72.3469,44.4439],[-72.3438,44.4478],[-72.3433,44.4494],[-72.3361,44.4505],[-72.3382,44.4488],[-72.3388,44.4477],[-72.3388,44.4464],[-72.341,44.4434],[-72.3408,44.4432],[-72.3423,44.4421],[-72.346,44.4411],[-72.3473,44.4392],[-72.3507,44.4364],[-72.3517,44.4318],[-72.3531,44.4323],[-72.3557,44.429],[-72.3637,44.4318],[-72.3678,44.4284],[-72.3685,44.4288],[-72.3718,44.4265],[-72.3674,44.4245],[-72.365,44.4225],[-72.3665,44.4204],[-72.3675,44.4208],[-72.3682,44.42],[-72.3742,44.4119],[-72.3832,44.4152],[-72.3799,44.4197],[-72.3892,44.4234],[-72.3827,44.4323],[-72.3832,44.4324],[-72.3819,44.4357],[-72.3819,44.437],[-72.3797,44.4363],[-72.3762,44.4412],[-72.3807,44.4428],[-72.3777,44.4469],[-72.3822,44.4487],[-72.3793,44.4527],[-72.3831,44.4542],[-72.3861,44.4501],[-72.3899,44.4515],[-72.3858,44.4575],[-72.3911,44.4592],[-72.3902,44.461],[-72.3802,44.4747]]]}},{"type":"Feature","properties":{"name":"Mt. Mansfield State Forest","agency":"3000045200","type":"FEE_OWN","access":"open","acres":96,"owner":"PUB"},"geometry":{"type":"Polygon","coordinates":[[[-72.787,44.5532],[-72.7917,44.5468],[-72.7939,44.5498],[-72.7959,44.5509],[-72.7961,44.5524],[-72.7965,44.5527],[-72.7953,44.5552],[-72.7943,44.5557],[-72.787,44.5532]]]}},{"type":"Feature","properties":{"name":"Flagg Pond Access","agency":"3000045100","type":"FEE_OWN","access":"open","acres":13,"owner":"PUB"},"geometry":{"type":"Polygon","coordinates":[[[-72.215,44.565],[-72.2151,44.5641],[-72.2158,44.564],[-72.2184,44.5648],[-72.2186,44.5653],[-72.2183,44.5663],[-72.215,44.5658],[-72.215,44.565]]]}},{"type":"Feature","properties":{"name":"Mt. Mansfield State Forest","agency":"3000045200","type":"FEE_OWN","access":"open","acres":129,"owner":"PUB"},"geometry":{"type":"Polygon","coordinates":[[[-72.8753,44.4377],[-72.8782,44.4337],[-72.8902,44.4385],[-72.8871,44.4421],[-72.8753,44.4377]]]}},{"type":"Feature","properties":{"name":"Elmore State Park","agency":"3000045200","type":"FEE_OWN","access":"open","acres":11,"owner":"PUB"},"geometry":{"type":"Polygon","coordinates":[[[-72.5316,44.543],[-72.531,44.5411],[-72.5344,44.5424],[-72.5336,44.5437],[-72.5321,44.5435],[-72.5316,44.543]]]}},{"type":"Feature","properties":{"name":"C.C. Putnam State Forest","agency":"3000045200","type":"FEE_OWN","access":"open","acres":377,"owner":"PUB"},"geometry":{"type":"Polygon","coordinates":[[[-72.6434,44.4004],[-72.6439,44.4023],[-72.6426,44.4043],[-72.6426,44.4061],[-72.6431,44.4068],[-72.634,44.4026],[-72.6309,44.4068],[-72.6296,44.4063],[-72.6288,44.4073],[-72.6302,44.4077],[-72.6256,44.4142],[-72.6173,44.41],[-72.6255,44.3986],[-72.6325,44.4019],[-72.6344,44.3994],[-72.6361,44.4001],[-72.6385,44.3997],[-72.6387,44.4002],[-72.6402,44.4005],[-72.6434,44.4004]]]}},{"type":"Feature","properties":{"name":"Groton State Forest","agency":"3000045200","type":"FEE_OWN","access":"open","acres":108,"owner":"PUB"},"geometry":{"type":"Polygon","coordinates":[[[-72.207,44.2992],[-72.2082,44.2982],[-72.2077,44.298],[-72.208,44.2976],[-72.2062,44.2965],[-72.2045,44.298],[-72.2023,44.2971],[-72.2101,44.2902],[-72.2131,44.2915],[-72.211,44.2933],[-72.2119,44.299],[-72.2101,44.3006],[-72.207,44.2992]]]}},{"type":"Feature","properties":{"name":"Wolloch","agency":"3000045200","type":"EASEMENT","access":"limited (easement)","acres":728,"owner":"PRIV"},"geometry":{"type":"MultiPolygon","coordinates":[[[[-72.5163,44.4781],[-72.5189,44.4745],[-72.5243,44.4765],[-72.529,44.4696],[-72.5323,44.4706],[-72.5307,44.4729],[-72.5301,44.4759],[-72.5259,44.485],[-72.5206,44.4927],[-72.5149,44.4907],[-72.5173,44.4872],[-72.5151,44.4864],[-72.5127,44.4827],[-72.5149,44.4811],[-72.5163,44.4781]]],[[[-72.5324,44.4712],[-72.5327,44.4709],[-72.5346,44.4716],[-72.5347,44.472],[-72.5303,44.4785],[-72.5356,44.4805],[-72.5321,44.4879],[-72.5325,44.4881],[-72.5304,44.4955],[-72.5262,44.4947],[-72.5211,44.4928],[-72.5271,44.4837],[-72.5308,44.4757],[-72.5313,44.4726],[-72.5324,44.4712]]]]}},{"type":"Feature","properties":{"name":"Lewis Creek WMA","agency":"3000045100","type":"FEE_OWN","access":"open","acres":1084,"owner":"PUB"},"geometry":{"type":"Polygon","coordinates":[[[-73.0014,44.2192],[-72.9992,44.2195],[-72.9994,44.214],[-73.0099,44.2133],[-73.0093,44.2086],[-73.0135,44.2081],[-73.0133,44.2076],[-73.0127,44.2076],[-73.0124,44.206],[-73.013,44.2031],[-73.0296,44.2014],[-73.0301,44.2045],[-73.0319,44.2055],[-73.0314,44.2087],[-73.0411,44.2076],[-73.0426,44.2152],[-73.0372,44.2157],[-73.0383,44.2206],[-73.0276,44.2218],[-73.0272,44.2199],[-73.0277,44.2167],[-73.0014,44.2192]]]}},{"type":"Feature","properties":{"name":"Roxbury State Forest","agency":"3000045200","type":"FEE_OWN","access":"open","acres":92,"owner":"PUB"},"geometry":{"type":"Polygon","coordinates":[[[-72.7173,44.0768],[-72.7229,44.0795],[-72.7248,44.0811],[-72.7301,44.0842],[-72.7294,44.0852],[-72.715,44.0802],[-72.7173,44.0768]]]}},{"type":"Feature","properties":{"name":"Lamoille River Streambank","agency":"3000045100","type":"FEE_OWN","access":"open","acres":3,"owner":"PUB"},"geometry":{"type":"Polygon","coordinates":[[[-72.4829,44.5525],[-72.4835,44.5519],[-72.4849,44.5528],[-72.4841,44.5537],[-72.4829,44.5525]]]}},{"type":"Feature","properties":{"name":"W & L Preston","agency":"3000045200","type":"EASEMENT","access":"limited (easement)","acres":22,"owner":"PRIV"},"geometry":{"type":"Polygon","coordinates":[[[-72.9442,44.4269],[-72.945,44.4229],[-72.9464,44.4234],[-72.9482,44.423],[-72.9459,44.4273],[-72.9442,44.4269]]]}},{"type":"Feature","properties":{"name":"Wrightsville Dam","agency":"3000045300","type":"FEE_OWN","access":"open","acres":9,"owner":"PUB"},"geometry":{"type":"Polygon","coordinates":[[[-72.5784,44.3228],[-72.5793,44.3229],[-72.5792,44.3244],[-72.5767,44.3245],[-72.5767,44.3231],[-72.5784,44.3228]]]}},{"type":"Feature","properties":{"name":"FWD Mitigation Easement","agency":"3000045100","type":"EASEMENT","access":"open","acres":84,"owner":"PUB"},"geometry":{"type":"Polygon","coordinates":[[[-72.7606,44.2447],[-72.7585,44.2461],[-72.7582,44.2476],[-72.7546,44.2458],[-72.7609,44.2334],[-72.7625,44.2343],[-72.759,44.241],[-72.7604,44.2418],[-72.7594,44.2438],[-72.7606,44.2447]]]}},{"type":"Feature","properties":{"name":"Buttolph","agency":"3000045200","type":"EASEMENT","access":"limited (easement)","acres":213,"owner":"PRIV"},"geometry":{"type":"Polygon","coordinates":[[[-72.811,44.3872],[-72.8178,44.3776],[-72.8133,44.376],[-72.8162,44.3721],[-72.8251,44.3753],[-72.8154,44.3887],[-72.811,44.3872]]]}},{"type":"Feature","properties":{"name":"Pine Mountain WMA","agency":"3000045100","type":"FEE_OWN","access":"open","acres":6,"owner":"PUB"},"geometry":{"type":"Polygon","coordinates":[[[-72.2245,44.1824],[-72.2255,44.1814],[-72.2252,44.1805],[-72.2267,44.1802],[-72.2263,44.1817],[-72.2254,44.1828],[-72.2245,44.1824]]]}},{"type":"Feature","properties":{"name":"Fred Johnson WMA","agency":"3000045100","type":"FEE_OWN","access":"open","acres":441,"owner":"PUB"},"geometry":{"type":"Polygon","coordinates":[[[-73.0553,44.2814],[-73.0553,44.2887],[-73.0522,44.29],[-73.0521,44.2914],[-73.0483,44.292],[-73.0428,44.2916],[-73.0409,44.2906],[-73.0408,44.2849],[-73.0288,44.2862],[-73.0289,44.2845],[-73.0298,44.2837],[-73.0303,44.2817],[-73.0405,44.2807],[-73.0409,44.2829],[-73.0454,44.2824],[-73.0448,44.2796],[-73.0553,44.2787],[-73.0553,44.2814]],[[-73.0485,44.2821],[-73.0489,44.2839],[-73.0524,44.2835],[-73.052,44.2818],[-73.0485,44.2821]]]}},{"type":"Feature","properties":{"name":"Roxbury State Forest","agency":"3000045200","type":"FEE_OWN","access":"open","acres":153,"owner":"PUB"},"geometry":{"type":"Polygon","coordinates":[[[-72.7758,44.0695],[-72.7771,44.0676],[-72.7859,44.0702],[-72.7814,44.0768],[-72.7729,44.0744],[-72.7758,44.0695]]]}},{"type":"Feature","properties":{"name":"Roxbury State Forest","agency":"3000045200","type":"FEE_OWN","access":"open","acres":78,"owner":"PUB"},"geometry":{"type":"Polygon","coordinates":[[[-72.7747,44.0894],[-72.7769,44.0858],[-72.7852,44.0881],[-72.783,44.0918],[-72.7747,44.0894]]]}},{"type":"Feature","properties":{"name":"FWD Mitigation Easement","agency":"3000045100","type":"EASEMENT","access":"open","acres":67,"owner":"PUB"},"geometry":{"type":"Polygon","coordinates":[[[-72.7554,44.2442],[-72.7494,44.241],[-72.7514,44.2369],[-72.7575,44.2402],[-72.7554,44.2442]]]}},{"type":"Feature","properties":{"name":"C.C. Putnam State Forest","agency":"3000045200","type":"FEE_OWN","access":"open","acres":143,"owner":"PUB"},"geometry":{"type":"Polygon","coordinates":[[[-72.7195,44.3233],[-72.7241,44.3186],[-72.7255,44.3192],[-72.7325,44.3245],[-72.7361,44.3258],[-72.7343,44.3283],[-72.7195,44.3233]]]}},{"type":"Feature","properties":{"name":"Coits Pond Access","agency":"3000045100","type":"FEE_OWN","access":"open","acres":27,"owner":"PUB"},"geometry":{"type":"Polygon","coordinates":[[[-72.3289,44.446],[-72.3283,44.446],[-72.3284,44.4455],[-72.3262,44.4442],[-72.3264,44.4434],[-72.3335,44.446],[-72.332,44.448],[-72.3302,44.4473],[-72.3289,44.446]]]}},{"type":"Feature","properties":{"name":"Peet","agency":"3000045200","type":"EASEMENT","access":"open","acres":123,"owner":"PUB"},"geometry":{"type":"Polygon","coordinates":[[[-72.9619,44.4311],[-72.9622,44.4285],[-72.9634,44.4264],[-72.9634,44.4243],[-72.9639,44.4234],[-72.9662,44.4231],[-72.9728,44.4268],[-72.9697,44.4277],[-72.9689,44.4285],[-72.9691,44.4292],[-72.9703,44.4303],[-72.97,44.4314],[-72.9619,44.4311]]]}},{"type":"Feature","properties":{"name":"Wrightsville Dam","agency":"3000045300","type":"FEE_OWN","access":"open","acres":55,"owner":"PUB"},"geometry":{"type":"Polygon","coordinates":[[[-72.5692,44.3328],[-72.5739,44.3346],[-72.5701,44.3395],[-72.567,44.3386],[-72.5678,44.3374],[-72.569,44.3364],[-72.568,44.336],[-72.5675,44.335],[-72.5679,44.334],[-72.5692,44.3328]]]}},{"type":"Feature","properties":{"name":"Lewis Creek WMA","agency":"3000045100","type":"FEE_OWN","access":"open","acres":103,"owner":"PUB"},"geometry":{"type":"Polygon","coordinates":[[[-72.9907,44.2542],[-73.0006,44.2533],[-73.0014,44.258],[-72.9915,44.2589],[-72.9907,44.2542]]]}},{"type":"Feature","properties":{"name":"Mt. Mansfield State Forest","agency":"3000045200","type":"FEE_OWN","access":"open","acres":24,"owner":"PUB"},"geometry":{"type":"Polygon","coordinates":[[[-72.8961,44.4307],[-72.8995,44.4318],[-72.8982,44.4364],[-72.8971,44.436],[-72.8973,44.4341],[-72.8959,44.432],[-72.8961,44.4307]]]}},{"type":"Feature","properties":{"name":"C.C. Putnam State Forest","agency":"3000045200","type":"FEE_OWN","access":"open","acres":18,"owner":"PUB"},"geometry":{"type":"Polygon","coordinates":[[[-72.5624,44.4629],[-72.5602,44.4622],[-72.5615,44.4602],[-72.5651,44.4621],[-72.5641,44.4636],[-72.5624,44.4629]]]}},{"type":"Feature","properties":{"name":"Mt. Mansfield State Forest","agency":"3000045200","type":"FEE_OWN","access":"open","acres":17,"owner":"PUB"},"geometry":{"type":"Polygon","coordinates":[[[-72.7273,44.3782],[-72.7272,44.3778],[-72.728,44.3776],[-72.7304,44.3783],[-72.7303,44.3791],[-72.7307,44.3798],[-72.7318,44.3796],[-72.7322,44.3802],[-72.7323,44.3798],[-72.7333,44.3804],[-72.7331,44.3806],[-72.7312,44.38],[-72.7313,44.3809],[-72.731,44.3805],[-72.7278,44.3802],[-72.7273,44.3795],[-72.7283,44.379],[-72.728,44.3783],[-72.7273,44.3782]]]}},{"type":"Feature","properties":{"name":"Mt. Mansfield State Forest","agency":"3000045200","type":"FEE_OWN","access":"open","acres":44,"owner":"PUB"},"geometry":{"type":"Polygon","coordinates":[[[-72.8445,44.5059],[-72.8439,44.5058],[-72.8441,44.5055],[-72.8428,44.5045],[-72.8407,44.5037],[-72.8393,44.5021],[-72.8469,44.5021],[-72.847,44.5051],[-72.8482,44.5061],[-72.8462,44.5055],[-72.8449,44.5056],[-72.8445,44.5059]]]}},{"type":"Feature","properties":{"name":"Mt. Mansfield State Forest","agency":"3000045200","type":"FEE_OWN","access":"open","acres":8,"owner":"PUB"},"geometry":{"type":"Polygon","coordinates":[[[-72.8647,44.4346],[-72.8676,44.4358],[-72.867,44.4368],[-72.864,44.4355],[-72.8647,44.4346]]]}},{"type":"Feature","properties":{"name":"Willowell Easement","agency":"3000045100","type":"EASEMENT","access":"open","acres":109,"owner":"PUB"},"geometry":{"type":"Polygon","coordinates":[[[-73.1025,44.2461],[-73.103,44.2455],[-73.1032,44.2459],[-73.1039,44.246],[-73.1054,44.2451],[-73.1047,44.2441],[-73.1055,44.2431],[-73.1051,44.2421],[-73.1045,44.2418],[-73.1058,44.2414],[-73.1059,44.2404],[-73.1068,44.241],[-73.1072,44.2406],[-73.1071,44.2399],[-73.1083,44.2399],[-73.1084,44.2393],[-73.109,44.2393],[-73.1105,44.2385],[-73.1141,44.238],[-73.1134,44.2423],[-73.1117,44.2425],[-73.1115,44.2447],[-73.1097,44.2457],[-73.1035,44.2464],[-73.1019,44.2472],[-73.1025,44.2461]]]}},{"type":"Feature","properties":{"name":"Sunshine","agency":"3000045200","type":"EASEMENT","access":"open","acres":108,"owner":"PUB"},"geometry":{"type":"Polygon","coordinates":[[[-72.9728,44.4268],[-72.9662,44.4232],[-72.9633,44.4191],[-72.9653,44.4176],[-72.9667,44.4183],[-72.9674,44.4177],[-72.9744,44.4214],[-72.9716,44.4233],[-72.9733,44.4257],[-72.9732,44.427],[-72.9728,44.4268]]]}},{"type":"Feature","properties":{"name":"C.C. Putnam State Forest","agency":"3000045200","type":"FEE_OWN","access":"public, limited","acres":139,"owner":"PUB"},"geometry":{"type":"Polygon","coordinates":[[[-72.644,44.4394],[-72.6393,44.4375],[-72.6436,44.4314],[-72.6535,44.435],[-72.6527,44.4362],[-72.6502,44.4356],[-72.6481,44.4383],[-72.6468,44.4378],[-72.6488,44.4411],[-72.644,44.4394]]]}},{"type":"Feature","properties":{"name":"Ainsworth State Park","agency":"3000045200","type":"FEE_OWN","access":"open","acres":97,"owner":"PUB"},"geometry":{"type":"Polygon","coordinates":[[[-72.5691,44.0712],[-72.5624,44.0695],[-72.5649,44.0646],[-72.5656,44.0648],[-72.566,44.0639],[-72.5673,44.0653],[-72.571,44.0663],[-72.572,44.072],[-72.5691,44.0712]]]}},{"type":"Feature","properties":{"name":"River Corridor Easement","agency":"4000052230","type":"EASEMENT","access":"open","acres":11,"owner":"PUB"},"geometry":{"type":"Polygon","coordinates":[[[-72.9807,44.0878],[-72.9824,44.0891],[-72.9826,44.0897],[-72.9818,44.0915],[-72.9804,44.0908],[-72.9807,44.0878]]]}},{"type":"Feature","properties":{"name":"Bettis Pond","agency":"3000045100","type":"FEE_OWN","access":"open","acres":21,"owner":"PUB"},"geometry":{"type":"Polygon","coordinates":[[[-72.7661,44.0477],[-72.7659,44.0468],[-72.7681,44.0469],[-72.7719,44.0488],[-72.7667,44.0497],[-72.7667,44.0488],[-72.7661,44.0477]]]}},{"type":"Feature","properties":{"name":"Little River Corridor Easement","agency":"4000051910","type":"EASEMENT","access":"open","acres":3,"owner":"PUB"},"geometry":{"type":"Polygon","coordinates":[[[-72.6968,44.4534],[-72.6969,44.4529],[-72.6982,44.4532],[-72.6977,44.4537],[-72.6981,44.4546],[-72.6974,44.4553],[-72.6969,44.4546],[-72.6977,44.4539],[-72.6968,44.4534]]]}},{"type":"Feature","properties":{"name":"Molly\u2019s Falls Pond State Park","agency":"3000045200","type":"FEE_OWN","access":"open","acres":438,"owner":"PUB"},"geometry":{"type":"MultiPolygon","coordinates":[[[[-72.2897,44.361],[-72.2871,44.3603],[-72.2866,44.359],[-72.2872,44.3581],[-72.2866,44.3578],[-72.2883,44.3566],[-72.2884,44.3555],[-72.2873,44.3554],[-72.2871,44.3551],[-72.2876,44.3548],[-72.2858,44.3542],[-72.2857,44.3535],[-72.2865,44.3531],[-72.2854,44.3527],[-72.2854,44.352],[-72.2842,44.3511],[-72.2843,44.3507],[-72.2831,44.3485],[-72.282,44.3485],[-72.2819,44.3481],[-72.2827,44.3477],[-72.282,44.3472],[-72.282,44.3467],[-72.2813,44.3466],[-72.281,44.3471],[-72.2803,44.3468],[-72.281,44.3463],[-72.2808,44.3451],[-72.2784,44.3435],[-72.2733,44.3423],[-72.2743,44.3435],[-72.2751,44.3438],[-72.2761,44.346],[-72.2781,44.346],[-72.2771,44.3467],[-72.2774,44.3473],[-72.2777,44.3473],[-72.2779,44.3485],[-72.2775,44.3488],[-72.2783,44.3493],[-72.28,44.3523],[-72.2796,44.3535],[-72.2799,44.3557],[-72.2793,44.3569],[-72.279,44.3572],[-72.278,44.3561],[-72.2771,44.3559],[-72.2789,44.3536],[-72.2781,44.3533],[-72.279,44.3521],[-72.2742,44.3502],[-72.275,44.3492],[-72.2683,44.3426],[-72.27,44.3405],[-72.2741,44.3421],[-72.2738,44.341],[-72.2819,44.3441],[-72.2814,44.3449],[-72.2901,44.3484],[-72.2891,44.3497],[-72.2944,44.352],[-72.2907,44.3573],[-72.2988,44.3601],[-72.3022,44.3557],[-72.3055,44.3571],[-72.3042,44.358],[-72.304,44.359],[-72.3028,44.3602],[-72.3018,44.3608],[-72.2973,44.3605],[-72.2945,44.3607],[-72.2921,44.3618],[-72.2909,44.3617],[-72.2897,44.361]]],[[[-72.2902,44.3665],[-72.2875,44.3644],[-72.2839,44.3637],[-72.282,44.3623],[-72.2773,44.3607],[-72.2769,44.3577],[-72.2771,44.3567],[-72.2786,44.3577],[-72.2779,44.3585],[-72.2779,44.3602],[-72.2791,44.3602],[-72.2838,44.3635],[-72.2852,44.3632],[-72.2885,44.3645],[-72.2893,44.3645],[-72.2897,44.3656],[-72.2907,44.3657],[-72.2916,44.3664],[-72.2918,44.3658],[-72.294,44.3657],[-72.2961,44.3641],[-72.2977,44.3639],[-72.2997,44.3631],[-72.3007,44.3635],[-72.3012,44.3631],[-72.3036,44.3629],[-72.3053,44.3635],[-72.3002,44.3636],[-72.2974,44.3643],[-72.2931,44.3663],[-72.2902,44.3665]]]]}},{"type":"Feature","properties":{"name":"Groton State Forest","agency":"3000045200","type":"FEE_OWN","access":"open","acres":49,"owner":"PUB"},"geometry":{"type":"Polygon","coordinates":[[[-72.2951,44.2918],[-72.2951,44.2899],[-72.3071,44.2919],[-72.3071,44.2936],[-72.2951,44.2918]]]}},{"type":"Feature","properties":{"name":"C.C. Putnam State Forest","agency":"3000045200","type":"FEE_OWN","access":"open","acres":126,"owner":"PUB"},"geometry":{"type":"Polygon","coordinates":[[[-72.663,44.3728],[-72.6559,44.3649],[-72.6598,44.3637],[-72.6682,44.3662],[-72.6637,44.373],[-72.663,44.3728]]]}},{"type":"Feature","properties":{"name":"Roxbury Fish Culture Station","agency":"3000045100","type":"FEE_OWN","access":"open","acres":37,"owner":"PUB"},"geometry":{"type":"Polygon","coordinates":[[[-72.7437,44.061],[-72.7431,44.0611],[-72.7428,44.0595],[-72.7439,44.0529],[-72.744,44.0501],[-72.7431,44.0476],[-72.7428,44.0436],[-72.7444,44.0459],[-72.745,44.0508],[-72.7449,44.0531],[-72.7435,44.0589],[-72.7437,44.061]]]}},{"type":"Feature","properties":{"name":"Mt. Mansfield State Forest","agency":"3000045200","type":"FEE_OWN","access":"public, limited","acres":74,"owner":"PUB"},"geometry":{"type":"Polygon","coordinates":[[[-72.7646,44.5133],[-72.7646,44.5139],[-72.7674,44.5154],[-72.7675,44.5162],[-72.7684,44.5161],[-72.7698,44.5188],[-72.7689,44.5194],[-72.7676,44.5192],[-72.7606,44.5165],[-72.7629,44.5131],[-72.7621,44.5117],[-72.7609,44.5126],[-72.7603,44.5126],[-72.7601,44.512],[-72.7606,44.511],[-72.7595,44.5104],[-72.7634,44.5118],[-72.7646,44.5133]]]}},{"type":"Feature","properties":{"name":"Mt. Mansfield State Forest","agency":"3000045200","type":"FEE_OWN","access":"open","acres":123,"owner":"PUB"},"geometry":{"type":"Polygon","coordinates":[[[-72.8919,44.4004],[-72.8896,44.3942],[-72.8905,44.3928],[-72.8895,44.3909],[-72.8945,44.3929],[-72.8973,44.3894],[-72.9004,44.3907],[-72.8948,44.3983],[-72.8921,44.4013],[-72.8919,44.4004]]]}},{"type":"Feature","properties":{"name":"Mt. Mansfield State Forest","agency":"3000045200","type":"FEE_OWN","access":"open","acres":398,"owner":"PUB"},"geometry":{"type":"Polygon","coordinates":[[[-72.816,44.4541],[-72.8166,44.4533],[-72.8166,44.4494],[-72.8172,44.4482],[-72.8192,44.4483],[-72.8237,44.4474],[-72.827,44.4475],[-72.8297,44.4491],[-72.8336,44.4494],[-72.8403,44.4513],[-72.8379,44.459],[-72.816,44.4541]]]}},{"type":"Feature","properties":{"name":"C.C. Putnam State Forest","agency":"3000045200","type":"FEE_OWN","access":"open","acres":20,"owner":"PUB"},"geometry":{"type":"Polygon","coordinates":[[[-72.7401,44.3274],[-72.7404,44.3276],[-72.7389,44.33],[-72.7393,44.3302],[-72.7365,44.3337],[-72.7369,44.3317],[-72.7365,44.3291],[-72.738,44.3288],[-72.7381,44.3277],[-72.7388,44.3281],[-72.7401,44.3274]]]}},{"type":"Feature","properties":{"name":"Lewis Creek WMA","agency":"3000045100","type":"FEE_OWN","access":"open","acres":10,"owner":"PUB"},"geometry":{"type":"Polygon","coordinates":[[[-72.9963,44.2167],[-72.9992,44.2195],[-72.9962,44.2198],[-72.9963,44.2167]]]}},{"type":"Feature","properties":{"name":"Groton State Forest","agency":"3000045200","type":"FEE_OWN","access":"open","acres":100,"owner":"PUB"},"geometry":{"type":"Polygon","coordinates":[[[-72.2147,44.2903],[-72.2131,44.2915],[-72.208,44.2892],[-72.21,44.2873],[-72.2168,44.2885],[-72.218,44.2874],[-72.2214,44.2914],[-72.2188,44.2941],[-72.2146,44.2922],[-72.2147,44.2903]]]}},{"type":"Feature","properties":{"name":"Molly\u2019s Falls Pond State Park","agency":"3000045200","type":"FEE_OWN","access":"open","acres":401,"owner":"PUB"},"geometry":{"type":"Polygon","coordinates":[[[-72.2808,44.3613],[-72.279,44.3602],[-72.2778,44.3602],[-72.2779,44.3584],[-72.2795,44.3574],[-72.279,44.3571],[-72.2799,44.3557],[-72.2796,44.3535],[-72.2799,44.3522],[-72.2783,44.3493],[-72.2775,44.3488],[-72.2779,44.3485],[-72.2777,44.3473],[-72.2774,44.3473],[-72.2771,44.3467],[-72.2781,44.346],[-72.2761,44.346],[-72.2751,44.3438],[-72.2743,44.3435],[-72.2733,44.3423],[-72.2784,44.3435],[-72.2809,44.3452],[-72.2807,44.346],[-72.281,44.3463],[-72.2803,44.3468],[-72.281,44.3471],[-72.2813,44.3466],[-72.282,44.3467],[-72.282,44.3472],[-72.2827,44.3477],[-72.2819,44.3481],[-72.282,44.3485],[-72.2831,44.3485],[-72.2843,44.3507],[-72.2842,44.3511],[-72.2854,44.352],[-72.2854,44.3527],[-72.2865,44.3531],[-72.2857,44.3535],[-72.2858,44.3542],[-72.2876,44.3548],[-72.2871,44.3551],[-72.2873,44.3554],[-72.2884,44.3555],[-72.2883,44.3566],[-72.2866,44.3578],[-72.2872,44.3581],[-72.2866,44.359],[-72.2872,44.3605],[-72.2921,44.3618],[-72.2945,44.3607],[-72.2973,44.3605],[-72.3018,44.3608],[-72.3027,44.3602],[-72.3051,44.3632],[-72.3043,44.3634],[-72.3028,44.3629],[-72.3012,44.3631],[-72.3007,44.3635],[-72.3001,44.3631],[-72.2988,44.3633],[-72.2977,44.3639],[-72.2961,44.3641],[-72.294,44.3657],[-72.2918,44.3658],[-72.2916,44.3664],[-72.2907,44.3657],[-72.2897,44.3656],[-72.2893,44.3645],[-72.2885,44.3645],[-72.2852,44.3632],[-72.2838,44.3635],[-72.2808,44.3613]],[[-72.2866,44.3571],[-72.2862,44.3569],[-72.2854,44.3574],[-72.286,44.3575],[-72.2866,44.3571]]]}},{"type":"Feature","properties":{"name":"Morristown Bog State Forest (Natural Area)","agency":"3000045200","type":"FEE_OWN","access":"open","acres":16,"owner":"PUB"},"geometry":{"type":"Polygon","coordinates":[[[-72.6237,44.502],[-72.6283,44.5037],[-72.6274,44.5034],[-72.6252,44.5048],[-72.6225,44.5038],[-72.6237,44.502]]]}},{"type":"Feature","properties":{"name":"Spencer & Kielman Easement","agency":"3000045100","type":"EASEMENT","access":"open","acres":45,"owner":"PUB"},"geometry":{"type":"Polygon","coordinates":[[[-73.0982,44.2843],[-73.0975,44.2866],[-73.0953,44.2861],[-73.0947,44.285],[-73.0938,44.2852],[-73.0932,44.2848],[-73.0929,44.2838],[-73.0938,44.284],[-73.0943,44.2828],[-73.0938,44.2822],[-73.0935,44.2826],[-73.093,44.2824],[-73.0933,44.2815],[-73.0923,44.2819],[-73.0913,44.2815],[-73.0907,44.2822],[-73.0903,44.2809],[-73.096,44.2801],[-73.0966,44.2821],[-73.0952,44.2826],[-73.0954,44.2836],[-73.0982,44.2843]]]}},{"type":"Feature","properties":{"name":"Lamoille River Streambank","agency":"3000045100","type":"FEE_OWN","access":"open","acres":9,"owner":"PUB"},"geometry":{"type":"Polygon","coordinates":[[[-72.6222,44.5685],[-72.6213,44.5683],[-72.6228,44.5651],[-72.6235,44.5654],[-72.6234,44.5665],[-72.6226,44.5685],[-72.6222,44.5685]]]}},{"type":"Feature","properties":{"name":"Elmore State Park","agency":"3000045200","type":"FEE_OWN","access":"open","acres":47,"owner":"PUB"},"geometry":{"type":"Polygon","coordinates":[[[-72.5535,44.5284],[-72.5599,44.5276],[-72.5601,44.528],[-72.5565,44.5328],[-72.5536,44.5319],[-72.5535,44.5284]]]}},{"type":"Feature","properties":{"name":"C.C. Putnam State Forest","agency":"3000045200","type":"FEE_OWN","access":"open","acres":19,"owner":"PUB"},"geometry":{"type":"Polygon","coordinates":[[[-72.6227,44.4877],[-72.6247,44.4848],[-72.6263,44.4854],[-72.6272,44.4853],[-72.6277,44.4857],[-72.6261,44.4857],[-72.6255,44.4862],[-72.6292,44.4876],[-72.6279,44.4876],[-72.6277,44.4872],[-72.6237,44.488],[-72.6227,44.4877]]]}},{"type":"Feature","properties":{"name":"Wolcott Dam","agency":"3000045300","type":"FEE_OWN","access":"open","acres":15,"owner":"PUB"},"geometry":{"type":"Polygon","coordinates":[[[-72.4272,44.5685],[-72.4236,44.5676],[-72.4248,44.566],[-72.4264,44.5669],[-72.4265,44.5665],[-72.4279,44.567],[-72.428,44.5687],[-72.4272,44.5685]]]}},{"type":"Feature","properties":{"name":"Mt. Mansfield State Forest","agency":"3000045200","type":"FEE_OWN","access":"open","acres":261,"owner":"PUB"},"geometry":{"type":"Polygon","coordinates":[[[-72.7652,44.4433],[-72.7692,44.4373],[-72.7709,44.4377],[-72.7716,44.4397],[-72.7724,44.4405],[-72.778,44.4452],[-72.7813,44.4451],[-72.7874,44.4439],[-72.79,44.4459],[-72.795,44.4477],[-72.7976,44.4471],[-72.7991,44.4476],[-72.806,44.4485],[-72.8037,44.4514],[-72.7652,44.4433]]]}},{"type":"Feature","properties":{"name":"Middlesex WMA","agency":"3000045100","type":"EASEMENT","access":"open","acres":281,"owner":"PUB"},"geometry":{"type":"Polygon","coordinates":[[[-72.6443,44.2958],[-72.6417,44.2948],[-72.6455,44.2932],[-72.6461,44.2925],[-72.646,44.2918],[-72.6452,44.2908],[-72.6419,44.2894],[-72.6434,44.2868],[-72.6464,44.2829],[-72.6508,44.2794],[-72.6524,44.2777],[-72.6547,44.2782],[-72.655,44.2792],[-72.6582,44.2803],[-72.6587,44.2809],[-72.6567,44.2814],[-72.6478,44.2938],[-72.6498,44.2946],[-72.6493,44.2953],[-72.6473,44.297],[-72.6443,44.2958]]]}},{"type":"Feature","properties":{"name":"Mt. Mansfield State Forest","agency":"3000045200","type":"FEE_OWN","access":"open","acres":853,"owner":"PUB"},"geometry":{"type":"Polygon","coordinates":[[[-72.7453,44.5801],[-72.7457,44.5802],[-72.7598,44.5597],[-72.769,44.5628],[-72.7481,44.5909],[-72.7312,44.5851],[-72.7366,44.5771],[-72.7453,44.5801]]]}},{"type":"Feature","properties":{"name":"Lewis Creek WMA","agency":"3000045100","type":"FEE_OWN","access":"open","acres":174,"owner":"PUB"},"geometry":{"type":"Polygon","coordinates":[[[-72.9842,44.224],[-72.9845,44.2258],[-72.9746,44.2268],[-72.9754,44.2312],[-72.9653,44.232],[-72.9646,44.2261],[-72.9842,44.224]]]}},{"type":"Feature","properties":{"name":"Lamoille River Streambank","agency":"3000045100","type":"FEE_OWN","access":"open","acres":4,"owner":"PUB"},"geometry":{"type":"Polygon","coordinates":[[[-72.6215,44.5738],[-72.6186,44.5743],[-72.6213,44.5725],[-72.6219,44.5731],[-72.6215,44.5738]]]}},{"type":"Feature","properties":{"name":"Winooski River Streambank","agency":"3000045100","type":"FEE_OWN","access":"open","acres":48,"owner":"PUB"},"geometry":{"type":"Polygon","coordinates":[[[-72.9427,44.4507],[-72.9445,44.4491],[-72.9486,44.4517],[-72.9491,44.453],[-72.9466,44.4538],[-72.9408,44.4527],[-72.9427,44.4507]]]}},{"type":"Feature","properties":{"name":"Groton State Forest","agency":"3000045200","type":"FEE_OWN","access":"open","acres":41,"owner":"PUB"},"geometry":{"type":"Polygon","coordinates":[[[-72.2285,44.3247],[-72.2307,44.3257],[-72.2271,44.3289],[-72.2249,44.3279],[-72.2274,44.3257],[-72.2219,44.3235],[-72.223,44.3225],[-72.2285,44.3247]]]}},{"type":"Feature","properties":{"name":"Mt. Mansfield State Forest","agency":"3000045200","type":"FEE_OWN","access":"open","acres":1141,"owner":"PUB"},"geometry":{"type":"Polygon","coordinates":[[[-72.8199,44.5363],[-72.8203,44.5352],[-72.8193,44.5332],[-72.8197,44.5322],[-72.8196,44.5301],[-72.8281,44.5182],[-72.8373,44.5215],[-72.8351,44.5244],[-72.8446,44.5281],[-72.8428,44.5304],[-72.8494,44.5329],[-72.8452,44.5382],[-72.8387,44.5358],[-72.8272,44.5507],[-72.8139,44.5476],[-72.816,44.5457],[-72.8199,44.5398],[-72.8193,44.5386],[-72.8197,44.5384],[-72.8199,44.5363]],[[-72.8359,44.5311],[-72.8312,44.5245],[-72.8283,44.5256],[-72.8331,44.5321],[-72.8359,44.5311]]]}},{"type":"Feature","properties":{"name":"River Corridor Easement","agency":"4000052230","type":"EASEMENT","access":"open","acres":14,"owner":"PUB"},"geometry":{"type":"Polygon","coordinates":[[[-72.4653,44.6037],[-72.4641,44.603],[-72.4636,44.6016],[-72.464,44.6],[-72.4656,44.5991],[-72.466,44.5993],[-72.4657,44.6002],[-72.4644,44.601],[-72.4663,44.6026],[-72.4658,44.6037],[-72.4653,44.6037]]]}},{"type":"Feature","properties":{"name":"Steam Mill Brook WMA","agency":"3000045100","type":"FEE_OWN","access":"open","acres":5812,"owner":"PUB"},"geometry":{"type":"MultiPolygon","coordinates":[[[[-72.2041,44.5201],[-72.1632,44.5047],[-72.1679,44.4983],[-72.162,44.496],[-72.1572,44.5024],[-72.1513,44.5001],[-72.1609,44.4869],[-72.1739,44.4916],[-72.1788,44.4848],[-72.1692,44.4811],[-72.1683,44.4822],[-72.1653,44.4811],[-72.1809,44.4598],[-72.2001,44.4672],[-72.1959,44.4731],[-72.219,44.482],[-72.2247,44.4753],[-72.2308,44.4777],[-72.2274,44.4788],[-72.2266,44.48],[-72.226,44.4823],[-72.2265,44.4825],[-72.2289,44.4824],[-72.231,44.4813],[-72.233,44.4812],[-72.2345,44.479],[-72.2396,44.4774],[-72.2401,44.4778],[-72.241,44.4773],[-72.2414,44.4776],[-72.2408,44.4804],[-72.2413,44.4805],[-72.2416,44.482],[-72.2443,44.483],[-72.2448,44.4843],[-72.2485,44.4856],[-72.2534,44.4788],[-72.2605,44.4813],[-72.2558,44.4882],[-72.2509,44.4865],[-72.2491,44.4939],[-72.2439,44.4919],[-72.2417,44.4948],[-72.2407,44.4924],[-72.2408,44.4915],[-72.2401,44.4914],[-72.2407,44.4904],[-72.2372,44.4892],[-72.2361,44.4907],[-72.2316,44.489],[-72.2327,44.4876],[-72.2283,44.4859],[-72.2245,44.4911],[-72.2284,44.4938],[-72.2227,44.502],[-72.2247,44.5025],[-72.2257,44.5033],[-72.2303,44.5049],[-72.2322,44.5061],[-72.2231,44.5185],[-72.2169,44.5163],[-72.2138,44.5201],[-72.2091,44.5186],[-72.2072,44.5212],[-72.2041,44.5201]]],[[[-72.2122,44.5146],[-72.2136,44.5141],[-72.214,44.5132],[-72.2154,44.5118],[-72.2156,44.5129],[-72.2178,44.5125],[-72.2187,44.5111],[-72.2194,44.5108],[-72.2207,44.511],[-72.22,44.51],[-72.2182,44.5104],[-72.2175,44.51],[-72.2194,44.5082],[-72.2203,44.5084],[-72.2204,44.5081],[-72.2195,44.5079],[-72.2195,44.5067],[-72.2207,44.5064],[-72.2196,44.506],[-72.2227,44.502],[-72.2173,44.5022],[-72.2175,44.5012],[-72.2161,44.4978],[-72.2169,44.4967],[-72.2144,44.4962],[-72.213,44.5015],[-72.214,44.5027],[-72.2126,44.5015],[-72.2125,44.5006],[-72.2113,44.5008],[-72.2115,44.4998],[-72.2112,44.4992],[-72.2106,44.4989],[-72.2105,44.4994],[-72.21,44.4996],[-72.2093,44.499],[-72.2085,44.499],[-72.2069,44.4996],[-72.2071,44.4993],[-72.2018,44.4973],[-72.1946,44.5071],[-72.2122,44.5137],[-72.2115,44.5138],[-72.2122,44.5146]]]]}},{"type":"Feature","properties":{"name":"Green Crow","agency":"3000045200","type":"EASEMENT","access":"limited (easement)","acres":191,"owner":"PRIV"},"geometry":{"type":"Polygon","coordinates":[[[-72.8581,44.3832],[-72.8504,44.3803],[-72.8542,44.3747],[-72.8667,44.3795],[-72.8629,44.3849],[-72.8581,44.3832]]]}},{"type":"Feature","properties":{"name":"Groton State Forest","agency":"3000045200","type":"FEE_OWN","access":"open","acres":170,"owner":"PUB"},"geometry":{"type":"Polygon","coordinates":[[[-72.3059,44.328],[-72.311,44.3213],[-72.3201,44.325],[-72.3148,44.3315],[-72.3059,44.328]]]}},{"type":"Feature","properties":{"name":"C.C. Putnam State Forest","agency":"3000045200","type":"FEE_OWN","access":"open","acres":121,"owner":"PUB"},"geometry":{"type":"Polygon","coordinates":[[[-72.6401,44.3835],[-72.6394,44.3833],[-72.6443,44.3768],[-72.651,44.3792],[-72.6464,44.3856],[-72.6401,44.3835]]]}},{"type":"Feature","properties":{"name":"Mt. Mansfield State Forest","agency":"3000045200","type":"FEE_OWN","access":"open","acres":4815,"owner":"PUB"},"geometry":{"type":"Polygon","coordinates":[[[-72.8048,44.4482],[-72.7991,44.4476],[-72.7976,44.4471],[-72.795,44.4477],[-72.79,44.4459],[-72.7874,44.4439],[-72.7813,44.4451],[-72.778,44.4452],[-72.7724,44.4405],[-72.7716,44.4397],[-72.7709,44.4377],[-72.7692,44.4373],[-72.8037,44.3891],[-72.8388,44.4032],[-72.8264,44.4208],[-72.806,44.4485],[-72.8048,44.4482]]]}},{"type":"Feature","properties":{"name":"Wrightsville Dam","agency":"3000045300","type":"FEE_OWN","access":"open","acres":30,"owner":"PUB"},"geometry":{"type":"Polygon","coordinates":[[[-72.5756,44.3111],[-72.5737,44.3137],[-72.5725,44.313],[-72.5719,44.3135],[-72.5715,44.3132],[-72.5731,44.3117],[-72.5712,44.3109],[-72.5724,44.3094],[-72.576,44.3082],[-72.5752,44.3095],[-72.5758,44.3096],[-72.5756,44.3111]]]}},{"type":"Feature","properties":{"name":"Roxbury State Forest","agency":"3000045200","type":"FEE_OWN","access":"open","acres":61,"owner":"PUB"},"geometry":{"type":"Polygon","coordinates":[[[-72.6945,44.0481],[-72.6921,44.052],[-72.6911,44.0511],[-72.689,44.0508],[-72.6874,44.05],[-72.6865,44.0472],[-72.6856,44.0456],[-72.6945,44.0481]]]}},{"type":"Feature","properties":{"name":"Bristol Pond","agency":"3000045100","type":"FEE_OWN","access":"open","acres":25,"owner":"PUB"},"geometry":{"type":"Polygon","coordinates":[[[-73.0816,44.1668],[-73.0808,44.1624],[-73.0834,44.162],[-73.0842,44.1656],[-73.0828,44.166],[-73.0823,44.1674],[-73.0816,44.1668]]]}},{"type":"Feature","properties":{"name":"Bristol Pond","agency":"3000045100","type":"FEE_OWN","access":"open","acres":117,"owner":"PUB"},"geometry":{"type":"Polygon","coordinates":[[[-73.0995,44.1734],[-73.0996,44.1754],[-73.1012,44.1767],[-73.1019,44.1782],[-73.1014,44.1785],[-73.1017,44.1792],[-73.0972,44.1797],[-73.0988,44.1816],[-73.0956,44.1819],[-73.0951,44.1795],[-73.0956,44.1795],[-73.095,44.179],[-73.0945,44.1765],[-73.0936,44.1766],[-73.0934,44.1755],[-73.0929,44.1752],[-73.0937,44.1746],[-73.0934,44.1742],[-73.0936,44.1737],[-73.0951,44.1739],[-73.0936,44.1735],[-73.0932,44.1724],[-73.0981,44.1718],[-73.0983,44.1725],[-73.0993,44.1724],[-73.0995,44.1734]]]}},{"type":"Feature","properties":{"name":"River Corridor Easement","agency":"4000052230","type":"EASEMENT","access":"open","acres":3,"owner":"PUB"},"geometry":{"type":"Polygon","coordinates":[[[-72.4653,44.6037],[-72.4658,44.6037],[-72.4663,44.6026],[-72.4657,44.6019],[-72.4647,44.6016],[-72.4644,44.6009],[-72.4656,44.6003],[-72.466,44.5993],[-72.4663,44.5995],[-72.4659,44.6005],[-72.4645,44.6009],[-72.4665,44.6025],[-72.466,44.6039],[-72.4653,44.6037]]]}},{"type":"Feature","properties":{"name":"Boyer State Forest","agency":"3000045200","type":"FEE_OWN","access":"open","acres":101,"owner":"PUB"},"geometry":{"type":"Polygon","coordinates":[[[-72.6073,44.2063],[-72.6069,44.2071],[-72.6108,44.2081],[-72.6101,44.2101],[-72.6118,44.211],[-72.6106,44.2131],[-72.6011,44.2107],[-72.6039,44.2055],[-72.6073,44.2063]]]}},{"type":"Feature","properties":{"name":"C.C. Putnam State Forest","agency":"3000045200","type":"FEE_OWN","access":"open","acres":483,"owner":"PUB"},"geometry":{"type":"Polygon","coordinates":[[[-72.6407,44.4355],[-72.6393,44.4375],[-72.644,44.4394],[-72.6412,44.4432],[-72.6366,44.4417],[-72.6295,44.4519],[-72.6193,44.4483],[-72.6207,44.4463],[-72.6258,44.4481],[-72.6273,44.446],[-72.6222,44.4442],[-72.6236,44.4422],[-72.6287,44.444],[-72.6301,44.4419],[-72.6247,44.44],[-72.632,44.4298],[-72.6375,44.4318],[-72.6361,44.4338],[-72.6407,44.4355]]]}},{"type":"Feature","properties":{"name":"C.C. Putnam State Forest","agency":"3000045200","type":"FEE_OWN","access":"open","acres":818,"owner":"PUB"},"geometry":{"type":"Polygon","coordinates":[[[-72.6163,44.4274],[-72.634,44.4026],[-72.6431,44.4068],[-72.6439,44.4083],[-72.6429,44.4104],[-72.645,44.4115],[-72.6371,44.4225],[-72.6357,44.4221],[-72.6279,44.4265],[-72.618,44.4305],[-72.613,44.4334],[-72.6123,44.4331],[-72.6163,44.4274]]]}},{"type":"Feature","properties":{"name":"Boyer State Forest","agency":"3000045200","type":"FEE_OWN","access":"open","acres":34,"owner":"PUB"},"geometry":{"type":"Polygon","coordinates":[[[-72.6242,44.2076],[-72.6252,44.2056],[-72.6264,44.206],[-72.6282,44.2024],[-72.6292,44.2028],[-72.6285,44.207],[-72.6276,44.2084],[-72.6253,44.209],[-72.625,44.2089],[-72.6254,44.208],[-72.6242,44.2076]]]}},{"type":"Feature","properties":{"name":"Winooski River Streambank","agency":"3000045100","type":"FEE_OWN","access":"open","acres":5,"owner":"PUB"},"geometry":{"type":"Polygon","coordinates":[[[-72.5062,44.2432],[-72.5065,44.243],[-72.5054,44.2449],[-72.504,44.2457],[-72.5037,44.2465],[-72.503,44.2462],[-72.5062,44.2432]]]}},{"type":"Feature","properties":{"name":"Groton State Forest","agency":"3000045200","type":"FEE_OWN","access":"open","acres":4093,"owner":"PUB"},"geometry":{"type":"Polygon","coordinates":[[[-72.3059,44.245],[-72.2935,44.2429],[-72.2932,44.2388],[-72.2915,44.2384],[-72.292,44.2382],[-72.2921,44.2372],[-72.2915,44.2365],[-72.2935,44.2331],[-72.2848,44.2317],[-72.2837,44.2303],[-72.2823,44.2297],[-72.2824,44.2256],[-72.2849,44.225],[-72.2881,44.225],[-72.2879,44.2225],[-72.2941,44.2235],[-72.2941,44.2206],[-72.2974,44.22],[-72.2994,44.2192],[-72.2873,44.2171],[-72.287,44.212],[-72.2933,44.2131],[-72.2932,44.2082],[-72.2987,44.2087],[-72.2982,44.1937],[-72.3143,44.1961],[-72.3149,44.2092],[-72.3172,44.2056],[-72.337,44.2132],[-72.3337,44.2182],[-72.3523,44.2252],[-72.3411,44.2398],[-72.3331,44.2356],[-72.3289,44.2401],[-72.3201,44.2369],[-72.3157,44.243],[-72.3157,44.2399],[-72.306,44.2388],[-72.3059,44.245]],[[-72.2949,44.2409],[-72.2956,44.2412],[-72.296,44.2406],[-72.2953,44.2404],[-72.2949,44.2409]]]}},{"type":"Feature","properties":{"name":"Roxbury State Forest","agency":"3000045200","type":"FEE_OWN","access":"open","acres":107,"owner":"PUB"},"geometry":{"type":"Polygon","coordinates":[[[-72.7426,44.0584],[-72.7427,44.061],[-72.7412,44.0633],[-72.7317,44.0597],[-72.7347,44.0555],[-72.7426,44.0584]]]}},{"type":"Feature","properties":{"name":"Groton State Forest","agency":"3000045200","type":"FEE_OWN","access":"open","acres":3210,"owner":"PUB"},"geometry":{"type":"Polygon","coordinates":[[[-72.341,44.1947],[-72.3368,44.1934],[-72.3334,44.199],[-72.3413,44.2018],[-72.3378,44.2069],[-72.3232,44.2013],[-72.3199,44.2066],[-72.3172,44.2056],[-72.3205,44.2002],[-72.3144,44.1981],[-72.3142,44.1911],[-72.2953,44.1878],[-72.2953,44.1868],[-72.2964,44.1859],[-72.2989,44.1813],[-72.2989,44.1784],[-72.3018,44.1752],[-72.2924,44.1729],[-72.2938,44.1673],[-72.2884,44.1661],[-72.2891,44.1625],[-72.2919,44.1633],[-72.2918,44.1639],[-72.2945,44.1646],[-72.2942,44.1654],[-72.2957,44.1657],[-72.2953,44.1672],[-72.2966,44.1679],[-72.2982,44.168],[-72.298,44.1693],[-72.3006,44.1698],[-72.2995,44.1723],[-72.3033,44.1732],[-72.3038,44.1723],[-72.3041,44.1686],[-72.3053,44.1664],[-72.3094,44.1674],[-72.3104,44.1638],[-72.3167,44.1653],[-72.3161,44.166],[-72.3274,44.1698],[-72.3291,44.1652],[-72.3595,44.174],[-72.3587,44.1789],[-72.3479,44.1758],[-72.3464,44.1805],[-72.3415,44.1791],[-72.3396,44.1837],[-72.3446,44.1852],[-72.341,44.1947]]]}},{"type":"Feature","properties":{"name":"Pine Mountain WMA","agency":"3000045100","type":"FEE_OWN","access":"open","acres":42,"owner":"PUB"},"geometry":{"type":"Polygon","coordinates":[[[-72.2225,44.1862],[-72.2193,44.1853],[-72.2205,44.1806],[-72.2245,44.1824],[-72.2244,44.1829],[-72.2251,44.1832],[-72.2225,44.1862]]]}},{"type":"Feature","properties":{"name":"Ainsworth State Park","agency":"3000045200","type":"FEE_OWN","access":"open","acres":82,"owner":"PUB"},"geometry":{"type":"Polygon","coordinates":[[[-72.5569,44.0829],[-72.5593,44.078],[-72.5622,44.0764],[-72.5664,44.0775],[-72.564,44.0824],[-72.5586,44.0822],[-72.5581,44.0832],[-72.5569,44.0829]]]}},{"type":"Feature","properties":{"name":"Mt. Mansfield State Forest","agency":"3000045200","type":"FEE_OWN","access":"open","acres":465,"owner":"PUB"},"geometry":{"type":"Polygon","coordinates":[[[-72.7387,44.4509],[-72.7393,44.45],[-72.7368,44.4489],[-72.7368,44.4478],[-72.7354,44.4481],[-72.7333,44.4475],[-72.7337,44.4465],[-72.7327,44.4465],[-72.7314,44.4459],[-72.7316,44.4452],[-72.7308,44.4449],[-72.7306,44.4443],[-72.7324,44.4417],[-72.7279,44.4397],[-72.7286,44.4386],[-72.733,44.4404],[-72.7342,44.4368],[-72.7312,44.4352],[-72.7328,44.4332],[-72.7343,44.4339],[-72.736,44.4316],[-72.7479,44.4365],[-72.7445,44.4432],[-72.743,44.4425],[-72.7422,44.4437],[-72.7425,44.4444],[-72.7449,44.4454],[-72.7443,44.4468],[-72.7455,44.4485],[-72.7437,44.4509],[-72.7416,44.4502],[-72.7395,44.4533],[-72.7375,44.4526],[-72.7387,44.4509]],[[-72.739,44.446],[-72.7397,44.4452],[-72.7406,44.4457],[-72.7418,44.4452],[-72.7399,44.4442],[-72.7402,44.4439],[-72.7385,44.4438],[-72.7381,44.4444],[-72.7391,44.4449],[-72.7384,44.4459],[-72.739,44.446]]]}},{"type":"Feature","properties":{"name":"Groton State Forest","agency":"3000045200","type":"FEE_OWN","access":"open","acres":56,"owner":"PUB"},"geometry":{"type":"Polygon","coordinates":[[[-72.2788,44.2877],[-72.2786,44.2827],[-72.2838,44.2834],[-72.2837,44.2885],[-72.2788,44.2877]]]}},{"type":"Feature","properties":{"name":"Lamoille River Streambank","agency":"3000045100","type":"FEE_OWN","access":"open","acres":28,"owner":"PUB"},"geometry":{"type":"Polygon","coordinates":[[[-72.5412,44.5672],[-72.5406,44.568],[-72.5358,44.5688],[-72.5361,44.5683],[-72.5355,44.5684],[-72.5359,44.5673],[-72.5331,44.5673],[-72.5297,44.569],[-72.5278,44.5694],[-72.529,44.5677],[-72.535,44.5669],[-72.5415,44.5668],[-72.5412,44.5672]]]}},{"type":"Feature","properties":{"name":"C.C. Putnam State Forest","agency":"3000045200","type":"FEE_OWN","access":"open","acres":125,"owner":"PUB"},"geometry":{"type":"Polygon","coordinates":[[[-72.6079,44.2732],[-72.6156,44.2637],[-72.6202,44.2657],[-72.617,44.2702],[-72.6162,44.27],[-72.6124,44.275],[-72.6079,44.2732]]]}},{"type":"Feature","properties":{"name":"Lewis Creek WMA","agency":"3000045100","type":"FEE_OWN","access":"open","acres":59,"owner":"PUB"},"geometry":{"type":"Polygon","coordinates":[[[-73.0426,44.2152],[-73.0437,44.22],[-73.0383,44.2206],[-73.0372,44.2157],[-73.0426,44.2152]]]}},{"type":"Feature","properties":{"name":"Green River Reservoir State Park","agency":"3000045200","type":"FEE_OWN","access":"open","acres":69,"owner":"PUB"},"geometry":{"type":"Polygon","coordinates":[[[-72.4964,44.6055],[-72.4997,44.6009],[-72.5049,44.6029],[-72.5015,44.6077],[-72.4964,44.6055]]]}},{"type":"Feature","properties":{"name":"Wrightsville Dam","agency":"3000045300","type":"FEE_OWN","access":"open","acres":9,"owner":"PUB"},"geometry":{"type":"Polygon","coordinates":[[[-72.577,44.3259],[-72.5775,44.326],[-72.5775,44.3272],[-72.5725,44.3298],[-72.5734,44.3284],[-72.5768,44.3266],[-72.577,44.3259]]]}},{"type":"Feature","properties":{"name":"Mt. Mansfield State Forest","agency":"3000045200","type":"FEE_OWN","access":"open","acres":1146,"owner":"PUB"},"geometry":{"type":"Polygon","coordinates":[[[-72.8345,44.4293],[-72.8404,44.4285],[-72.8485,44.4246],[-72.8532,44.4251],[-72.8526,44.4242],[-72.8528,44.4233],[-72.8552,44.4217],[-72.858,44.4213],[-72.8588,44.4203],[-72.8604,44.4198],[-72.8599,44.419],[-72.8615,44.4178],[-72.8618,44.4164],[-72.8648,44.4148],[-72.866,44.4128],[-72.8685,44.4104],[-72.8691,44.4103],[-72.8693,44.4113],[-72.8741,44.4102],[-72.8735,44.4086],[-72.8735,44.4068],[-72.8834,44.4164],[-72.8799,44.4229],[-72.876,44.4226],[-72.8709,44.4325],[-72.8416,44.4327],[-72.8345,44.4293]]]}},{"type":"Feature","properties":{"name":"Kents Corner","agency":"3000042000","type":"FEE_OWN","access":"open","acres":4,"owner":"PUB"},"geometry":{"type":"MultiPolygon","coordinates":[[[[-72.4838,44.3686],[-72.4849,44.3689],[-72.4843,44.3699],[-72.4836,44.3697],[-72.4838,44.3686]]],[[[-72.485,44.3678],[-72.4857,44.3679],[-72.485,44.3688],[-72.4845,44.3686],[-72.485,44.3678]]],[[[-72.4853,44.3687],[-72.4855,44.3684],[-72.4859,44.3688],[-72.4853,44.3687]]]]}},{"type":"Feature","properties":{"name":"Washington State Forest","agency":"3000045200","type":"FEE_OWN","access":"open","acres":53,"owner":"PUB"},"geometry":{"type":"Polygon","coordinates":[[[-72.3782,44.038],[-72.3856,44.0376],[-72.3839,44.0422],[-72.3776,44.04],[-72.3782,44.038]]]}},{"type":"Feature","properties":{"name":"C.C. Putnam State Forest","agency":"3000045200","type":"FEE_OWN","access":"open","acres":109,"owner":"PUB"},"geometry":{"type":"Polygon","coordinates":[[[-72.6766,44.4206],[-72.676,44.4209],[-72.6753,44.4224],[-72.6736,44.4227],[-72.6733,44.4232],[-72.6735,44.4243],[-72.6723,44.4257],[-72.6629,44.4216],[-72.6661,44.4177],[-72.6729,44.4201],[-72.6723,44.4209],[-72.6745,44.4218],[-72.6765,44.4202],[-72.6766,44.4206]]]}},{"type":"Feature","properties":{"name":"Worcester Woods Forest Legacy","agency":"3000045200","type":"EASEMENT","access":"limited (easement)","acres":3562,"owner":"PRIV"},"geometry":{"type":"Polygon","coordinates":[[[-72.5385,44.4547],[-72.5324,44.4522],[-72.5256,44.4624],[-72.5205,44.4608],[-72.5221,44.4588],[-72.516,44.4569],[-72.5122,44.462],[-72.4939,44.4556],[-72.499,44.4487],[-72.4904,44.4455],[-72.4959,44.4377],[-72.4869,44.4342],[-72.4927,44.4261],[-72.5013,44.43],[-72.5067,44.4228],[-72.5112,44.4249],[-72.5141,44.4215],[-72.5191,44.4244],[-72.5257,44.4152],[-72.5288,44.4142],[-72.5294,44.4134],[-72.5274,44.4124],[-72.5362,44.3996],[-72.5445,44.4038],[-72.5328,44.4207],[-72.539,44.4239],[-72.5348,44.4264],[-72.5302,44.4243],[-72.5245,44.4324],[-72.5335,44.4369],[-72.5332,44.4402],[-72.5301,44.4437],[-72.5321,44.4446],[-72.5373,44.4398],[-72.5395,44.4408],[-72.5389,44.4412],[-72.5417,44.4442],[-72.5439,44.4488],[-72.545,44.4582],[-72.5441,44.4598],[-72.5451,44.4601],[-72.5445,44.4623],[-72.5431,44.4646],[-72.5384,44.4667],[-72.5396,44.465],[-72.5331,44.4627],[-72.5385,44.4547]],[[-72.5172,44.4526],[-72.5195,44.4493],[-72.5253,44.4512],[-72.5299,44.4443],[-72.5196,44.4394],[-72.5119,44.4506],[-72.5172,44.4526]],[[-72.5135,44.4323],[-72.5128,44.4319],[-72.5115,44.4326],[-72.5103,44.4319],[-72.5086,44.4338],[-72.5111,44.435],[-72.5116,44.4334],[-72.5135,44.4323]],[[-72.5169,44.4278],[-72.5163,44.4275],[-72.5154,44.4288],[-72.5159,44.4291],[-72.5169,44.4278]]]}},{"type":"Feature","properties":{"name":"East Barre Dam","agency":"3000045300","type":"FEE_OWN","access":"open","acres":4,"owner":"PUB"},"geometry":{"type":"Polygon","coordinates":[[[-72.425,44.1508],[-72.4246,44.1513],[-72.423,44.152],[-72.4236,44.1503],[-72.425,44.1508]]]}},{"type":"Feature","properties":{"name":"Peet","agency":"3000045200","type":"EASEMENT","access":"open","acres":29,"owner":"PUB"},"geometry":{"type":"Polygon","coordinates":[[[-72.9619,44.4311],[-72.97,44.4314],[-72.9681,44.4335],[-72.9676,44.4334],[-72.9668,44.434],[-72.9644,44.4328],[-72.9618,44.4322],[-72.9623,44.4316],[-72.9614,44.4312],[-72.9619,44.4311]]]}},{"type":"Feature","properties":{"name":"Mud Pond","agency":"3000045100","type":"FEE_OWN","access":"open","acres":42,"owner":"PUB"},"geometry":{"type":"Polygon","coordinates":[[[-72.207,44.3187],[-72.2062,44.3177],[-72.2065,44.318],[-72.2073,44.317],[-72.2096,44.3166],[-72.2094,44.3162],[-72.2099,44.316],[-72.2093,44.3148],[-72.2103,44.3164],[-72.2121,44.3158],[-72.2132,44.3149],[-72.2148,44.3156],[-72.2153,44.3163],[-72.2132,44.3181],[-72.2091,44.3188],[-72.2077,44.3196],[-72.207,44.3187]]]}},{"type":"Feature","properties":{"name":"East Barre Dam","agency":"3000045300","type":"FEE_OWN","access":"open","acres":18,"owner":"PUB"},"geometry":{"type":"Polygon","coordinates":[[[-72.4335,44.156],[-72.433,44.1548],[-72.4335,44.1537],[-72.4365,44.1548],[-72.4356,44.1582],[-72.4355,44.1573],[-72.4335,44.156]]]}},{"type":"Feature","properties":{"name":"Worcester Woods Forest Legacy","agency":"3000045100","type":"EASEMENT","access":"limited (easement)","acres":2115,"owner":"PRIV"},"geometry":{"type":"Polygon","coordinates":[[[-72.5588,44.4568],[-72.5573,44.4554],[-72.5542,44.4545],[-72.5507,44.4519],[-72.5496,44.4519],[-72.5512,44.4498],[-72.5456,44.4473],[-72.5445,44.4448],[-72.5427,44.4426],[-72.5398,44.4404],[-72.5376,44.4395],[-72.5381,44.4389],[-72.5394,44.4394],[-72.5422,44.4353],[-72.5375,44.433],[-72.5401,44.429],[-72.5352,44.4266],[-72.5375,44.4256],[-72.5394,44.4241],[-72.5418,44.4253],[-72.5449,44.4212],[-72.5537,44.4255],[-72.557,44.421],[-72.5581,44.4216],[-72.5576,44.4224],[-72.5577,44.4234],[-72.5572,44.424],[-72.5578,44.4246],[-72.5565,44.4258],[-72.5765,44.4356],[-72.5773,44.4349],[-72.5848,44.4385],[-72.5729,44.4557],[-72.5652,44.4519],[-72.5599,44.4584],[-72.5588,44.4568]],[[-72.5552,44.4318],[-72.5549,44.4299],[-72.5525,44.4301],[-72.5528,44.432],[-72.5552,44.4318]]]}},{"type":"Feature","properties":{"name":"Mt. Mansfield State Forest","agency":"3000045200","type":"FEE_OWN","access":"open","acres":68,"owner":"PUB"},"geometry":{"type":"Polygon","coordinates":[[[-72.7854,44.5479],[-72.7849,44.541],[-72.7918,44.5426],[-72.7875,44.5486],[-72.7854,44.5479]]]}},{"type":"Feature","properties":{"name":"C.C. Putnam State Forest","agency":"3000045200","type":"FEE_OWN","access":"open","acres":197,"owner":"PUB"},"geometry":{"type":"Polygon","coordinates":[[[-72.5758,44.4679],[-72.5814,44.46],[-72.5864,44.4625],[-72.5888,44.4662],[-72.5844,44.4725],[-72.5758,44.4679]]]}},{"type":"Feature","properties":{"name":"Groton State Forest","agency":"3000045200","type":"FEE_OWN","access":"open","acres":4,"owner":"PUB"},"geometry":{"type":"Polygon","coordinates":[[[-72.2663,44.2599],[-72.2655,44.259],[-72.2675,44.261],[-72.2666,44.2585],[-72.2669,44.2579],[-72.2676,44.2579],[-72.2669,44.258],[-72.2668,44.259],[-72.2679,44.2621],[-72.2705,44.2672],[-72.2701,44.269],[-72.2695,44.2691],[-72.2702,44.2688],[-72.2705,44.2673],[-72.2697,44.2654],[-72.2676,44.2612],[-72.2663,44.2599]]]}},{"type":"Feature","properties":{"name":"C.C. Putnam State Forest","agency":"3000045200","type":"FEE_OWN","access":"open","acres":51,"owner":"PUB"},"geometry":{"type":"Polygon","coordinates":[[[-72.6268,44.4542],[-72.6258,44.4557],[-72.6165,44.4524],[-72.6179,44.4504],[-72.6272,44.4536],[-72.6268,44.4542]]]}},{"type":"Feature","properties":{"name":"Lamoille River Streambank","agency":"3000045100","type":"FEE_OWN","access":"open","acres":4,"owner":"PUB"},"geometry":{"type":"Polygon","coordinates":[[[-72.2819,44.5473],[-72.2814,44.5464],[-72.2815,44.5426],[-72.282,44.5421],[-72.2815,44.5415],[-72.2826,44.5414],[-72.283,44.5408],[-72.2822,44.5399],[-72.2816,44.5398],[-72.2816,44.5384],[-72.2803,44.5372],[-72.2811,44.5367],[-72.2813,44.5351],[-72.2819,44.5344],[-72.2817,44.5328],[-72.2821,44.5343],[-72.2814,44.5352],[-72.2813,44.5366],[-72.2805,44.5372],[-72.2817,44.5384],[-72.2816,44.5397],[-72.2831,44.5407],[-72.2827,44.5414],[-72.2815,44.5416],[-72.282,44.5421],[-72.2815,44.5426],[-72.2818,44.5429],[-72.2815,44.5432],[-72.2817,44.5434],[-72.2814,44.5441],[-72.2815,44.5467],[-72.2818,44.5473],[-72.283,44.5473],[-72.2833,44.5481],[-72.2833,44.549],[-72.2824,44.5498],[-72.2833,44.549],[-72.2833,44.5482],[-72.283,44.5474],[-72.2819,44.5473]]]}},{"type":"Feature","properties":{"name":"Groton State Forest","agency":"3000045200","type":"FEE_OWN","access":"open","acres":5086,"owner":"PUB"},"geometry":{"type":"Polygon","coordinates":[[[-72.311,44.3213],[-72.3059,44.328],[-72.2967,44.3243],[-72.2941,44.3279],[-72.2867,44.3251],[-72.2843,44.3272],[-72.2811,44.3258],[-72.2738,44.3319],[-72.2687,44.3298],[-72.2692,44.3287],[-72.2672,44.329],[-72.2543,44.3229],[-72.2476,44.3285],[-72.2327,44.3209],[-72.2344,44.3194],[-72.2309,44.3178],[-72.2359,44.3135],[-72.2385,44.3148],[-72.2462,44.308],[-72.2568,44.3131],[-72.2734,44.2997],[-72.2935,44.3087],[-72.3075,44.2972],[-72.3175,44.2989],[-72.3214,44.294],[-72.3246,44.2938],[-72.326,44.2942],[-72.3276,44.2937],[-72.3296,44.294],[-72.3301,44.2942],[-72.3304,44.2949],[-72.3397,44.2986],[-72.3244,44.3189],[-72.3339,44.3225],[-72.3327,44.3242],[-72.3319,44.324],[-72.3325,44.3244],[-72.3195,44.3417],[-72.3005,44.3345],[-72.3059,44.328],[-72.3148,44.3315],[-72.3201,44.325],[-72.311,44.3213]],[[-72.3293,44.3242],[-72.3292,44.3238],[-72.3287,44.324],[-72.3293,44.3242]],[[-72.3315,44.324],[-72.3296,44.3236],[-72.3296,44.3239],[-72.3315,44.324]],[[-72.3241,44.3069],[-72.3178,44.3011],[-72.3059,44.3085],[-72.3091,44.3113],[-72.3129,44.309],[-72.3161,44.3117],[-72.3241,44.3069]]]}},{"type":"Feature","properties":{"name":"Mt. Mansfield State Forest","agency":"3000045200","type":"FEE_OWN","access":"open","acres":19,"owner":"PUB"},"geometry":{"type":"Polygon","coordinates":[[[-72.796,44.5523],[-72.7959,44.5509],[-72.7941,44.5499],[-72.792,44.5475],[-72.7917,44.5468],[-72.7925,44.5457],[-72.7931,44.5476],[-72.7963,44.5507],[-72.7964,44.5514],[-72.7969,44.5518],[-72.7966,44.5522],[-72.7971,44.5524],[-72.7958,44.5554],[-72.7949,44.556],[-72.7943,44.5557],[-72.7952,44.5552],[-72.7963,44.5535],[-72.7965,44.5527],[-72.796,44.5523]]]}},{"type":"Feature","properties":{"name":"Mt. Mansfield State Forest","agency":"3000045200","type":"FEE_OWN","access":"open","acres":22,"owner":"PUB"},"geometry":{"type":"Polygon","coordinates":[[[-72.7045,44.5909],[-72.7001,44.5971],[-72.7019,44.5899],[-72.7045,44.5909]]]}},{"type":"Feature","properties":{"name":"C.C. Putnam State Forest","agency":"3000045200","type":"FEE_OWN","access":"open","acres":264,"owner":"PUB"},"geometry":{"type":"Polygon","coordinates":[[[-72.5509,44.4694],[-72.5452,44.4671],[-72.5508,44.4588],[-72.5624,44.4629],[-72.5567,44.4713],[-72.5509,44.4694]]]}},{"type":"Feature","properties":{"name":"W & B Preston","agency":"3000045200","type":"EASEMENT","access":"limited (easement)","acres":191,"owner":"PRIV"},"geometry":{"type":"Polygon","coordinates":[[[-72.9962,44.3974],[-72.9962,44.3971],[-72.994,44.3962],[-72.994,44.3969],[-72.9916,44.3968],[-72.9926,44.3923],[-72.9924,44.3909],[-72.9934,44.3894],[-72.9968,44.3903],[-72.9978,44.3891],[-73.0025,44.3906],[-73.0033,44.3894],[-73.0053,44.3897],[-73.0054,44.391],[-73.0071,44.3909],[-73.007,44.392],[-73.0065,44.393],[-73.0053,44.3935],[-73.0046,44.3932],[-73.0026,44.3954],[-73.0017,44.3955],[-73.0011,44.3951],[-72.9997,44.3968],[-72.9979,44.3974],[-72.9973,44.3972],[-72.9969,44.3979],[-72.9961,44.3977],[-72.9962,44.3974]]]}},{"type":"Feature","properties":{"name":"Lamoille River Streambank","agency":"3000045100","type":"FEE_OWN","access":"open","acres":11,"owner":"PUB"},"geometry":{"type":"Polygon","coordinates":[[[-72.4802,44.5531],[-72.4785,44.5528],[-72.4783,44.5515],[-72.4806,44.5513],[-72.4821,44.5522],[-72.4802,44.5531]]]}},{"type":"Feature","properties":{"name":"Molly\u2019s Falls Pond State Park","agency":"3000045200","type":"FEE_OWN","access":"open","acres":26,"owner":"PUB"},"geometry":{"type":"Polygon","coordinates":[[[-72.2767,44.3575],[-72.2771,44.3606],[-72.2793,44.3614],[-72.2765,44.3623],[-72.2736,44.3606],[-72.2744,44.359],[-72.2746,44.3591],[-72.2769,44.3562],[-72.2767,44.3575]]]}},{"type":"Feature","properties":{"name":"Elmore State Park","agency":"3000045200","type":"FEE_OWN","access":"open","acres":11,"owner":"PUB"},"geometry":{"type":"Polygon","coordinates":[[[-72.5328,44.5418],[-72.5328,44.5406],[-72.5342,44.5402],[-72.5366,44.5385],[-72.5376,44.5393],[-72.5352,44.5404],[-72.5338,44.5422],[-72.5328,44.5418]]]}},{"type":"Feature","properties":{"name":"Lewis Creek Streambank","agency":"3000045100","type":"FEE_OWN","access":"open","acres":92,"owner":"PUB"},"geometry":{"type":"Polygon","coordinates":[[[-73.0921,44.2951],[-73.0913,44.2932],[-73.0889,44.2934],[-73.0889,44.292],[-73.0894,44.2916],[-73.0888,44.2913],[-73.0889,44.2907],[-73.0864,44.291],[-73.0863,44.2915],[-73.0854,44.2915],[-73.0877,44.2903],[-73.0877,44.2899],[-73.086,44.2901],[-73.0857,44.289],[-73.085,44.289],[-73.0849,44.288],[-73.0857,44.2878],[-73.0861,44.2888],[-73.0874,44.2892],[-73.0877,44.287],[-73.0867,44.2861],[-73.0888,44.286],[-73.0887,44.2851],[-73.0868,44.2841],[-73.0882,44.284],[-73.0893,44.2847],[-73.0896,44.29],[-73.0926,44.2896],[-73.0927,44.2903],[-73.0944,44.2903],[-73.0947,44.2927],[-73.0962,44.2925],[-73.0965,44.2948],[-73.0921,44.2951]]]}},{"type":"Feature","properties":{"name":"East Hill WMA","agency":"3000045100","type":"EASEMENT","access":"limited (easement)","acres":7,"owner":"PRIV"},"geometry":{"type":"Polygon","coordinates":[[[-72.4379,44.5533],[-72.438,44.5525],[-72.4406,44.5536],[-72.4398,44.5547],[-72.4376,44.5538],[-72.4379,44.5533]]]}},{"type":"Feature","properties":{"name":"C.C. Putnam State Forest","agency":"3000045200","type":"FEE_OWN","access":"open","acres":79,"owner":"PUB"},"geometry":{"type":"Polygon","coordinates":[[[-72.6632,44.3541],[-72.6617,44.3536],[-72.668,44.3464],[-72.6713,44.3478],[-72.6661,44.3553],[-72.6632,44.3541]]]}},{"type":"Feature","properties":{"name":"Mt. Mansfield State Forest","agency":"3000045200","type":"FEE_OWN","access":"open","acres":1079,"owner":"PUB"},"geometry":{"type":"Polygon","coordinates":[[[-72.8314,44.4279],[-72.8416,44.4327],[-72.8709,44.4325],[-72.876,44.4226],[-72.8799,44.4229],[-72.8919,44.4004],[-72.8921,44.4013],[-72.8948,44.3983],[-72.8968,44.3991],[-72.897,44.4011],[-72.8976,44.4023],[-72.9003,44.4034],[-72.8995,44.4049],[-72.9024,44.4061],[-72.9022,44.4063],[-72.9012,44.4061],[-72.8993,44.4052],[-72.8991,44.4073],[-72.8941,44.4135],[-72.8903,44.4122],[-72.8876,44.4137],[-72.886,44.4154],[-72.8908,44.4173],[-72.8871,44.4214],[-72.8842,44.4203],[-72.8842,44.4261],[-72.8815,44.4295],[-72.8791,44.4285],[-72.8758,44.4327],[-72.8782,44.4337],[-72.8747,44.4387],[-72.8647,44.4346],[-72.8624,44.4375],[-72.8528,44.4337],[-72.8459,44.4431],[-72.8391,44.4414],[-72.836,44.4354],[-72.8335,44.4324],[-72.83,44.4299],[-72.8314,44.4279]]]}},{"type":"Feature","properties":{"name":"FWD Mitigation Easement","agency":"3000045100","type":"EASEMENT","access":"limited (easement)","acres":86,"owner":"PRIV"},"geometry":{"type":"MultiPolygon","coordinates":[[[[-73.0512,44.4593],[-73.048,44.4595],[-73.0472,44.4601],[-73.0457,44.4589],[-73.0461,44.4585],[-73.045,44.4579],[-73.0438,44.4589],[-73.0427,44.4585],[-73.0417,44.4589],[-73.0412,44.4596],[-73.0407,44.4594],[-73.0427,44.4574],[-73.0533,44.4598],[-73.0525,44.4616],[-73.0505,44.4609],[-73.0518,44.4595],[-73.0512,44.4593]]],[[[-73.0459,44.4642],[-73.0454,44.4639],[-73.0445,44.4624],[-73.0431,44.4636],[-73.0425,44.4631],[-73.0413,44.4632],[-73.0411,44.4626],[-73.0408,44.4632],[-73.0388,44.4626],[-73.0391,44.4619],[-73.0383,44.4618],[-73.0402,44.4598],[-73.0405,44.4601],[-73.042,44.4596],[-73.0423,44.4596],[-73.0416,44.4608],[-73.0426,44.461],[-73.0437,44.4619],[-73.0461,44.461],[-73.0458,44.4604],[-73.0463,44.4597],[-73.0484,44.4612],[-73.0503,44.4611],[-73.0518,44.4618],[-73.0506,44.4612],[-73.05,44.4613],[-73.0502,44.4622],[-73.0495,44.4626],[-73.0487,44.4625],[-73.0483,44.463],[-73.0486,44.4631],[-73.0478,44.4638],[-73.0459,44.4642]]]]}},{"type":"Feature","properties":{"name":"Mt. Mansfield State Forest","agency":"3000045200","type":"FEE_OWN","access":"open","acres":19,"owner":"PUB"},"geometry":{"type":"Polygon","coordinates":[[[-72.8092,44.5447],[-72.8142,44.5376],[-72.8141,44.539],[-72.8143,44.5395],[-72.8118,44.5436],[-72.8092,44.5447]]]}},{"type":"Feature","properties":{"name":"Elmore State Park","agency":"3000045200","type":"FEE_OWN","access":"open","acres":38,"owner":"PUB"},"geometry":{"type":"Polygon","coordinates":[[[-72.5336,44.5437],[-72.5307,44.5467],[-72.528,44.545],[-72.5261,44.5431],[-72.5271,44.5428],[-72.5269,44.5422],[-72.5291,44.5421],[-72.5308,44.5432],[-72.5316,44.543],[-72.5321,44.5435],[-72.5336,44.5437]]]}},{"type":"Feature","properties":{"name":"Groton State Forest","agency":"3000045200","type":"FEE_OWN","access":"open","acres":12,"owner":"PUB"},"geometry":{"type":"MultiPolygon","coordinates":[[[[-72.2615,44.3385],[-72.2574,44.3403],[-72.2562,44.3399],[-72.2565,44.3389],[-72.2561,44.3383],[-72.257,44.3381],[-72.2575,44.3383],[-72.2583,44.338],[-72.2585,44.3383],[-72.2574,44.3388],[-72.2591,44.3391],[-72.2599,44.3388],[-72.2597,44.3385],[-72.2615,44.3385]]],[[[-72.2602,44.3381],[-72.2598,44.3379],[-72.2607,44.3381],[-72.2602,44.3381]]]]}},{"type":"Feature","properties":{"name":"Wrightsville Dam","agency":"3000045300","type":"FEE_OWN","access":"open","acres":192,"owner":"PUB"},"geometry":{"type":"Polygon","coordinates":[[[-72.5723,44.3296],[-72.5733,44.3297],[-72.5736,44.3296],[-72.5733,44.3293],[-72.5775,44.3272],[-72.5886,44.3313],[-72.5855,44.3356],[-72.5818,44.3342],[-72.5803,44.3347],[-72.5795,44.3333],[-72.5791,44.3335],[-72.5773,44.3322],[-72.5751,44.335],[-72.5692,44.3328],[-72.5706,44.3316],[-72.5714,44.33],[-72.5723,44.3296]]]}},{"type":"Feature","properties":{"name":"Wrightsville Dam","agency":"3000045300","type":"FEE_OWN","access":"open","acres":54,"owner":"PUB"},"geometry":{"type":"Polygon","coordinates":[[[-72.5756,44.3111],[-72.5816,44.3133],[-72.5829,44.3149],[-72.5814,44.3169],[-72.5775,44.3155],[-72.5758,44.3155],[-72.5756,44.3111]]]}},{"type":"Feature","properties":{"name":"Mt. Mansfield State Forest","agency":"3000045200","type":"FEE_OWN","access":"open","acres":31,"owner":"PUB"},"geometry":{"type":"Polygon","coordinates":[[[-72.7287,44.378],[-72.729,44.3768],[-72.7275,44.3755],[-72.7349,44.378],[-72.7333,44.3804],[-72.7323,44.3798],[-72.7322,44.3802],[-72.7318,44.3796],[-72.7307,44.3798],[-72.7303,44.3791],[-72.7304,44.3783],[-72.7287,44.378]]]}},{"type":"Feature","properties":{"name":"Wrightsville Dam","agency":"3000045300","type":"FEE_OWN","access":"open","acres":9,"owner":"PUB"},"geometry":{"type":"Polygon","coordinates":[[[-72.5775,44.3258],[-72.5759,44.3248],[-72.5739,44.3244],[-72.5737,44.3237],[-72.5767,44.3231],[-72.5768,44.3251],[-72.5775,44.3258]]]}},{"type":"Feature","properties":{"name":"C.C. Putnam State Forest","agency":"3000045200","type":"FEE_OWN","access":"open","acres":4046,"owner":"PUB"},"geometry":{"type":"Polygon","coordinates":[[[-72.6153,44.4866],[-72.6174,44.4836],[-72.6081,44.4801],[-72.6126,44.474],[-72.6032,44.4706],[-72.5971,44.4793],[-72.5844,44.4725],[-72.5888,44.4662],[-72.5864,44.4625],[-72.5814,44.46],[-72.5874,44.4516],[-72.5851,44.4503],[-72.5933,44.4434],[-72.6104,44.4349],[-72.618,44.4305],[-72.6279,44.4265],[-72.6357,44.4221],[-72.6371,44.4225],[-72.6373,44.4222],[-72.6475,44.4259],[-72.6506,44.4215],[-72.6605,44.4251],[-72.6535,44.435],[-72.6436,44.4314],[-72.6407,44.4355],[-72.6361,44.4338],[-72.6375,44.4318],[-72.632,44.4298],[-72.6247,44.44],[-72.6301,44.4419],[-72.6287,44.444],[-72.6236,44.4422],[-72.6222,44.4442],[-72.6273,44.446],[-72.6258,44.4481],[-72.6207,44.4463],[-72.6193,44.4483],[-72.6295,44.4519],[-72.6308,44.45],[-72.6393,44.4532],[-72.6373,44.4561],[-72.6443,44.4588],[-72.6406,44.4636],[-72.6393,44.4641],[-72.6381,44.4654],[-72.6323,44.4632],[-72.6363,44.4575],[-72.6268,44.4542],[-72.6272,44.4536],[-72.6179,44.4504],[-72.6165,44.4524],[-72.6258,44.4557],[-72.6237,44.4587],[-72.6215,44.4606],[-72.6208,44.4619],[-72.6123,44.4588],[-72.6076,44.4649],[-72.6167,44.4684],[-72.6147,44.4712],[-72.6147,44.4721],[-72.6154,44.4724],[-72.6156,44.4731],[-72.623,44.476],[-72.6226,44.4765],[-72.6247,44.4766],[-72.6249,44.4784],[-72.6258,44.4797],[-72.6287,44.4821],[-72.628,44.4844],[-72.6272,44.4853],[-72.6263,44.4854],[-72.6247,44.4848],[-72.6219,44.4889],[-72.6193,44.4884],[-72.6153,44.4866]]]}},{"type":"Feature","properties":{"name":"C.C. Putnam State Forest","agency":"3000045200","type":"FEE_OWN","access":"open","acres":4,"owner":"PUB"},"geometry":{"type":"Polygon","coordinates":[[[-72.7364,44.3338],[-72.7367,44.3317],[-72.7363,44.329],[-72.7378,44.3287],[-72.738,44.3276],[-72.7388,44.328],[-72.7399,44.3273],[-72.739,44.3281],[-72.7381,44.3277],[-72.738,44.3288],[-72.7365,44.3291],[-72.7369,44.3317],[-72.7364,44.3338]]]}},{"type":"Feature","properties":{"name":"Mt. Mansfield State Forest","agency":"3000045200","type":"FEE_OWN","access":"open","acres":48,"owner":"PUB"},"geometry":{"type":"Polygon","coordinates":[[[-72.7874,44.5334],[-72.7894,44.5345],[-72.7849,44.541],[-72.7839,44.5341],[-72.786,44.5333],[-72.7874,44.5334]]]}},{"type":"Feature","properties":{"name":"Roxbury State Forest","agency":"3000045200","type":"FEE_OWN","access":"open","acres":1022,"owner":"PUB"},"geometry":{"type":"Polygon","coordinates":[[[-72.7175,44.0657],[-72.7226,44.0569],[-72.7208,44.0563],[-72.7214,44.0547],[-72.7211,44.0511],[-72.7225,44.0485],[-72.7269,44.05],[-72.7281,44.048],[-72.7308,44.0489],[-72.7349,44.0506],[-72.7334,44.0528],[-72.7359,44.0537],[-72.7374,44.0515],[-72.7435,44.0534],[-72.7426,44.0584],[-72.7347,44.0555],[-72.7317,44.0597],[-72.7412,44.0633],[-72.7412,44.0657],[-72.7419,44.0664],[-72.7421,44.0677],[-72.7444,44.0685],[-72.7452,44.0698],[-72.7409,44.0689],[-72.7399,44.0718],[-72.7382,44.0714],[-72.7323,44.0806],[-72.7249,44.078],[-72.7275,44.0739],[-72.7239,44.0726],[-72.7266,44.0682],[-72.7175,44.0657]]]}},{"type":"Feature","properties":{"name":"Elmore State Park","agency":"3000045200","type":"FEE_OWN","access":"open","acres":120,"owner":"PUB"},"geometry":{"type":"Polygon","coordinates":[[[-72.5366,44.5505],[-72.5307,44.5467],[-72.5339,44.5434],[-72.5344,44.5424],[-72.5435,44.5457],[-72.5373,44.551],[-72.5366,44.5505]]]}},{"type":"Feature","properties":{"name":"Yandow","agency":"3000045200","type":"EASEMENT","access":"open","acres":59,"owner":"PUB"},"geometry":{"type":"Polygon","coordinates":[[[-72.938,44.4421],[-72.931,44.4387],[-72.9311,44.4375],[-72.9325,44.4345],[-72.9351,44.4358],[-72.9346,44.4373],[-72.9401,44.4401],[-72.94,44.4405],[-72.9383,44.4402],[-72.938,44.4421]]]}},{"type":"Feature","properties":{"name":"Steam Mill Brook WMA","agency":"3000045100","type":"FEE_OWN","access":"open","acres":37,"owner":"PUB"},"geometry":{"type":"Polygon","coordinates":[[[-72.2176,44.4656],[-72.2187,44.4645],[-72.2181,44.4637],[-72.2195,44.4626],[-72.2198,44.4634],[-72.221,44.4636],[-72.2208,44.4641],[-72.2211,44.4648],[-72.2232,44.4642],[-72.224,44.4643],[-72.2246,44.465],[-72.2227,44.4676],[-72.2176,44.4656]]]}},{"type":"Feature","properties":{"name":"Elmore State Park","agency":"3000045200","type":"FEE_OWN","access":"open","acres":204,"owner":"PUB"},"geometry":{"type":"MultiPolygon","coordinates":[[[[-72.5344,44.5424],[-72.5356,44.5411],[-72.5364,44.5414],[-72.5374,44.5401],[-72.5385,44.541],[-72.5395,44.5409],[-72.5402,44.5355],[-72.5512,44.5395],[-72.5456,44.5465],[-72.5344,44.5424]]],[[[-72.5366,44.5385],[-72.5378,44.5376],[-72.5391,44.5377],[-72.5388,44.5403],[-72.5366,44.5385]]]]}},{"type":"Feature","properties":{"name":"Groton State Forest","agency":"3000045200","type":"FEE_OWN","access":"open","acres":278,"owner":"PUB"},"geometry":{"type":"Polygon","coordinates":[[[-72.2148,44.303],[-72.2228,44.2967],[-72.2328,44.3017],[-72.2284,44.3053],[-72.2337,44.3078],[-72.2303,44.3107],[-72.2148,44.303]]]}},{"type":"Feature","properties":{"name":"Mt. Mansfield State Forest","agency":"3000045200","type":"FEE_OWN","access":"open","acres":69,"owner":"PUB"},"geometry":{"type":"Polygon","coordinates":[[[-72.8071,44.3814],[-72.8079,44.3781],[-72.8086,44.3784],[-72.8136,44.371],[-72.8162,44.3721],[-72.8089,44.382],[-72.8071,44.3814]]]}},{"type":"Feature","properties":{"name":"Haders River Corridor Easement","agency":"4000052230","type":"EASEMENT","access":"open","acres":14,"owner":"PUB"},"geometry":{"type":"Polygon","coordinates":[[[-72.4738,44.5853],[-72.474,44.5847],[-72.4733,44.5843],[-72.4736,44.5834],[-72.4745,44.5827],[-72.4752,44.5827],[-72.4734,44.5885],[-72.4722,44.5881],[-72.4723,44.5869],[-72.4738,44.5853]]]}},{"type":"Feature","properties":{"name":"Fred Johnson WMA","agency":"3000045100","type":"FEE_OWN","access":"open","acres":128,"owner":"PUB"},"geometry":{"type":"Polygon","coordinates":[[[-73.0561,44.3162],[-73.0501,44.3112],[-73.0487,44.3107],[-73.047,44.3039],[-73.0529,44.3033],[-73.0561,44.3162]]]}},{"type":"Feature","properties":{"name":"C.C. Putnam State Forest","agency":"3000045200","type":"FEE_OWN","access":"open","acres":344,"owner":"PUB"},"geometry":{"type":"Polygon","coordinates":[[[-72.7399,44.3273],[-72.7388,44.328],[-72.738,44.3276],[-72.7378,44.3287],[-72.7363,44.329],[-72.7367,44.3317],[-72.7364,44.3338],[-72.7344,44.3331],[-72.7335,44.3342],[-72.7309,44.3331],[-72.7302,44.3339],[-72.7277,44.3329],[-72.7248,44.3371],[-72.7217,44.3359],[-72.7226,44.3347],[-72.7176,44.3327],[-72.7199,44.3291],[-72.7171,44.3282],[-72.7195,44.3233],[-72.7343,44.3283],[-72.7361,44.3258],[-72.7399,44.3273]]]}},{"type":"Feature","properties":{"name":"C.C. Putnam State Forest","agency":"3000045200","type":"FEE_OWN","access":"open","acres":93,"owner":"PUB"},"geometry":{"type":"Polygon","coordinates":[[[-72.5729,44.4557],[-72.5743,44.4565],[-72.5715,44.4599],[-72.5626,44.4552],[-72.5652,44.4519],[-72.5729,44.4557]]]}},{"type":"Feature","properties":{"name":"Mt. Mansfield State Forest","agency":"3000045200","type":"FEE_OWN","access":"open","acres":15,"owner":"PUB"},"geometry":{"type":"Polygon","coordinates":[[[-72.7572,44.4431],[-72.7588,44.4408],[-72.7632,44.4425],[-72.7627,44.443],[-72.7612,44.443],[-72.7601,44.4425],[-72.7585,44.4432],[-72.7572,44.4431]]]}},{"type":"Feature","properties":{"name":"Roxbury State Forest","agency":"3000045200","type":"FEE_OWN","access":"open","acres":347,"owner":"PUB"},"geometry":{"type":"Polygon","coordinates":[[[-72.8029,44.0599],[-72.8012,44.0566],[-72.8031,44.0551],[-72.8051,44.055],[-72.8061,44.0539],[-72.8068,44.0527],[-72.8069,44.0491],[-72.8073,44.0481],[-72.8186,44.0517],[-72.8073,44.0692],[-72.8073,44.0643],[-72.8067,44.0632],[-72.8041,44.0615],[-72.8029,44.0599]]]}},{"type":"Feature","properties":{"name":"Camels Hump State Park","agency":"3000045200","type":"FEE_OWN","access":"open","acres":262,"owner":"PUB"},"geometry":{"type":"Polygon","coordinates":[[[-72.8985,44.334],[-72.9145,44.3373],[-72.9129,44.3405],[-72.9066,44.3391],[-72.9038,44.3456],[-72.8944,44.343],[-72.8985,44.334]]]}},{"type":"Feature","properties":{"name":"Camels Hump State Park","agency":"3000045200","type":"FEE_OWN","access":"open","acres":116,"owner":"PUB"},"geometry":{"type":"Polygon","coordinates":[[[-72.8606,44.3411],[-72.8625,44.3373],[-72.8741,44.3415],[-72.872,44.3454],[-72.8606,44.3411]]]}},{"type":"Feature","properties":{"name":"Camels Hump State Park","agency":"3000045200","type":"FEE_OWN","access":"open","acres":60,"owner":"PUB"},"geometry":{"type":"Polygon","coordinates":[[[-72.9109,44.3102],[-72.9121,44.3079],[-72.9225,44.3108],[-72.9213,44.3131],[-72.9109,44.3102]]]}},{"type":"Feature","properties":{"name":"Camels Hump State Park","agency":"3000045200","type":"FEE_OWN","access":"open","acres":948,"owner":"PUB"},"geometry":{"type":"Polygon","coordinates":[[[-72.8819,44.3703],[-72.878,44.3702],[-72.8799,44.3666],[-72.8694,44.3639],[-72.8703,44.3619],[-72.8642,44.3604],[-72.8714,44.3466],[-72.8901,44.3516],[-72.8878,44.3562],[-72.8972,44.3587],[-72.8927,44.3674],[-72.8852,44.3654],[-72.8827,44.3703],[-72.8819,44.3703]]]}},{"type":"Feature","properties":{"name":"Camels Hump State Park","agency":"3000045200","type":"FEE_OWN","access":"open","acres":11,"owner":"PUB"},"geometry":{"type":"Polygon","coordinates":[[[-72.8411,44.3461],[-72.8415,44.3456],[-72.8436,44.3465],[-72.8427,44.3483],[-72.8403,44.3473],[-72.8411,44.3461]]]}},{"type":"Feature","properties":{"name":"Camels Hump State Park","agency":"3000045200","type":"FEE_OWN","access":"open","acres":4758,"owner":"PUB"},"geometry":{"type":"MultiPolygon","coordinates":[[[[-72.8109,44.3244],[-72.8133,44.3222],[-72.8136,44.3212],[-72.813,44.3179],[-72.8131,44.3169],[-72.8166,44.312],[-72.8175,44.3098],[-72.8198,44.3087],[-72.8232,44.309],[-72.823,44.3038],[-72.8237,44.3008],[-72.8226,44.2966],[-72.8235,44.2961],[-72.8301,44.2942],[-72.8329,44.2925],[-72.8382,44.2934],[-72.8403,44.2933],[-72.8411,44.293],[-72.8421,44.2917],[-72.8446,44.2909],[-72.847,44.2907],[-72.8482,44.2901],[-72.8506,44.2876],[-72.8527,44.2881],[-72.8548,44.287],[-72.8579,44.2875],[-72.8608,44.2873],[-72.8646,44.2805],[-72.8882,44.2886],[-72.8762,44.3114],[-72.8642,44.3069],[-72.8603,44.3142],[-72.8488,44.3098],[-72.8491,44.3092],[-72.8475,44.3085],[-72.8463,44.3101],[-72.8388,44.3073],[-72.8397,44.3056],[-72.8316,44.3026],[-72.8281,44.3095],[-72.8362,44.3125],[-72.8354,44.3141],[-72.8313,44.3127],[-72.8286,44.3177],[-72.8259,44.3179],[-72.8246,44.3184],[-72.8243,44.3205],[-72.8249,44.3253],[-72.8214,44.3244],[-72.8203,44.3259],[-72.8192,44.3264],[-72.8176,44.3294],[-72.8103,44.3264],[-72.8109,44.3244]]],[[[-72.8453,44.3609],[-72.8428,44.3608],[-72.8432,44.36],[-72.8327,44.3577],[-72.8349,44.3514],[-72.8313,44.3507],[-72.831,44.3482],[-72.8322,44.3463],[-72.8321,44.3443],[-72.8427,44.3483],[-72.8468,44.3398],[-72.8462,44.3389],[-72.845,44.3386],[-72.8427,44.3365],[-72.8406,44.3357],[-72.8379,44.3372],[-72.8342,44.3359],[-72.8354,44.3343],[-72.8361,44.3322],[-72.8485,44.3365],[-72.8504,44.3329],[-72.8381,44.3286],[-72.8385,44.3279],[-72.8363,44.3271],[-72.8386,44.3256],[-72.8388,44.3238],[-72.84,44.3235],[-72.8404,44.3227],[-72.8409,44.3233],[-72.8424,44.3207],[-72.8462,44.321],[-72.8469,44.3179],[-72.8565,44.3213],[-72.8525,44.3291],[-72.8646,44.3335],[-72.853,44.3554],[-72.8507,44.3589],[-72.8496,44.3584],[-72.8473,44.3615],[-72.8453,44.3609]]]]}},{"type":"Feature","properties":{"name":"Camels Hump State Park","agency":"3000045200","type":"FEE_OWN","access":"open","acres":121,"owner":"PUB"},"geometry":{"type":"Polygon","coordinates":[[[-72.8525,44.3291],[-72.8545,44.3253],[-72.8666,44.3296],[-72.8646,44.3335],[-72.8525,44.3291]]]}},{"type":"Feature","properties":{"name":"Camels Hump State Forest","agency":"3000045200","type":"FEE_OWN","access":"open","acres":545,"owner":"PUB"},"geometry":{"type":"Polygon","coordinates":[[[-72.8445,44.1768],[-72.8434,44.1748],[-72.8443,44.1732],[-72.8412,44.1717],[-72.8422,44.1651],[-72.8435,44.1632],[-72.8428,44.163],[-72.8483,44.1571],[-72.8528,44.1595],[-72.8557,44.1567],[-72.8614,44.1586],[-72.8635,44.1603],[-72.847,44.1773],[-72.8445,44.1768]]]}},{"type":"Feature","properties":{"name":"Camels Hump State Park","agency":"3000045200","type":"FEE_OWN","access":"open","acres":1140,"owner":"PUB"},"geometry":{"type":"Polygon","coordinates":[[[-72.9243,44.2701],[-72.9233,44.2843],[-72.9061,44.2808],[-72.8962,44.2773],[-72.9049,44.2597],[-72.9251,44.2605],[-72.9243,44.2701]]]}},{"type":"Feature","properties":{"name":"Camels Hump State Park","agency":"3000045200","type":"FEE_OWN","access":"open","acres":710,"owner":"PUB"},"geometry":{"type":"Polygon","coordinates":[[[-72.8803,44.3297],[-72.8875,44.316],[-72.895,44.318],[-72.896,44.3162],[-72.897,44.3165],[-72.8986,44.3136],[-72.9077,44.3162],[-72.8985,44.334],[-72.8803,44.3297]]]}},{"type":"Feature","properties":{"name":"Camels Hump State Park","agency":"3000045200","type":"FEE_OWN","access":"open","acres":73,"owner":"PUB"},"geometry":{"type":"Polygon","coordinates":[[[-72.8642,44.3604],[-72.8703,44.3619],[-72.8676,44.3675],[-72.8631,44.3657],[-72.8636,44.365],[-72.8626,44.3635],[-72.8642,44.3604]]]}},{"type":"Feature","properties":{"name":"Camels Hump State Park","agency":"3000045200","type":"FEE_OWN","access":"open","acres":306,"owner":"PUB"},"geometry":{"type":"Polygon","coordinates":[[[-72.9184,44.3183],[-72.9248,44.3063],[-72.9317,44.308],[-72.9306,44.3101],[-72.9361,44.3116],[-72.9323,44.3188],[-72.9263,44.3171],[-72.9243,44.3208],[-72.9214,44.3201],[-72.9219,44.3192],[-72.9184,44.3183]]]}},{"type":"Feature","properties":{"name":"Camels Hump State Park","agency":"3000045200","type":"FEE_OWN","access":"open","acres":111,"owner":"PUB"},"geometry":{"type":"Polygon","coordinates":[[[-72.8455,44.3157],[-72.8467,44.3135],[-72.8584,44.3178],[-72.8565,44.3213],[-72.8447,44.3169],[-72.8455,44.3157]]]}},{"type":"Feature","properties":{"name":"Camels Hump State Park","agency":"3000045200","type":"FEE_OWN","access":"open","acres":318,"owner":"PUB"},"geometry":{"type":"Polygon","coordinates":[[[-72.9145,44.3373],[-72.9179,44.3302],[-72.9376,44.3356],[-72.9345,44.3415],[-72.9145,44.3373]]]}},{"type":"Feature","properties":{"name":"Camels Hump State Forest","agency":"3000045200","type":"FEE_OWN","access":"open","acres":42,"owner":"PUB"},"geometry":{"type":"Polygon","coordinates":[[[-72.9679,44.1762],[-72.9694,44.1782],[-72.9609,44.1802],[-72.9604,44.178],[-72.9679,44.1762]]]}},{"type":"Feature","properties":{"name":"Camels Hump State Park","agency":"3000045200","type":"FEE_OWN","access":"open","acres":209,"owner":"PUB"},"geometry":{"type":"Polygon","coordinates":[[[-72.8705,44.3221],[-72.8742,44.3151],[-72.8857,44.3194],[-72.882,44.3263],[-72.8705,44.3221]]]}},{"type":"Feature","properties":{"name":"Camels Hump State Forest","agency":"3000045200","type":"FEE_OWN","access":"open","acres":1474,"owner":"PUB"},"geometry":{"type":"Polygon","coordinates":[[[-72.9458,44.2184],[-72.9441,44.2183],[-72.9405,44.2167],[-72.9403,44.2163],[-72.9408,44.2158],[-72.9426,44.2155],[-72.9406,44.2148],[-72.9386,44.2151],[-72.9378,44.2149],[-72.9356,44.2136],[-72.9357,44.2117],[-72.9337,44.2106],[-72.9309,44.211],[-72.9289,44.2085],[-72.9307,44.2056],[-72.9361,44.2057],[-72.9348,44.1993],[-72.9356,44.1981],[-72.9354,44.1958],[-72.9369,44.1927],[-72.9311,44.1914],[-72.9289,44.1878],[-72.9407,44.1876],[-72.9406,44.1883],[-72.9498,44.1887],[-72.9502,44.1845],[-72.9557,44.1845],[-72.958,44.1938],[-72.9562,44.1939],[-72.9571,44.1987],[-72.9627,44.1981],[-72.9624,44.1987],[-72.9628,44.2004],[-72.9633,44.2009],[-72.9634,44.2051],[-72.964,44.2062],[-72.9648,44.2057],[-72.9657,44.2084],[-72.9641,44.2086],[-72.9638,44.2082],[-72.9609,44.2078],[-72.9559,44.2092],[-72.955,44.2088],[-72.9544,44.2092],[-72.95,44.2077],[-72.9483,44.2061],[-72.9473,44.2188],[-72.9458,44.2184]]]}},{"type":"Feature","properties":{"name":"Camels Hump State Park","agency":"3000045200","type":"FEE_OWN","access":"open","acres":233,"owner":"PUB"},"geometry":{"type":"Polygon","coordinates":[[[-72.8882,44.2886],[-72.8893,44.2865],[-72.9008,44.2906],[-72.8967,44.2984],[-72.8852,44.2943],[-72.8882,44.2886]]]}},{"type":"Feature","properties":{"name":"Camels Hump State Forest","agency":"3000045200","type":"FEE_OWN","access":"open","acres":91,"owner":"PUB"},"geometry":{"type":"Polygon","coordinates":[[[-72.9568,44.1847],[-72.9592,44.1855],[-72.961,44.1933],[-72.9634,44.1931],[-72.9636,44.1946],[-72.9643,44.1943],[-72.9638,44.195],[-72.9627,44.1949],[-72.963,44.1964],[-72.9635,44.1964],[-72.9627,44.1981],[-72.9594,44.1985],[-72.9568,44.1847]]]}},{"type":"Feature","properties":{"name":"Camels Hump State Park","agency":"3000045200","type":"FEE_OWN","access":"open","acres":113,"owner":"PUB"},"geometry":{"type":"Polygon","coordinates":[[[-72.8565,44.3487],[-72.8567,44.3484],[-72.8682,44.3527],[-72.8662,44.3565],[-72.8547,44.3522],[-72.8565,44.3487]]]}},{"type":"Feature","properties":{"name":"Camel's Hump State Park","agency":"3000045200","type":"FEE_OWN","access":"open","acres":68,"owner":"PUB"},"geometry":{"type":"Polygon","coordinates":[[[-72.83,44.3559],[-72.8311,44.3548],[-72.8316,44.3531],[-72.8322,44.3522],[-72.8338,44.3512],[-72.8349,44.3514],[-72.8327,44.3577],[-72.8393,44.3591],[-72.839,44.3604],[-72.8427,44.3608],[-72.8425,44.3611],[-72.8397,44.3605],[-72.8384,44.3607],[-72.8327,44.3586],[-72.8327,44.358],[-72.8304,44.3574],[-72.8301,44.3579],[-72.8293,44.3577],[-72.8286,44.3584],[-72.8268,44.3578],[-72.8275,44.3579],[-72.8271,44.3576],[-72.8293,44.3559],[-72.8302,44.3524],[-72.8301,44.3516],[-72.8307,44.3507],[-72.8302,44.3518],[-72.83,44.3527],[-72.8303,44.3529],[-72.8296,44.3567],[-72.8309,44.3569],[-72.8312,44.3561],[-72.83,44.3559]]]}},{"type":"Feature","properties":{"name":"Camels Hump State Park","agency":"3000045200","type":"FEE_OWN","access":"open","acres":348,"owner":"PUB"},"geometry":{"type":"Polygon","coordinates":[[[-72.8545,44.3253],[-72.8603,44.3142],[-72.8723,44.3187],[-72.8666,44.3296],[-72.8545,44.3253]]]}},{"type":"Feature","properties":{"name":"Mt. Mansfield State Forest","agency":"3000045200","type":"FEE_OWN","access":"open","acres":196,"owner":"PUB"},"geometry":{"type":"Polygon","coordinates":[[[-72.8119,44.4405],[-72.8178,44.4326],[-72.8267,44.4359],[-72.8207,44.4439],[-72.8119,44.4405]]]}},{"type":"Feature","properties":{"name":"Mt. Mansfield State Forest","agency":"3000045200","type":"FEE_OWN","access":"open","acres":13,"owner":"PUB"},"geometry":{"type":"Polygon","coordinates":[[[-72.7452,44.3874],[-72.7434,44.3888],[-72.7411,44.3881],[-72.7426,44.3862],[-72.7452,44.3874]]]}},{"type":"Feature","properties":{"name":"Mt. Mansfield State Forest","agency":"3000045200","type":"FEE_OWN","access":"open","acres":136,"owner":"PUB"},"geometry":{"type":"Polygon","coordinates":[[[-72.7777,44.3626],[-72.7818,44.3638],[-72.7821,44.3654],[-72.7829,44.3658],[-72.7775,44.3739],[-72.7723,44.3719],[-72.7757,44.3668],[-72.7747,44.3666],[-72.7769,44.3637],[-72.778,44.3637],[-72.7777,44.3626]]]}},{"type":"Feature","properties":{"name":"Mt. Mansfield State Forest","agency":"3000045200","type":"FEE_OWN","access":"open","acres":93,"owner":"PUB"},"geometry":{"type":"Polygon","coordinates":[[[-72.7829,44.3658],[-72.7821,44.3654],[-72.7818,44.3638],[-72.7769,44.3624],[-72.7771,44.361],[-72.7759,44.3596],[-72.7762,44.3585],[-72.7773,44.3588],[-72.7779,44.3576],[-72.7812,44.3578],[-72.783,44.3598],[-72.7826,44.3629],[-72.7857,44.3627],[-72.7868,44.363],[-72.7844,44.3664],[-72.7829,44.3658]]]}},{"type":"Feature","properties":{"name":"Mt. Mansfield State Forest","agency":"3000045200","type":"FEE_OWN","access":"open","acres":11,"owner":"PUB"},"geometry":{"type":"Polygon","coordinates":[[[-72.7585,44.3963],[-72.7594,44.3952],[-72.7628,44.3967],[-72.7619,44.3978],[-72.7585,44.3963]]]}},{"type":"Feature","properties":{"name":null,"agency":"3000045200","type":"FEE_OWN","access":"open","acres":11,"owner":"PUB"},"geometry":{"type":"Polygon","coordinates":[[[-72.7321,44.3363],[-72.7316,44.3383],[-72.7291,44.3379],[-72.7296,44.336],[-72.7321,44.3363]]]}},{"type":"Feature","properties":{"name":"Roxbury State Forest","agency":"3000045200","type":"FEE_OWN","access":"open","acres":16,"owner":"PUB"},"geometry":{"type":"Polygon","coordinates":[[[-72.7771,44.0676],[-72.7758,44.0695],[-72.7728,44.0686],[-72.7732,44.0665],[-72.7771,44.0676]]]}},{"type":"Feature","properties":{"name":"Pine Mountain WMA","agency":"3000045100","type":"FEE_OWN","access":"open","acres":125,"owner":"PUB"},"geometry":{"type":"Polygon","coordinates":[[[-72.2141,44.1793],[-72.2132,44.1792],[-72.2146,44.1715],[-72.2221,44.1734],[-72.2205,44.1806],[-72.2141,44.1793]]]}},{"type":"Feature","properties":{"name":"Baker Pond","agency":"3000045100","type":"FEE_OWN","access":"open","acres":9,"owner":"PUB"},"geometry":{"type":"Polygon","coordinates":[[[-72.6359,44.0711],[-72.6351,44.0706],[-72.6345,44.0706],[-72.6339,44.0695],[-72.6366,44.0692],[-72.637,44.0708],[-72.6368,44.0712],[-72.6359,44.0711]]]}},{"type":"Feature","properties":{"name":"C.C. Putnam State Forest","agency":"3000045200","type":"FEE_OWN","access":"open","acres":124,"owner":"PUB"},"geometry":{"type":"Polygon","coordinates":[[[-72.6403,44.3912],[-72.6456,44.3939],[-72.6427,44.3945],[-72.6439,44.3978],[-72.6434,44.4004],[-72.6402,44.4005],[-72.6387,44.4002],[-72.6385,44.3997],[-72.6361,44.4001],[-72.6344,44.3994],[-72.6403,44.3912]]]}},{"type":"Feature","properties":{"name":"East Hill WMA","agency":"3000045100","type":"FEE_OWN","access":"open","acres":25,"owner":"PUB"},"geometry":{"type":"Polygon","coordinates":[[[-72.4203,44.5497],[-72.4208,44.5471],[-72.4255,44.5493],[-72.425,44.55],[-72.4217,44.5494],[-72.4208,44.5518],[-72.4188,44.5529],[-72.4197,44.5515],[-72.4203,44.5497]]]}},{"type":"Feature","properties":{"name":"Mt. Mansfield State Forest","agency":"3000045200","type":"FEE_OWN","access":"open","acres":47,"owner":"PUB"},"geometry":{"type":"Polygon","coordinates":[[[-72.7743,44.5225],[-72.7723,44.5214],[-72.7705,44.5195],[-72.773,44.5193],[-72.7746,44.5185],[-72.7783,44.5188],[-72.7791,44.5199],[-72.779,44.5209],[-72.7777,44.5217],[-72.7762,44.5215],[-72.7743,44.5225]]]}},{"type":"Feature","properties":{"name":"Steam Mill Brook WMA","agency":"3000045100","type":"FEE_OWN","access":"open","acres":2508,"owner":"PUB"},"geometry":{"type":"Polygon","coordinates":[[[-72.1513,44.5001],[-72.2041,44.5201],[-72.1942,44.5334],[-72.188,44.5309],[-72.1827,44.5377],[-72.1842,44.5383],[-72.1858,44.5408],[-72.1879,44.5421],[-72.1852,44.5461],[-72.1562,44.5292],[-72.1622,44.5217],[-72.153,44.5181],[-72.1586,44.5109],[-72.1468,44.5063],[-72.1513,44.5001]]]}},{"type":"Feature","properties":{"name":"East Barre Dam","agency":"3000045300","type":"FEE_OWN","access":"open","acres":85,"owner":"PUB"},"geometry":{"type":"Polygon","coordinates":[[[-72.4286,44.1582],[-72.423,44.1562],[-72.4215,44.1569],[-72.423,44.1522],[-72.4249,44.1514],[-72.4265,44.1519],[-72.4268,44.1515],[-72.43,44.1526],[-72.43,44.155],[-72.4284,44.1565],[-72.4297,44.1571],[-72.4286,44.1582]]]}},{"type":"Feature","properties":{"name":"Mt. Mansfield State Forest","agency":"3000045200","type":"FEE_OWN","access":"open","acres":67,"owner":"PUB"},"geometry":{"type":"Polygon","coordinates":[[[-72.8367,44.5224],[-72.8381,44.5205],[-72.8476,44.5241],[-72.8481,44.5235],[-72.8516,44.5248],[-72.8517,44.5252],[-72.8509,44.5258],[-72.8491,44.5251],[-72.8483,44.5252],[-72.8458,44.5264],[-72.8461,44.5261],[-72.8367,44.5224]]]}},{"type":"Feature","properties":{"name":"C.C. Putname State Forest (Patterson Brook)","agency":"3000045200","type":"FEE_OWN","access":"open","acres":4,"owner":"PUB"},"geometry":{"type":"Polygon","coordinates":[[[-72.6145,44.3836],[-72.6147,44.3837],[-72.6091,44.385],[-72.6049,44.3848],[-72.6037,44.3842],[-72.6024,44.3848],[-72.6017,44.3845],[-72.6024,44.3846],[-72.6037,44.384],[-72.605,44.3847],[-72.6091,44.3849],[-72.6145,44.3836]]]}},{"type":"Feature","properties":{"name":"Mt. Mansfield State Forest","agency":"3000045200","type":"FEE_OWN","access":"open","acres":4141,"owner":"PUB"},"geometry":{"type":"MultiPolygon","coordinates":[[[[-72.7869,44.4673],[-72.7874,44.4672],[-72.7868,44.4679],[-72.7869,44.4673]]],[[[-72.7953,44.5195],[-72.7934,44.5162],[-72.7933,44.5154],[-72.7943,44.5145],[-72.7936,44.5138],[-72.793,44.5139],[-72.7923,44.5151],[-72.7905,44.5163],[-72.7896,44.5173],[-72.7883,44.5167],[-72.787,44.5177],[-72.7855,44.5154],[-72.7843,44.5172],[-72.7823,44.5161],[-72.7839,44.5138],[-72.7666,44.5073],[-72.7784,44.4904],[-72.787,44.4936],[-72.7898,44.4897],[-72.7762,44.4844],[-72.7796,44.48],[-72.7759,44.4785],[-72.7773,44.4765],[-72.7863,44.4796],[-72.7904,44.474],[-72.7904,44.4724],[-72.7894,44.4702],[-72.7902,44.4695],[-72.7902,44.4682],[-72.7889,44.4678],[-72.7906,44.4677],[-72.7916,44.4685],[-72.7924,44.4685],[-72.7924,44.4677],[-72.7917,44.4674],[-72.7911,44.4678],[-72.7903,44.4674],[-72.7891,44.4675],[-72.7886,44.4673],[-72.7888,44.4668],[-72.7874,44.467],[-72.7872,44.4664],[-72.7861,44.4667],[-72.7843,44.4661],[-72.7903,44.4579],[-72.7989,44.4613],[-72.7977,44.463],[-72.8079,44.467],[-72.8091,44.4654],[-72.8121,44.4666],[-72.8125,44.4661],[-72.8135,44.4666],[-72.8199,44.4639],[-72.8216,44.4645],[-72.8272,44.4566],[-72.8379,44.459],[-72.8039,44.506],[-72.8082,44.5076],[-72.7996,44.5198],[-72.7983,44.5196],[-72.7971,44.5216],[-72.7969,44.5208],[-72.7953,44.5195]]],[[[-72.7933,44.4684],[-72.793,44.4686],[-72.7939,44.4685],[-72.7933,44.4684]]],[[[-72.813,44.4766],[-72.8152,44.4735],[-72.8219,44.4761],[-72.8251,44.4717],[-72.8184,44.4691],[-72.8109,44.4708],[-72.7994,44.4663],[-72.7977,44.4675],[-72.7951,44.4681],[-72.797,44.468],[-72.7987,44.4687],[-72.798,44.4699],[-72.8039,44.4722],[-72.8035,44.4728],[-72.813,44.4766]]]]}},{"type":"Feature","properties":{"name":"East Hill WMA","agency":"3000045100","type":"EASEMENT","access":"limited (easement)","acres":9,"owner":"PRIV"},"geometry":{"type":"Polygon","coordinates":[[[-72.426,44.5699],[-72.428,44.5708],[-72.4268,44.5722],[-72.4245,44.5713],[-72.426,44.5699]]]}},{"type":"Feature","properties":{"name":"Groton State Forest","agency":"3000045200","type":"FEE_OWN","access":"open","acres":163,"owner":"PUB"},"geometry":{"type":"Polygon","coordinates":[[[-72.2835,44.2411],[-72.2835,44.2303],[-72.2822,44.2297],[-72.2806,44.2297],[-72.2807,44.2294],[-72.2787,44.2283],[-72.2768,44.2264],[-72.2755,44.2242],[-72.277,44.2252],[-72.2824,44.226],[-72.2823,44.2297],[-72.2837,44.2303],[-72.2848,44.2317],[-72.2899,44.2325],[-72.29,44.2375],[-72.2884,44.2373],[-72.2884,44.242],[-72.2835,44.2411]]]}},{"type":"Feature","properties":{"name":"Park Forestry Groton North","agency":"3000045200","type":"EASEMENT","access":"limited (easement)","acres":930,"owner":"PRIV"},"geometry":{"type":"Polygon","coordinates":[[[-72.2396,44.2364],[-72.2392,44.2363],[-72.2385,44.2385],[-72.2365,44.2379],[-72.2346,44.2351],[-72.2381,44.2357],[-72.2381,44.2335],[-72.2392,44.2336],[-72.2393,44.23],[-72.2366,44.2296],[-72.2369,44.2278],[-72.2392,44.2282],[-72.2393,44.2239],[-72.242,44.2243],[-72.241,44.2253],[-72.2448,44.226],[-72.2437,44.2269],[-72.2414,44.2277],[-72.241,44.2289],[-72.2514,44.2307],[-72.251,44.2257],[-72.2512,44.2207],[-72.2615,44.2224],[-72.2616,44.2269],[-72.2676,44.228],[-72.2677,44.234],[-72.2737,44.2395],[-72.2738,44.2442],[-72.2513,44.2403],[-72.2513,44.2379],[-72.2538,44.2382],[-72.2543,44.239],[-72.2549,44.2385],[-72.2549,44.2369],[-72.2514,44.2364],[-72.2513,44.2357],[-72.241,44.234],[-72.2396,44.2345],[-72.2396,44.2364]]]}},{"type":"Feature","properties":{"name":"Lamoille River Streambank","agency":"3000045100","type":"FEE_OWN","access":"open","acres":10,"owner":"PUB"},"geometry":{"type":"MultiPolygon","coordinates":[[[[-72.2741,44.5358],[-72.277,44.5352],[-72.2772,44.5348],[-72.2793,44.5339],[-72.279,44.5316],[-72.2785,44.5308],[-72.2774,44.5302],[-72.2774,44.5297],[-72.2801,44.528],[-72.2842,44.5276],[-72.2802,44.5281],[-72.2794,44.529],[-72.2774,44.5299],[-72.2793,44.5317],[-72.2793,44.5345],[-72.2754,44.5358],[-72.2728,44.536],[-72.2706,44.5373],[-72.2713,44.5365],[-72.2741,44.5358]]],[[[-72.2854,44.5254],[-72.2867,44.5254],[-72.2855,44.5256],[-72.2853,44.5266],[-72.285,44.5259],[-72.2854,44.5254]]]]}},{"type":"Feature","properties":{"name":"Mt. Mansfield State Forest","agency":"3000045200","type":"FEE_OWN","access":"open","acres":12,"owner":"PUB"},"geometry":{"type":"Polygon","coordinates":[[[-72.7387,44.4509],[-72.7375,44.4526],[-72.7353,44.4519],[-72.7354,44.45],[-72.7387,44.4509]]]}},{"type":"Feature","properties":{"name":"Middlesex Notch WMA","agency":"3000045100","type":"FEE_OWN","access":"open","acres":578,"owner":"PUB"},"geometry":{"type":"Polygon","coordinates":[[[-72.6974,44.3269],[-72.6949,44.326],[-72.6898,44.3332],[-72.6893,44.3298],[-72.6871,44.3269],[-72.6873,44.3252],[-72.6909,44.3268],[-72.6915,44.3257],[-72.6874,44.3241],[-72.6868,44.323],[-72.688,44.3234],[-72.6884,44.322],[-72.6903,44.32],[-72.6953,44.3134],[-72.7015,44.3158],[-72.7051,44.3162],[-72.7093,44.3162],[-72.7146,44.3154],[-72.7044,44.3296],[-72.6974,44.3269]]]}},{"type":"Feature","properties":{"name":"Boyer State Forest","agency":"3000045200","type":"FEE_OWN","access":"open","acres":86,"owner":"PUB"},"geometry":{"type":"Polygon","coordinates":[[[-72.6142,44.2062],[-72.6176,44.1998],[-72.6229,44.201],[-72.6201,44.2068],[-72.6176,44.2069],[-72.6173,44.2074],[-72.6142,44.2062]]]}},{"type":"Feature","properties":{"name":"Elmore State Park","agency":"3000045200","type":"FEE_OWN","access":"open","acres":16,"owner":"PUB"},"geometry":{"type":"Polygon","coordinates":[[[-72.5376,44.5393],[-72.5388,44.5403],[-72.5391,44.5377],[-72.5398,44.538],[-72.5395,44.5409],[-72.5385,44.541],[-72.5374,44.5401],[-72.5364,44.5414],[-72.5356,44.5411],[-72.5344,44.5424],[-72.5338,44.5422],[-72.5352,44.5404],[-72.5376,44.5393]]]}},{"type":"Feature","properties":{"name":"Groton State Forest","agency":"3000045200","type":"FEE_OWN","access":"open","acres":30,"owner":"PUB"},"geometry":{"type":"Polygon","coordinates":[[[-72.3349,44.3049],[-72.3397,44.2986],[-72.3413,44.2992],[-72.3366,44.3056],[-72.3349,44.3049]]]}},{"type":"Feature","properties":{"name":"Ainsworth State Park","agency":"3000045200","type":"FEE_OWN","access":"open","acres":215,"owner":"PUB"},"geometry":{"type":"Polygon","coordinates":[[[-72.549,44.0657],[-72.5504,44.0635],[-72.5535,44.0636],[-72.558,44.0551],[-72.5597,44.0555],[-72.5594,44.0606],[-72.5582,44.0631],[-72.5636,44.0626],[-72.5651,44.0637],[-72.5658,44.0633],[-72.566,44.0639],[-72.5656,44.0648],[-72.5649,44.0646],[-72.5624,44.0695],[-72.549,44.0657]]]}},{"type":"Feature","properties":{"name":"Hardwood Mtn","agency":"3000045200","type":"EASEMENT","access":"limited (easement)","acres":2144,"owner":"PRIV"},"geometry":{"type":"Polygon","coordinates":[[[-72.3473,44.3257],[-72.3449,44.3243],[-72.3437,44.3261],[-72.3422,44.3255],[-72.343,44.3244],[-72.3417,44.3239],[-72.3409,44.325],[-72.3267,44.3198],[-72.3279,44.3182],[-72.3256,44.3173],[-72.3292,44.3125],[-72.3337,44.3142],[-72.3358,44.3114],[-72.3313,44.3097],[-72.3349,44.3049],[-72.3366,44.3056],[-72.3413,44.2992],[-72.3308,44.2951],[-72.3435,44.2776],[-72.3451,44.2755],[-72.3486,44.277],[-72.3485,44.2778],[-72.3491,44.2781],[-72.3452,44.2835],[-72.3568,44.288],[-72.3614,44.282],[-72.3643,44.2831],[-72.3568,44.2926],[-72.3657,44.2943],[-72.3724,44.2851],[-72.3769,44.2851],[-72.3778,44.2877],[-72.3761,44.2903],[-72.3745,44.2903],[-72.3727,44.2909],[-72.3706,44.2919],[-72.3698,44.2929],[-72.3709,44.2935],[-72.373,44.2931],[-72.3775,44.2958],[-72.3722,44.2973],[-72.3642,44.2986],[-72.3631,44.2957],[-72.3608,44.2955],[-72.3633,44.2991],[-72.3611,44.3031],[-72.3589,44.3061],[-72.3494,44.3022],[-72.3443,44.3091],[-72.3508,44.3114],[-72.3455,44.3183],[-72.3548,44.322],[-72.3527,44.3249],[-72.3513,44.3244],[-72.3493,44.327],[-72.3472,44.3266],[-72.3473,44.3257]],[[-72.3488,44.2962],[-72.3485,44.2957],[-72.347,44.296],[-72.3473,44.2966],[-72.3488,44.2962]],[[-72.3693,44.2943],[-72.3689,44.2938],[-72.3675,44.2944],[-72.3679,44.2949],[-72.3693,44.2943]]]}},{"type":"Feature","properties":{"name":"Pine Mountain WMA","agency":"3000045100","type":"FEE_OWN","access":"open","acres":1467,"owner":"PUB"},"geometry":{"type":"Polygon","coordinates":[[[-72.1701,44.1923],[-72.1741,44.1808],[-72.1776,44.1668],[-72.1863,44.1686],[-72.1869,44.1666],[-72.1925,44.168],[-72.1912,44.1726],[-72.1948,44.1733],[-72.2004,44.176],[-72.1983,44.1833],[-72.2082,44.1856],[-72.2073,44.1842],[-72.2069,44.1818],[-72.2196,44.1846],[-72.2187,44.187],[-72.2141,44.186],[-72.2136,44.1897],[-72.2102,44.1899],[-72.2103,44.1892],[-72.2096,44.1893],[-72.2095,44.19],[-72.2071,44.1902],[-72.2073,44.1887],[-72.2038,44.189],[-72.2036,44.1904],[-72.1739,44.1925],[-72.1701,44.1923]]]}},{"type":"Feature","properties":{"name":"Lewis Creek WMA","agency":"3000045100","type":"FEE_OWN","access":"open","acres":10,"owner":"PUB"},"geometry":{"type":"Polygon","coordinates":[[[-72.9963,44.2167],[-72.9993,44.2164],[-72.9992,44.2195],[-72.9963,44.2167]]]}},{"type":"Feature","properties":{"name":"Roxbury State Forest","agency":"3000045200","type":"FEE_OWN","access":"open","acres":136,"owner":"PUB"},"geometry":{"type":"Polygon","coordinates":[[[-72.7316,44.0431],[-72.735,44.0424],[-72.7373,44.041],[-72.7431,44.0429],[-72.7374,44.0515],[-72.733,44.05],[-72.7357,44.0453],[-72.7311,44.0437],[-72.7316,44.0431]]]}},{"type":"Feature","properties":{"name":"Groton State Forest","agency":"3000045200","type":"FEE_OWN","access":"open","acres":150,"owner":"PUB"},"geometry":{"type":"Polygon","coordinates":[[[-72.2203,44.3118],[-72.2222,44.3103],[-72.2188,44.3087],[-72.2218,44.3064],[-72.2303,44.3107],[-72.223,44.3172],[-72.2172,44.3144],[-72.2203,44.3118]]]}},{"type":"Feature","properties":{"name":"Pine Mountain WMA","agency":"3000045100","type":"FEE_OWN","access":"open","acres":14,"owner":"PUB"},"geometry":{"type":"Polygon","coordinates":[[[-72.2078,44.1988],[-72.2064,44.1996],[-72.2059,44.1995],[-72.2055,44.2003],[-72.2035,44.2005],[-72.2044,44.199],[-72.2031,44.1983],[-72.2061,44.1979],[-72.2061,44.1983],[-72.2078,44.1988]]]}},{"type":"Feature","properties":{"name":"C.C. Putnam State Forest","agency":"3000045200","type":"FEE_OWN","access":"open","acres":760,"owner":"PUB"},"geometry":{"type":"Polygon","coordinates":[[[-72.6218,44.4756],[-72.6156,44.4731],[-72.6154,44.4724],[-72.6147,44.4721],[-72.6147,44.4712],[-72.6213,44.4621],[-72.6208,44.4619],[-72.6215,44.4606],[-72.6242,44.4579],[-72.6337,44.4613],[-72.6323,44.4632],[-72.6381,44.4654],[-72.6393,44.4641],[-72.6405,44.4637],[-72.641,44.4631],[-72.642,44.4633],[-72.6441,44.4626],[-72.6457,44.4642],[-72.6503,44.4668],[-72.6482,44.4697],[-72.645,44.4695],[-72.6428,44.4685],[-72.6395,44.4698],[-72.6381,44.4693],[-72.6366,44.4713],[-72.6353,44.4724],[-72.635,44.4734],[-72.6315,44.4785],[-72.6247,44.476],[-72.625,44.4734],[-72.6236,44.4731],[-72.6218,44.4756]]]}},{"type":"Feature","properties":{"name":"Washington State Forest","agency":"3000045200","type":"FEE_OWN","access":"open","acres":341,"owner":"PUB"},"geometry":{"type":"Polygon","coordinates":[[[-72.3721,44.0463],[-72.3716,44.0463],[-72.3736,44.0403],[-72.3699,44.0375],[-72.3714,44.0338],[-72.3788,44.0364],[-72.3776,44.04],[-72.3839,44.0422],[-72.3893,44.039],[-72.3915,44.0411],[-72.3903,44.0443],[-72.3868,44.0432],[-72.3838,44.0504],[-72.3826,44.0503],[-72.3752,44.0468],[-72.3721,44.0463]]]}},{"type":"Feature","properties":{"name":"W & L Preston","agency":"3000045200","type":"EASEMENT","access":"limited (easement)","acres":25,"owner":"PRIV"},"geometry":{"type":"Polygon","coordinates":[[[-72.9358,44.4243],[-72.9361,44.4219],[-72.9365,44.4216],[-72.9398,44.4212],[-72.9399,44.4217],[-72.9408,44.4218],[-72.9422,44.4188],[-72.9437,44.42],[-72.9427,44.4205],[-72.942,44.4219],[-72.941,44.4222],[-72.9378,44.4222],[-72.9376,44.4246],[-72.9358,44.4243]]]}},{"type":"Feature","properties":{"name":"East Hill WMA","agency":"3000045100","type":"EASEMENT","access":"limited (easement)","acres":114,"owner":"PRIV"},"geometry":{"type":"Polygon","coordinates":[[[-72.4309,44.5572],[-72.4214,44.5533],[-72.4242,44.551],[-72.4255,44.5493],[-72.4264,44.55],[-72.4314,44.5517],[-72.4324,44.5524],[-72.4317,44.5542],[-72.4341,44.5552],[-72.4332,44.5581],[-72.4309,44.5572]],[[-72.4312,44.5563],[-72.4304,44.5562],[-72.4302,44.5568],[-72.431,44.5571],[-72.4312,44.5563]]]}},{"type":"Feature","properties":{"name":"East Barre Dam","agency":"3000045300","type":"FEE_OWN","access":"open","acres":81,"owner":"PUB"},"geometry":{"type":"Polygon","coordinates":[[[-72.4254,44.1509],[-72.4259,44.1505],[-72.4261,44.1494],[-72.4235,44.1459],[-72.4228,44.1443],[-72.4302,44.1467],[-72.43,44.1477],[-72.4329,44.1486],[-72.4307,44.1505],[-72.4308,44.1526],[-72.4254,44.1509]]]}},{"type":"Feature","properties":{"name":"Mt. Mansfield State Forest","agency":"3000045200","type":"FEE_OWN","access":"open","acres":37,"owner":"PUB"},"geometry":{"type":"Polygon","coordinates":[[[-72.7497,44.434],[-72.7541,44.4355],[-72.7541,44.4383],[-72.7538,44.4388],[-72.748,44.4365],[-72.7497,44.434]]]}},{"type":"Feature","properties":{"name":"Mt. Mansfield State Forest","agency":"3000045200","type":"FEE_OWN","access":"open","acres":116,"owner":"PUB"},"geometry":{"type":"Polygon","coordinates":[[[-72.8172,44.4482],[-72.8166,44.4494],[-72.8166,44.4533],[-72.816,44.4541],[-72.8037,44.4514],[-72.806,44.4485],[-72.8085,44.4491],[-72.8114,44.4484],[-72.8172,44.4482]]]}},{"type":"Feature","properties":{"name":"C.C. Putnam State Forest","agency":"3000045200","type":"FEE_OWN","access":"open","acres":258,"owner":"PUB"},"geometry":{"type":"Polygon","coordinates":[[[-72.6427,44.3945],[-72.6456,44.3939],[-72.6417,44.3919],[-72.6486,44.3825],[-72.6524,44.384],[-72.655,44.3805],[-72.6585,44.3817],[-72.6528,44.389],[-72.6534,44.3893],[-72.6488,44.3955],[-72.6466,44.3944],[-72.6475,44.3966],[-72.6437,44.3973],[-72.6427,44.3945]]]}},{"type":"Feature","properties":{"name":"Chittenden County Uplands","agency":"3000045200","type":"EASEMENT","access":"open","acres":122,"owner":"PUB"},"geometry":{"type":"Polygon","coordinates":[[[-72.9215,44.4192],[-72.9223,44.4196],[-72.9174,44.423],[-72.9202,44.424],[-72.9192,44.4285],[-72.9165,44.4324],[-72.9154,44.4322],[-72.9158,44.4316],[-72.9149,44.4313],[-72.9152,44.4296],[-72.9156,44.4295],[-72.9153,44.4288],[-72.9148,44.4288],[-72.9147,44.4284],[-72.9143,44.4255],[-72.9165,44.4264],[-72.9176,44.425],[-72.9153,44.4242],[-72.9144,44.4243],[-72.9142,44.4248],[-72.9142,44.4242],[-72.915,44.4241],[-72.9143,44.422],[-72.9174,44.4177],[-72.9215,44.4192]]]}},{"type":"Feature","properties":{"name":"Groton State Forest","agency":"3000045200","type":"FEE_OWN","access":"open","acres":129,"owner":"PUB"},"geometry":{"type":"Polygon","coordinates":[[[-72.274,44.2914],[-72.282,44.2928],[-72.2734,44.2997],[-72.2674,44.2969],[-72.274,44.2914]]]}},{"type":"Feature","properties":{"name":"Mt. Mansfield State Forest","agency":"3000045200","type":"FEE_OWN","access":"open","acres":332,"owner":"PUB"},"geometry":{"type":"Polygon","coordinates":[[[-72.8119,44.4405],[-72.8207,44.4439],[-72.8238,44.4397],[-72.8325,44.443],[-72.8296,44.4472],[-72.8383,44.4505],[-72.8336,44.4494],[-72.8297,44.4491],[-72.827,44.4475],[-72.8237,44.4474],[-72.8192,44.4483],[-72.8114,44.4484],[-72.8097,44.449],[-72.806,44.4485],[-72.8119,44.4405]]]}},{"type":"Feature","properties":{"name":"Mt. Mansfield State Forest","agency":"3000045200","type":"FEE_OWN","access":"open","acres":6,"owner":"PUB"},"geometry":{"type":"Polygon","coordinates":[[[-72.7269,44.3719],[-72.7296,44.3728],[-72.7292,44.3737],[-72.7265,44.3726],[-72.7269,44.3719]]]}},{"type":"Feature","properties":{"name":"Mt. Mansfield State Forest","agency":"3000045200","type":"FEE_OWN","access":"open","acres":287,"owner":"PUB"},"geometry":{"type":"Polygon","coordinates":[[[-72.6821,44.5765],[-72.6785,44.5814],[-72.6687,44.578],[-72.6714,44.5739],[-72.6747,44.575],[-72.6761,44.5704],[-72.6748,44.5702],[-72.6767,44.5662],[-72.6753,44.5661],[-72.6755,44.5627],[-72.6782,44.5636],[-72.6799,44.5649],[-72.6808,44.5691],[-72.6826,44.5714],[-72.6851,44.573],[-72.6821,44.5765]]]}},{"type":"Feature","properties":{"name":"C.C. Putnam State Forest","agency":"3000045200","type":"FEE_OWN","access":"open","acres":97,"owner":"PUB"},"geometry":{"type":"Polygon","coordinates":[[[-72.6258,44.4557],[-72.6268,44.4542],[-72.6363,44.4575],[-72.6337,44.4613],[-72.6242,44.4579],[-72.6258,44.4557]]]}},{"type":"Feature","properties":{"name":"Bristol Pond","agency":"3000045100","type":"FEE_OWN","access":"open","acres":53,"owner":"PUB"},"geometry":{"type":"Polygon","coordinates":[[[-73.0809,44.1622],[-73.0816,44.1613],[-73.082,44.1586],[-73.0837,44.1583],[-73.0862,44.1581],[-73.0879,44.1588],[-73.0881,44.1599],[-73.0899,44.1602],[-73.0907,44.1609],[-73.0808,44.1624],[-73.0809,44.1622]]]}},{"type":"Feature","properties":{"name":"C.C. Putnam State Forest","agency":"3000045200","type":"FEE_OWN","access":"open","acres":251,"owner":"PUB"},"geometry":{"type":"Polygon","coordinates":[[[-72.6488,44.3955],[-72.6534,44.3893],[-72.6528,44.389],[-72.6585,44.3817],[-72.665,44.384],[-72.6546,44.3984],[-72.6488,44.3955]]]}},{"type":"Feature","properties":{"name":"Ainsworth State Park","agency":"3000045200","type":"FEE_OWN","access":"open","acres":58,"owner":"PUB"},"geometry":{"type":"Polygon","coordinates":[[[-72.5546,44.0867],[-72.5569,44.0829],[-72.5581,44.0832],[-72.5586,44.0822],[-72.564,44.0824],[-72.563,44.0845],[-72.5589,44.0864],[-72.5569,44.0869],[-72.5546,44.0867]]]}},{"type":"Feature","properties":{"name":"Mt. Mansfield State Forest","agency":"3000045200","type":"FEE_OWN","access":"open","acres":2951,"owner":"PUB"},"geometry":{"type":"Polygon","coordinates":[[[-72.7081,44.5704],[-72.7068,44.5723],[-72.702,44.5712],[-72.7031,44.5694],[-72.7029,44.5692],[-72.7023,44.5693],[-72.702,44.5703],[-72.7013,44.5704],[-72.7005,44.5698],[-72.6997,44.5698],[-72.6999,44.5693],[-72.7038,44.5684],[-72.7078,44.5628],[-72.7035,44.5618],[-72.7129,44.5491],[-72.7318,44.5525],[-72.7407,44.5558],[-72.738,44.5595],[-72.7468,44.5628],[-72.7511,44.5567],[-72.7596,44.5599],[-72.7457,44.5802],[-72.7366,44.5771],[-72.7286,44.5888],[-72.7105,44.5825],[-72.7008,44.5806],[-72.7037,44.5767],[-72.7054,44.5772],[-72.7068,44.5723],[-72.7082,44.5726],[-72.7107,44.5691],[-72.7092,44.5688],[-72.7081,44.5704]]]}},{"type":"Feature","properties":{"name":"C.C. Putnam State Forest","agency":"3000045200","type":"FEE_OWN","access":"open","acres":224,"owner":"PUB"},"geometry":{"type":"Polygon","coordinates":[[[-72.6475,44.3966],[-72.6466,44.3944],[-72.6546,44.3984],[-72.645,44.4115],[-72.6429,44.4104],[-72.6439,44.4083],[-72.6426,44.4061],[-72.6426,44.4043],[-72.6439,44.4023],[-72.6434,44.4004],[-72.6437,44.3973],[-72.6475,44.3966]]]}},{"type":"Feature","properties":{"name":"C.C. Putnam State Forest","agency":"3000045200","type":"FEE_OWN","access":"open","acres":465,"owner":"PUB"},"geometry":{"type":"Polygon","coordinates":[[[-72.5578,44.4793],[-72.5673,44.4658],[-72.5689,44.4664],[-72.57,44.4648],[-72.5778,44.4689],[-72.5762,44.4712],[-72.5779,44.4721],[-72.5695,44.4841],[-72.5578,44.4793]]]}},{"type":"Feature","properties":{"name":"St. Hilaire","agency":"3000045100","type":"FEE_OWN","access":"open","acres":116,"owner":"PUB"},"geometry":{"type":"Polygon","coordinates":[[[-72.2283,44.2497],[-72.2284,44.2454],[-72.2394,44.2471],[-72.2393,44.252],[-72.2292,44.2504],[-72.2292,44.2498],[-72.2283,44.2497]]]}},{"type":"Feature","properties":{"name":"C.C. Putnam State Forest","agency":"3000045200","type":"FEE_OWN","access":"open","acres":194,"owner":"PUB"},"geometry":{"type":"Polygon","coordinates":[[[-72.6344,44.3994],[-72.6325,44.4019],[-72.6269,44.3993],[-72.6338,44.3878],[-72.6403,44.3912],[-72.6344,44.3994]]]}},{"type":"Feature","properties":{"name":"Roxbury State Forest","agency":"3000045200","type":"FEE_OWN","access":"open","acres":1142,"owner":"PUB"},"geometry":{"type":"Polygon","coordinates":[[[-72.7831,44.107],[-72.7796,44.1127],[-72.7766,44.1118],[-72.781,44.105],[-72.7634,44.0995],[-72.7629,44.1005],[-72.7568,44.0988],[-72.7573,44.0978],[-72.7545,44.097],[-72.7544,44.0953],[-72.7585,44.0965],[-72.7595,44.0943],[-72.7597,44.0924],[-72.7585,44.0922],[-72.7564,44.0909],[-72.7547,44.0909],[-72.7535,44.0901],[-72.7546,44.0875],[-72.7533,44.0872],[-72.7528,44.0804],[-72.7562,44.0812],[-72.7565,44.083],[-72.7622,44.0848],[-72.7617,44.0858],[-72.7652,44.0868],[-72.7674,44.0832],[-72.7769,44.0858],[-72.7747,44.0894],[-72.783,44.0918],[-72.7852,44.0881],[-72.7905,44.0896],[-72.786,44.0963],[-72.7865,44.1016],[-72.7831,44.107]]]}},{"type":"Feature","properties":{"name":"Groton State Forest","agency":"3000045200","type":"FEE_OWN","access":"open","acres":75,"owner":"PUB"},"geometry":{"type":"Polygon","coordinates":[[[-72.3144,44.1981],[-72.3205,44.2002],[-72.3149,44.2092],[-72.3144,44.1981]]]}},{"type":"Feature","properties":{"name":"C.C. Putnam State Forest","agency":"3000045200","type":"FEE_OWN","access":"open","acres":309,"owner":"PUB"},"geometry":{"type":"Polygon","coordinates":[[[-72.6006,44.4171],[-72.5914,44.429],[-72.5833,44.4251],[-72.5915,44.4127],[-72.6006,44.4171]]]}},{"type":"Feature","properties":{"name":"C.C. Putnam State Forest","agency":"3000045200","type":"FEE_OWN","access":"open","acres":43,"owner":"PUB"},"geometry":{"type":"Polygon","coordinates":[[[-72.6617,44.3536],[-72.6632,44.3541],[-72.6599,44.3583],[-72.6563,44.3568],[-72.6595,44.3527],[-72.6617,44.3536]]]}},{"type":"Feature","properties":{"name":"Granville Reservation State Forest","agency":"3000045200","type":"FEE_OWN","access":"open","acres":1138,"owner":"PUB"},"geometry":{"type":"Polygon","coordinates":[[[-72.8218,44.0233],[-72.8266,44.0135],[-72.8291,44.0135],[-72.8295,44.0128],[-72.8311,44.0141],[-72.8319,44.0164],[-72.8364,44.0161],[-72.8326,44.0218],[-72.8351,44.0225],[-72.8401,44.0205],[-72.8428,44.0206],[-72.848,44.0181],[-72.8499,44.0155],[-72.8498,44.013],[-72.8477,44.0119],[-72.8467,44.0094],[-72.8468,44.0078],[-72.8413,44.0064],[-72.8455,43.9985],[-72.8571,44.0013],[-72.8561,44.0051],[-72.8535,44.0045],[-72.8509,44.0086],[-72.8494,44.0082],[-72.8491,44.0095],[-72.8503,44.0111],[-72.8521,44.0121],[-72.8526,44.0147],[-72.8503,44.0177],[-72.8543,44.0189],[-72.8518,44.0228],[-72.8459,44.0213],[-72.8437,44.0226],[-72.8415,44.0227],[-72.8354,44.0262],[-72.8369,44.0265],[-72.8368,44.0287],[-72.8359,44.0314],[-72.8344,44.0339],[-72.8355,44.0424],[-72.8348,44.045],[-72.8331,44.0476],[-72.833,44.0492],[-72.8321,44.0499],[-72.8374,44.0544],[-72.8401,44.0561],[-72.8448,44.0567],[-72.8515,44.0598],[-72.8558,44.0624],[-72.8398,44.0575],[-72.8274,44.0542],[-72.8301,44.0514],[-72.8302,44.05],[-72.8272,44.0489],[-72.827,44.0465],[-72.8299,44.0415],[-72.8289,44.0322],[-72.8313,44.0269],[-72.8213,44.0245],[-72.8218,44.0233]]]}},{"type":"Feature","properties":{"name":"Mt. Mansfield State Forest","agency":"3000045200","type":"FEE_OWN","access":"open","acres":294,"owner":"PUB"},"geometry":{"type":"Polygon","coordinates":[[[-72.8459,44.4431],[-72.8528,44.4337],[-72.8624,44.4375],[-72.8483,44.4484],[-72.8401,44.4512],[-72.8459,44.4431]]]}},{"type":"Feature","properties":{"name":"C.C. Putnam State Forest","agency":"3000045200","type":"FEE_OWN","access":"open","acres":134,"owner":"PUB"},"geometry":{"type":"Polygon","coordinates":[[[-72.5772,44.417],[-72.5779,44.4173],[-72.5747,44.4209],[-72.5833,44.4251],[-72.5809,44.429],[-72.5694,44.4227],[-72.5711,44.4207],[-72.5719,44.4203],[-72.5721,44.4211],[-72.5734,44.4216],[-72.573,44.4211],[-72.5735,44.4205],[-72.573,44.4201],[-72.5761,44.4164],[-72.5772,44.417]]]}},{"type":"Feature","properties":{"name":"Wrightsville Dam","agency":"3000045300","type":"FEE_OWN","access":"open","acres":86,"owner":"PUB"},"geometry":{"type":"Polygon","coordinates":[[[-72.5687,44.3326],[-72.5638,44.3308],[-72.5676,44.3253],[-72.5731,44.3274],[-72.5719,44.3289],[-72.5729,44.3292],[-72.5714,44.33],[-72.5702,44.3321],[-72.5692,44.3328],[-72.5687,44.3326]]]}},{"type":"Feature","properties":{"name":"Lamoille River Streambank","agency":"3000045100","type":"FEE_OWN","access":"open","acres":10,"owner":"PUB"},"geometry":{"type":"Polygon","coordinates":[[[-72.4796,44.5533],[-72.4783,44.5529],[-72.4804,44.5531],[-72.4819,44.5523],[-72.483,44.5528],[-72.4839,44.5538],[-72.4834,44.5546],[-72.4796,44.5533]]]}},{"type":"Feature","properties":{"name":"C.C. Putnam State Forest","agency":"3000045200","type":"FEE_OWN","access":"open","acres":44,"owner":"PUB"},"geometry":{"type":"Polygon","coordinates":[[[-72.5779,44.4173],[-72.5858,44.4212],[-72.5846,44.4231],[-72.5764,44.4192],[-72.5779,44.4173]]]}},{"type":"Feature","properties":{"name":"Morristown Bog State Forest (Natural Area)","agency":"3000045200","type":"FEE_OWN","access":"open","acres":15,"owner":"PUB"},"geometry":{"type":"Polygon","coordinates":[[[-72.6237,44.502],[-72.625,44.5002],[-72.6278,44.5012],[-72.6276,44.5016],[-72.6278,44.5017],[-72.6268,44.5026],[-72.6273,44.5033],[-72.6237,44.502]]]}},{"type":"Feature","properties":{"name":"Deer Lake (North parcel)","agency":"3000045100","type":"EASEMENT","access":"limited (easement)","acres":266,"owner":"PRIV"},"geometry":{"type":"Polygon","coordinates":[[[-72.5415,44.4661],[-72.5437,44.4658],[-72.5431,44.4652],[-72.545,44.4632],[-72.5457,44.4598],[-72.5472,44.4575],[-72.5508,44.4588],[-72.5452,44.4671],[-72.5509,44.4694],[-72.5464,44.476],[-72.5349,44.4717],[-72.5378,44.4676],[-72.54,44.467],[-72.5415,44.4661]]]}},{"type":"Feature","properties":{"name":"Spencer & Kielman Easement","agency":"3000045100","type":"EASEMENT","access":"open","acres":18,"owner":"PUB"},"geometry":{"type":"Polygon","coordinates":[[[-73.0975,44.2866],[-73.0982,44.2843],[-73.0995,44.2845],[-73.0993,44.2851],[-73.1008,44.2855],[-73.1,44.2881],[-73.0973,44.2872],[-73.0975,44.2866]]]}},{"type":"Feature","properties":{"name":"Mt. Mansfield State Forest","agency":"3000045200","type":"FEE_OWN","access":"open","acres":1288,"owner":"PUB"},"geometry":{"type":"Polygon","coordinates":[[[-72.8082,44.5076],[-72.8039,44.506],[-72.837,44.4603],[-72.8374,44.4615],[-72.8384,44.4624],[-72.8387,44.4633],[-72.8405,44.4642],[-72.841,44.465],[-72.8402,44.4663],[-72.8391,44.4708],[-72.8393,44.475],[-72.8414,44.4787],[-72.8318,44.4797],[-72.8334,44.4816],[-72.8329,44.4832],[-72.8332,44.4839],[-72.833,44.4848],[-72.831,44.4844],[-72.8302,44.4848],[-72.8297,44.4856],[-72.8306,44.4899],[-72.8305,44.4919],[-72.8282,44.4933],[-72.8242,44.4936],[-72.8219,44.4942],[-72.8215,44.4973],[-72.8202,44.4987],[-72.82,44.4996],[-72.8209,44.4997],[-72.8217,44.5003],[-72.8221,44.5014],[-72.8216,44.5021],[-72.8213,44.5051],[-72.8226,44.5069],[-72.8231,44.5089],[-72.8201,44.512],[-72.8082,44.5076]]]}},{"type":"Feature","properties":{"name":"L.R. Jones State Forest","agency":"3000045200","type":"FEE_OWN","access":"open","acres":149,"owner":"PUB"},"geometry":{"type":"Polygon","coordinates":[[[-72.3655,44.2227],[-72.3668,44.221],[-72.3764,44.2247],[-72.3722,44.2302],[-72.3629,44.2266],[-72.3655,44.2227]]]}},{"type":"Feature","properties":{"name":"Mt. Mansfield State Forest","agency":"3000045200","type":"FEE_OWN","access":"open","acres":4804,"owner":"PUB"},"geometry":{"type":"MultiPolygon","coordinates":[[[[-72.727,44.3717],[-72.7275,44.3707],[-72.7299,44.3717],[-72.7332,44.3654],[-72.7363,44.3666],[-72.7325,44.375],[-72.7292,44.3737],[-72.7296,44.3728],[-72.727,44.3717]]],[[[-72.7541,44.4383],[-72.7541,44.4355],[-72.7566,44.4319],[-72.7546,44.4305],[-72.7537,44.4277],[-72.7544,44.4262],[-72.7475,44.4234],[-72.7485,44.4225],[-72.7486,44.421],[-72.7496,44.4196],[-72.7491,44.4194],[-72.7499,44.4181],[-72.7443,44.4163],[-72.7484,44.4105],[-72.7437,44.4086],[-72.7537,44.3941],[-72.7575,44.3953],[-72.7572,44.3941],[-72.7559,44.3936],[-72.7559,44.3933],[-72.7566,44.3894],[-72.7574,44.3909],[-72.7599,44.3916],[-72.7622,44.3915],[-72.7618,44.3904],[-72.7602,44.3891],[-72.7585,44.3868],[-72.7518,44.3841],[-72.7522,44.3815],[-72.7544,44.3774],[-72.7556,44.3777],[-72.7572,44.375],[-72.757,44.3727],[-72.758,44.3712],[-72.7597,44.3717],[-72.7622,44.3681],[-72.7686,44.3705],[-72.7686,44.3692],[-72.7694,44.3687],[-72.7699,44.3668],[-72.7731,44.3658],[-72.7751,44.3661],[-72.7747,44.3666],[-72.7757,44.3668],[-72.7723,44.3719],[-72.7775,44.3739],[-72.7757,44.3765],[-72.7798,44.3782],[-72.7756,44.3841],[-72.7849,44.3881],[-72.7802,44.3943],[-72.7878,44.3972],[-72.7991,44.3824],[-72.8011,44.3831],[-72.8053,44.3771],[-72.8079,44.3781],[-72.8071,44.3814],[-72.8089,44.382],[-72.7678,44.4393],[-72.7614,44.4369],[-72.7613,44.4388],[-72.7598,44.4382],[-72.7583,44.4406],[-72.7538,44.4388],[-72.7541,44.4383]]],[[[-72.7541,44.4183],[-72.7538,44.4179],[-72.7533,44.4181],[-72.7536,44.4185],[-72.7541,44.4183]]],[[[-72.7636,44.3871],[-72.7626,44.3873],[-72.7629,44.3875],[-72.7636,44.3871]]],[[[-72.7619,44.3978],[-72.7628,44.3967],[-72.7594,44.3952],[-72.7585,44.3963],[-72.7602,44.397],[-72.76,44.3985],[-72.7611,44.3996],[-72.7624,44.398],[-72.7619,44.3978]]],[[[-72.7801,44.4073],[-72.7755,44.4055],[-72.7717,44.4105],[-72.7763,44.4123],[-72.7801,44.4073]]]]}},{"type":"Feature","properties":{"name":"Bristol Pond","agency":"3000045100","type":"FEE_OWN","access":"open","acres":18,"owner":"PUB"},"geometry":{"type":"Polygon","coordinates":[[[-73.0842,44.1656],[-73.0834,44.162],[-73.0861,44.1616],[-73.0859,44.163],[-73.0853,44.1636],[-73.0863,44.1649],[-73.0865,44.1662],[-73.0842,44.1656]]]}},{"type":"Feature","properties":{"name":"Mt. Mansfield State Forest","agency":"3000045200","type":"FEE_OWN","access":"open","acres":1799,"owner":"PUB"},"geometry":{"type":"Polygon","coordinates":[[[-72.851,44.4878],[-72.8548,44.4893],[-72.8487,44.4979],[-72.8469,44.5021],[-72.8393,44.5021],[-72.8407,44.5037],[-72.8428,44.5045],[-72.8446,44.5061],[-72.8397,44.5086],[-72.8412,44.5108],[-72.846,44.5127],[-72.8398,44.5211],[-72.8381,44.5205],[-72.8373,44.5215],[-72.8281,44.5182],[-72.8299,44.5156],[-72.8201,44.512],[-72.8226,44.5096],[-72.8232,44.5085],[-72.8213,44.5051],[-72.8216,44.5021],[-72.8221,44.5014],[-72.8216,44.5001],[-72.8201,44.4997],[-72.8201,44.499],[-72.8215,44.4973],[-72.8219,44.4942],[-72.8242,44.4936],[-72.8282,44.4933],[-72.8305,44.4919],[-72.8306,44.4899],[-72.8297,44.4856],[-72.8302,44.4848],[-72.831,44.4844],[-72.833,44.4848],[-72.8332,44.4839],[-72.8329,44.4832],[-72.8334,44.4816],[-72.8318,44.4797],[-72.8414,44.4787],[-72.851,44.4878]]]}},{"type":"Feature","properties":{"name":"Roxbury Fish Culture Station","agency":"3000045100","type":"FEE_OWN","access":"open","acres":9,"owner":"PUB"},"geometry":{"type":"Polygon","coordinates":[[[-72.7451,44.066],[-72.7445,44.0661],[-72.744,44.0652],[-72.743,44.0613],[-72.7433,44.0609],[-72.7437,44.061],[-72.7451,44.066]]]}},{"type":"Feature","properties":{"name":"Groton State Forest","agency":"3000045200","type":"FEE_OWN","access":"open","acres":330,"owner":"PUB"},"geometry":{"type":"Polygon","coordinates":[[[-72.2738,44.2707],[-72.2736,44.2626],[-72.2832,44.2642],[-72.2835,44.2687],[-72.2946,44.2706],[-72.2946,44.2758],[-72.2789,44.2738],[-72.2772,44.2712],[-72.2738,44.2707]]]}},{"type":"Feature","properties":{"name":"Groton State Forest","agency":"3000045200","type":"FEE_OWN","access":"open","acres":79,"owner":"PUB"},"geometry":{"type":"Polygon","coordinates":[[[-72.2889,44.2226],[-72.2886,44.2173],[-72.2873,44.2171],[-72.2994,44.2192],[-72.2974,44.22],[-72.2941,44.2206],[-72.2941,44.2235],[-72.2889,44.2226]]]}},{"type":"Feature","properties":{"name":"Lewis Creek Streambank","agency":"3000045100","type":"FEE_OWN","access":"open","acres":4,"owner":"PUB"},"geometry":{"type":"Polygon","coordinates":[[[-73.086,44.2853],[-73.0864,44.2851],[-73.0862,44.2842],[-73.0868,44.2841],[-73.0887,44.2851],[-73.0874,44.2851],[-73.0873,44.2859],[-73.086,44.2853]]]}},{"type":"Feature","properties":{"name":"East Hill WMA","agency":"3000045100","type":"EASEMENT","access":"limited (easement)","acres":58,"owner":"PRIV"},"geometry":{"type":"Polygon","coordinates":[[[-72.4291,44.569],[-72.4298,44.5676],[-72.4347,44.5695],[-72.4314,44.574],[-72.4269,44.5723],[-72.4284,44.5705],[-72.4291,44.569]]]}},{"type":"Feature","properties":{"name":"Winooski River Streambank","agency":"3000045100","type":"FEE_OWN","access":"open","acres":6,"owner":"PUB"},"geometry":{"type":"Polygon","coordinates":[[[-72.9318,44.3809],[-72.9321,44.3808],[-72.9311,44.382],[-72.9275,44.382],[-72.9296,44.3811],[-72.9318,44.3809]]]}},{"type":"Feature","properties":{"name":"Wrightsville Dam","agency":"3000045300","type":"FEE_OWN","access":"open","acres":53,"owner":"PUB"},"geometry":{"type":"Polygon","coordinates":[[[-72.5815,44.3366],[-72.5808,44.3364],[-72.581,44.3374],[-72.5751,44.335],[-72.5773,44.3322],[-72.5791,44.3335],[-72.5795,44.3333],[-72.5803,44.3347],[-72.5818,44.3342],[-72.5855,44.3356],[-72.5838,44.3376],[-72.5815,44.3366]],[[-72.5795,44.3356],[-72.5803,44.3355],[-72.5795,44.3347],[-72.5783,44.3348],[-72.5783,44.3356],[-72.5795,44.3356]]]}},{"type":"Feature","properties":{"name":"Lewis Creek Streambank","agency":"3000045100","type":"FEE_OWN","access":"public, limited","acres":44,"owner":"PUB"},"geometry":{"type":"Polygon","coordinates":[[[-73.0902,44.2809],[-73.0906,44.2822],[-73.0911,44.2822],[-73.0913,44.2815],[-73.0923,44.2819],[-73.0932,44.2815],[-73.093,44.2824],[-73.0935,44.2826],[-73.0938,44.2822],[-73.0942,44.2826],[-73.0938,44.284],[-73.0929,44.2838],[-73.0933,44.2848],[-73.0938,44.2852],[-73.0938,44.2866],[-73.0919,44.2863],[-73.0899,44.2849],[-73.0924,44.285],[-73.0923,44.2836],[-73.093,44.2832],[-73.0877,44.2839],[-73.0871,44.2831],[-73.0865,44.2814],[-73.0902,44.2809]]]}},{"type":"Feature","properties":{"name":"Groton State Forest","agency":"3000045200","type":"FEE_OWN","access":"open","acres":173,"owner":"PUB"},"geometry":{"type":"Polygon","coordinates":[[[-72.2941,44.3279],[-72.2967,44.3243],[-72.3059,44.328],[-72.3005,44.3345],[-72.2917,44.3313],[-72.2941,44.3279]]]}},{"type":"Feature","properties":{"name":"Middlesex Notch WMA","agency":"3000045100","type":"FEE_OWN","access":"open","acres":47,"owner":"PUB"},"geometry":{"type":"Polygon","coordinates":[[[-72.6903,44.3326],[-72.6949,44.326],[-72.6974,44.3269],[-72.6959,44.3301],[-72.6952,44.3302],[-72.6937,44.3326],[-72.6917,44.333],[-72.6903,44.3326]]]}},{"type":"Feature","properties":{"name":"Wolcott Dam","agency":"3000045300","type":"FEE_OWN","access":"open","acres":131,"owner":"PUB"},"geometry":{"type":"Polygon","coordinates":[[[-72.4237,44.5631],[-72.4218,44.5628],[-72.4205,44.563],[-72.4185,44.5578],[-72.4185,44.5568],[-72.4207,44.5549],[-72.4214,44.5533],[-72.4262,44.5554],[-72.425,44.5605],[-72.4281,44.5616],[-72.4258,44.5647],[-72.4237,44.5631]]]}},{"type":"Feature","properties":{"name":"Mt. Mansfield State Forest","agency":"3000045200","type":"FEE_OWN","access":"open","acres":307,"owner":"PUB"},"geometry":{"type":"Polygon","coordinates":[[[-72.8154,44.3887],[-72.8251,44.3753],[-72.8283,44.3764],[-72.8287,44.373],[-72.8336,44.3749],[-72.8285,44.3815],[-72.8276,44.3811],[-72.8195,44.3915],[-72.8218,44.3964],[-72.8126,44.3926],[-72.8154,44.3887]]]}},{"type":"Feature","properties":{"name":"Roxbury State Forest","agency":"3000045200","type":"FEE_OWN","access":"open","acres":50,"owner":"PUB"},"geometry":{"type":"Polygon","coordinates":[[[-72.7796,44.1127],[-72.7831,44.107],[-72.7877,44.1083],[-72.7868,44.1096],[-72.7854,44.1099],[-72.7837,44.111],[-72.7836,44.1128],[-72.7831,44.1134],[-72.7796,44.1127]]]}},{"type":"Feature","properties":{"name":"Camels Hump State Park","agency":"3000045200","type":"FEE_OWN","access":"open","acres":455,"owner":"PUB"},"geometry":{"type":"Polygon","coordinates":[[[-72.8625,44.3373],[-72.8705,44.3221],[-72.882,44.3263],[-72.8741,44.3415],[-72.8625,44.3373]]]}},{"type":"Feature","properties":{"name":"Camels Hump State Park","agency":"3000045200","type":"FEE_OWN","access":"open","acres":217,"owner":"PUB"},"geometry":{"type":"Polygon","coordinates":[[[-72.9355,44.2458],[-72.9262,44.2448],[-72.9268,44.2335],[-72.9362,44.2363],[-72.9355,44.2458]]]}},{"type":"Feature","properties":{"name":"Camels Hump State Park","agency":"3000045200","type":"FEE_OWN","access":"open","acres":100,"owner":"PUB"},"geometry":{"type":"Polygon","coordinates":[[[-72.891,44.2832],[-72.8928,44.2798],[-72.9044,44.2839],[-72.9026,44.2872],[-72.891,44.2832]]]}},{"type":"Feature","properties":{"name":"Camels Hump State Park","agency":"3000045200","type":"FEE_OWN","access":"open","acres":326,"owner":"PUB"},"geometry":{"type":"Polygon","coordinates":[[[-72.8985,44.334],[-72.9006,44.3295],[-72.9094,44.3319],[-72.9131,44.3229],[-72.9145,44.3232],[-72.9149,44.3223],[-72.9211,44.3237],[-72.9145,44.3373],[-72.8985,44.334]]]}},{"type":"Feature","properties":{"name":"Camels Hump State Park","agency":"3000045200","type":"FEE_OWN","access":"open","acres":788,"owner":"PUB"},"geometry":{"type":"Polygon","coordinates":[[[-72.872,44.3454],[-72.8803,44.3297],[-72.8985,44.334],[-72.8901,44.3516],[-72.8714,44.3466],[-72.872,44.3454]]]}},{"type":"Feature","properties":{"name":"Camels Hump State Park","agency":"3000045200","type":"FEE_OWN","access":"open","acres":119,"owner":"PUB"},"geometry":{"type":"Polygon","coordinates":[[[-72.8354,44.3141],[-72.8388,44.3073],[-72.8463,44.3101],[-72.8448,44.3103],[-72.8441,44.311],[-72.8441,44.3118],[-72.8434,44.3125],[-72.8439,44.3137],[-72.8432,44.3141],[-72.8434,44.3147],[-72.8427,44.3156],[-72.8431,44.3162],[-72.8417,44.3165],[-72.8416,44.3172],[-72.8411,44.3174],[-72.8407,44.3168],[-72.8408,44.3161],[-72.8354,44.3141]]]}},{"type":"Feature","properties":{"name":"Camel's Hump State Park","agency":"3000045200","type":"FEE_OWN","access":"open","acres":4,"owner":"PUB"},"geometry":{"type":"Polygon","coordinates":[[[-72.8436,44.362],[-72.8425,44.3611],[-72.8427,44.3608],[-72.8451,44.3609],[-72.8445,44.3618],[-72.8436,44.362]]]}},{"type":"Feature","properties":{"name":"Camels Hump State Park","agency":"3000045200","type":"FEE_OWN","access":"open","acres":111,"owner":"PUB"},"geometry":{"type":"Polygon","coordinates":[[[-72.8832,44.298],[-72.8852,44.2943],[-72.8967,44.2984],[-72.8948,44.3021],[-72.8832,44.298]]]}},{"type":"Feature","properties":{"name":"Camels Hump State Park","agency":"3000045200","type":"FEE_OWN","access":"open","acres":320,"owner":"PUB"},"geometry":{"type":"Polygon","coordinates":[[[-72.89,44.3518],[-72.8994,44.3543],[-72.9012,44.351],[-72.9081,44.3528],[-72.9013,44.3655],[-72.8947,44.3637],[-72.8972,44.3587],[-72.8878,44.3562],[-72.89,44.3518]]]}},{"type":"Feature","properties":{"name":"Camels Hump State Park","agency":"3000045200","type":"FEE_OWN","access":"open","acres":107,"owner":"PUB"},"geometry":{"type":"Polygon","coordinates":[[[-72.8501,44.3135],[-72.8485,44.3128],[-72.8477,44.3139],[-72.8467,44.3135],[-72.8488,44.3098],[-72.8603,44.3142],[-72.8584,44.3178],[-72.8494,44.3145],[-72.8501,44.3135]]]}},{"type":"Feature","properties":{"name":"Camels Hump State Forest","agency":"3000045200","type":"FEE_OWN","access":"open","acres":56,"owner":"PUB"},"geometry":{"type":"Polygon","coordinates":[[[-72.9592,44.1855],[-72.9607,44.1865],[-72.9611,44.1863],[-72.961,44.1868],[-72.9619,44.187],[-72.9624,44.1875],[-72.9623,44.188],[-72.9634,44.1885],[-72.963,44.1891],[-72.9643,44.1906],[-72.9639,44.1912],[-72.9641,44.1916],[-72.9672,44.1917],[-72.9667,44.1927],[-72.961,44.1933],[-72.9592,44.1855]]]}},{"type":"Feature","properties":{"name":"Camels Hump State Park","agency":"3000045200","type":"FEE_OWN","access":"open","acres":146,"owner":"PUB"},"geometry":{"type":"Polygon","coordinates":[[[-72.8388,44.3073],[-72.8362,44.3125],[-72.8281,44.3095],[-72.8316,44.3026],[-72.8397,44.3056],[-72.8388,44.3073]]]}},{"type":"Feature","properties":{"name":"Camels Hump State Park","agency":"3000045200","type":"FEE_OWN","access":"open","acres":237,"owner":"PUB"},"geometry":{"type":"Polygon","coordinates":[[[-72.9145,44.3373],[-72.9345,44.3415],[-72.9319,44.3465],[-72.9247,44.3448],[-72.9239,44.3463],[-72.9177,44.3448],[-72.919,44.3422],[-72.9128,44.3406],[-72.9145,44.3373]]]}},{"type":"Feature","properties":{"name":"Camels Hump State Park","agency":"3000045200","type":"FEE_OWN","access":"open","acres":275,"owner":"PUB"},"geometry":{"type":"Polygon","coordinates":[[[-72.8901,44.3516],[-72.8944,44.343],[-72.9038,44.3456],[-72.9032,44.3469],[-72.9101,44.3488],[-72.9081,44.3528],[-72.9012,44.351],[-72.8994,44.3543],[-72.8901,44.3516]]]}},{"type":"Feature","properties":{"name":"Camels Hump State Park","agency":"3000045200","type":"FEE_OWN","access":"open","acres":83,"owner":"PUB"},"geometry":{"type":"Polygon","coordinates":[[[-72.8484,44.3365],[-72.8388,44.3332],[-72.8385,44.3325],[-72.839,44.3313],[-72.8395,44.331],[-72.842,44.331],[-72.843,44.3303],[-72.8504,44.3329],[-72.8484,44.3365]],[[-72.8437,44.3322],[-72.8425,44.3312],[-72.8417,44.3321],[-72.8429,44.3332],[-72.8437,44.3322]]]}},{"type":"Feature","properties":{"name":"Camels Hump State Park","agency":"3000045200","type":"FEE_OWN","access":"open","acres":100,"owner":"PUB"},"geometry":{"type":"Polygon","coordinates":[[[-72.891,44.2832],[-72.9026,44.2872],[-72.9008,44.2906],[-72.8893,44.2865],[-72.891,44.2832]]]}},{"type":"Feature","properties":{"name":"Camels Hump State Park","agency":"3000045200","type":"FEE_OWN","access":"open","acres":308,"owner":"PUB"},"geometry":{"type":"Polygon","coordinates":[[[-72.8959,44.3722],[-72.891,44.3711],[-72.8947,44.3637],[-72.9013,44.3655],[-72.9046,44.3595],[-72.911,44.3613],[-72.9108,44.3619],[-72.9089,44.363],[-72.9077,44.3655],[-72.9081,44.3676],[-72.9079,44.3682],[-72.9057,44.3696],[-72.9055,44.3706],[-72.9036,44.3701],[-72.9007,44.3749],[-72.8959,44.3722]]]}},{"type":"Feature","properties":{"name":"Camels Hump State Park","agency":"3000045200","type":"FEE_OWN","access":"open","acres":53,"owner":"PUB"},"geometry":{"type":"Polygon","coordinates":[[[-72.9275,44.2242],[-72.9271,44.2287],[-72.9212,44.2285],[-72.9217,44.2271],[-72.9251,44.2248],[-72.9278,44.2194],[-72.9275,44.2242]]]}},{"type":"Feature","properties":{"name":"Camels Hump State Forest","agency":"3000045200","type":"FEE_OWN","access":"open","acres":57,"owner":"PUB"},"geometry":{"type":"Polygon","coordinates":[[[-72.8445,44.1768],[-72.847,44.1773],[-72.8499,44.1743],[-72.854,44.1764],[-72.8506,44.18],[-72.8454,44.1783],[-72.8445,44.1768]]]}},{"type":"Feature","properties":{"name":"Camels Hump State Park","agency":"3000045200","type":"FEE_OWN","access":"open","acres":51,"owner":"PUB"},"geometry":{"type":"Polygon","coordinates":[[[-72.924,44.2737],[-72.9243,44.2701],[-72.9262,44.2707],[-72.9287,44.2707],[-72.9292,44.2703],[-72.9312,44.2706],[-72.9311,44.274],[-72.924,44.2737]]]}},{"type":"Feature","properties":{"name":"Mt. Mansfield State Forest","agency":"3000045200","type":"FEE_OWN","access":"open","acres":93,"owner":"PUB"},"geometry":{"type":"Polygon","coordinates":[[[-72.8267,44.4359],[-72.8352,44.439],[-72.8325,44.443],[-72.8238,44.4397],[-72.8267,44.4359]]]}},{"type":"Feature","properties":{"name":"Mt. Mansfield State Forest","agency":"3000045200","type":"FEE_OWN","access":"open","acres":124,"owner":"PUB"},"geometry":{"type":"Polygon","coordinates":[[[-72.749,44.3833],[-72.7473,44.3856],[-72.7463,44.3855],[-72.7436,44.3865],[-72.7426,44.3862],[-72.7387,44.3911],[-72.7348,44.3898],[-72.7378,44.3848],[-72.7391,44.3852],[-72.7416,44.3826],[-72.7406,44.3823],[-72.7409,44.3811],[-72.7418,44.381],[-72.7418,44.3804],[-72.7429,44.3808],[-72.7434,44.3821],[-72.749,44.3833]]]}},{"type":"Feature","properties":{"name":"Mt. Mansfield State Forest","agency":"3000045200","type":"FEE_OWN","access":"open","acres":7,"owner":"PUB"},"geometry":{"type":"Polygon","coordinates":[[[-72.7467,44.3898],[-72.7441,44.3915],[-72.7433,44.3909],[-72.7443,44.3901],[-72.7447,44.3892],[-72.7467,44.3898]]]}},{"type":"Feature","properties":{"name":"Mt. Mansfield State Forest","agency":"3000045200","type":"FEE_OWN","access":"open","acres":246,"owner":"PUB"},"geometry":{"type":"Polygon","coordinates":[[[-72.7572,44.3891],[-72.7566,44.3894],[-72.7558,44.3926],[-72.7559,44.3936],[-72.7572,44.3941],[-72.7575,44.3953],[-72.7537,44.3941],[-72.7507,44.3983],[-72.7462,44.3966],[-72.7475,44.3943],[-72.7442,44.3931],[-72.7448,44.3911],[-72.7467,44.3898],[-72.748,44.3902],[-72.7486,44.3894],[-72.7501,44.3891],[-72.7501,44.3877],[-72.7518,44.3841],[-72.7585,44.3868],[-72.7602,44.3891],[-72.7618,44.3904],[-72.7622,44.3915],[-72.7599,44.3916],[-72.7574,44.3909],[-72.7566,44.3894],[-72.7572,44.3897],[-72.7582,44.3887],[-72.7572,44.3891]],[[-72.7542,44.3879],[-72.7537,44.3877],[-72.7541,44.3873],[-72.7534,44.3864],[-72.7518,44.3875],[-72.7523,44.3881],[-72.7514,44.3885],[-72.7538,44.3884],[-72.7542,44.3879]]]}},{"type":"Feature","properties":{"name":"Mt. Mansfield State Forest","agency":"3000045200","type":"FEE_OWN","access":"open","acres":12,"owner":"PUB"},"geometry":{"type":"Polygon","coordinates":[[[-72.7835,44.3728],[-72.7842,44.3714],[-72.7872,44.371],[-72.7878,44.3723],[-72.7835,44.3728]]]}},{"type":"Feature","properties":{"name":"Mt. Mansfield State Forest","agency":"3000045200","type":"FEE_OWN","access":"open","acres":396,"owner":"PUB"},"geometry":{"type":"Polygon","coordinates":[[[-72.745,44.4353],[-72.7485,44.4297],[-72.7426,44.4273],[-72.7418,44.4294],[-72.7378,44.4279],[-72.7391,44.4258],[-72.7333,44.4236],[-72.7342,44.4224],[-72.7385,44.4241],[-72.7417,44.4204],[-72.741,44.4201],[-72.7443,44.4163],[-72.7499,44.4181],[-72.7491,44.4194],[-72.7496,44.4196],[-72.7486,44.421],[-72.7485,44.4225],[-72.7475,44.4234],[-72.7544,44.4262],[-72.7537,44.4277],[-72.7546,44.4305],[-72.7566,44.4319],[-72.7541,44.4355],[-72.7497,44.434],[-72.748,44.4365],[-72.745,44.4353]]]}},{"type":"Feature","properties":{"name":"Mt. Mansfield State Forest","agency":"3000045200","type":"FEE_OWN","access":"open","acres":66,"owner":"PUB"},"geometry":{"type":"Polygon","coordinates":[[[-72.7717,44.4105],[-72.7755,44.4055],[-72.7801,44.4073],[-72.7763,44.4123],[-72.7717,44.4105]]]}},{"type":"Feature","properties":{"name":null,"agency":"3000045200","type":"FEE_OWN","access":"open","acres":72,"owner":"PUB"},"geometry":{"type":"Polygon","coordinates":[[[-72.7277,44.3329],[-72.7302,44.3339],[-72.7291,44.3379],[-72.7316,44.3383],[-72.7313,44.3395],[-72.733,44.3398],[-72.7321,44.3411],[-72.7329,44.3414],[-72.7316,44.3415],[-72.7315,44.3409],[-72.7299,44.3403],[-72.7297,44.3406],[-72.724,44.3383],[-72.7277,44.3329]]]}},{"type":"Feature","properties":{"name":"Buck Lake WMA","agency":"3000045100","type":"FEE_OWN","access":"open","acres":12,"owner":"PUB"},"geometry":{"type":"Polygon","coordinates":[[[-72.4001,44.4722],[-72.3982,44.474],[-72.3975,44.4738],[-72.3954,44.4747],[-72.3946,44.4744],[-72.399,44.4717],[-72.4001,44.4722]]]}},{"type":"Feature","properties":{"name":"Shea Woodland","agency":"4000052105","type":"EASEMENT","access":"open","acres":103,"owner":"PUB"},"geometry":{"type":"Polygon","coordinates":[[[-72.2868,44.0461],[-72.281,44.0452],[-72.2826,44.0401],[-72.2818,44.0398],[-72.2826,44.034],[-72.2831,44.0342],[-72.2834,44.0373],[-72.2828,44.0386],[-72.284,44.0383],[-72.284,44.0401],[-72.2862,44.04],[-72.2865,44.0381],[-72.2873,44.0372],[-72.2892,44.0379],[-72.2874,44.0408],[-72.2878,44.0417],[-72.2892,44.0421],[-72.2868,44.0461]]]}},{"type":"Feature","properties":{"name":"Mary Elizabeth Kincaid Woodlands","agency":"4000052105","type":"FEE_OWN","access":"open","acres":209,"owner":"PUB"},"geometry":{"type":"Polygon","coordinates":[[[-72.2517,44.1747],[-72.2439,44.1728],[-72.243,44.1729],[-72.2406,44.1719],[-72.2383,44.1706],[-72.2385,44.1686],[-72.241,44.167],[-72.2421,44.1651],[-72.2429,44.1649],[-72.2435,44.165],[-72.2443,44.1661],[-72.2488,44.1671],[-72.252,44.1668],[-72.2543,44.1671],[-72.2517,44.1747]]]}},{"type":"Feature","properties":{"name":"Old Red Mill Park","agency":"4000052315","type":"FEE_OWN","access":"open","acres":12,"owner":"PUB"},"geometry":{"type":"Polygon","coordinates":[[[-72.9966,44.5083],[-72.9973,44.5078],[-72.9976,44.5065],[-72.9999,44.5054],[-72.9979,44.5097],[-72.9966,44.5083]]]}},{"type":"Feature","properties":{"name":"Chickering Bog Natural Area","agency":"4000052010","type":"FEE_OWN","access":"open","acres":30,"owner":"PUB"},"geometry":{"type":"Polygon","coordinates":[[[-72.479,44.3242],[-72.4821,44.3203],[-72.4848,44.3214],[-72.4817,44.3253],[-72.479,44.3242]]]}},{"type":"Feature","properties":{"name":"Deer Leap Natural Area","agency":"4000052010","type":"FEE_OWN","access":"open","acres":30,"owner":"PUB"},"geometry":{"type":"Polygon","coordinates":[[[-73.0598,44.138],[-73.0598,44.1376],[-73.0654,44.1415],[-73.0655,44.1422],[-73.0609,44.1426],[-73.0598,44.138]]]}},{"type":"Feature","properties":{"name":"Bear Swamp","agency":"4000052010","type":"DEED","access":"open","acres":126,"owner":"PUB"},"geometry":{"type":"Polygon","coordinates":[[[-72.4178,44.5919],[-72.4215,44.5872],[-72.4314,44.591],[-72.4279,44.5953],[-72.4178,44.5919]]]}},{"type":"Feature","properties":{"name":"Chickering Bog Natural Area","agency":"4000052010","type":"FEE_OWN","access":"open","acres":25,"owner":"PUB"},"geometry":{"type":"Polygon","coordinates":[[[-72.4823,44.3204],[-72.4856,44.3162],[-72.4874,44.3169],[-72.4843,44.3212],[-72.4823,44.3204]]]}},{"type":"Feature","properties":{"name":"Deer Leap Natural Area","agency":"4000052010","type":"FEE_OWN","access":"open","acres":45,"owner":"PUB"},"geometry":{"type":"Polygon","coordinates":[[[-73.0593,44.1357],[-73.0641,44.1351],[-73.0654,44.1415],[-73.0598,44.1376],[-73.0593,44.1357]]]}},{"type":"Feature","properties":{"name":"Chickering Bog Natural Area","agency":"4000052010","type":"FEE_OWN","access":"open","acres":29,"owner":"PUB"},"geometry":{"type":"Polygon","coordinates":[[[-72.4793,44.3192],[-72.4821,44.3203],[-72.479,44.3242],[-72.4767,44.3233],[-72.4793,44.3192]]]}},{"type":"Feature","properties":{"name":"Bear Swamp","agency":"4000052010","type":"DEED","access":"open","acres":135,"owner":"PUB"},"geometry":{"type":"Polygon","coordinates":[[[-72.4279,44.5953],[-72.4333,44.5888],[-72.4341,44.5891],[-72.433,44.5907],[-72.4409,44.5935],[-72.4399,44.5963],[-72.4387,44.5953],[-72.4372,44.5976],[-72.4394,44.5983],[-72.4388,44.5993],[-72.4279,44.5953]]]}},{"type":"Feature","properties":{"name":"TNC Easement","agency":"4000052010","type":"EASEMENT","access":"open","acres":124,"owner":"PUB"},"geometry":{"type":"MultiPolygon","coordinates":[[[[-72.7727,44.4721],[-72.7696,44.4709],[-72.7722,44.4669],[-72.7789,44.4693],[-72.7773,44.472],[-72.7761,44.472],[-72.7753,44.4725],[-72.7741,44.4717],[-72.7731,44.4725],[-72.7738,44.473],[-72.7713,44.4742],[-72.7727,44.4721]]],[[[-72.7716,44.4742],[-72.7739,44.4731],[-72.7745,44.4734],[-72.776,44.4722],[-72.7771,44.4721],[-72.7763,44.4734],[-72.7784,44.4743],[-72.7757,44.4785],[-72.7729,44.4775],[-72.7733,44.4763],[-72.7716,44.4742]]]]}},{"type":"Feature","properties":{"name":"Barr Hill Natural Area","agency":"4000052010","type":"FEE_OWN","access":"open","acres":252,"owner":"PUB"},"geometry":{"type":"Polygon","coordinates":[[[-72.2845,44.6056],[-72.2851,44.6017],[-72.2908,44.6034],[-72.2919,44.602],[-72.2932,44.6028],[-72.2961,44.6011],[-72.2971,44.6015],[-72.2975,44.604],[-72.2986,44.6045],[-72.2925,44.6133],[-72.2828,44.6099],[-72.2854,44.6059],[-72.2845,44.6056]]]}},{"type":"Feature","properties":{"name":"Chickering Bog Natural Area","agency":"4000052010","type":"FEE_OWN","access":"open","acres":29,"owner":"PUB"},"geometry":{"type":"Polygon","coordinates":[[[-72.479,44.3242],[-72.4817,44.3253],[-72.4811,44.3259],[-72.4835,44.3267],[-72.4832,44.3272],[-72.4794,44.3285],[-72.4797,44.3279],[-72.4784,44.3272],[-72.4777,44.3257],[-72.479,44.3242]]]}},{"type":"Feature","properties":{"name":"Richmond Rivershore Natural Area","agency":"4000052010","type":"FEE_OWN","access":"open","acres":24,"owner":"PUB"},"geometry":{"type":"MultiPolygon","coordinates":[[[[-72.9918,44.3976],[-72.9919,44.3979],[-72.9898,44.3985],[-72.9897,44.3978],[-72.9918,44.3976]]],[[[-72.9914,44.3983],[-72.9923,44.3983],[-72.9906,44.3989],[-72.9914,44.3983]]],[[[-72.995,44.401],[-72.9932,44.4009],[-72.99,44.3993],[-72.993,44.3986],[-72.9952,44.3991],[-72.9961,44.3996],[-72.9965,44.4005],[-72.9961,44.401],[-72.995,44.401]]]]}},{"type":"Feature","properties":{"name":"Flagg Pond Natural Area","agency":"4000052010","type":"FEE_OWN","access":"open","acres":102,"owner":"PUB"},"geometry":{"type":"Polygon","coordinates":[[[-72.197,44.57],[-72.1983,44.5653],[-72.2079,44.5668],[-72.2066,44.5715],[-72.197,44.57]]]}},{"type":"Feature","properties":{"name":"Deer Leap Natural Area","agency":"4000052010","type":"FEE_OWN","access":"open","acres":24,"owner":"PUB"},"geometry":{"type":"Polygon","coordinates":[[[-73.0547,44.1363],[-73.0593,44.1357],[-73.0598,44.138],[-73.0549,44.1386],[-73.0547,44.1363]]]}},{"type":"Feature","properties":{"name":"Mud Pond","agency":"5000784475","type":"FEE_OWN","access":"open","acres":10,"owner":"PUB"},"geometry":{"type":"Polygon","coordinates":[[[-73.0808,44.415],[-73.0796,44.4146],[-73.081,44.4119],[-73.0828,44.4126],[-73.0808,44.415]]]}},{"type":"Feature","properties":{"name":"Mud Pond","agency":"5000784475","type":"FEE_OWN","access":"open","acres":9,"owner":"PUB"},"geometry":{"type":"Polygon","coordinates":[[[-73.0771,44.4159],[-73.0757,44.4186],[-73.0749,44.4183],[-73.0748,44.4173],[-73.0753,44.4161],[-73.0766,44.4155],[-73.0771,44.4159]]]}},{"type":"Feature","properties":{"name":"Mud Pond","agency":"5000784475","type":"FEE_OWN","access":"open","acres":4,"owner":"PUB"},"geometry":{"type":"Polygon","coordinates":[[[-73.0787,44.4164],[-73.0796,44.4146],[-73.0808,44.415],[-73.0793,44.4166],[-73.0787,44.4164]]]}},{"type":"Feature","properties":{"name":"Chickering Bog Natural Area","agency":"4000052010","type":"FEE_OWN","access":"open","acres":108,"owner":"PUB"},"geometry":{"type":"Polygon","coordinates":[[[-72.4848,44.3214],[-72.4928,44.3243],[-72.4893,44.3292],[-72.4811,44.3259],[-72.4848,44.3214]]]}},{"type":"Feature","properties":{"name":"TNC Easement","agency":"4000052010","type":"EASEMENT","access":"open","acres":60,"owner":"PUB"},"geometry":{"type":"Polygon","coordinates":[[[-72.6119,44.0564],[-72.6125,44.0552],[-72.6134,44.0554],[-72.6138,44.0545],[-72.6187,44.0559],[-72.6164,44.0602],[-72.6107,44.0585],[-72.6119,44.0564]]]}},{"type":"Feature","properties":{"name":"Braintree Mountain Forest","agency":"4000051405","type":"FEE_OWN","access":"open","acres":1523,"owner":"PUB"},"geometry":{"type":"MultiPolygon","coordinates":[[[[-72.7456,43.9465],[-72.737,43.9438],[-72.7395,43.9404],[-72.7407,43.9408],[-72.7431,43.9375],[-72.7486,43.9392],[-72.7461,43.9426],[-72.75,43.9439],[-72.7458,43.9475],[-72.7442,43.9478],[-72.7442,43.9473],[-72.7456,43.9465]]],[[[-72.7638,43.9527],[-72.7607,43.9517],[-72.7632,43.9482],[-72.7618,43.947],[-72.7603,43.9467],[-72.7581,43.9447],[-72.7554,43.9438],[-72.7533,43.9442],[-72.7522,43.9439],[-72.7502,43.944],[-72.7514,43.9423],[-72.7546,43.9412],[-72.7552,43.9406],[-72.7508,43.9392],[-72.7508,43.9384],[-72.75,43.9383],[-72.7503,43.9331],[-72.7527,43.9338],[-72.7542,43.9317],[-72.7603,43.9335],[-72.7629,43.9298],[-72.7569,43.9281],[-72.7594,43.9248],[-72.7653,43.9265],[-72.7674,43.9235],[-72.7706,43.9245],[-72.7696,43.9259],[-72.7727,43.9281],[-72.7761,43.9315],[-72.7762,43.9325],[-72.7757,43.9334],[-72.7765,43.9336],[-72.7772,43.9364],[-72.7792,43.938],[-72.7805,43.938],[-72.7818,43.9393],[-72.7827,43.9411],[-72.7823,43.9428],[-72.79,43.9453],[-72.7855,43.9519],[-72.7806,43.9518],[-72.7779,43.9525],[-72.7747,43.9538],[-72.7721,43.9554],[-72.7638,43.9527]]],[[[-72.77,43.9417],[-72.7706,43.9408],[-72.7666,43.9411],[-72.764,43.9423],[-72.7615,43.9425],[-72.761,43.9431],[-72.7674,43.9452],[-72.77,43.9417]]],[[[-72.7609,43.9432],[-72.7651,43.9378],[-72.7619,43.9368],[-72.7577,43.9422],[-72.7609,43.9432]]]]}},{"type":"Feature","properties":{"name":"TNC Easement","agency":"4000052010","type":"EASEMENT","access":"open","acres":338,"owner":"PUB"},"geometry":{"type":"Polygon","coordinates":[[[-72.8742,44.3869],[-72.8696,44.3883],[-72.8704,44.3903],[-72.8716,44.3908],[-72.8753,44.3902],[-72.876,44.3923],[-72.8729,44.3936],[-72.8732,44.395],[-72.8547,44.3881],[-72.8581,44.3832],[-72.8629,44.385],[-72.8651,44.3818],[-72.8691,44.3833],[-72.8714,44.3802],[-72.8751,44.3817],[-72.8735,44.3846],[-72.8742,44.3869]]]}},{"type":"Feature","properties":{"name":"Wolcott Community Forest","agency":"5001585375","type":"FEE_OWN","access":"open","acres":735,"owner":"PUB"},"geometry":{"type":"MultiPolygon","coordinates":[[[[-72.4555,44.5306],[-72.4554,44.5302],[-72.4556,44.5303],[-72.4581,44.5271],[-72.4602,44.5279],[-72.4583,44.5296],[-72.4586,44.5298],[-72.4571,44.5325],[-72.4572,44.5336],[-72.4556,44.532],[-72.4555,44.5306]]],[[[-72.4491,44.5387],[-72.449,44.538],[-72.4479,44.5378],[-72.4478,44.537],[-72.4468,44.5363],[-72.4463,44.5366],[-72.4448,44.5355],[-72.4447,44.5349],[-72.4454,44.5342],[-72.446,44.5345],[-72.4477,44.5316],[-72.4506,44.5327],[-72.451,44.532],[-72.4509,44.5307],[-72.453,44.5303],[-72.4538,44.5297],[-72.4541,44.5288],[-72.4553,44.5281],[-72.4549,44.5291],[-72.4556,44.5321],[-72.4551,44.533],[-72.4548,44.535],[-72.4552,44.5354],[-72.4572,44.5355],[-72.4571,44.538],[-72.4557,44.5381],[-72.4556,44.5376],[-72.4514,44.5364],[-72.4501,44.5386],[-72.4497,44.5386],[-72.4495,44.5389],[-72.4491,44.5387]]],[[[-72.4613,44.5468],[-72.4606,44.5467],[-72.4618,44.5469],[-72.4613,44.5468]]],[[[-72.4619,44.5444],[-72.4633,44.5419],[-72.4611,44.5403],[-72.4645,44.5342],[-72.4578,44.5312],[-72.4596,44.5287],[-72.4615,44.5268],[-72.4637,44.5272],[-72.4651,44.5255],[-72.478,44.5302],[-72.4759,44.5336],[-72.4773,44.5341],[-72.4708,44.5427],[-72.473,44.5433],[-72.4784,44.5426],[-72.4756,44.5464],[-72.4696,44.5443],[-72.4664,44.5485],[-72.4641,44.5472],[-72.4608,44.5464],[-72.4619,44.5444]]],[[[-72.4653,44.548],[-72.4663,44.5487],[-72.466,44.549],[-72.4653,44.548]]]]}},{"type":"Feature","properties":{"name":"Woodbury Mountain Wilderness Preserve","agency":"4000051420","type":"FEE_OWN","access":"open","acres":5947,"owner":"PUB"},"geometry":{"type":"MultiPolygon","coordinates":[[[[-72.4818,44.4243],[-72.4835,44.4221],[-72.4929,44.4259],[-72.4884,44.4321],[-72.4829,44.4302],[-72.485,44.4256],[-72.4818,44.4243]]],[[[-72.5047,44.4089],[-72.506,44.4071],[-72.5153,44.4113],[-72.5101,44.4184],[-72.5151,44.421],[-72.5147,44.4215],[-72.5143,44.4216],[-72.5007,44.4146],[-72.5047,44.4089]]],[[[-72.3898,44.4945],[-72.3886,44.4939],[-72.386,44.4939],[-72.3881,44.4918],[-72.3883,44.4909],[-72.3908,44.4893],[-72.3881,44.4883],[-72.3943,44.48],[-72.396,44.4804],[-72.4033,44.4733],[-72.4083,44.4752],[-72.4114,44.4713],[-72.4138,44.4725],[-72.4171,44.4683],[-72.4236,44.4708],[-72.4267,44.4666],[-72.4225,44.465],[-72.4238,44.4646],[-72.424,44.4638],[-72.4246,44.4631],[-72.4278,44.462],[-72.43,44.4605],[-72.4357,44.4579],[-72.4391,44.4549],[-72.4534,44.4596],[-72.4538,44.4603],[-72.4504,44.465],[-72.4594,44.4684],[-72.4624,44.4644],[-72.4643,44.4652],[-72.4683,44.46],[-72.4571,44.4556],[-72.4601,44.4517],[-72.4558,44.45],[-72.4589,44.446],[-72.4631,44.4478],[-72.4683,44.4408],[-72.479,44.4449],[-72.4835,44.4385],[-72.4703,44.4335],[-72.4739,44.4294],[-72.4769,44.4306],[-72.4752,44.4326],[-72.4853,44.4362],[-72.4869,44.4342],[-72.4958,44.4377],[-72.4904,44.4455],[-72.499,44.4487],[-72.4888,44.463],[-72.495,44.4652],[-72.4903,44.4718],[-72.4914,44.4723],[-72.4873,44.4784],[-72.4822,44.4768],[-72.4789,44.4811],[-72.4785,44.4819],[-72.4837,44.4839],[-72.4785,44.4907],[-72.4813,44.4917],[-72.4716,44.5045],[-72.47,44.5038],[-72.4724,44.5007],[-72.4723,44.4995],[-72.4691,44.4982],[-72.4736,44.4896],[-72.4712,44.4887],[-72.4709,44.4894],[-72.4619,44.4859],[-72.4635,44.4836],[-72.4533,44.4798],[-72.4522,44.4813],[-72.4321,44.474],[-72.427,44.4816],[-72.4189,44.479],[-72.4065,44.4954],[-72.3962,44.4914],[-72.3938,44.4946],[-72.3919,44.4939],[-72.3906,44.4955],[-72.3898,44.4945]]],[[[-72.4643,44.477],[-72.4649,44.4765],[-72.4668,44.4772],[-72.4712,44.4714],[-72.4705,44.4711],[-72.4711,44.4703],[-72.4628,44.4671],[-72.4548,44.4778],[-72.4618,44.4791],[-72.4643,44.477]]]]}},{"type":"Feature","properties":{"name":"Woodbury Mountain Wilderness Preserve - Spring Addition","agency":"4000051420","type":"FEE_OWN","access":"open","acres":125,"owner":"PUB"},"geometry":{"type":"MultiPolygon","coordinates":[[[[-72.4544,44.4402],[-72.4557,44.4392],[-72.4576,44.4397],[-72.456,44.4411],[-72.454,44.4419],[-72.4549,44.4425],[-72.4537,44.4431],[-72.4534,44.444],[-72.4527,44.4446],[-72.4506,44.4441],[-72.4544,44.4402]]],[[[-72.4564,44.4421],[-72.4596,44.4415],[-72.4663,44.4435],[-72.4631,44.4478],[-72.4589,44.446],[-72.4529,44.4447],[-72.4536,44.4441],[-72.454,44.4431],[-72.4564,44.4421]]]]}},{"type":"Feature","properties":{"name":"New England Forestry Foundation","agency":"4000051405","type":"FEE_OWN","access":"open","acres":4,"owner":"PUB"},"geometry":{"type":"Polygon","coordinates":[[[-72.5843,44.4851],[-72.5856,44.4845],[-72.587,44.4866],[-72.5843,44.4851]]]}},{"type":"Feature","properties":{"name":"Moosalamoo","agency":"2000032000","type":"PZONE","access":"open","acres":15913,"owner":"PUB"},"geometry":{"type":"Polygon","coordinates":[[[-72.9895,43.9357],[-72.9903,43.9355],[-72.9909,43.9343],[-72.9934,43.9324],[-72.9945,43.9297],[-72.9928,43.9254],[-72.9917,43.9207],[-72.9923,43.9192],[-72.9922,43.9179],[-72.9914,43.9163],[-72.9914,43.9144],[-72.9919,43.9129],[-72.99,43.9107],[-72.99,43.909],[-72.9894,43.9063],[-72.9873,43.9059],[-72.986,43.9049],[-72.9857,43.9042],[-72.9838,43.9039],[-72.983,43.9033],[-72.9828,43.9025],[-72.9831,43.9008],[-72.9823,43.9003],[-72.9821,43.899],[-72.9835,43.897],[-72.9853,43.8954],[-72.9861,43.8932],[-72.9879,43.893],[-72.9881,43.8922],[-72.9889,43.8917],[-72.9885,43.8905],[-72.9915,43.8851],[-72.9909,43.8773],[-72.992,43.8741],[-72.9933,43.8731],[-73.0027,43.8715],[-73.006,43.8714],[-73.0079,43.8701],[-73.0084,43.8705],[-73.0097,43.8698],[-73.0138,43.8698],[-73.0139,43.8692],[-73.0152,43.8693],[-73.0148,43.8721],[-73.0122,43.8715],[-73.0097,43.8743],[-73.0096,43.8764],[-73.0115,43.8765],[-73.0111,43.8794],[-73.016,43.8797],[-73.0162,43.8767],[-73.02,43.8769],[-73.0201,43.8764],[-73.026,43.8769],[-73.026,43.8763],[-73.0267,43.8763],[-73.0281,43.8773],[-73.0282,43.8796],[-73.0274,43.8796],[-73.0259,43.8811],[-73.0247,43.8849],[-73.0383,43.8853],[-73.0338,43.8671],[-73.0263,43.8671],[-73.0248,43.8658],[-73.0229,43.865],[-73.0182,43.8643],[-73.0166,43.8632],[-73.0168,43.8618],[-73.0184,43.8597],[-73.0185,43.8579],[-73.0203,43.8569],[-73.0205,43.856],[-73.0215,43.8559],[-73.0214,43.8568],[-73.0271,43.857],[-73.0275,43.8591],[-73.0318,43.8592],[-73.0311,43.8565],[-73.027,43.8564],[-73.0265,43.8535],[-73.0283,43.8533],[-73.0272,43.8482],[-73.0289,43.8477],[-73.0287,43.8464],[-73.0298,43.8455],[-73.0301,43.8454],[-73.03,43.8464],[-73.0325,43.8454],[-73.032,43.8444],[-73.0332,43.844],[-73.0319,43.8423],[-73.0325,43.8419],[-73.0359,43.8433],[-73.0381,43.843],[-73.039,43.8424],[-73.0419,43.8427],[-73.0426,43.8442],[-73.0424,43.8465],[-73.0507,43.8462],[-73.0512,43.8488],[-73.057,43.8485],[-73.0572,43.8494],[-73.0584,43.8492],[-73.0594,43.8507],[-73.0575,43.8508],[-73.0578,43.8526],[-73.0572,43.8527],[-73.0573,43.8533],[-73.0554,43.8535],[-73.0564,43.8571],[-73.0566,43.861],[-73.0545,43.8614],[-73.0559,43.8662],[-73.0589,43.8657],[-73.0582,43.8735],[-73.0618,43.8735],[-73.0618,43.8739],[-73.0631,43.8739],[-73.0632,43.8748],[-73.0637,43.8747],[-73.0636,43.8763],[-73.0585,43.8762],[-73.0598,43.8814],[-73.0589,43.8842],[-73.0611,43.8909],[-73.061,43.8932],[-73.0617,43.8933],[-73.0617,43.8938],[-73.0598,43.8941],[-73.0596,43.8952],[-73.0605,43.8969],[-73.064,43.8966],[-73.0637,43.8978],[-73.0643,43.9014],[-73.0654,43.9046],[-73.0644,43.9046],[-73.0634,43.9039],[-73.0623,43.9047],[-73.0631,43.9104],[-73.0617,43.9098],[-73.0584,43.917],[-73.0635,43.9162],[-73.0635,43.9197],[-73.0642,43.9195],[-73.0645,43.9203],[-73.0642,43.923],[-73.0663,43.9232],[-73.0668,43.9244],[-73.0712,43.9272],[-73.0723,43.9299],[-73.072,43.9309],[-73.0875,43.9297],[-73.0877,43.931],[-73.0866,43.9361],[-73.0853,43.9383],[-73.0854,43.9391],[-73.0787,43.9399],[-73.0787,43.9375],[-73.0734,43.938],[-73.0762,43.9386],[-73.076,43.9391],[-73.0766,43.9391],[-73.0764,43.9407],[-73.0781,43.9427],[-73.0849,43.9419],[-73.0848,43.9447],[-73.078,43.9453],[-73.0778,43.9481],[-73.0804,43.9478],[-73.08,43.9516],[-73.081,43.9521],[-73.0802,43.9527],[-73.0791,43.9523],[-73.0762,43.9535],[-73.0726,43.9529],[-73.0729,43.9543],[-73.0716,43.9549],[-73.0709,43.9569],[-73.0658,43.9593],[-73.0656,43.9619],[-73.0582,43.963],[-73.0587,43.9708],[-73.06,43.971],[-73.0632,43.9729],[-73.0655,43.9731],[-73.0674,43.9727],[-73.0673,43.9724],[-73.0694,43.9723],[-73.0702,43.9717],[-73.0711,43.971],[-73.0709,43.9689],[-73.0744,43.9687],[-73.0745,43.9696],[-73.0754,43.9696],[-73.0752,43.9686],[-73.0764,43.9685],[-73.0764,43.9694],[-73.0753,43.9711],[-73.0743,43.9716],[-73.0734,43.9726],[-73.0721,43.9726],[-73.0647,43.9746],[-73.0614,43.9739],[-73.0558,43.9713],[-73.0511,43.9741],[-73.0487,43.9739],[-73.0458,43.9749],[-73.0451,43.9749],[-73.044,43.9742],[-73.0425,43.9749],[-73.0415,43.9743],[-73.0417,43.974],[-73.0408,43.9738],[-73.0406,43.9741],[-73.0401,43.9738],[-73.0425,43.9699],[-73.0433,43.9647],[-73.0362,43.9653],[-73.0308,43.9651],[-73.0303,43.9644],[-73.0306,43.9637],[-73.03,43.9623],[-73.0303,43.9611],[-73.0285,43.9573],[-73.0276,43.9566],[-73.0285,43.9541],[-73.0299,43.9533],[-73.0286,43.9524],[-73.0264,43.9526],[-73.0264,43.9522],[-73.025,43.9525],[-73.0246,43.9508],[-73.0239,43.9508],[-73.0239,43.9528],[-73.0228,43.9531],[-73.0227,43.9546],[-73.0237,43.9559],[-73.0259,43.9555],[-73.026,43.9568],[-73.0141,43.9565],[-73.0141,43.9568],[-73.0128,43.9568],[-73.0127,43.9574],[-73.0135,43.9573],[-73.0139,43.958],[-73.013,43.9577],[-73.0131,43.9582],[-73.0151,43.9588],[-73.0103,43.9584],[-73.0046,43.9574],[-73.0054,43.9574],[-73.006,43.9483],[-73.0031,43.9481],[-73.0029,43.9533],[-73.0013,43.9532],[-72.9974,43.95],[-72.9909,43.9488],[-72.9879,43.947],[-72.9856,43.9467],[-72.9857,43.9457],[-72.9847,43.9445],[-72.9846,43.941],[-72.9859,43.9397],[-72.9853,43.9397],[-72.9872,43.9385],[-72.9871,43.938],[-72.9896,43.9367],[-72.9895,43.9357]],[[-73.0195,43.9329],[-73.0201,43.9329],[-73.0201,43.9325],[-73.0195,43.9325],[-73.0195,43.9329]],[[-73.0157,43.9073],[-73.0171,43.9073],[-73.0168,43.9066],[-73.0157,43.9065],[-73.0157,43.9073]],[[-73.0413,43.9021],[-73.0396,43.9024],[-73.0396,43.903],[-73.043,43.9047],[-73.0423,43.9037],[-73.0425,43.9026],[-73.042,43.9021],[-73.0413,43.9021]],[[-73.0367,43.954],[-73.0366,43.955],[-73.0392,43.9565],[-73.0394,43.9547],[-73.0367,43.9535],[-73.0367,43.954]],[[-73.023,43.8928],[-73.0261,43.8939],[-73.0264,43.8928],[-73.0234,43.891],[-73.023,43.8928]],[[-73.0275,43.8961],[-73.0299,43.8967],[-73.0301,43.8937],[-73.0282,43.8933],[-73.0275,43.8961]],[[-73.0386,43.8867],[-73.0438,43.8861],[-73.0427,43.8825],[-73.0416,43.8827],[-73.0423,43.8849],[-73.0383,43.8853],[-73.0386,43.8867]],[[-73.0011,43.9149],[-73.003,43.9163],[-73.0072,43.9133],[-73.0053,43.9119],[-73.0011,43.9149]],[[-73.0434,43.9566],[-73.0447,43.9645],[-73.046,43.9643],[-73.0464,43.9563],[-73.0434,43.9566]],[[-73.0286,43.9113],[-73.0298,43.9113],[-73.03,43.9106],[-73.0322,43.9092],[-73.0327,43.9085],[-73.0325,43.9071],[-73.0288,43.907],[-73.0289,43.9058],[-73.0261,43.9053],[-73.024,43.9057],[-73.0211,43.9051],[-73.018,43.9064],[-73.018,43.9068],[-73.0206,43.9069],[-73.0203,43.909],[-73.0288,43.9092],[-73.0286,43.9113]],[[-73.0148,43.944],[-73.015,43.9446],[-73.0227,43.945],[-73.0231,43.9458],[-73.0262,43.946],[-73.0268,43.9412],[-73.0151,43.9408],[-73.0148,43.944]],[[-73.0056,43.8951],[-73.0067,43.8951],[-73.0065,43.9014],[-73.011,43.9015],[-73.011,43.9026],[-73.0293,43.9028],[-73.0372,43.9033],[-73.0381,43.9023],[-73.0396,43.9022],[-73.0398,43.8979],[-73.0186,43.8974],[-73.0188,43.8936],[-73.0203,43.893],[-73.0207,43.8906],[-73.0189,43.8898],[-73.0189,43.8922],[-73.0129,43.892],[-73.0132,43.8887],[-73.0153,43.8887],[-73.0182,43.8895],[-73.018,43.8879],[-73.0107,43.888],[-73.0074,43.8874],[-73.0067,43.889],[-73.0056,43.8896],[-73.0039,43.8891],[-73.0017,43.89],[-73.0012,43.8909],[-73.0109,43.8915],[-73.0114,43.893],[-73.0072,43.893],[-73.0072,43.8937],[-73.0058,43.8937],[-73.0056,43.8951]]]}},{"type":"Feature","properties":{"name":"Breadloaf Wilderness","agency":"2000032000","type":"PZONE","access":"limited (easement)","acres":24984,"owner":"PRIV"},"geometry":{"type":"Polygon","coordinates":[[[-72.926,44.0939],[-72.9223,44.0941],[-72.9199,44.0832],[-72.899,44.0849],[-72.8971,44.0737],[-72.8911,44.0697],[-72.888,44.0695],[-72.887,44.0706],[-72.884,44.0712],[-72.8821,44.0722],[-72.8814,44.0709],[-72.8823,44.0696],[-72.8802,44.069],[-72.8753,44.076],[-72.8698,44.0765],[-72.868,44.0758],[-72.8656,44.0765],[-72.861,44.0759],[-72.8617,44.0737],[-72.8617,44.0726],[-72.8604,44.0704],[-72.8593,44.0676],[-72.864,44.0611],[-72.864,44.0577],[-72.8622,44.058],[-72.8586,44.0601],[-72.856,44.0601],[-72.8535,44.061],[-72.8448,44.0567],[-72.8401,44.0561],[-72.8374,44.0544],[-72.8321,44.0499],[-72.833,44.0492],[-72.8331,44.0476],[-72.8348,44.045],[-72.8355,44.0424],[-72.8353,44.041],[-72.8471,44.0405],[-72.8519,44.0369],[-72.8612,44.0372],[-72.8618,44.0341],[-72.8626,44.0321],[-72.8641,44.0302],[-72.8659,44.0288],[-72.8632,44.0267],[-72.8621,44.0264],[-72.8621,44.0259],[-72.8633,44.0244],[-72.8635,44.023],[-72.8588,44.0191],[-72.8587,44.0158],[-72.8606,44.0102],[-72.8617,44.0092],[-72.868,44.0085],[-72.8698,44.0093],[-72.8713,44.0092],[-72.872,44.0086],[-72.872,44.0079],[-72.8706,44.0064],[-72.8714,44.0055],[-72.8719,44.0039],[-72.8727,44.0041],[-72.8733,44.0063],[-72.8747,44.0062],[-72.8759,44.0071],[-72.8765,44.0071],[-72.8794,44.0096],[-72.8814,44.0135],[-72.885,44.0161],[-72.8855,44.0174],[-72.8868,44.0187],[-72.887,44.0194],[-72.8898,44.0172],[-72.8915,44.0163],[-72.8938,44.0131],[-72.8933,44.0126],[-72.8918,44.0092],[-72.8917,44.0067],[-72.8912,44.0059],[-72.8914,44.005],[-72.8905,44.0035],[-72.8942,43.9987],[-72.9008,43.9936],[-72.9066,43.9916],[-72.9069,43.9857],[-72.9026,43.9806],[-72.9019,43.9694],[-72.8993,43.9691],[-72.8972,43.9677],[-72.898,43.9661],[-72.8972,43.9659],[-72.8974,43.9651],[-72.8996,43.9639],[-72.8997,43.963],[-72.9003,43.9626],[-72.901,43.9598],[-72.902,43.9583],[-72.9078,43.9547],[-72.9093,43.9563],[-72.9133,43.9575],[-72.9253,43.9541],[-72.9264,43.9525],[-72.9265,43.9521],[-72.9257,43.9514],[-72.9232,43.9471],[-72.9208,43.9462],[-72.9181,43.9442],[-72.916,43.9434],[-72.9141,43.9433],[-72.9109,43.9421],[-72.9131,43.9383],[-72.9136,43.9279],[-72.9167,43.9281],[-72.9197,43.929],[-72.9201,43.9284],[-72.9225,43.9278],[-72.9297,43.9278],[-72.9333,43.9265],[-72.9352,43.9263],[-72.9419,43.9269],[-72.9436,43.9279],[-72.9452,43.9301],[-72.9455,43.9331],[-72.9473,43.9345],[-72.9479,43.9367],[-72.9494,43.9379],[-72.9505,43.9404],[-72.9512,43.9408],[-72.957,43.9421],[-72.9605,43.9417],[-72.9662,43.944],[-72.9613,43.9511],[-72.9699,43.9504],[-72.9733,43.9526],[-72.9735,43.9558],[-72.9728,43.9558],[-72.9726,43.9585],[-72.9728,43.9596],[-72.9716,43.9596],[-72.9715,43.9617],[-72.9679,43.9617],[-72.9678,43.9637],[-72.9747,43.9638],[-72.973,43.9679],[-72.9638,43.9725],[-72.9627,43.9742],[-72.9625,43.9765],[-72.9654,43.9853],[-72.9645,43.9907],[-72.9649,43.9921],[-72.9665,43.9937],[-72.9673,43.9955],[-72.9687,43.9967],[-72.9711,43.9971],[-72.9735,43.9984],[-72.9719,44.0],[-72.9708,44.0002],[-72.9701,44.0012],[-72.9674,44.0013],[-72.9653,44.0022],[-72.9638,44.0023],[-72.9632,44.0031],[-72.9635,44.0068],[-72.9649,44.008],[-72.9654,44.0092],[-72.9682,44.0108],[-72.9679,44.0119],[-72.9666,44.0132],[-72.9653,44.0155],[-72.9615,44.0155],[-72.9615,44.0193],[-72.9664,44.0196],[-72.9669,44.0204],[-72.9667,44.021],[-72.9673,44.0213],[-72.9675,44.0226],[-72.967,44.0238],[-72.9674,44.0243],[-72.9611,44.024],[-72.961,44.0249],[-72.9509,44.0245],[-72.9507,44.0286],[-72.959,44.0289],[-72.959,44.0305],[-72.9616,44.0305],[-72.9607,44.0307],[-72.9603,44.0313],[-72.9606,44.0318],[-72.9573,44.0327],[-72.9551,44.034],[-72.9539,44.0356],[-72.9546,44.0368],[-72.9483,44.0367],[-72.9496,44.0387],[-72.9514,44.0396],[-72.9516,44.0403],[-72.9522,44.0404],[-72.9531,44.0414],[-72.947,44.0413],[-72.9469,44.0455],[-72.9405,44.0452],[-72.94,44.0533],[-72.9464,44.0533],[-72.9472,44.0573],[-72.9444,44.057],[-72.942,44.0573],[-72.9428,44.0615],[-72.9481,44.0609],[-72.9489,44.0647],[-72.9435,44.0652],[-72.9442,44.069],[-72.938,44.0696],[-72.9388,44.0736],[-72.9357,44.0732],[-72.9344,44.0721],[-72.9328,44.0715],[-72.932,44.0707],[-72.9293,44.07],[-72.9297,44.0743],[-72.9308,44.0751],[-72.9304,44.0766],[-72.9319,44.0765],[-72.9334,44.0785],[-72.9375,44.0808],[-72.9365,44.0818],[-72.9348,44.0824],[-72.9302,44.0862],[-72.9307,44.0899],[-72.9287,44.09],[-72.9276,44.0924],[-72.928,44.0938],[-72.9268,44.0941],[-72.926,44.0939]],[[-72.8685,44.0619],[-72.868,44.0615],[-72.8674,44.0619],[-72.8679,44.0623],[-72.8685,44.0619]]]}},{"type":"Feature","properties":{"name":"Bristol Cliffs Wilderness","agency":"2000032000","type":"PZONE","access":"limited (easement)","acres":3750,"owner":"PRIV"},"geometry":{"type":"Polygon","coordinates":[[[-73.0579,44.1262],[-73.0573,44.1243],[-73.0545,44.1269],[-73.0481,44.1263],[-73.047,44.1265],[-73.0464,44.1261],[-73.0414,44.1253],[-73.0381,44.1236],[-73.037,44.1235],[-73.0356,44.1168],[-73.0305,44.1173],[-73.0297,44.1137],[-73.0351,44.1132],[-73.0342,44.1094],[-73.0405,44.1086],[-73.0391,44.1015],[-73.0327,44.102],[-73.0312,44.0948],[-73.0248,44.0955],[-73.025,44.0964],[-73.0175,44.097],[-73.0175,44.0962],[-73.0144,44.0965],[-73.014,44.0952],[-73.012,44.0954],[-73.0119,44.0948],[-73.0094,44.095],[-73.0082,44.0926],[-73.0158,44.0916],[-73.0154,44.0898],[-73.0231,44.0888],[-73.0227,44.087],[-73.0293,44.0861],[-73.0294,44.0849],[-73.028,44.0804],[-73.0387,44.0794],[-73.0412,44.0886],[-73.0517,44.0876],[-73.0503,44.085],[-73.067,44.0835],[-73.0688,44.0875],[-73.068,44.0911],[-73.0711,44.0908],[-73.0707,44.1023],[-73.0717,44.1089],[-73.0702,44.1091],[-73.073,44.1227],[-73.0697,44.123],[-73.0711,44.1298],[-73.0655,44.1284],[-73.0611,44.1265],[-73.0579,44.1262]]]}},{"type":"Feature","properties":{"name":"Green Mountain And Finger Lakes National Forests","agency":"2000032000","type":"FEE_OWN","access":"open","acres":412387,"owner":"PUB"},"geometry":{"type":"MultiPolygon","coordinates":[[[[-72.8102,43.8634],[-72.8101,43.8642],[-72.8093,43.8642],[-72.8102,43.8634]]],[[[-72.8324,43.9123],[-72.8327,43.9124],[-72.8322,43.9132],[-72.8319,43.9131],[-72.8324,43.9123]]],[[[-72.9351,42.8718],[-72.9357,42.8729],[-72.9352,42.8738],[-72.9355,42.8729],[-72.9349,42.8722],[-72.9351,42.8718]]],[[[-73.0254,43.9536],[-73.0259,43.9548],[-73.0249,43.954],[-73.0254,43.9536]]],[[[-72.82,43.8554],[-72.8209,43.8553],[-72.8195,43.8558],[-72.8179,43.857],[-72.8177,43.8568],[-72.82,43.8554]]],[[[-72.9424,44.0767],[-72.9422,44.0757],[-72.9443,44.0765],[-72.9424,44.0767]]],[[[-72.9262,43.5208],[-72.9266,43.5203],[-72.927,43.5214],[-72.9252,43.5213],[-72.9262,43.5208]]],[[[-73.0604,42.8961],[-73.059,42.8949],[-73.0595,42.8943],[-73.0604,42.8954],[-73.0613,42.8948],[-73.0614,42.8952],[-73.0604,42.8961]]],[[[-73.0795,43.9711],[-73.0769,43.9708],[-73.0768,43.9705],[-73.0792,43.9709],[-73.0811,43.9698],[-73.0819,43.9699],[-73.0819,43.9703],[-73.0811,43.9703],[-73.0795,43.9711]]],[[[-72.9856,43.3494],[-72.9866,43.3489],[-72.9879,43.3495],[-72.9869,43.3502],[-72.9862,43.3501],[-72.9856,43.3494]]],[[[-72.8086,43.8666],[-72.8087,43.866],[-72.8104,43.8662],[-72.8099,43.8678],[-72.8091,43.8676],[-72.8092,43.867],[-72.8085,43.8669],[-72.8086,43.8666]]],[[[-72.9884,43.3486],[-72.9912,43.3477],[-72.9913,43.3485],[-72.9906,43.349],[-72.9873,43.3488],[-72.9884,43.3486]]],[[[-72.8879,43.9218],[-72.8887,43.9235],[-72.8883,43.9248],[-72.8871,43.9228],[-72.8879,43.9218]]],[[[-72.8541,43.2359],[-72.8521,43.236],[-72.8518,43.2352],[-72.8546,43.2352],[-72.8546,43.2359],[-72.8552,43.2358],[-72.8554,43.2366],[-72.8541,43.2359]]],[[[-72.8733,43.2422],[-72.8718,43.2421],[-72.872,43.2403],[-72.8734,43.2404],[-72.8733,43.2422]]],[[[-72.7552,43.7792],[-72.7545,43.7787],[-72.7524,43.7789],[-72.7524,43.7772],[-72.7527,43.778],[-72.7547,43.7784],[-72.7556,43.779],[-72.7577,43.7822],[-72.7572,43.7824],[-72.7552,43.7792]]],[[[-72.9255,43.5176],[-72.9255,43.5158],[-72.9261,43.5166],[-72.9289,43.5164],[-72.9283,43.5179],[-72.9255,43.5176]]],[[[-72.9536,43.4469],[-72.954,43.4459],[-72.9538,43.4445],[-72.9571,43.4445],[-72.9562,43.4449],[-72.9544,43.4469],[-72.9536,43.4469]]],[[[-72.8022,43.8512],[-72.8028,43.8512],[-72.8045,43.8534],[-72.8026,43.8539],[-72.8016,43.8533],[-72.8017,43.8517],[-72.8022,43.8512]]],[[[-72.8563,43.2584],[-72.8561,43.2539],[-72.8577,43.2541],[-72.8572,43.2584],[-72.8563,43.2584]]],[[[-72.8516,43.6672],[-72.8467,43.6654],[-72.8471,43.6647],[-72.8551,43.6669],[-72.8549,43.6672],[-72.8529,43.6671],[-72.8527,43.6675],[-72.8516,43.6672]]],[[[-72.7933,43.3443],[-72.7936,43.3402],[-72.7969,43.3447],[-72.7952,43.3448],[-72.7933,43.3443]]],[[[-72.8536,43.2752],[-72.8543,43.2741],[-72.8563,43.2741],[-72.8559,43.2785],[-72.8531,43.2769],[-72.8535,43.2757],[-72.8529,43.2755],[-72.8536,43.2752]]],[[[-72.8402,43.8641],[-72.8408,43.8636],[-72.8421,43.8646],[-72.8386,43.8695],[-72.838,43.8685],[-72.8386,43.8678],[-72.8385,43.8668],[-72.8394,43.8648],[-72.8402,43.8641]]],[[[-73.234,42.9838],[-73.2341,42.9816],[-73.2366,42.9816],[-73.2364,42.986],[-73.234,42.9859],[-73.234,42.9838]]],[[[-72.815,43.6666],[-72.811,43.6656],[-72.8138,43.6636],[-72.817,43.6629],[-72.815,43.6666]]],[[[-72.9794,42.894],[-72.9766,42.894],[-72.9761,42.8934],[-72.9756,42.8935],[-72.9761,42.8933],[-72.9754,42.8926],[-72.976,42.8926],[-72.9755,42.8915],[-72.9804,42.8916],[-72.9803,42.8941],[-72.9794,42.894]]],[[[-73.0746,43.1321],[-73.0731,43.1322],[-73.0753,43.1297],[-73.079,43.1309],[-73.0806,43.1306],[-73.0813,43.1309],[-73.0802,43.1322],[-73.0746,43.1321]]],[[[-72.9286,42.8204],[-72.9287,42.8181],[-72.9347,42.8183],[-72.9346,42.8205],[-72.9286,42.8204]]],[[[-72.9018,44.1593],[-72.9118,44.1587],[-72.912,44.1601],[-72.9021,44.1607],[-72.9018,44.1593]]],[[[-73.0606,44.0782],[-73.0647,44.0778],[-73.0654,44.0816],[-73.0613,44.082],[-73.0606,44.0782]]],[[[-72.7231,43.7593],[-72.7272,43.7588],[-72.7366,43.7593],[-72.7359,43.7604],[-72.7334,43.7602],[-72.7325,43.7614],[-72.7299,43.7599],[-72.7241,43.7594],[-72.7235,43.7596],[-72.7243,43.7597],[-72.724,43.76],[-72.7238,43.7618],[-72.7224,43.7637],[-72.7207,43.7632],[-72.7231,43.761],[-72.7231,43.7593]]],[[[-72.8487,43.2525],[-72.8489,43.2492],[-72.8547,43.2492],[-72.8533,43.2526],[-72.8487,43.2525]]],[[[-73.0322,42.8103],[-73.0323,42.8061],[-73.0366,42.8063],[-73.0365,42.8104],[-73.0322,42.8103]]],[[[-73.0121,43.215],[-73.013,43.2113],[-73.0176,43.2137],[-73.0171,43.2141],[-73.0162,43.2136],[-73.0155,43.2141],[-73.0165,43.2146],[-73.013,43.2178],[-73.0119,43.2176],[-73.0121,43.215]]],[[[-72.8376,43.9047],[-72.8342,43.9102],[-72.8328,43.9099],[-72.8302,43.9062],[-72.8376,43.9047]]],[[[-72.8477,43.8356],[-72.8494,43.8328],[-72.8559,43.8347],[-72.8542,43.8374],[-72.8477,43.8356]]],[[[-73.0695,44.0714],[-73.0744,44.0709],[-73.0753,44.0754],[-73.0706,44.076],[-73.0695,44.0714]]],[[[-73.0074,43.2188],[-73.009,43.215],[-73.0101,43.211],[-73.0122,43.2111],[-73.0109,43.2135],[-73.0122,43.2134],[-73.0118,43.2176],[-73.0109,43.2177],[-73.0113,43.2181],[-73.0108,43.2184],[-73.0114,43.2187],[-73.0114,43.2192],[-73.011,43.2195],[-73.0074,43.2188]]],[[[-73.0019,44.0214],[-73.0021,44.0167],[-73.007,44.0168],[-73.0069,44.0217],[-73.0019,44.0214]]],[[[-72.8688,44.1113],[-72.8712,44.1078],[-72.8772,44.11],[-72.8749,44.1132],[-72.8688,44.1113]]],[[[-73.0181,43.9871],[-73.0189,43.9855],[-73.0203,43.9857],[-73.0209,43.984],[-73.0232,43.984],[-73.0232,43.9848],[-73.0252,43.9852],[-73.025,43.989],[-73.0175,43.9886],[-73.0181,43.9871]]],[[[-73.1347,43.2479],[-73.1349,43.2429],[-73.1367,43.243],[-73.1368,43.242],[-73.1409,43.2421],[-73.1393,43.2454],[-73.1399,43.2473],[-73.1409,43.2471],[-73.1409,43.2474],[-73.1389,43.2478],[-73.1347,43.2479]]],[[[-72.9621,42.759],[-72.9608,42.759],[-72.9594,42.7581],[-72.9614,42.7551],[-72.9654,42.7553],[-72.9675,42.754],[-72.9682,42.7571],[-72.9678,42.7577],[-72.9662,42.7585],[-72.9648,42.7583],[-72.9621,42.759]]],[[[-73.2261,42.9902],[-73.2264,42.9856],[-73.233,42.9859],[-73.2327,42.9903],[-73.2261,42.9902]]],[[[-72.8584,43.9277],[-72.8581,43.9261],[-72.862,43.9267],[-72.8624,43.926],[-72.8648,43.9273],[-72.865,43.929],[-72.8664,43.9294],[-72.8653,43.9307],[-72.8657,43.9315],[-72.8654,43.9328],[-72.8658,43.9345],[-72.8651,43.935],[-72.8651,43.9358],[-72.8619,43.9348],[-72.8644,43.9317],[-72.8644,43.9303],[-72.8593,43.9289],[-72.8584,43.9277]]],[[[-72.9562,43.7265],[-72.9568,43.7264],[-72.9603,43.7308],[-72.9522,43.7331],[-72.952,43.7312],[-72.9523,43.7297],[-72.9539,43.7277],[-72.9562,43.7265]]],[[[-72.8464,43.8654],[-72.8467,43.8643],[-72.8445,43.8641],[-72.8444,43.8652],[-72.8435,43.8648],[-72.8433,43.8628],[-72.8447,43.8606],[-72.8508,43.8621],[-72.8502,43.8631],[-72.8507,43.8634],[-72.8507,43.8643],[-72.8513,43.8643],[-72.8514,43.8649],[-72.852,43.865],[-72.8526,43.8659],[-72.8537,43.8662],[-72.8535,43.8667],[-72.8542,43.8671],[-72.8534,43.8683],[-72.8464,43.8654]]],[[[-72.742,43.6898],[-72.7398,43.6953],[-72.7288,43.6926],[-72.7259,43.693],[-72.7265,43.692],[-72.7249,43.6916],[-72.7305,43.6909],[-72.7344,43.692],[-72.742,43.6898]]],[[[-72.8537,43.9878],[-72.8535,43.988],[-72.8566,43.9896],[-72.857,43.9907],[-72.8587,43.9925],[-72.8568,43.992],[-72.8541,43.9958],[-72.8557,43.9963],[-72.8541,43.9984],[-72.8579,43.9994],[-72.8567,44.0012],[-72.8532,44.0002],[-72.8524,43.9977],[-72.8528,43.9925],[-72.8522,43.9893],[-72.8517,43.9889],[-72.8532,43.9883],[-72.85,43.9854],[-72.852,43.986],[-72.8537,43.9878]]],[[[-72.9484,42.9353],[-72.9489,42.9283],[-72.9553,42.9285],[-72.9548,42.9355],[-72.9484,42.9353]]],[[[-72.9938,43.9925],[-72.994,43.9878],[-73.004,43.988],[-73.0042,43.9923],[-73.0029,43.9923],[-73.003,43.9927],[-72.9938,43.9925]]],[[[-72.9189,43.5265],[-72.9132,43.5262],[-72.9134,43.524],[-72.921,43.5241],[-72.9243,43.5214],[-72.9289,43.5228],[-72.9298,43.5237],[-72.9299,43.526],[-72.9266,43.526],[-72.9267,43.5271],[-72.9189,43.5276],[-72.9189,43.5265]]],[[[-72.8132,43.8737],[-72.811,43.8696],[-72.8146,43.869],[-72.8155,43.8715],[-72.8212,43.8705],[-72.8204,43.8687],[-72.8214,43.8682],[-72.8252,43.8686],[-72.8267,43.8726],[-72.8126,43.8754],[-72.8136,43.8747],[-72.8132,43.8737]]],[[[-72.8144,43.9036],[-72.8138,43.902],[-72.8094,43.9031],[-72.8092,43.9028],[-72.8055,43.9023],[-72.8048,43.9005],[-72.8125,43.8992],[-72.8109,43.8952],[-72.8173,43.894],[-72.8173,43.8946],[-72.8186,43.8944],[-72.8197,43.8962],[-72.8166,43.8968],[-72.816,43.8999],[-72.8163,43.8998],[-72.8163,43.9006],[-72.817,43.9006],[-72.8172,43.9011],[-72.8166,43.9013],[-72.816,43.9026],[-72.8153,43.903],[-72.8155,43.9034],[-72.8149,43.9038],[-72.8149,43.9045],[-72.8145,43.9046],[-72.8144,43.9036]]],[[[-72.8074,44.0692],[-72.8098,44.0654],[-72.8171,44.0677],[-72.8135,44.0748],[-72.8055,44.0726],[-72.8074,44.0692]]],[[[-72.7996,42.9863],[-72.7975,42.9862],[-72.7968,42.9849],[-72.8,42.9849],[-72.8005,42.983],[-72.7982,42.9826],[-72.8009,42.9755],[-72.8078,42.9767],[-72.8045,42.9873],[-72.7996,42.9863]]],[[[-72.3326,43.7115],[-72.333,43.709],[-72.3289,43.7079],[-72.3246,43.7125],[-72.3231,43.7111],[-72.3288,43.705],[-72.3352,43.7067],[-72.3418,43.7112],[-72.3432,43.7097],[-72.3448,43.709],[-72.3447,43.7104],[-72.3466,43.7126],[-72.3447,43.7146],[-72.3402,43.7137],[-72.3326,43.7115]]],[[[-73.0008,44.0405],[-73.0112,44.0408],[-73.0106,44.0499],[-73.0001,44.0497],[-73.0008,44.0405]]],[[[-72.556,43.6729],[-72.5524,43.671],[-72.5523,43.6661],[-72.5585,43.6668],[-72.5601,43.6657],[-72.5605,43.6629],[-72.5599,43.662],[-72.5585,43.6618],[-72.5599,43.6595],[-72.5595,43.6594],[-72.5626,43.6545],[-72.5633,43.6552],[-72.5651,43.6543],[-72.5658,43.655],[-72.5647,43.6557],[-72.5656,43.6566],[-72.5659,43.6564],[-72.5663,43.6575],[-72.5642,43.6608],[-72.5649,43.661],[-72.5623,43.665],[-72.566,43.6675],[-72.5657,43.6683],[-72.5633,43.6677],[-72.5596,43.6729],[-72.557,43.6721],[-72.556,43.6729]]],[[[-72.8272,43.9192],[-72.8251,43.919],[-72.824,43.9196],[-72.8218,43.9175],[-72.8208,43.9172],[-72.8204,43.9157],[-72.8214,43.914],[-72.8208,43.9133],[-72.8208,43.9123],[-72.8181,43.9129],[-72.8172,43.9107],[-72.8155,43.9106],[-72.8147,43.9083],[-72.8151,43.9082],[-72.8151,43.9078],[-72.8144,43.907],[-72.8156,43.904],[-72.8183,43.9065],[-72.818,43.9078],[-72.8194,43.9093],[-72.8202,43.9095],[-72.8217,43.9043],[-72.8239,43.9039],[-72.8273,43.9123],[-72.8268,43.9131],[-72.8295,43.9147],[-72.8306,43.9144],[-72.8312,43.9147],[-72.828,43.9197],[-72.8272,43.9192]]],[[[-73.0512,43.9874],[-73.0504,43.9856],[-73.049,43.9861],[-73.0489,43.9858],[-73.0486,43.9862],[-73.0472,43.9856],[-73.0426,43.9873],[-73.0423,43.9836],[-73.0435,43.9839],[-73.0448,43.9835],[-73.0469,43.9804],[-73.0481,43.9774],[-73.049,43.9765],[-73.0486,43.9759],[-73.048,43.9759],[-73.0485,43.9753],[-73.0496,43.9756],[-73.0516,43.9751],[-73.0556,43.9731],[-73.0609,43.9758],[-73.0605,43.9768],[-73.0596,43.9776],[-73.06,43.9779],[-73.0581,43.979],[-73.0571,43.9793],[-73.0549,43.9786],[-73.0563,43.9818],[-73.0543,43.9824],[-73.0534,43.9831],[-73.0526,43.985],[-73.0518,43.9853],[-73.0527,43.9871],[-73.0512,43.9874]]],[[[-73.0032,43.214],[-73.0034,43.2108],[-73.007,43.211],[-73.0071,43.2101],[-73.0019,43.2098],[-73.0021,43.2065],[-73.0016,43.2064],[-72.9986,43.2106],[-72.9974,43.2105],[-72.9979,43.2052],[-72.9994,43.2052],[-72.9995,43.2043],[-72.9983,43.2042],[-72.9984,43.2024],[-72.9992,43.2024],[-72.9997,43.2016],[-73.0022,43.2016],[-73.0026,43.1968],[-73.0041,43.1953],[-73.0049,43.1933],[-73.0063,43.1937],[-73.0058,43.1952],[-73.0052,43.1952],[-73.0035,43.1968],[-73.0057,43.1968],[-73.005,43.1999],[-73.0062,43.1992],[-73.0069,43.2006],[-73.0067,43.2015],[-73.0046,43.2014],[-73.0044,43.2034],[-73.0067,43.2035],[-73.0067,43.2028],[-73.009,43.2028],[-73.009,43.2033],[-73.0076,43.2032],[-73.0074,43.2058],[-73.0093,43.2058],[-73.0084,43.2096],[-73.009,43.2103],[-73.0071,43.2158],[-73.0015,43.2157],[-73.0017,43.214],[-73.0032,43.214]]],[[[-72.742,43.6898],[-72.7493,43.6876],[-72.7559,43.6926],[-72.7691,43.6872],[-72.7698,43.6813],[-72.7767,43.6781],[-72.7812,43.6782],[-72.7821,43.6792],[-72.7821,43.6805],[-72.7827,43.6817],[-72.7768,43.68],[-72.7767,43.6804],[-72.7728,43.6824],[-72.7725,43.6845],[-72.7747,43.6851],[-72.7725,43.6889],[-72.7552,43.696],[-72.7512,43.693],[-72.7444,43.695],[-72.7467,43.6909],[-72.742,43.6898]]],[[[-73.1299,43.2195],[-73.1301,43.2171],[-73.1216,43.2152],[-73.1172,43.2137],[-73.1259,43.2137],[-73.126,43.2013],[-73.1246,43.2013],[-73.1253,43.1994],[-73.125,43.199],[-73.1269,43.1971],[-73.1276,43.195],[-73.1295,43.194],[-73.1303,43.194],[-73.1302,43.1917],[-73.1314,43.1913],[-73.1318,43.1914],[-73.1304,43.2135],[-73.1388,43.2137],[-73.1384,43.2192],[-73.1299,43.2195]]],[[[-72.5418,43.6848],[-72.5402,43.6845],[-72.5394,43.6858],[-72.5339,43.6855],[-72.5342,43.6867],[-72.5321,43.6868],[-72.5299,43.6833],[-72.5259,43.6808],[-72.522,43.6797],[-72.5216,43.6794],[-72.5222,43.6783],[-72.5191,43.6776],[-72.5178,43.6792],[-72.5168,43.6786],[-72.5145,43.6797],[-72.5136,43.6812],[-72.5142,43.6834],[-72.5148,43.6837],[-72.5128,43.6866],[-72.5093,43.6862],[-72.5089,43.6873],[-72.5076,43.6881],[-72.5077,43.6888],[-72.5069,43.6887],[-72.5068,43.688],[-72.5039,43.6873],[-72.5031,43.6879],[-72.5006,43.6872],[-72.5003,43.6866],[-72.5004,43.6861],[-72.508,43.6861],[-72.5097,43.6854],[-72.5105,43.6829],[-72.5114,43.683],[-72.5133,43.6797],[-72.5185,43.676],[-72.5234,43.6774],[-72.5269,43.6802],[-72.5322,43.6814],[-72.5335,43.6823],[-72.535,43.6845],[-72.5354,43.6835],[-72.5352,43.6818],[-72.5356,43.6813],[-72.5348,43.6797],[-72.5362,43.6801],[-72.5399,43.6739],[-72.5446,43.674],[-72.5442,43.6725],[-72.5457,43.6715],[-72.5483,43.672],[-72.5481,43.6727],[-72.5505,43.6722],[-72.5513,43.671],[-72.5542,43.6721],[-72.5532,43.674],[-72.5551,43.6739],[-72.556,43.6744],[-72.555,43.6766],[-72.5538,43.6763],[-72.5531,43.6766],[-72.5526,43.681],[-72.5488,43.6797],[-72.5488,43.6789],[-72.5483,43.678],[-72.5473,43.6782],[-72.5466,43.6779],[-72.5452,43.6752],[-72.5427,43.6755],[-72.5412,43.6753],[-72.5401,43.6762],[-72.5404,43.6777],[-72.5396,43.6789],[-72.5409,43.6792],[-72.5394,43.6818],[-72.5453,43.6834],[-72.5442,43.6852],[-72.5453,43.6862],[-72.5449,43.6872],[-72.5455,43.6891],[-72.5433,43.6886],[-72.5425,43.6878],[-72.544,43.6853],[-72.5418,43.6848]]],[[[-73.072,43.9881],[-73.0705,43.9855],[-73.0645,43.9868],[-73.0626,43.9842],[-73.0632,43.9841],[-73.0624,43.9831],[-73.0681,43.9819],[-73.0658,43.9771],[-73.0673,43.9767],[-73.0685,43.977],[-73.072,43.9764],[-73.0707,43.9745],[-73.0694,43.9748],[-73.0728,43.9734],[-73.074,43.9735],[-73.0742,43.9741],[-73.0778,43.9728],[-73.081,43.9727],[-73.0819,43.9714],[-73.0844,43.9706],[-73.0843,43.9712],[-73.0861,43.9716],[-73.0866,43.9735],[-73.0877,43.9736],[-73.0876,43.9755],[-73.0854,43.9762],[-73.0855,43.9852],[-73.084,43.9852],[-73.0839,43.9838],[-73.0802,43.9841],[-73.0808,43.9858],[-73.0776,43.9861],[-73.0778,43.9876],[-73.072,43.9881]]],[[[-73.0717,43.9766],[-73.0706,43.9766],[-73.0706,43.9777],[-73.0721,43.9777],[-73.0721,43.9764],[-73.0717,43.9766]]],[[[-72.3691,43.7272],[-72.3604,43.7244],[-72.3575,43.7244],[-72.3553,43.7237],[-72.3545,43.7229],[-72.3527,43.7235],[-72.3496,43.7231],[-72.3541,43.7184],[-72.3462,43.7163],[-72.3464,43.7152],[-72.3448,43.7147],[-72.3465,43.7132],[-72.351,43.7148],[-72.3525,43.7132],[-72.3555,43.7148],[-72.358,43.7148],[-72.3609,43.7165],[-72.3627,43.719],[-72.3647,43.7202],[-72.3632,43.7214],[-72.3671,43.7225],[-72.3656,43.7241],[-72.3718,43.7259],[-72.372,43.7256],[-72.3713,43.7252],[-72.3724,43.7227],[-72.3747,43.7232],[-72.3741,43.726],[-72.3788,43.7268],[-72.3866,43.723],[-72.3922,43.7172],[-72.3932,43.7152],[-72.3947,43.7159],[-72.3952,43.7149],[-72.4003,43.7166],[-72.4007,43.7163],[-72.401,43.7168],[-72.4096,43.719],[-72.4121,43.7187],[-72.4127,43.7196],[-72.4125,43.7206],[-72.4077,43.7211],[-72.3958,43.718],[-72.3908,43.7214],[-72.3919,43.7239],[-72.389,43.727],[-72.386,43.7262],[-72.3801,43.7295],[-72.3691,43.7272]]],[[[-72.8256,42.9549],[-72.8251,42.9518],[-72.8253,42.9513],[-72.8267,42.9514],[-72.827,42.9475],[-72.8264,42.9474],[-72.8273,42.9452],[-72.8235,42.9449],[-72.823,42.942],[-72.8233,42.936],[-72.8275,42.937],[-72.8284,42.9359],[-72.8287,42.9361],[-72.8283,42.9372],[-72.8276,42.9422],[-72.834,42.9427],[-72.8346,42.9388],[-72.8336,42.9369],[-72.8337,42.9365],[-72.8344,42.9365],[-72.8351,42.9329],[-72.8399,42.9332],[-72.8392,42.9386],[-72.8419,42.9388],[-72.8413,42.9416],[-72.8448,42.9444],[-72.8434,42.9469],[-72.8436,42.9486],[-72.8433,42.9492],[-72.8413,42.9506],[-72.8401,42.9505],[-72.8394,42.9522],[-72.8397,42.9534],[-72.8392,42.9524],[-72.8389,42.953],[-72.8385,42.9529],[-72.8366,42.954],[-72.8365,42.9545],[-72.8348,42.9539],[-72.8333,42.9545],[-72.8314,42.9542],[-72.8311,42.9546],[-72.8308,42.9541],[-72.8256,42.9549]]],[[[-72.8564,43.2301],[-72.8501,43.2298],[-72.85,43.2312],[-72.8478,43.2307],[-72.8476,43.2336],[-72.8458,43.233],[-72.8457,43.2318],[-72.8441,43.231],[-72.843,43.2291],[-72.8412,43.228],[-72.8414,43.2276],[-72.8408,43.2263],[-72.838,43.2215],[-72.8358,43.2201],[-72.836,43.2184],[-72.8397,43.2166],[-72.8424,43.2166],[-72.8427,43.2117],[-72.8512,43.214],[-72.8512,43.2102],[-72.8565,43.2099],[-72.8546,43.2075],[-72.8559,43.2074],[-72.8566,43.2067],[-72.8566,43.205],[-72.8642,43.2053],[-72.8637,43.2109],[-72.8718,43.2108],[-72.8715,43.2142],[-72.867,43.2141],[-72.8669,43.2155],[-72.8512,43.2148],[-72.8504,43.225],[-72.8559,43.2251],[-72.8566,43.2268],[-72.8564,43.2301]]],[[[-72.428,43.712],[-72.4261,43.7121],[-72.4228,43.7102],[-72.4235,43.7092],[-72.4298,43.7104],[-72.4312,43.7072],[-72.4367,43.6991],[-72.44,43.699],[-72.4417,43.7001],[-72.4428,43.7028],[-72.4444,43.7047],[-72.4519,43.7068],[-72.4502,43.7063],[-72.451,43.7055],[-72.4529,43.7051],[-72.4547,43.7023],[-72.4581,43.703],[-72.4586,43.7016],[-72.4597,43.7016],[-72.4608,43.7022],[-72.4621,43.701],[-72.4642,43.7019],[-72.4736,43.693],[-72.4749,43.6933],[-72.4776,43.6891],[-72.479,43.6894],[-72.482,43.6849],[-72.4869,43.6862],[-72.4953,43.6869],[-72.4992,43.6856],[-72.4996,43.6858],[-72.4993,43.6864],[-72.5,43.6865],[-72.5002,43.6869],[-72.4945,43.6886],[-72.4859,43.6876],[-72.4805,43.6919],[-72.4796,43.6931],[-72.4804,43.6954],[-72.4864,43.6975],[-72.483,43.7029],[-72.483,43.7012],[-72.4751,43.6987],[-72.4736,43.7006],[-72.4758,43.7067],[-72.4738,43.707],[-72.4684,43.7056],[-72.4689,43.7063],[-72.4686,43.7077],[-72.4667,43.7059],[-72.4643,43.707],[-72.4628,43.7067],[-72.4626,43.7055],[-72.4613,43.7057],[-72.4595,43.708],[-72.4569,43.7072],[-72.4523,43.7095],[-72.4527,43.7107],[-72.4466,43.7089],[-72.4471,43.7081],[-72.4442,43.7061],[-72.4403,43.702],[-72.4391,43.7018],[-72.433,43.7116],[-72.4322,43.7113],[-72.43,43.7128],[-72.428,43.712]]],[[[-72.926,43.5164],[-72.9255,43.5156],[-72.9248,43.5035],[-72.9229,43.5035],[-72.9223,43.4968],[-72.9237,43.4968],[-72.9241,43.4935],[-72.9222,43.4905],[-72.9246,43.4886],[-72.9251,43.4841],[-72.9251,43.4777],[-72.9241,43.4777],[-72.9243,43.4744],[-72.9319,43.4746],[-72.9321,43.4707],[-72.9324,43.4707],[-72.9319,43.4688],[-72.9323,43.4671],[-72.9317,43.4656],[-72.9325,43.4622],[-72.9347,43.4618],[-72.9343,43.4605],[-72.9329,43.4607],[-72.9327,43.4599],[-72.9277,43.4598],[-72.9277,43.4587],[-72.9319,43.457],[-72.9334,43.4558],[-72.9348,43.4558],[-72.9373,43.4568],[-72.9372,43.4607],[-72.9397,43.4622],[-72.9396,43.4646],[-72.9423,43.4699],[-72.9418,43.4771],[-72.9323,43.4777],[-72.9323,43.4852],[-72.9289,43.4851],[-72.9295,43.4937],[-72.9348,43.4955],[-72.9344,43.497],[-72.9297,43.4967],[-72.9304,43.5145],[-72.9283,43.5144],[-72.9279,43.5163],[-72.926,43.5164]]],[[[-72.8299,43.0919],[-72.8303,43.0876],[-72.8288,43.0869],[-72.8289,43.0853],[-72.8281,43.0854],[-72.8263,43.0833],[-72.8245,43.0829],[-72.8244,43.0822],[-72.8252,43.0811],[-72.827,43.081],[-72.8263,43.0825],[-72.8329,43.0817],[-72.8331,43.0797],[-72.8342,43.0792],[-72.8362,43.0773],[-72.8377,43.0772],[-72.8377,43.0768],[-72.8365,43.0758],[-72.8371,43.0748],[-72.8366,43.0732],[-72.8368,43.0727],[-72.841,43.0729],[-72.8408,43.075],[-72.8415,43.075],[-72.8418,43.0767],[-72.8446,43.0762],[-72.8457,43.0765],[-72.8459,43.0733],[-72.8469,43.0729],[-72.8469,43.0709],[-72.8479,43.0714],[-72.8477,43.0712],[-72.8483,43.0705],[-72.8479,43.0702],[-72.8491,43.0695],[-72.8531,43.0732],[-72.8575,43.0734],[-72.8582,43.0684],[-72.8628,43.0689],[-72.8625,43.0736],[-72.8615,43.0735],[-72.8612,43.0786],[-72.8597,43.0785],[-72.8591,43.0881],[-72.8579,43.088],[-72.857,43.0919],[-72.8556,43.0911],[-72.8548,43.0878],[-72.8527,43.0878],[-72.8525,43.0908],[-72.8425,43.0903],[-72.8424,43.0915],[-72.8381,43.0912],[-72.838,43.0923],[-72.8299,43.0919]]],[[[-72.8274,43.6319],[-72.8208,43.6106],[-72.8401,43.6162],[-72.8351,43.6263],[-72.8624,43.6338],[-72.8526,43.6536],[-72.8521,43.6535],[-72.8543,43.6491],[-72.8486,43.6453],[-72.848,43.6441],[-72.841,43.6393],[-72.8277,43.6344],[-72.8274,43.6319]]],[[[-72.6863,43.6917],[-72.6778,43.6893],[-72.677,43.6914],[-72.6723,43.69],[-72.6704,43.6872],[-72.6409,43.6789],[-72.6403,43.6806],[-72.639,43.6804],[-72.6396,43.6786],[-72.6395,43.6769],[-72.6372,43.6706],[-72.6355,43.669],[-72.6324,43.6699],[-72.6321,43.6692],[-72.6339,43.6689],[-72.6357,43.6636],[-72.6329,43.6604],[-72.6312,43.6601],[-72.6308,43.6593],[-72.6294,43.6589],[-72.6281,43.659],[-72.6277,43.6601],[-72.6266,43.6597],[-72.6245,43.6601],[-72.6243,43.6616],[-72.625,43.664],[-72.6259,43.6649],[-72.6176,43.6622],[-72.6164,43.6641],[-72.6161,43.6638],[-72.613,43.6636],[-72.6135,43.6628],[-72.6077,43.6616],[-72.6079,43.661],[-72.6067,43.6613],[-72.6047,43.6603],[-72.6036,43.6621],[-72.6004,43.6612],[-72.5998,43.6621],[-72.5976,43.6616],[-72.5975,43.6621],[-72.5957,43.6611],[-72.5837,43.6572],[-72.5824,43.6563],[-72.5794,43.6569],[-72.5794,43.6586],[-72.5778,43.6573],[-72.5766,43.6592],[-72.5683,43.657],[-72.5677,43.6564],[-72.568,43.6563],[-72.5679,43.6553],[-72.5672,43.6558],[-72.5653,43.6541],[-72.5675,43.6523],[-72.5681,43.6526],[-72.5695,43.6505],[-72.5705,43.6507],[-72.574,43.6517],[-72.5744,43.655],[-72.5751,43.6562],[-72.5785,43.655],[-72.5808,43.651],[-72.586,43.6526],[-72.5855,43.6534],[-72.5858,43.6535],[-72.5858,43.6547],[-72.5874,43.6558],[-72.5904,43.6566],[-72.5905,43.6563],[-72.5934,43.6574],[-72.5931,43.6582],[-72.5979,43.6596],[-72.5993,43.6573],[-72.6024,43.6581],[-72.603,43.6572],[-72.6044,43.6576],[-72.605,43.6566],[-72.6158,43.6596],[-72.6162,43.659],[-72.6232,43.6586],[-72.6289,43.6573],[-72.629,43.6569],[-72.6336,43.6581],[-72.6343,43.6587],[-72.634,43.6594],[-72.64,43.6613],[-72.6398,43.662],[-72.6413,43.6625],[-72.639,43.6664],[-72.6409,43.667],[-72.64,43.6685],[-72.6398,43.6703],[-72.6455,43.6721],[-72.6431,43.6739],[-72.6454,43.6746],[-72.6466,43.6755],[-72.6474,43.6767],[-72.6511,43.6795],[-72.6612,43.6811],[-72.6633,43.6776],[-72.6697,43.6798],[-72.6721,43.6762],[-72.6819,43.6793],[-72.6796,43.683],[-72.6821,43.6838],[-72.6808,43.6842],[-72.6886,43.6867],[-72.689,43.6858],[-72.6899,43.6861],[-72.6863,43.6917]]],[[[-72.8353,43.5605],[-72.8347,43.555],[-72.8391,43.5559],[-72.8413,43.5547],[-72.842,43.5561],[-72.8468,43.5555],[-72.8488,43.5562],[-72.849,43.5595],[-72.8498,43.5595],[-72.8516,43.5587],[-72.8514,43.559],[-72.8519,43.5589],[-72.8526,43.5572],[-72.8521,43.5572],[-72.8555,43.5513],[-72.8555,43.5478],[-72.8545,43.5461],[-72.8569,43.5412],[-72.8582,43.5408],[-72.8583,43.5399],[-72.8608,43.5397],[-72.861,43.5401],[-72.8654,43.5396],[-72.8653,43.5388],[-72.8698,43.5375],[-72.8709,43.5367],[-72.8694,43.5362],[-72.8698,43.5359],[-72.869,43.5353],[-72.8735,43.5338],[-72.8741,43.5327],[-72.8742,43.5313],[-72.8776,43.5311],[-72.8773,43.5284],[-72.8968,43.5271],[-72.9012,43.5258],[-72.9012,43.5233],[-72.9095,43.523],[-72.9095,43.5242],[-72.9133,43.524],[-72.9131,43.5262],[-72.9067,43.5265],[-72.9068,43.5284],[-72.8969,43.5289],[-72.8972,43.532],[-72.891,43.5321],[-72.8912,43.5356],[-72.8843,43.5359],[-72.8841,43.5311],[-72.8801,43.5323],[-72.8746,43.5358],[-72.8752,43.537],[-72.8749,43.5386],[-72.8722,43.5378],[-72.8719,43.5383],[-72.8731,43.5384],[-72.8738,43.539],[-72.8718,43.5396],[-72.8719,43.5407],[-72.8699,43.5405],[-72.8661,43.5409],[-72.8599,43.543],[-72.8582,43.546],[-72.8591,43.549],[-72.8589,43.5497],[-72.8582,43.5493],[-72.8585,43.5503],[-72.8594,43.5504],[-72.8598,43.5529],[-72.8576,43.553],[-72.8553,43.5573],[-72.8569,43.5572],[-72.8548,43.5615],[-72.8515,43.5716],[-72.8485,43.5718],[-72.849,43.5769],[-72.8348,43.5774],[-72.8255,43.5873],[-72.8213,43.5844],[-72.8277,43.5777],[-72.8272,43.5704],[-72.836,43.5702],[-72.8353,43.5605]]],[[[-72.8583,42.9871],[-72.8588,42.9843],[-72.8275,42.984],[-72.8282,42.9697],[-72.8249,42.9696],[-72.8256,42.9652],[-72.82,42.965],[-72.8221,42.9598],[-72.8334,42.9639],[-72.8334,42.9635],[-72.8362,42.9637],[-72.8373,42.9627],[-72.8393,42.962],[-72.8398,42.9622],[-72.8403,42.9615],[-72.8467,42.9616],[-72.8468,42.9605],[-72.8496,42.9594],[-72.8511,42.9612],[-72.8523,42.9608],[-72.8529,42.9614],[-72.8528,42.9611],[-72.8538,42.9608],[-72.8543,42.9615],[-72.8584,42.9617],[-72.8599,42.965],[-72.8626,42.9651],[-72.8611,42.9663],[-72.8692,42.9669],[-72.869,42.9686],[-72.8707,42.9686],[-72.8706,42.9695],[-72.8695,42.9697],[-72.8696,42.9703],[-72.8705,42.9704],[-72.8704,42.9715],[-72.8716,42.9716],[-72.872,42.9721],[-72.8722,42.9726],[-72.8717,42.9728],[-72.8715,42.9737],[-72.8727,42.9748],[-72.8728,42.976],[-72.8743,42.9762],[-72.8748,42.9772],[-72.8756,42.9774],[-72.8749,42.9782],[-72.8783,42.9794],[-72.8782,42.9788],[-72.8785,42.9786],[-72.8786,42.9807],[-72.8692,42.9802],[-72.869,42.9866],[-72.8677,42.9865],[-72.8677,42.9875],[-72.8583,42.9871]]],[[[-72.8626,42.9813],[-72.8636,42.9817],[-72.8635,42.9806],[-72.8625,42.9806],[-72.8626,42.9813]]],[[[-72.8633,42.9773],[-72.8633,42.9786],[-72.8647,42.9783],[-72.8641,42.9771],[-72.8633,42.9773]]],[[[-72.7997,43.0181],[-72.7977,43.0135],[-72.798,43.0134],[-72.7984,43.0125],[-72.7982,43.0117],[-72.7923,43.0117],[-72.7941,43.0068],[-72.7941,43.0059],[-72.7952,43.0058],[-72.7946,43.0043],[-72.7949,43.0031],[-72.7963,43.0021],[-72.7933,43.0008],[-72.794,42.9987],[-72.7934,42.9981],[-72.7944,42.9947],[-72.7903,42.9944],[-72.7884,42.9919],[-72.7956,42.989],[-72.7966,42.9892],[-72.7968,42.9882],[-72.8688,42.9898],[-72.8679,43.0048],[-72.8605,43.0045],[-72.8569,43.005],[-72.8567,43.0043],[-72.8469,43.004],[-72.8484,43.0085],[-72.8409,43.01],[-72.8414,43.0078],[-72.8402,43.0078],[-72.8425,43.0014],[-72.8369,43.0012],[-72.8348,43.0081],[-72.8298,43.008],[-72.832,43.001],[-72.8205,43.0012],[-72.8209,43.0018],[-72.8218,43.0053],[-72.8234,43.0081],[-72.8141,43.0083],[-72.8121,43.014],[-72.8092,43.0131],[-72.8075,43.0132],[-72.8066,43.0162],[-72.8038,43.0161],[-72.802,43.0185],[-72.7997,43.0181]]],[[[-73.0185,43.3027],[-73.0218,43.2926],[-73.0166,43.2915],[-73.0164,43.2911],[-73.0152,43.2905],[-73.0151,43.2899],[-73.0166,43.2875],[-73.0171,43.2874],[-73.018,43.2892],[-73.0255,43.2908],[-73.0265,43.2884],[-73.0257,43.2854],[-73.0275,43.2768],[-73.0254,43.2765],[-73.0247,43.2716],[-73.0229,43.2718],[-73.0235,43.2742],[-73.0178,43.275],[-73.0174,43.2719],[-73.0188,43.267],[-73.0195,43.2633],[-73.0193,43.2621],[-73.0201,43.2592],[-73.0212,43.2591],[-73.0217,43.2622],[-73.0299,43.2615],[-73.0304,43.2631],[-73.0287,43.2632],[-73.0286,43.2653],[-73.0314,43.2735],[-73.0394,43.2746],[-73.0414,43.2756],[-73.0438,43.2776],[-73.0405,43.2824],[-73.0415,43.2835],[-73.0412,43.2849],[-73.0439,43.284],[-73.0441,43.2827],[-73.0453,43.2817],[-73.0461,43.2815],[-73.0462,43.283],[-73.0453,43.2848],[-73.0441,43.293],[-73.0456,43.2942],[-73.055,43.2899],[-73.0599,43.2945],[-73.0617,43.2937],[-73.0606,43.29],[-73.0565,43.2852],[-73.0607,43.2827],[-73.0627,43.282],[-73.064,43.2832],[-73.0674,43.2851],[-73.0691,43.288],[-73.0696,43.2947],[-73.0717,43.3],[-73.0868,43.2985],[-73.0944,43.2987],[-73.0948,43.3008],[-73.0974,43.3007],[-73.0971,43.299],[-73.0974,43.2984],[-73.0977,43.301],[-73.096,43.3009],[-73.092,43.3066],[-73.0823,43.3061],[-73.019,43.3059],[-73.0185,43.3027]]],[[[-73.0579,44.1262],[-73.0573,44.1243],[-73.0545,44.1269],[-73.0481,44.1263],[-73.047,44.1265],[-73.0464,44.1261],[-73.0414,44.1253],[-73.0381,44.1236],[-73.0373,44.1236],[-73.0375,44.1243],[-73.0366,44.1241],[-73.0355,44.1224],[-73.0345,44.1225],[-73.0336,44.1231],[-73.0327,44.1196],[-73.0361,44.1193],[-73.0356,44.1168],[-73.0305,44.1173],[-73.0297,44.1137],[-73.0351,44.1132],[-73.0342,44.1094],[-73.0405,44.1086],[-73.0391,44.1015],[-73.0327,44.102],[-73.0312,44.0948],[-73.0248,44.0955],[-73.025,44.0964],[-73.0175,44.097],[-73.0175,44.0962],[-73.0144,44.0965],[-73.014,44.0952],[-73.012,44.0954],[-73.0119,44.0948],[-73.0094,44.095],[-73.0082,44.0926],[-73.0158,44.0916],[-73.0154,44.0898],[-73.0231,44.0888],[-73.0227,44.087],[-73.0294,44.0861],[-73.0294,44.0849],[-73.028,44.0804],[-73.0387,44.0794],[-73.0412,44.0886],[-73.0517,44.0876],[-73.0503,44.085],[-73.0657,44.0834],[-73.0661,44.0838],[-73.067,44.0835],[-73.0686,44.0872],[-73.0734,44.0868],[-73.0726,44.089],[-73.0684,44.0894],[-73.068,44.0911],[-73.0731,44.0906],[-73.0735,44.093],[-73.071,44.0931],[-73.071,44.0967],[-73.0745,44.0964],[-73.0749,44.0978],[-73.071,44.0981],[-73.071,44.0994],[-73.075,44.0991],[-73.0749,44.1004],[-73.071,44.1006],[-73.0707,44.1023],[-73.0715,44.107],[-73.0756,44.1066],[-73.0764,44.1091],[-73.0764,44.1113],[-73.0754,44.1111],[-73.0751,44.1122],[-73.0747,44.1164],[-73.0757,44.1182],[-73.0763,44.1239],[-73.0733,44.124],[-73.073,44.1227],[-73.0697,44.123],[-73.0711,44.1298],[-73.0655,44.1284],[-73.0611,44.1265],[-73.0579,44.1262]]],[[[-73.0187,42.7411],[-73.0337,42.7414],[-73.0336,42.7448],[-73.037,42.7449],[-73.0368,42.7501],[-73.0318,42.7625],[-73.0427,42.7649],[-73.041,42.768],[-73.0393,42.768],[-73.0392,42.7697],[-73.0368,42.7696],[-73.0366,42.7703],[-73.0313,42.7697],[-73.0295,42.7684],[-73.0275,42.7731],[-73.0255,42.7714],[-73.025,42.778],[-73.0168,42.7778],[-73.0167,42.7825],[-73.0123,42.7825],[-73.0122,42.7965],[-73.0166,42.7965],[-73.0162,42.8004],[-73.0139,42.8004],[-73.0139,42.8009],[-73.0117,42.8009],[-73.0117,42.8033],[-73.0089,42.8033],[-73.0087,42.8099],[-73.0079,42.8099],[-73.0076,42.8141],[-73.0063,42.8156],[-73.0061,42.8193],[-73.0049,42.8208],[-73.004,42.8202],[-73.0012,42.8208],[-73.001,42.8201],[-73.0004,42.8202],[-73.0004,42.8209],[-72.9954,42.8203],[-72.9954,42.8133],[-72.9883,42.8131],[-72.9906,42.8198],[-72.9895,42.8202],[-72.9927,42.8215],[-72.997,42.8219],[-72.9974,42.8249],[-72.9999,42.826],[-73.0,42.8264],[-72.9962,42.827],[-72.9956,42.8266],[-72.994,42.8274],[-72.9927,42.8275],[-72.9906,42.8287],[-72.9908,42.8289],[-72.989,42.8291],[-72.9864,42.8271],[-72.9863,42.8248],[-72.9859,42.8249],[-72.986,42.8267],[-72.9826,42.823],[-72.9837,42.8232],[-72.9824,42.8225],[-72.979,42.8196],[-72.979,42.8201],[-72.9739,42.8162],[-72.9736,42.8151],[-72.9741,42.8138],[-72.9733,42.8133],[-72.973,42.8114],[-72.9745,42.8102],[-72.9743,42.8097],[-72.9727,42.809],[-72.9738,42.8069],[-72.9744,42.8045],[-72.9773,42.8037],[-72.9764,42.8019],[-72.9741,42.8029],[-72.9731,42.8002],[-72.9706,42.7986],[-72.9654,42.7938],[-72.9714,42.7938],[-72.9711,42.7873],[-72.9648,42.7873],[-72.9652,42.7813],[-72.9673,42.7817],[-72.9688,42.7832],[-72.9757,42.786],[-72.9762,42.7866],[-72.9796,42.7857],[-72.9812,42.787],[-72.9826,42.7923],[-72.9852,42.7924],[-72.9853,42.7937],[-72.9849,42.7942],[-72.9804,42.794],[-72.9795,42.8027],[-72.9794,42.8087],[-72.9823,42.8087],[-72.9814,42.8054],[-72.9823,42.8026],[-72.9837,42.8028],[-72.9836,42.8052],[-72.9854,42.8049],[-72.9855,42.8035],[-72.987,42.8038],[-72.9878,42.8027],[-72.9962,42.8034],[-72.9962,42.8038],[-73.0028,42.8039],[-73.0028,42.8087],[-73.0068,42.8087],[-73.0072,42.7942],[-73.0018,42.7943],[-73.0017,42.7889],[-73.003,42.7889],[-73.0032,42.7857],[-73.0032,42.7834],[-73.0018,42.7834],[-73.0021,42.7674],[-72.9947,42.768],[-72.9948,42.7654],[-72.9903,42.7651],[-72.991,42.7621],[-72.9946,42.7624],[-72.995,42.7619],[-72.9948,42.7573],[-73.018,42.7576],[-73.0187,42.7411]]],[[[-73.02,42.7509],[-73.0196,42.7516],[-73.02,42.7518],[-73.0211,42.7516],[-73.0211,42.7507],[-73.02,42.7509]]],[[[-72.9809,42.8159],[-72.9827,42.816],[-72.9828,42.813],[-72.981,42.813],[-72.9809,42.8159]]],[[[-73.2377,43.0176],[-73.2391,43.0173],[-73.24,43.0177],[-73.2419,43.0217],[-73.2417,43.0233],[-73.2371,43.0231],[-73.2375,43.0221],[-73.2348,43.022],[-73.2348,43.0225],[-73.2333,43.0238],[-73.2345,43.0245],[-73.2341,43.029],[-73.27,43.0307],[-73.2697,43.0361],[-73.2574,43.0401],[-73.2579,43.0432],[-73.262,43.047],[-73.2578,43.0472],[-73.2499,43.0468],[-73.2497,43.0498],[-73.2455,43.0494],[-73.2448,43.0574],[-73.2506,43.0576],[-73.2499,43.0585],[-73.2477,43.059],[-73.2476,43.0616],[-73.2451,43.0615],[-73.2455,43.0634],[-73.2435,43.0677],[-73.2438,43.0684],[-73.2419,43.0693],[-73.241,43.0706],[-73.2363,43.0667],[-73.2364,43.064],[-73.234,43.0632],[-73.2337,43.0619],[-73.2306,43.059],[-73.2262,43.0559],[-73.2216,43.0558],[-73.2188,43.0602],[-73.2124,43.0602],[-73.2124,43.0589],[-73.2086,43.0604],[-73.2049,43.0609],[-73.2008,43.0629],[-73.1965,43.0623],[-73.1952,43.0625],[-73.1949,43.0617],[-73.1917,43.0603],[-73.1936,43.056],[-73.1937,43.0542],[-73.193,43.0521],[-73.1938,43.05],[-73.1938,43.0503],[-73.1952,43.0504],[-73.1948,43.048],[-73.1959,43.0448],[-73.1969,43.0448],[-73.1972,43.0353],[-73.1991,43.0354],[-73.1991,43.0381],[-73.2036,43.0382],[-73.2036,43.0377],[-73.2054,43.0377],[-73.2055,43.0366],[-73.209,43.0366],[-73.2091,43.0336],[-73.2094,43.0336],[-73.2092,43.028],[-73.2102,43.0279],[-73.2106,43.0207],[-73.2148,43.0205],[-73.2148,43.0195],[-73.223,43.0192],[-73.2235,43.0123],[-73.2268,43.0125],[-73.2268,43.0135],[-73.2329,43.0154],[-73.237,43.0158],[-73.2366,43.017],[-73.2378,43.017],[-73.2377,43.0176]]],[[[-73.2376,43.0175],[-73.2365,43.0184],[-73.2357,43.0212],[-73.2375,43.02],[-73.2376,43.0175]]],[[[-73.22,43.0282],[-73.2272,43.0286],[-73.2273,43.0243],[-73.2277,43.024],[-73.2278,43.0232],[-73.2234,43.0227],[-73.2234,43.0277],[-73.2201,43.0274],[-73.22,43.0282]]],[[[-73.0528,44.013],[-73.0514,44.0053],[-73.0616,44.0027],[-73.0633,44.0118],[-73.0658,44.0114],[-73.0651,44.007],[-73.066,44.0069],[-73.0658,44.0062],[-73.0722,44.0056],[-73.072,44.0011],[-73.0752,44.001],[-73.0747,43.9937],[-73.0786,43.9934],[-73.0784,43.992],[-73.0817,43.9917],[-73.0849,43.9924],[-73.0849,43.9944],[-73.0869,43.9947],[-73.0854,43.9977],[-73.0831,43.9971],[-73.084,44.0],[-73.0838,44.0059],[-73.0864,44.006],[-73.0865,44.0079],[-73.0845,44.0078],[-73.0843,44.0135],[-73.0865,44.0136],[-73.0864,44.0195],[-73.0868,44.0194],[-73.0863,44.0258],[-73.0852,44.0258],[-73.0852,44.0249],[-73.0846,44.0246],[-73.0807,44.0234],[-73.0792,44.0234],[-73.0808,44.033],[-73.0852,44.0329],[-73.086,44.0349],[-73.0872,44.0405],[-73.0836,44.0402],[-73.0841,44.0425],[-73.0854,44.0424],[-73.0862,44.0463],[-73.0873,44.0459],[-73.0881,44.0487],[-73.0859,44.0489],[-73.088,44.0551],[-73.0873,44.0552],[-73.0879,44.0569],[-73.0863,44.06],[-73.0849,44.0611],[-73.0804,44.0616],[-73.0814,44.0664],[-73.0739,44.067],[-73.0713,44.0564],[-73.0552,44.0581],[-73.0555,44.052],[-73.0538,44.0522],[-73.0535,44.0582],[-73.0364,44.0599],[-73.0362,44.059],[-73.0328,44.0589],[-73.0321,44.0604],[-73.0238,44.0612],[-73.0242,44.0634],[-73.0292,44.0623],[-73.0328,44.062],[-73.033,44.0666],[-73.036,44.0666],[-73.0358,44.0655],[-73.0405,44.065],[-73.0407,44.0664],[-73.0448,44.0661],[-73.0453,44.0693],[-73.0264,44.0713],[-73.0266,44.0722],[-73.0202,44.0732],[-73.021,44.0776],[-73.0208,44.0815],[-73.0114,44.083],[-73.0099,44.076],[-73.007,44.0764],[-73.0062,44.0718],[-73.0089,44.0716],[-73.0094,44.0738],[-73.0147,44.0733],[-73.0145,44.0711],[-73.0114,44.0714],[-73.011,44.0692],[-73.014,44.0689],[-73.0132,44.0643],[-73.0181,44.0641],[-73.016,44.0549],[-73.0202,44.0549],[-73.02,44.0501],[-73.0138,44.05],[-73.014,44.0496],[-73.0131,44.0493],[-73.0144,44.0446],[-73.0211,44.0448],[-73.0218,44.0411],[-73.0322,44.0412],[-73.0328,44.0365],[-73.0115,44.0361],[-73.0119,44.0314],[-73.019,44.0315],[-73.0204,44.0311],[-73.0191,44.0325],[-73.0251,44.033],[-73.0252,44.0318],[-73.0287,44.0318],[-73.0287,44.0313],[-73.0262,44.0305],[-73.0251,44.0308],[-73.0252,44.0304],[-73.0241,44.0291],[-73.0243,44.0282],[-73.0251,44.0281],[-73.0255,44.027],[-73.0249,44.026],[-73.0254,44.0259],[-73.0258,44.0227],[-73.0253,44.0221],[-73.0232,44.0222],[-73.0223,44.0209],[-73.0224,44.0197],[-73.0209,44.019],[-73.0214,44.0174],[-73.0235,44.0173],[-73.0236,44.0127],[-73.0289,44.0128],[-73.0276,44.0148],[-73.0289,44.0149],[-73.0296,44.0139],[-73.0336,44.0146],[-73.0399,44.0134],[-73.043,44.0135],[-73.0431,44.014],[-73.0528,44.013]]],[[[-73.0397,44.0658],[-73.0385,44.0659],[-73.0381,44.0665],[-73.0403,44.0664],[-73.0402,44.0658],[-73.0397,44.0658]]],[[[-73.0234,44.0206],[-73.0254,44.0183],[-73.0235,44.018],[-73.0234,44.0206]]],[[[-73.0209,44.0516],[-73.0215,44.0533],[-73.0222,44.0533],[-73.0215,44.0501],[-73.0206,44.0501],[-73.0209,44.0516]]],[[[-73.0791,44.0009],[-73.081,44.001],[-73.081,43.9987],[-73.079,43.9986],[-73.0791,44.0009]]],[[[-73.0193,44.0558],[-73.0182,44.0617],[-73.0202,44.0615],[-73.0213,44.0556],[-73.0193,44.0558]]],[[[-73.0832,43.9956],[-73.0823,43.9956],[-73.0822,43.9951],[-73.0785,43.9951],[-73.0787,43.9958],[-73.0772,43.9966],[-73.0778,43.9972],[-73.0813,43.9975],[-73.0831,43.9971],[-73.0832,43.9956]]],[[[-73.032,44.0452],[-73.0318,44.0504],[-73.0379,44.0495],[-73.0379,44.0444],[-73.032,44.0452]]],[[[-73.0546,44.0238],[-73.061,44.0233],[-73.0589,44.0124],[-73.0528,44.013],[-73.0546,44.0238]]],[[[-72.8733,43.2422],[-72.8787,43.2424],[-72.8785,43.2461],[-72.8801,43.2463],[-72.8801,43.2453],[-72.8814,43.2458],[-72.882,43.2454],[-72.8834,43.2454],[-72.8834,43.2442],[-72.8842,43.244],[-72.8845,43.2435],[-72.8853,43.2436],[-72.8861,43.2427],[-72.8891,43.2429],[-72.889,43.2437],[-72.891,43.2435],[-72.8912,43.2446],[-72.8934,43.2451],[-72.8931,43.2464],[-72.894,43.2464],[-72.8939,43.244],[-72.896,43.2444],[-72.8967,43.2453],[-72.8968,43.2468],[-72.8983,43.2471],[-72.8981,43.2519],[-72.9045,43.2521],[-72.9043,43.2543],[-72.8979,43.2535],[-72.8977,43.2571],[-72.9006,43.2575],[-72.9007,43.2598],[-72.8976,43.2597],[-72.8973,43.2639],[-72.8904,43.2642],[-72.89,43.2715],[-72.8968,43.2694],[-72.8966,43.2727],[-72.9075,43.2731],[-72.9097,43.2755],[-72.9091,43.2835],[-72.9097,43.2839],[-72.9127,43.2838],[-72.9143,43.2843],[-72.9158,43.284],[-72.9163,43.2755],[-72.9229,43.2758],[-72.9218,43.2752],[-72.9182,43.2747],[-72.9168,43.274],[-72.9169,43.268],[-72.9103,43.2678],[-72.9106,43.2645],[-72.9074,43.2626],[-72.9054,43.2624],[-72.9059,43.2619],[-72.9068,43.2621],[-72.9082,43.26],[-72.9174,43.2603],[-72.9179,43.2527],[-72.9227,43.2529],[-72.923,43.2479],[-72.9211,43.2482],[-72.9185,43.2475],[-72.9187,43.2442],[-72.9171,43.2442],[-72.9173,43.2402],[-72.9214,43.2404],[-72.9216,43.2364],[-72.9191,43.2363],[-72.9188,43.2397],[-72.9122,43.2395],[-72.9125,43.2344],[-72.9135,43.2345],[-72.9133,43.2319],[-72.9127,43.2318],[-72.9129,43.2289],[-72.9197,43.2292],[-72.9199,43.2249],[-72.9208,43.2257],[-72.9264,43.2272],[-72.9267,43.2222],[-72.9336,43.2225],[-72.933,43.23],[-72.9402,43.2302],[-72.941,43.2154],[-72.9476,43.2156],[-72.9481,43.2082],[-72.9431,43.208],[-72.9435,43.2005],[-72.9385,43.2003],[-72.938,43.2078],[-72.9355,43.2077],[-72.9356,43.2055],[-72.9331,43.2055],[-72.933,43.2075],[-72.9275,43.2073],[-72.9278,43.2037],[-72.9228,43.2036],[-72.9226,43.2072],[-72.9208,43.2071],[-72.9202,43.2147],[-72.9106,43.2144],[-72.9107,43.2116],[-72.9081,43.2109],[-72.9073,43.2109],[-72.9071,43.2143],[-72.9004,43.2139],[-72.9009,43.2067],[-72.8975,43.2066],[-72.8974,43.2083],[-72.8953,43.2082],[-72.8955,43.2066],[-72.8941,43.2061],[-72.8935,43.216],[-72.8915,43.2159],[-72.8916,43.2136],[-72.8905,43.2136],[-72.8903,43.2178],[-72.8914,43.2177],[-72.8913,43.2193],[-72.8933,43.2194],[-72.8933,43.2202],[-72.8941,43.2208],[-72.8932,43.221],[-72.8929,43.2281],[-72.8845,43.2277],[-72.8847,43.2235],[-72.8845,43.2227],[-72.8838,43.2225],[-72.8802,43.2232],[-72.8775,43.2232],[-72.8778,43.2252],[-72.8783,43.2252],[-72.8783,43.2268],[-72.8789,43.2269],[-72.8786,43.2275],[-72.8728,43.2273],[-72.8727,43.2289],[-72.8694,43.2283],[-72.8661,43.2285],[-72.8652,43.238],[-72.8653,43.2433],[-72.8641,43.2429],[-72.8643,43.2424],[-72.8636,43.2424],[-72.8632,43.2431],[-72.8638,43.2428],[-72.8649,43.2432],[-72.8674,43.245],[-72.8671,43.2482],[-72.8662,43.249],[-72.8646,43.249],[-72.8647,43.2471],[-72.8623,43.247],[-72.8618,43.2465],[-72.8617,43.2433],[-72.86,43.243],[-72.8582,43.2411],[-72.8577,43.2399],[-72.8556,43.2395],[-72.8558,43.2378],[-72.8572,43.239],[-72.8571,43.2363],[-72.8589,43.236],[-72.8628,43.2365],[-72.863,43.234],[-72.8561,43.2338],[-72.8564,43.2301],[-72.8632,43.2303],[-72.8635,43.2244],[-72.8663,43.2244],[-72.8666,43.2196],[-72.8701,43.2197],[-72.8703,43.2159],[-72.8807,43.2163],[-72.8804,43.2205],[-72.8869,43.2207],[-72.8879,43.2063],[-72.8923,43.2064],[-72.893,43.1974],[-72.8925,43.1973],[-72.8924,43.1989],[-72.8829,43.1986],[-72.8825,43.2018],[-72.8764,43.2005],[-72.8766,43.1986],[-72.8728,43.1974],[-72.873,43.194],[-72.8832,43.1945],[-72.8835,43.1883],[-72.887,43.1883],[-72.8905,43.1876],[-72.8911,43.1868],[-72.891,43.1859],[-72.8896,43.1847],[-72.8901,43.1825],[-72.8897,43.1847],[-72.8913,43.186],[-72.891,43.1872],[-72.896,43.1877],[-72.8962,43.1827],[-72.8969,43.1828],[-72.8972,43.1747],[-72.8997,43.1747],[-72.8994,43.1829],[-72.9083,43.1844],[-72.9086,43.1829],[-72.9081,43.1827],[-72.9081,43.1836],[-72.907,43.1831],[-72.907,43.1826],[-72.9058,43.1812],[-72.906,43.1804],[-72.905,43.1795],[-72.904,43.1793],[-72.9041,43.1786],[-72.9036,43.1783],[-72.9037,43.1777],[-72.9016,43.1773],[-72.9009,43.1763],[-72.9012,43.1748],[-72.9053,43.175],[-72.9056,43.1711],[-72.9052,43.1711],[-72.9057,43.1645],[-72.9121,43.1648],[-72.9115,43.1672],[-72.9095,43.1713],[-72.9156,43.1715],[-72.9153,43.1753],[-72.9182,43.1754],[-72.9177,43.1743],[-72.9208,43.1731],[-72.9216,43.1741],[-72.9221,43.1739],[-72.9213,43.1729],[-72.9217,43.1727],[-72.9222,43.1732],[-72.923,43.1729],[-72.9246,43.1742],[-72.9233,43.1744],[-72.9238,43.1748],[-72.9229,43.1753],[-72.9234,43.1796],[-72.925,43.1796],[-72.9243,43.1883],[-72.9284,43.1885],[-72.9281,43.1932],[-72.9346,43.1934],[-72.9344,43.1961],[-72.9468,43.1965],[-72.9471,43.1926],[-72.953,43.1937],[-72.9671,43.1987],[-72.9681,43.1995],[-72.9734,43.2009],[-72.9806,43.2046],[-72.9838,43.2041],[-72.9853,43.2028],[-72.9865,43.2023],[-72.9898,43.2025],[-72.9906,43.2018],[-72.9917,43.1987],[-72.9915,43.2044],[-72.9883,43.2043],[-72.9881,43.2069],[-72.9816,43.2069],[-72.981,43.2064],[-72.9808,43.2102],[-72.9834,43.2103],[-72.9841,43.2098],[-72.9859,43.2099],[-72.986,43.2104],[-72.9874,43.2104],[-72.9874,43.21],[-72.9933,43.2104],[-72.9933,43.2113],[-72.9981,43.2115],[-72.9969,43.2119],[-72.9961,43.2133],[-72.995,43.217],[-72.9954,43.2159],[-73.0016,43.216],[-73.001,43.2278],[-72.9907,43.2277],[-72.9906,43.2328],[-72.9951,43.233],[-72.9952,43.2378],[-72.9904,43.2374],[-72.9905,43.239],[-72.9925,43.2392],[-72.9925,43.2429],[-72.991,43.2428],[-72.9886,43.2553],[-72.9884,43.2588],[-72.9825,43.2588],[-72.9824,43.2622],[-72.984,43.2622],[-72.9835,43.2704],[-72.992,43.2707],[-72.9926,43.271],[-72.9918,43.2712],[-72.9926,43.2719],[-72.9933,43.2719],[-72.9931,43.274],[-72.9957,43.2734],[-72.9987,43.2715],[-72.9993,43.2717],[-72.9984,43.2723],[-72.9984,43.2733],[-72.9977,43.2731],[-72.9972,43.2735],[-72.9955,43.2765],[-72.9924,43.2758],[-72.991,43.2784],[-72.9893,43.2836],[-72.9847,43.2834],[-72.9846,43.285],[-72.9826,43.2848],[-72.9813,43.2913],[-72.9822,43.2912],[-72.9774,43.3046],[-72.9801,43.3047],[-72.9801,43.308],[-72.9872,43.3083],[-72.9874,43.3048],[-72.9939,43.3051],[-72.992,43.3155],[-72.9911,43.317],[-72.9892,43.3167],[-72.9889,43.3158],[-72.9906,43.3145],[-72.9907,43.3132],[-72.987,43.3134],[-72.9875,43.3139],[-72.9877,43.3162],[-72.9824,43.3161],[-72.9821,43.3215],[-72.9845,43.3297],[-72.9849,43.3406],[-72.9858,43.3421],[-72.9844,43.3426],[-72.9842,43.3429],[-72.9851,43.3434],[-72.9836,43.3434],[-72.9835,43.3484],[-72.9847,43.3484],[-72.9854,43.3491],[-72.986,43.3492],[-72.9856,43.3494],[-72.985,43.3489],[-72.981,43.3489],[-72.9814,43.3497],[-72.9809,43.3498],[-72.9811,43.3506],[-72.9806,43.3507],[-72.9803,43.3501],[-72.9797,43.3503],[-72.98,43.3509],[-72.9792,43.3515],[-72.9783,43.3512],[-72.977,43.3516],[-72.978,43.3531],[-72.9805,43.3534],[-72.9824,43.3528],[-72.982,43.3533],[-72.982,43.3543],[-72.9831,43.3553],[-72.9831,43.3561],[-72.9828,43.3564],[-72.9828,43.3581],[-72.9823,43.3591],[-72.9787,43.3591],[-72.9782,43.3693],[-72.9827,43.3694],[-72.9852,43.3797],[-72.9875,43.3798],[-72.9875,43.382],[-72.9935,43.3822],[-72.9935,43.3827],[-72.9947,43.3828],[-72.9945,43.3844],[-72.9935,43.3864],[-72.9745,43.3858],[-72.9737,43.3973],[-72.9902,43.3977],[-72.9893,43.4006],[-72.9872,43.4005],[-72.9871,43.405],[-72.9894,43.4051],[-72.99,43.4068],[-72.9889,43.4066],[-72.989,43.4074],[-72.9923,43.4079],[-72.9911,43.4113],[-72.99,43.4113],[-72.9899,43.4105],[-72.9893,43.4107],[-72.9874,43.4095],[-72.9862,43.4128],[-72.9863,43.4136],[-72.9885,43.4139],[-72.9882,43.4149],[-72.9896,43.4151],[-72.9899,43.4146],[-72.9916,43.4161],[-72.9761,43.4159],[-72.9761,43.4169],[-72.9665,43.4156],[-72.9663,43.4252],[-72.9639,43.4249],[-72.9635,43.4243],[-72.962,43.4237],[-72.9597,43.4281],[-72.9595,43.4328],[-72.9548,43.4327],[-72.9547,43.4366],[-72.9497,43.4364],[-72.9493,43.4395],[-72.9506,43.4396],[-72.9501,43.4445],[-72.9519,43.4445],[-72.952,43.4469],[-72.9536,43.4469],[-72.9534,43.4484],[-72.9526,43.4493],[-72.946,43.4519],[-72.9429,43.4552],[-72.9425,43.4552],[-72.9427,43.4523],[-72.942,43.4518],[-72.9419,43.4507],[-72.9415,43.4506],[-72.9412,43.451],[-72.9397,43.4508],[-72.9374,43.4525],[-72.9374,43.4541],[-72.9368,43.4542],[-72.9365,43.4548],[-72.9394,43.4552],[-72.9394,43.456],[-72.9341,43.4555],[-72.9325,43.456],[-72.9318,43.4568],[-72.9319,43.4546],[-72.9344,43.4541],[-72.9337,43.4532],[-72.9335,43.4511],[-72.9353,43.4497],[-72.9316,43.4454],[-72.9302,43.4454],[-72.9304,43.443],[-72.9219,43.4427],[-72.9219,43.4401],[-72.927,43.4403],[-72.9269,43.4355],[-72.9201,43.4352],[-72.9198,43.4402],[-72.9162,43.4402],[-72.9164,43.4395],[-72.9154,43.4391],[-72.9161,43.438],[-72.9164,43.4317],[-72.9182,43.4265],[-72.9194,43.4254],[-72.9134,43.4252],[-72.9132,43.4301],[-72.9141,43.4302],[-72.914,43.4327],[-72.9084,43.433],[-72.9085,43.4349],[-72.8952,43.4344],[-72.8964,43.4147],[-72.8619,43.4142],[-72.8618,43.4146],[-72.8587,43.4147],[-72.8582,43.415],[-72.8551,43.4147],[-72.8523,43.4155],[-72.8512,43.4163],[-72.8509,43.416],[-72.8529,43.4147],[-72.8529,43.4117],[-72.8526,43.4118],[-72.8534,43.4093],[-72.8549,43.4092],[-72.8556,43.4064],[-72.853,43.4064],[-72.853,43.4049],[-72.8467,43.4052],[-72.8467,43.4072],[-72.8398,43.4077],[-72.8393,43.4072],[-72.8389,43.4073],[-72.8375,43.4051],[-72.8399,43.4043],[-72.8399,43.4037],[-72.841,43.4035],[-72.8415,43.4029],[-72.8397,43.4028],[-72.8398,43.3978],[-72.8435,43.3976],[-72.8435,43.3951],[-72.8344,43.3956],[-72.8354,43.3981],[-72.8299,43.3985],[-72.8288,43.3967],[-72.8288,43.3961],[-72.8284,43.3955],[-72.8276,43.3956],[-72.8276,43.3946],[-72.8266,43.3939],[-72.8272,43.3937],[-72.8229,43.3892],[-72.8212,43.3894],[-72.8202,43.3886],[-72.8219,43.3831],[-72.8153,43.3806],[-72.8138,43.3855],[-72.8071,43.383],[-72.8057,43.3888],[-72.8039,43.3873],[-72.8024,43.3848],[-72.8007,43.3835],[-72.8006,43.3829],[-72.793,43.3803],[-72.789,43.3767],[-72.7879,43.3747],[-72.7873,43.3723],[-72.7878,43.3711],[-72.7918,43.3684],[-72.792,43.3667],[-72.7936,43.3648],[-72.7951,43.3623],[-72.7957,43.3577],[-72.7947,43.3552],[-72.8014,43.3569],[-72.8016,43.3458],[-72.8006,43.3444],[-72.804,43.3433],[-72.8048,43.3423],[-72.8048,43.3415],[-72.8028,43.3412],[-72.8027,43.343],[-72.8023,43.3434],[-72.8,43.3446],[-72.797,43.3445],[-72.7948,43.341],[-72.7936,43.34],[-72.7939,43.3362],[-72.793,43.336],[-72.7933,43.3334],[-72.7968,43.3344],[-72.7973,43.3294],[-72.7993,43.3301],[-72.8,43.3328],[-72.8017,43.3329],[-72.803,43.3344],[-72.8024,43.3359],[-72.8077,43.3389],[-72.8102,43.3418],[-72.8121,43.342],[-72.8128,43.3426],[-72.8133,43.3376],[-72.8099,43.3361],[-72.8098,43.3356],[-72.8053,43.3335],[-72.8032,43.3341],[-72.8048,43.3109],[-72.815,43.3137],[-72.8149,43.3158],[-72.8206,43.3174],[-72.8206,43.3153],[-72.8259,43.3153],[-72.8258,43.3182],[-72.8232,43.3182],[-72.8232,43.3202],[-72.8217,43.3203],[-72.8217,43.3212],[-72.8232,43.3212],[-72.8229,43.3258],[-72.8362,43.3261],[-72.8359,43.3191],[-72.8311,43.3185],[-72.831,43.3129],[-72.8351,43.314],[-72.8373,43.3153],[-72.8409,43.3149],[-72.8409,43.3105],[-72.8266,43.3103],[-72.8219,43.3081],[-72.8221,43.3071],[-72.8202,43.3069],[-72.8201,43.3035],[-72.8158,43.3023],[-72.8157,43.3034],[-72.8153,43.3029],[-72.8151,43.3035],[-72.8144,43.302],[-72.814,43.3024],[-72.813,43.3018],[-72.8131,43.3008],[-72.8109,43.2994],[-72.8113,43.2946],[-72.8161,43.2959],[-72.8161,43.2946],[-72.8201,43.2956],[-72.8199,43.2985],[-72.8209,43.2988],[-72.8298,43.2975],[-72.8296,43.2993],[-72.8405,43.2995],[-72.84,43.3048],[-72.836,43.3049],[-72.8359,43.3074],[-72.8452,43.3068],[-72.8452,43.3064],[-72.8457,43.3064],[-72.8456,43.3048],[-72.8509,43.3049],[-72.8508,43.2998],[-72.8456,43.2997],[-72.8459,43.2955],[-72.8581,43.2963],[-72.8577,43.3],[-72.8684,43.3003],[-72.8688,43.2961],[-72.8608,43.2958],[-72.8613,43.2909],[-72.8686,43.291],[-72.8693,43.2815],[-72.8734,43.2816],[-72.8736,43.2863],[-72.8759,43.2874],[-72.8761,43.2849],[-72.8806,43.2858],[-72.8812,43.2854],[-72.8822,43.2859],[-72.8822,43.2844],[-72.8808,43.2828],[-72.8784,43.2817],[-72.877,43.282],[-72.8762,43.2815],[-72.8765,43.2779],[-72.872,43.2777],[-72.8721,43.2751],[-72.8702,43.275],[-72.8703,43.2736],[-72.8671,43.2737],[-72.867,43.2734],[-72.8647,43.2727],[-72.8638,43.2689],[-72.8701,43.2686],[-72.8699,43.2701],[-72.877,43.2705],[-72.8773,43.2665],[-72.8724,43.2664],[-72.8704,43.2644],[-72.8713,43.2495],[-72.8731,43.2495],[-72.8733,43.2422]]],[[[-72.846,43.3089],[-72.8466,43.3089],[-72.8466,43.3085],[-72.846,43.3085],[-72.846,43.3089]]],[[[-72.8276,43.3406],[-72.8284,43.3411],[-72.8286,43.3409],[-72.8279,43.3404],[-72.8276,43.3406]]],[[[-72.7958,43.3604],[-72.7962,43.3616],[-72.7967,43.3615],[-72.7963,43.3602],[-72.7958,43.3604]]],[[[-72.9603,43.2063],[-72.9608,43.2071],[-72.9618,43.2068],[-72.9614,43.2061],[-72.9603,43.2063]]],[[[-72.99,43.4082],[-72.9898,43.4103],[-72.9904,43.4102],[-72.9909,43.4083],[-72.99,43.4082]]],[[[-72.883,43.4122],[-72.8841,43.4121],[-72.8841,43.4107],[-72.8829,43.4106],[-72.883,43.4122]]],[[[-72.8804,43.2578],[-72.88,43.2583],[-72.8807,43.259],[-72.8811,43.2593],[-72.8821,43.2589],[-72.8807,43.2575],[-72.8804,43.2578]]],[[[-72.8838,43.2657],[-72.8845,43.2656],[-72.8852,43.2644],[-72.884,43.2632],[-72.8838,43.2657]]],[[[-72.9526,43.2049],[-72.9527,43.2036],[-72.9523,43.2035],[-72.9525,43.2007],[-72.9518,43.2007],[-72.9517,43.2048],[-72.9526,43.2049]]],[[[-72.963,43.206],[-72.9647,43.2075],[-72.9666,43.2077],[-72.9675,43.2076],[-72.9679,43.2064],[-72.9658,43.2056],[-72.9639,43.206],[-72.9631,43.2055],[-72.9631,43.2059],[-72.9627,43.2059],[-72.963,43.206]]],[[[-72.9539,43.2031],[-72.957,43.2032],[-72.9571,43.2009],[-72.954,43.2008],[-72.9539,43.2031]]],[[[-72.8223,43.3817],[-72.8223,43.382],[-72.8227,43.3789],[-72.8194,43.3775],[-72.8192,43.3795],[-72.8218,43.3806],[-72.8218,43.3816],[-72.8223,43.3817]]],[[[-72.8433,43.4011],[-72.8433,43.4026],[-72.8484,43.4023],[-72.8473,43.4008],[-72.8456,43.4008],[-72.8452,43.4002],[-72.8434,43.3999],[-72.8433,43.4011]]],[[[-72.9805,43.2166],[-72.9834,43.2167],[-72.9836,43.2135],[-72.9806,43.2134],[-72.9805,43.2166]]],[[[-72.8202,43.3288],[-72.8206,43.329],[-72.8189,43.3279],[-72.8178,43.3265],[-72.8191,43.3266],[-72.819,43.326],[-72.8168,43.3256],[-72.8143,43.3243],[-72.8142,43.3268],[-72.8184,43.3283],[-72.8188,43.3279],[-72.8202,43.3288]]],[[[-72.9196,43.2299],[-72.9195,43.2312],[-72.9261,43.2314],[-72.9262,43.2298],[-72.9197,43.2292],[-72.9196,43.2299]]],[[[-72.884,43.2633],[-72.8831,43.2608],[-72.8799,43.2583],[-72.8754,43.2597],[-72.8757,43.2603],[-72.8773,43.2602],[-72.8777,43.2617],[-72.8785,43.2618],[-72.8786,43.2623],[-72.884,43.2633]]],[[[-72.7999,43.3743],[-72.7996,43.3753],[-72.804,43.377],[-72.8054,43.372],[-72.8112,43.3742],[-72.8113,43.373],[-72.8012,43.3703],[-72.7999,43.3743]]],[[[-72.9241,43.1883],[-72.9236,43.1871],[-72.9223,43.1873],[-72.9219,43.1868],[-72.92,43.1866],[-72.92,43.1837],[-72.916,43.1836],[-72.9145,43.1846],[-72.9159,43.1854],[-72.9178,43.1857],[-72.9195,43.1873],[-72.9192,43.1914],[-72.9241,43.1915],[-72.9241,43.1883]]],[[[-72.9079,43.2068],[-72.9131,43.207],[-72.9135,43.1997],[-72.9083,43.1995],[-72.9079,43.2068]]],[[[-72.9562,43.4084],[-72.9511,43.4085],[-72.9546,43.4103],[-72.9613,43.4112],[-72.9666,43.41],[-72.9666,43.4078],[-72.9657,43.4076],[-72.9648,43.4081],[-72.9629,43.4075],[-72.9611,43.4077],[-72.9611,43.4069],[-72.9561,43.407],[-72.9562,43.4084]]],[[[-72.8664,43.3905],[-72.8731,43.3906],[-72.8733,43.3835],[-72.8665,43.3833],[-72.8664,43.3905]]],[[[-72.9274,43.4243],[-72.9301,43.4244],[-72.9326,43.4255],[-72.9354,43.4254],[-72.9368,43.4231],[-72.9367,43.4216],[-72.935,43.4206],[-72.9351,43.418],[-72.9275,43.4181],[-72.9275,43.4205],[-72.9269,43.4205],[-72.9269,43.4212],[-72.9275,43.4212],[-72.9274,43.4243]]],[[[-72.8321,43.393],[-72.8331,43.3926],[-72.833,43.3888],[-72.8345,43.3883],[-72.8344,43.3879],[-72.833,43.3883],[-72.8331,43.3833],[-72.8296,43.3837],[-72.8296,43.3791],[-72.8304,43.3794],[-72.8331,43.3789],[-72.8286,43.3789],[-72.8252,43.3799],[-72.8254,43.3809],[-72.8247,43.3817],[-72.8248,43.3842],[-72.828,43.3838],[-72.8279,43.3884],[-72.8275,43.3886],[-72.8301,43.3907],[-72.8281,43.3916],[-72.8293,43.3929],[-72.8317,43.3926],[-72.8321,43.393]]],[[[-72.8558,44.0624],[-72.8515,44.0598],[-72.8448,44.0567],[-72.8401,44.0561],[-72.8374,44.0544],[-72.8321,44.0499],[-72.833,44.0492],[-72.8331,44.0476],[-72.8348,44.045],[-72.8355,44.0424],[-72.8344,44.0339],[-72.8359,44.0314],[-72.8368,44.0287],[-72.8369,44.0265],[-72.8354,44.0262],[-72.8415,44.0227],[-72.8437,44.0226],[-72.8459,44.0213],[-72.8518,44.0228],[-72.8543,44.0189],[-72.8503,44.0177],[-72.8526,44.0147],[-72.8521,44.0121],[-72.8503,44.0111],[-72.8491,44.0095],[-72.8494,44.0082],[-72.8509,44.0086],[-72.8535,44.0045],[-72.8561,44.0051],[-72.8571,44.0013],[-72.8587,44.0018],[-72.8592,44.0],[-72.8629,44.0008],[-72.8618,43.9983],[-72.861,43.9977],[-72.8572,43.9968],[-72.8574,43.9959],[-72.8618,43.9968],[-72.8622,43.9953],[-72.8633,43.9943],[-72.8631,43.9935],[-72.8578,43.991],[-72.8573,43.9889],[-72.8569,43.9886],[-72.854,43.9881],[-72.8537,43.9861],[-72.8522,43.9851],[-72.8484,43.9838],[-72.8481,43.9781],[-72.846,43.9776],[-72.8459,43.9749],[-72.8448,43.9725],[-72.8438,43.9724],[-72.8437,43.9716],[-72.8432,43.9716],[-72.8432,43.9725],[-72.8413,43.9721],[-72.8401,43.9717],[-72.8401,43.9713],[-72.8388,43.9705],[-72.8394,43.9698],[-72.8431,43.9696],[-72.8432,43.9702],[-72.8446,43.9703],[-72.8451,43.97],[-72.845,43.9696],[-72.8478,43.9696],[-72.8573,43.9723],[-72.8612,43.9667],[-72.8613,43.9651],[-72.8594,43.964],[-72.8508,43.9616],[-72.8509,43.9642],[-72.8443,43.9622],[-72.8435,43.9609],[-72.8427,43.9609],[-72.8423,43.9604],[-72.8415,43.9573],[-72.8462,43.9586],[-72.8475,43.9571],[-72.8444,43.9551],[-72.8444,43.9547],[-72.8412,43.9545],[-72.8396,43.9533],[-72.8399,43.9516],[-72.8451,43.9529],[-72.8455,43.9522],[-72.8422,43.9513],[-72.8424,43.9478],[-72.8408,43.9474],[-72.8406,43.9458],[-72.8407,43.9448],[-72.8424,43.9453],[-72.843,43.9406],[-72.8439,43.9373],[-72.8486,43.9387],[-72.849,43.9427],[-72.8483,43.9438],[-72.8535,43.9454],[-72.8595,43.9362],[-72.8623,43.9383],[-72.8656,43.9388],[-72.8654,43.9361],[-72.8668,43.9365],[-72.8693,43.9333],[-72.8746,43.9346],[-72.8751,43.9339],[-72.8765,43.9347],[-72.8783,43.9336],[-72.8778,43.9324],[-72.8795,43.9293],[-72.8811,43.9297],[-72.882,43.928],[-72.8894,43.9324],[-72.8916,43.9333],[-72.8922,43.9342],[-72.8922,43.9362],[-72.8883,43.9428],[-72.8856,43.9421],[-72.8767,43.9553],[-72.8916,43.9594],[-72.8958,43.9526],[-72.8975,43.9531],[-72.8984,43.9519],[-72.8981,43.9518],[-72.8981,43.9508],[-72.8972,43.9504],[-72.8976,43.9497],[-72.897,43.9494],[-72.8975,43.948],[-72.8972,43.9453],[-72.8947,43.9446],[-72.8949,43.9429],[-72.8933,43.9399],[-72.8948,43.9397],[-72.895,43.939],[-72.8966,43.9374],[-72.8996,43.9322],[-72.8997,43.9328],[-72.9044,43.9336],[-72.9048,43.932],[-72.902,43.9312],[-72.9024,43.929],[-72.9098,43.9286],[-72.9137,43.9272],[-72.9197,43.929],[-72.9202,43.9282],[-72.9171,43.9274],[-72.9181,43.9258],[-72.9157,43.9256],[-72.915,43.9265],[-72.9144,43.9266],[-72.9013,43.9228],[-72.9021,43.9247],[-72.902,43.9266],[-72.9015,43.9271],[-72.902,43.9281],[-72.9015,43.9276],[-72.9007,43.9277],[-72.8997,43.9286],[-72.8968,43.9291],[-72.8945,43.929],[-72.8917,43.9279],[-72.89,43.9278],[-72.8946,43.9206],[-72.892,43.9198],[-72.891,43.9214],[-72.8887,43.9207],[-72.8879,43.9218],[-72.8875,43.9216],[-72.8874,43.9206],[-72.8855,43.9194],[-72.885,43.9181],[-72.8846,43.918],[-72.8806,43.9246],[-72.8823,43.925],[-72.8813,43.9265],[-72.8801,43.9258],[-72.8764,43.9262],[-72.8753,43.9257],[-72.8741,43.9258],[-72.8756,43.9233],[-72.87,43.9217],[-72.8702,43.9223],[-72.8693,43.9255],[-72.8677,43.9251],[-72.8658,43.9254],[-72.8666,43.9266],[-72.8635,43.9261],[-72.8637,43.9253],[-72.8616,43.9253],[-72.8583,43.9242],[-72.855,43.9262],[-72.8556,43.9237],[-72.855,43.9215],[-72.8515,43.9205],[-72.8538,43.917],[-72.8482,43.9154],[-72.8485,43.915],[-72.8457,43.9141],[-72.8426,43.9151],[-72.8421,43.9147],[-72.8416,43.9139],[-72.8416,43.9127],[-72.8408,43.9114],[-72.8404,43.9116],[-72.84,43.9089],[-72.8376,43.9047],[-72.8405,43.9002],[-72.8284,43.9023],[-72.8288,43.9012],[-72.8259,43.8966],[-72.8235,43.8971],[-72.8227,43.8934],[-72.8236,43.8932],[-72.8234,43.8925],[-72.8283,43.8914],[-72.8275,43.8898],[-72.8224,43.8908],[-72.819,43.8881],[-72.8196,43.8877],[-72.8165,43.8854],[-72.8155,43.8839],[-72.8148,43.8818],[-72.8193,43.8808],[-72.8223,43.882],[-72.8222,43.8798],[-72.8332,43.8774],[-72.8334,43.8781],[-72.8359,43.8744],[-72.8405,43.878],[-72.839,43.8802],[-72.848,43.8829],[-72.8493,43.8846],[-72.8504,43.8849],[-72.8462,43.8914],[-72.8519,43.8932],[-72.8561,43.8866],[-72.8577,43.8871],[-72.8627,43.8794],[-72.86,43.8785],[-72.8613,43.8765],[-72.8566,43.8752],[-72.8618,43.8672],[-72.8603,43.8648],[-72.8629,43.8601],[-72.8702,43.863],[-72.872,43.862],[-72.8723,43.8629],[-72.8737,43.8634],[-72.8728,43.8632],[-72.8723,43.8639],[-72.8694,43.863],[-72.8745,43.8658],[-72.8746,43.8673],[-72.8752,43.8675],[-72.8757,43.8685],[-72.8767,43.8691],[-72.8775,43.8676],[-72.8822,43.8708],[-72.8827,43.8702],[-72.882,43.8696],[-72.8828,43.8693],[-72.8801,43.8654],[-72.8817,43.8653],[-72.881,43.8622],[-72.8751,43.8624],[-72.8736,43.8611],[-72.8729,43.8597],[-72.8736,43.8592],[-72.873,43.8589],[-72.8745,43.8581],[-72.8739,43.8512],[-72.8726,43.8509],[-72.8683,43.8571],[-72.8662,43.8553],[-72.8663,43.8545],[-72.8656,43.8541],[-72.8652,43.8543],[-72.8604,43.8504],[-72.8592,43.8523],[-72.8567,43.8506],[-72.8556,43.8525],[-72.857,43.8533],[-72.8566,43.8547],[-72.8623,43.8569],[-72.8609,43.8593],[-72.8576,43.8583],[-72.8579,43.8579],[-72.8533,43.8566],[-72.8539,43.8556],[-72.8529,43.8555],[-72.8525,43.8542],[-72.8512,43.8541],[-72.8513,43.8506],[-72.8535,43.8507],[-72.8542,43.8498],[-72.8553,43.8501],[-72.8559,43.8484],[-72.8548,43.8481],[-72.8551,43.846],[-72.8576,43.8475],[-72.86,43.8425],[-72.8644,43.8437],[-72.8661,43.8408],[-72.86,43.8391],[-72.8616,43.8364],[-72.8559,43.8347],[-72.8591,43.8293],[-72.8532,43.8277],[-72.8515,43.8304],[-72.8453,43.8286],[-72.8421,43.8338],[-72.8477,43.8356],[-72.8461,43.8382],[-72.8474,43.8389],[-72.847,43.8405],[-72.8476,43.8415],[-72.8474,43.8431],[-72.848,43.8437],[-72.8474,43.8451],[-72.8465,43.8449],[-72.8459,43.8473],[-72.8434,43.8471],[-72.8429,43.8465],[-72.8421,43.8469],[-72.845,43.849],[-72.8448,43.8494],[-72.8424,43.8491],[-72.8443,43.8516],[-72.8441,43.852],[-72.8398,43.8503],[-72.8366,43.8501],[-72.8384,43.849],[-72.8363,43.8433],[-72.8354,43.8432],[-72.8333,43.8434],[-72.8333,43.8448],[-72.8309,43.8452],[-72.8302,43.851],[-72.8281,43.8494],[-72.8253,43.8502],[-72.8257,43.8463],[-72.8113,43.8492],[-72.8108,43.8479],[-72.8024,43.8496],[-72.802,43.8483],[-72.8019,43.8451],[-72.8089,43.8436],[-72.8101,43.8437],[-72.8094,43.8416],[-72.8079,43.8417],[-72.8074,43.84],[-72.8059,43.8403],[-72.8044,43.8389],[-72.8039,43.8377],[-72.8054,43.8375],[-72.8056,43.8372],[-72.806,43.8375],[-72.8071,43.8371],[-72.8126,43.8368],[-72.8055,43.8346],[-72.8046,43.8333],[-72.8073,43.8329],[-72.807,43.8318],[-72.8037,43.8323],[-72.8024,43.8315],[-72.8011,43.8312],[-72.8011,43.8307],[-72.8036,43.8307],[-72.8118,43.8313],[-72.8126,43.8287],[-72.8108,43.8282],[-72.8098,43.8228],[-72.8101,43.8194],[-72.8052,43.8178],[-72.8074,43.8143],[-72.8045,43.8134],[-72.8024,43.8169],[-72.7993,43.816],[-72.7986,43.8153],[-72.7953,43.8175],[-72.7941,43.8197],[-72.7914,43.8161],[-72.7884,43.816],[-72.7863,43.8153],[-72.7843,43.8135],[-72.7845,43.8106],[-72.7856,43.8096],[-72.7883,43.8089],[-72.7887,43.8072],[-72.7882,43.8061],[-72.7828,43.8044],[-72.782,43.8037],[-72.7817,43.804],[-72.7826,43.8045],[-72.782,43.8055],[-72.7803,43.8045],[-72.7803,43.8038],[-72.7798,43.8035],[-72.7792,43.8039],[-72.7754,43.8018],[-72.773,43.8015],[-72.7719,43.8009],[-72.7683,43.7965],[-72.764,43.7927],[-72.7646,43.792],[-72.7659,43.7922],[-72.7638,43.791],[-72.7633,43.7889],[-72.7621,43.7877],[-72.7613,43.7857],[-72.763,43.7877],[-72.7635,43.7873],[-72.7642,43.788],[-72.7655,43.7878],[-72.7697,43.7902],[-72.7718,43.7895],[-72.7725,43.7882],[-72.7746,43.7888],[-72.7763,43.7856],[-72.7768,43.7857],[-72.7839,43.7808],[-72.7841,43.7801],[-72.7864,43.7801],[-72.7866,43.7796],[-72.7866,43.7801],[-72.7881,43.7802],[-72.7856,43.7845],[-72.7968,43.7876],[-72.7963,43.7898],[-72.7956,43.7896],[-72.7972,43.7932],[-72.7965,43.7937],[-72.7987,43.7991],[-72.801,43.7954],[-72.8023,43.7958],[-72.8028,43.8003],[-72.8013,43.7999],[-72.7994,43.8032],[-72.8037,43.8047],[-72.8035,43.8089],[-72.8056,43.8095],[-72.8076,43.8061],[-72.8047,43.8054],[-72.8063,43.8025],[-72.8077,43.8042],[-72.8078,43.8028],[-72.8074,43.8017],[-72.8068,43.8015],[-72.8076,43.8009],[-72.8074,43.8002],[-72.8056,43.798],[-72.8059,43.7969],[-72.809,43.798],[-72.8072,43.7932],[-72.8135,43.7954],[-72.8144,43.7972],[-72.815,43.8006],[-72.8177,43.8015],[-72.8214,43.796],[-72.8225,43.7963],[-72.8275,43.7871],[-72.8284,43.7874],[-72.8337,43.7781],[-72.8387,43.7797],[-72.8397,43.7824],[-72.8427,43.7838],[-72.8441,43.7863],[-72.8423,43.7896],[-72.8449,43.7903],[-72.8444,43.7912],[-72.8497,43.7929],[-72.8558,43.7829],[-72.8586,43.785],[-72.8497,43.7728],[-72.8477,43.7764],[-72.8451,43.7763],[-72.8432,43.7747],[-72.8375,43.7739],[-72.8391,43.7712],[-72.8335,43.7702],[-72.8339,43.7695],[-72.8313,43.7688],[-72.8335,43.7654],[-72.8303,43.7666],[-72.8278,43.7659],[-72.8282,43.7642],[-72.8301,43.7608],[-72.8332,43.7616],[-72.8379,43.7546],[-72.8346,43.7537],[-72.8348,43.7533],[-72.8283,43.7517],[-72.8316,43.7461],[-72.8278,43.7404],[-72.8294,43.7368],[-72.8267,43.7366],[-72.836,43.7193],[-72.8356,43.7187],[-72.8407,43.7169],[-72.8382,43.7136],[-72.8441,43.7113],[-72.8422,43.7088],[-72.8476,43.7067],[-72.8512,43.7115],[-72.8597,43.7081],[-72.8537,43.7003],[-72.8506,43.7015],[-72.8502,43.701],[-72.8476,43.7017],[-72.8452,43.7028],[-72.8442,43.7012],[-72.8443,43.6998],[-72.8416,43.6961],[-72.844,43.6951],[-72.8379,43.6934],[-72.8363,43.6967],[-72.8048,43.6881],[-72.8029,43.6814],[-72.7988,43.6802],[-72.7985,43.6791],[-72.7997,43.6788],[-72.798,43.6764],[-72.7971,43.6767],[-72.7951,43.674],[-72.7871,43.6756],[-72.7864,43.6754],[-72.788,43.6798],[-72.7888,43.6804],[-72.7877,43.6812],[-72.7872,43.6808],[-72.7882,43.6799],[-72.7861,43.6807],[-72.7858,43.6802],[-72.7854,43.6802],[-72.7838,43.6764],[-72.7832,43.6767],[-72.7829,43.6775],[-72.7813,43.6782],[-72.7796,43.6754],[-72.7822,43.6738],[-72.7815,43.6738],[-72.7806,43.6728],[-72.7808,43.6724],[-72.7861,43.672],[-72.7864,43.6729],[-72.7908,43.672],[-72.7923,43.6724],[-72.7921,43.6717],[-72.7957,43.671],[-72.7952,43.6722],[-72.7954,43.6725],[-72.7971,43.6725],[-72.7972,43.6728],[-72.7984,43.6724],[-72.7988,43.6729],[-72.7985,43.6729],[-72.7995,43.6741],[-72.7989,43.6751],[-72.7983,43.6755],[-72.7985,43.6767],[-72.7998,43.6772],[-72.8023,43.6794],[-72.8023,43.6799],[-72.8033,43.6801],[-72.8034,43.6809],[-72.8041,43.6809],[-72.8043,43.6799],[-72.805,43.6795],[-72.8071,43.6795],[-72.8056,43.6822],[-72.8138,43.6844],[-72.8135,43.6827],[-72.8126,43.6816],[-72.814,43.6815],[-72.8131,43.6773],[-72.8141,43.6758],[-72.818,43.6768],[-72.8194,43.674],[-72.8123,43.6721],[-72.815,43.6666],[-72.8156,43.6668],[-72.8171,43.6661],[-72.8182,43.6652],[-72.8176,43.6644],[-72.8178,43.6638],[-72.8183,43.6636],[-72.8261,43.665],[-72.8305,43.6646],[-72.8339,43.6654],[-72.8335,43.6663],[-72.8339,43.6664],[-72.835,43.6636],[-72.8357,43.6636],[-72.8364,43.6652],[-72.8373,43.6653],[-72.8377,43.6637],[-72.8385,43.6638],[-72.838,43.6666],[-72.8352,43.6721],[-72.8362,43.6723],[-72.8395,43.6695],[-72.8399,43.6696],[-72.8393,43.673],[-72.8586,43.6783],[-72.8569,43.6819],[-72.8637,43.6836],[-72.862,43.6853],[-72.8648,43.6849],[-72.8659,43.684],[-72.8671,43.6817],[-72.8672,43.6795],[-72.8588,43.6778],[-72.861,43.6733],[-72.8691,43.6758],[-72.8693,43.6734],[-72.8684,43.6724],[-72.8689,43.6722],[-72.8703,43.6735],[-72.8726,43.6722],[-72.873,43.6714],[-72.8718,43.6709],[-72.8745,43.6713],[-72.8744,43.6704],[-72.8737,43.6705],[-72.8735,43.6696],[-72.8746,43.6698],[-72.876,43.6693],[-72.8778,43.6698],[-72.8788,43.668],[-72.8747,43.6667],[-72.874,43.6658],[-72.8747,43.6655],[-72.8791,43.6669],[-72.8803,43.6655],[-72.8838,43.6629],[-72.8837,43.6636],[-72.8855,43.6692],[-72.8867,43.6692],[-72.8945,43.6659],[-72.9004,43.6668],[-72.904,43.6609],[-72.8985,43.6591],[-72.9026,43.6575],[-72.8968,43.656],[-72.896,43.6549],[-72.8949,43.655],[-72.8953,43.6556],[-72.8942,43.6553],[-72.8943,43.6546],[-72.8956,43.6546],[-72.8961,43.6542],[-72.8957,43.6536],[-72.896,43.6526],[-72.8947,43.6528],[-72.8939,43.654],[-72.8932,43.6532],[-72.8937,43.6538],[-72.8948,43.6523],[-72.894,43.6513],[-72.8952,43.6508],[-72.8985,43.6517],[-72.899,43.6514],[-72.9015,43.6525],[-72.9039,43.6524],[-72.9063,43.6537],[-72.9065,43.6548],[-72.9079,43.6542],[-72.9068,43.6579],[-72.9107,43.6572],[-72.9129,43.6559],[-72.9139,43.6559],[-72.9149,43.6547],[-72.9166,43.6548],[-72.9168,43.6579],[-72.9198,43.6579],[-72.9197,43.6593],[-72.9206,43.6622],[-72.924,43.662],[-72.925,43.6597],[-72.9241,43.6596],[-72.9241,43.6586],[-72.9228,43.6586],[-72.9228,43.657],[-72.9253,43.6571],[-72.9254,43.6576],[-72.9267,43.6579],[-72.9269,43.6571],[-72.9298,43.6571],[-72.9298,43.6632],[-72.9279,43.6638],[-72.9266,43.6654],[-72.921,43.6657],[-72.9218,43.6719],[-72.9108,43.6757],[-72.9137,43.6804],[-72.9185,43.6787],[-72.9168,43.6764],[-72.9213,43.6748],[-72.9244,43.6794],[-72.9307,43.677],[-72.9317,43.6774],[-72.9326,43.6798],[-72.9331,43.6829],[-72.9326,43.683],[-72.9307,43.6875],[-72.9302,43.6877],[-72.9291,43.6856],[-72.9231,43.6878],[-72.9268,43.6927],[-72.9321,43.6908],[-72.9345,43.6948],[-72.9408,43.6927],[-72.9415,43.6942],[-72.9411,43.6952],[-72.9384,43.6985],[-72.9382,43.6992],[-72.9369,43.6994],[-72.9369,43.7005],[-72.9376,43.7006],[-72.9378,43.7011],[-72.9389,43.7016],[-72.9313,43.704],[-72.9321,43.7051],[-72.9285,43.7062],[-72.9082,43.7141],[-72.9145,43.7234],[-72.9238,43.7255],[-72.9249,43.726],[-72.9251,43.7265],[-72.9245,43.7281],[-72.9273,43.7281],[-72.9282,43.7293],[-72.9298,43.7286],[-72.9314,43.7308],[-72.926,43.7328],[-72.926,43.7339],[-72.9257,43.7341],[-72.9243,43.7337],[-72.9238,43.7353],[-72.9227,43.7348],[-72.9225,43.7351],[-72.9236,43.7366],[-72.9296,43.7344],[-72.9321,43.7361],[-72.9316,43.7365],[-72.9319,43.7369],[-72.9316,43.7379],[-72.9326,43.7377],[-72.9326,43.738],[-72.9331,43.738],[-72.9342,43.7375],[-72.9364,43.7353],[-72.9374,43.7372],[-72.937,43.7374],[-72.9405,43.7416],[-72.9412,43.7416],[-72.9437,43.7448],[-72.9403,43.7482],[-72.9437,43.7526],[-72.9427,43.7531],[-72.9462,43.7578],[-72.9393,43.7604],[-72.938,43.7588],[-72.9313,43.7614],[-72.9324,43.7629],[-72.9252,43.7657],[-72.9288,43.771],[-72.9257,43.7721],[-72.9206,43.7654],[-72.9108,43.7692],[-72.9101,43.7683],[-72.8926,43.7751],[-72.8959,43.7801],[-72.9139,43.7733],[-72.9177,43.7782],[-72.9231,43.7761],[-72.9252,43.7784],[-72.9308,43.7762],[-72.9351,43.7819],[-72.9558,43.7738],[-72.9604,43.7866],[-72.9698,43.7831],[-72.9709,43.7857],[-72.9735,43.7847],[-72.9747,43.7857],[-72.9752,43.7865],[-72.9748,43.7867],[-72.9767,43.7894],[-72.9719,43.7911],[-72.974,43.8021],[-72.984,43.7989],[-72.9825,43.7931],[-72.9891,43.7914],[-72.9905,43.7914],[-72.9901,43.7942],[-72.9896,43.7942],[-72.9901,43.7944],[-72.9903,43.7953],[-72.99,43.7956],[-72.9904,43.7955],[-72.9906,43.796],[-72.99,43.7961],[-72.9902,43.7966],[-72.9908,43.7964],[-72.9946,43.8029],[-72.9946,43.8081],[-72.9952,43.8111],[-72.9948,43.8155],[-72.9958,43.8174],[-72.9885,43.8207],[-72.9915,43.8284],[-72.9993,43.8256],[-72.9988,43.8278],[-72.9989,43.8295],[-72.9981,43.8308],[-72.9982,43.8324],[-72.9986,43.8328],[-72.9981,43.834],[-72.9972,43.8335],[-72.9938,43.8354],[-72.9933,43.8334],[-72.9884,43.8348],[-72.9889,43.8368],[-72.9884,43.8371],[-72.988,43.8351],[-72.986,43.8359],[-72.9878,43.8411],[-72.9838,43.8424],[-72.9848,43.844],[-72.9834,43.8444],[-72.9817,43.8442],[-72.9826,43.8455],[-72.9827,43.847],[-72.9839,43.8501],[-72.983,43.8504],[-72.9873,43.8548],[-72.9984,43.8526],[-72.9987,43.8533],[-72.9962,43.854],[-72.9989,43.8538],[-72.9991,43.8546],[-72.9914,43.8576],[-72.9915,43.8622],[-72.9931,43.8617],[-72.9932,43.8607],[-72.9938,43.86],[-72.9968,43.8589],[-72.9967,43.8613],[-73.0018,43.8593],[-73.0021,43.8606],[-73.0049,43.8607],[-73.0049,43.8629],[-73.0064,43.8629],[-73.0063,43.8643],[-73.0016,43.864],[-73.0013,43.8669],[-73.0044,43.867],[-73.0043,43.8676],[-73.0051,43.8676],[-73.0052,43.8671],[-73.0069,43.8672],[-73.0074,43.8691],[-73.0041,43.8698],[-73.0048,43.8714],[-73.006,43.8714],[-73.0079,43.8701],[-73.0084,43.8705],[-73.0097,43.8698],[-73.0138,43.8698],[-73.0139,43.8692],[-73.0152,43.8693],[-73.0148,43.8721],[-73.0122,43.8715],[-73.0097,43.8743],[-73.0096,43.8764],[-73.0115,43.8765],[-73.0111,43.8794],[-73.016,43.8797],[-73.0162,43.8767],[-73.02,43.8769],[-73.0201,43.8764],[-73.026,43.8769],[-73.0261,43.8762],[-73.0268,43.8762],[-73.0281,43.877],[-73.0282,43.8796],[-73.0274,43.8796],[-73.0259,43.8811],[-73.0247,43.8849],[-73.0382,43.8853],[-73.0338,43.8671],[-73.0263,43.8671],[-73.0248,43.8658],[-73.0229,43.865],[-73.0182,43.8643],[-73.0166,43.8632],[-73.0168,43.8618],[-73.0184,43.8597],[-73.0185,43.8579],[-73.0203,43.8569],[-73.0205,43.856],[-73.0215,43.8559],[-73.0214,43.8568],[-73.0271,43.857],[-73.0275,43.8591],[-73.0318,43.8592],[-73.0311,43.8565],[-73.027,43.8564],[-73.0265,43.8535],[-73.0283,43.8533],[-73.0272,43.8482],[-73.0289,43.8477],[-73.0287,43.8464],[-73.0298,43.8455],[-73.0301,43.8454],[-73.03,43.8464],[-73.0325,43.8454],[-73.032,43.8444],[-73.0332,43.844],[-73.0319,43.8423],[-73.0325,43.8419],[-73.0359,43.8433],[-73.0381,43.843],[-73.039,43.8424],[-73.0419,43.8427],[-73.0426,43.8442],[-73.0424,43.8465],[-73.0507,43.8462],[-73.0512,43.8488],[-73.057,43.8485],[-73.0572,43.8494],[-73.0584,43.8492],[-73.0594,43.8507],[-73.0575,43.8508],[-73.0578,43.8526],[-73.0572,43.8527],[-73.0573,43.8533],[-73.0554,43.8535],[-73.0564,43.8571],[-73.0566,43.861],[-73.0545,43.8614],[-73.0559,43.8662],[-73.0589,43.8657],[-73.0582,43.8735],[-73.0618,43.8735],[-73.0618,43.8739],[-73.0631,43.8739],[-73.0632,43.8748],[-73.0637,43.8747],[-73.0636,43.8763],[-73.0585,43.8762],[-73.0598,43.8814],[-73.0589,43.8842],[-73.0611,43.8909],[-73.061,43.8932],[-73.0617,43.8933],[-73.0617,43.8938],[-73.0598,43.8941],[-73.0596,43.8952],[-73.0605,43.8969],[-73.064,43.8966],[-73.0637,43.8978],[-73.0643,43.9014],[-73.0654,43.9046],[-73.0644,43.9046],[-73.0634,43.9039],[-73.0623,43.9047],[-73.0631,43.9104],[-73.0617,43.9098],[-73.0584,43.917],[-73.0635,43.9162],[-73.0635,43.9197],[-73.0642,43.9195],[-73.0645,43.9203],[-73.0642,43.923],[-73.0663,43.9232],[-73.0668,43.9244],[-73.0712,43.9272],[-73.0723,43.9299],[-73.072,43.9309],[-73.0875,43.9297],[-73.0877,43.931],[-73.0866,43.9361],[-73.0853,43.9383],[-73.0854,43.9391],[-73.0787,43.9399],[-73.0787,43.9375],[-73.0734,43.938],[-73.0762,43.9386],[-73.076,43.9391],[-73.0766,43.9391],[-73.0764,43.9407],[-73.0781,43.9427],[-73.0849,43.9419],[-73.0848,43.9447],[-73.078,43.9453],[-73.0778,43.9481],[-73.0804,43.9478],[-73.08,43.9516],[-73.081,43.9521],[-73.0802,43.9527],[-73.0791,43.9523],[-73.0762,43.9535],[-73.0726,43.9529],[-73.0729,43.9543],[-73.0716,43.9549],[-73.0709,43.9569],[-73.0658,43.9593],[-73.0656,43.9619],[-73.0582,43.963],[-73.0587,43.9708],[-73.06,43.971],[-73.0632,43.9729],[-73.0655,43.9731],[-73.0674,43.9727],[-73.0673,43.9724],[-73.0694,43.9723],[-73.0702,43.9717],[-73.0711,43.971],[-73.0709,43.9689],[-73.0744,43.9687],[-73.0745,43.9696],[-73.0754,43.9696],[-73.0752,43.9686],[-73.0764,43.9685],[-73.0764,43.9694],[-73.0753,43.9711],[-73.0743,43.9716],[-73.0734,43.9726],[-73.0721,43.9726],[-73.0647,43.9746],[-73.0614,43.9739],[-73.0558,43.9713],[-73.0511,43.9741],[-73.0487,43.9739],[-73.0458,43.9749],[-73.0451,43.9749],[-73.044,43.9742],[-73.0425,43.9749],[-73.0415,43.9743],[-73.0417,43.974],[-73.0408,43.9738],[-73.0406,43.9741],[-73.0401,43.9738],[-73.0425,43.9699],[-73.0433,43.9647],[-73.0362,43.9653],[-73.0308,43.9651],[-73.0303,43.9644],[-73.0306,43.9637],[-73.03,43.9623],[-73.0303,43.9611],[-73.0285,43.9573],[-73.0276,43.9566],[-73.0285,43.9541],[-73.0299,43.9533],[-73.0286,43.9524],[-73.0264,43.9526],[-73.0264,43.9522],[-73.025,43.9525],[-73.0246,43.9508],[-73.0239,43.9508],[-73.0239,43.9528],[-73.0228,43.9531],[-73.0227,43.9546],[-73.0237,43.9559],[-73.0259,43.9555],[-73.026,43.9568],[-73.0141,43.9565],[-73.0141,43.9568],[-73.0128,43.9568],[-73.0127,43.9574],[-73.0135,43.9573],[-73.0139,43.958],[-73.013,43.9577],[-73.0131,43.9582],[-73.0161,43.9588],[-73.0158,43.9648],[-73.0241,43.9649],[-73.0241,43.9654],[-73.0261,43.9654],[-73.0261,43.9662],[-73.0304,43.9664],[-73.0306,43.9673],[-73.0299,43.9692],[-73.0302,43.9703],[-73.0317,43.9715],[-73.0323,43.9728],[-73.0335,43.9733],[-73.0335,43.9737],[-73.0327,43.9736],[-73.0329,43.9732],[-73.0311,43.9715],[-73.0304,43.9715],[-73.03,43.9711],[-73.0304,43.971],[-73.0295,43.9699],[-73.0281,43.9699],[-73.0287,43.9684],[-73.0259,43.9683],[-73.0259,43.9698],[-73.0059,43.9693],[-73.0056,43.974],[-72.9751,43.9735],[-72.9749,43.9751],[-72.9718,43.975],[-72.9717,43.9783],[-72.9799,43.9784],[-72.9796,43.983],[-72.9845,43.983],[-72.9838,43.9924],[-72.9938,43.9925],[-72.9936,44.001],[-72.9831,44.0007],[-72.9831,44.0017],[-73.0025,44.0023],[-73.0033,43.9977],[-73.0093,43.9979],[-73.0091,44.0024],[-73.0141,44.0026],[-73.0143,43.9981],[-73.024,43.9984],[-73.0224,43.9992],[-73.0227,44.0001],[-73.0223,44.0006],[-73.0201,44.0013],[-73.0192,44.0024],[-73.0193,44.0029],[-73.0243,44.0031],[-73.0241,44.0079],[-73.019,44.0078],[-73.0192,44.0029],[-73.0174,44.0028],[-73.0173,44.0077],[-73.0137,44.0075],[-73.0131,44.0123],[-72.992,44.0117],[-72.9915,44.0211],[-73.0019,44.0214],[-73.0016,44.0311],[-73.0008,44.0405],[-72.9955,44.0403],[-72.996,44.0356],[-72.9907,44.0354],[-72.99,44.0433],[-72.9799,44.0429],[-72.9804,44.0395],[-72.9697,44.0392],[-72.9691,44.044],[-72.9885,44.0449],[-72.9865,44.0471],[-72.9859,44.047],[-72.9857,44.0479],[-72.9863,44.0479],[-72.9864,44.0485],[-72.9856,44.0509],[-72.9842,44.0508],[-72.9852,44.0515],[-72.9846,44.0535],[-72.9839,44.0542],[-72.9683,44.0537],[-72.9689,44.049],[-72.9582,44.0486],[-72.9585,44.0477],[-72.9582,44.0475],[-72.9584,44.0437],[-72.9594,44.0429],[-72.9602,44.041],[-72.9611,44.0404],[-72.9607,44.0397],[-72.9609,44.0386],[-72.9622,44.0386],[-72.9622,44.0378],[-72.9613,44.0378],[-72.9601,44.036],[-72.9598,44.034],[-72.9589,44.034],[-72.9588,44.0368],[-72.9546,44.0368],[-72.9558,44.0381],[-72.9571,44.0383],[-72.9579,44.0393],[-72.9585,44.0395],[-72.9584,44.0414],[-72.947,44.0413],[-72.9469,44.0455],[-72.9405,44.0452],[-72.94,44.0533],[-72.9464,44.0533],[-72.9472,44.0573],[-72.9444,44.057],[-72.942,44.0573],[-72.9428,44.0615],[-72.9481,44.0609],[-72.9489,44.0647],[-72.9435,44.0652],[-72.9442,44.069],[-72.938,44.0696],[-72.9395,44.0769],[-72.9424,44.0767],[-72.9433,44.0817],[-72.9404,44.082],[-72.9419,44.0895],[-72.9287,44.09],[-72.9276,44.0924],[-72.9278,44.0935],[-72.928,44.0938],[-72.9539,44.0909],[-72.9526,44.093],[-72.9542,44.1006],[-72.9446,44.1018],[-72.9457,44.1064],[-72.9556,44.1056],[-72.9561,44.1082],[-72.946,44.109],[-72.947,44.1147],[-72.9676,44.1115],[-72.9678,44.1123],[-72.9711,44.1117],[-72.9715,44.111],[-72.9721,44.1117],[-72.9721,44.1136],[-72.9744,44.1133],[-72.9737,44.1106],[-72.9759,44.1105],[-72.9758,44.1097],[-72.977,44.1096],[-72.978,44.114],[-72.978,44.1166],[-72.9796,44.1223],[-72.9797,44.1233],[-72.9741,44.1239],[-72.9735,44.121],[-72.9744,44.1209],[-72.9736,44.119],[-72.9586,44.1206],[-72.9587,44.123],[-72.9598,44.1267],[-72.9707,44.1255],[-72.9729,44.139],[-72.9625,44.1401],[-72.9629,44.1432],[-72.9664,44.143],[-72.9666,44.1433],[-72.9656,44.1443],[-72.9656,44.1447],[-72.9528,44.1464],[-72.953,44.1477],[-72.9425,44.1489],[-72.9425,44.1515],[-72.9536,44.1501],[-72.9533,44.1489],[-72.9586,44.1483],[-72.9591,44.1506],[-72.9649,44.15],[-72.965,44.1514],[-72.9638,44.1528],[-72.9636,44.1551],[-72.9601,44.1555],[-72.9606,44.1582],[-72.9603,44.1604],[-72.9343,44.1631],[-72.9223,44.1638],[-72.9198,44.152],[-72.901,44.1537],[-72.899,44.142],[-72.8982,44.1419],[-72.8963,44.1402],[-72.8942,44.1392],[-72.8974,44.1346],[-72.8968,44.1324],[-72.9004,44.1265],[-72.8995,44.12],[-72.9058,44.1195],[-72.9004,44.1199],[-72.8999,44.1171],[-72.9053,44.1166],[-72.9047,44.1138],[-72.8915,44.1148],[-72.8906,44.1096],[-72.8909,44.1091],[-72.8928,44.109],[-72.8926,44.1073],[-72.8978,44.1061],[-72.9024,44.1057],[-72.9033,44.1059],[-72.904,44.1069],[-72.9036,44.1055],[-72.9023,44.1057],[-72.9007,44.1034],[-72.9028,44.1031],[-72.9032,44.1051],[-72.9131,44.1054],[-72.9128,44.1013],[-72.9235,44.1008],[-72.9225,44.0946],[-72.9111,44.0953],[-72.9112,44.0948],[-72.9104,44.0946],[-72.911,44.0932],[-72.9107,44.0919],[-72.9103,44.0939],[-72.9085,44.0953],[-72.9009,44.096],[-72.9002,44.0917],[-72.8873,44.0929],[-72.8835,44.0934],[-72.8816,44.0941],[-72.881,44.0947],[-72.8794,44.095],[-72.8798,44.0979],[-72.8784,44.0972],[-72.8759,44.097],[-72.8726,44.102],[-72.8735,44.1021],[-72.8731,44.1024],[-72.8713,44.1023],[-72.8693,44.1029],[-72.8674,44.1026],[-72.8634,44.1036],[-72.8606,44.103],[-72.8612,44.1],[-72.8616,44.0994],[-72.8624,44.0991],[-72.8622,44.0974],[-72.8634,44.0972],[-72.8637,44.096],[-72.8632,44.0959],[-72.8639,44.0938],[-72.8633,44.0926],[-72.8633,44.0904],[-72.8632,44.0901],[-72.863,44.0905],[-72.8626,44.0888],[-72.8639,44.0892],[-72.8659,44.0863],[-72.8674,44.0868],[-72.8653,44.0837],[-72.8653,44.0823],[-72.8657,44.0816],[-72.8609,44.0803],[-72.8627,44.0771],[-72.8594,44.0768],[-72.8595,44.0762],[-72.8584,44.0759],[-72.8574,44.0774],[-72.855,44.0767],[-72.8539,44.0783],[-72.8494,44.0769],[-72.8485,44.0795],[-72.8451,44.0799],[-72.8441,44.0836],[-72.8431,44.0854],[-72.8438,44.0855],[-72.843,44.0883],[-72.8368,44.0864],[-72.8398,44.0823],[-72.835,44.081],[-72.8349,44.0817],[-72.834,44.0814],[-72.8326,44.0806],[-72.8326,44.0802],[-72.8291,44.0789],[-72.83,44.0776],[-72.825,44.0759],[-72.8259,44.0759],[-72.8256,44.074],[-72.8275,44.0711],[-72.8279,44.0718],[-72.8275,44.0721],[-72.8308,44.0731],[-72.8315,44.0723],[-72.8299,44.0747],[-72.8302,44.0754],[-72.8312,44.0757],[-72.8323,44.074],[-72.8341,44.0744],[-72.8339,44.0724],[-72.8447,44.0755],[-72.8493,44.0689],[-72.8398,44.0658],[-72.8398,44.0575],[-72.8558,44.0624]]],[[[-72.924,43.7315],[-72.9239,43.7318],[-72.9243,43.7317],[-72.9243,43.7315],[-72.924,43.7315]]],[[[-72.8777,43.9946],[-72.8776,43.9949],[-72.8783,43.9948],[-72.8777,43.9946]]],[[[-72.9093,43.855],[-72.9099,43.8555],[-72.9099,43.855],[-72.9093,43.855]]],[[[-73.0195,43.9329],[-73.0201,43.9329],[-73.0201,43.9325],[-73.0195,43.9325],[-73.0195,43.9329]]],[[[-72.8596,44.0761],[-72.8604,44.0755],[-72.8601,44.0754],[-72.8596,44.0761]]],[[[-72.8859,43.702],[-72.8869,43.7021],[-72.8868,43.7018],[-72.8859,43.702]]],[[[-72.8756,43.6944],[-72.8761,43.6948],[-72.8765,43.6947],[-72.876,43.6943],[-72.8756,43.6944]]],[[[-72.8848,43.8727],[-72.8856,43.8728],[-72.8857,43.8724],[-72.8849,43.8721],[-72.8848,43.8727]]],[[[-72.8144,43.8296],[-72.8149,43.8301],[-72.8153,43.8296],[-72.8142,43.8292],[-72.8144,43.8296]]],[[[-72.8674,44.0619],[-72.8679,44.0623],[-72.8685,44.0619],[-72.868,44.0615],[-72.8674,44.0619]]],[[[-72.9919,43.863],[-72.9915,43.8631],[-72.9915,43.8642],[-72.992,43.864],[-72.9919,43.863]]],[[[-72.9267,43.8616],[-72.9273,43.862],[-72.9279,43.8615],[-72.9273,43.8612],[-72.9267,43.8616]]],[[[-72.9101,43.7045],[-72.9103,43.705],[-72.9111,43.7049],[-72.9109,43.7043],[-72.9101,43.7045]]],[[[-72.9195,43.863],[-72.9197,43.8637],[-72.9204,43.8636],[-72.9205,43.8629],[-72.9195,43.863]]],[[[-72.8399,43.8481],[-72.84,43.8487],[-72.8411,43.8487],[-72.8399,43.8481]]],[[[-72.8425,43.9724],[-72.8431,43.9724],[-72.8431,43.9719],[-72.8411,43.9719],[-72.8425,43.9724]]],[[[-72.8629,43.6875],[-72.864,43.6872],[-72.8644,43.6867],[-72.8637,43.6864],[-72.8629,43.6875]]],[[[-72.8116,43.8221],[-72.8118,43.8231],[-72.8124,43.8233],[-72.8122,43.8219],[-72.8116,43.8221]]],[[[-73.0157,43.9073],[-73.0172,43.9073],[-73.0169,43.9066],[-73.0157,43.9065],[-73.0157,43.9073]]],[[[-72.8173,43.845],[-72.8172,43.8457],[-72.8192,43.8459],[-72.8186,43.8447],[-72.8173,43.845]]],[[[-72.8382,44.0785],[-72.8383,44.0798],[-72.8396,44.0794],[-72.8394,44.0788],[-72.8382,44.0785]]],[[[-72.9129,44.0913],[-72.9143,44.0921],[-72.9146,44.093],[-72.9148,44.0911],[-72.9134,44.0909],[-72.9129,44.0913]]],[[[-72.9726,44.0035],[-72.9717,44.0049],[-72.9722,44.006],[-72.9726,44.006],[-72.9726,44.0035]]],[[[-72.9297,43.8457],[-72.9313,43.8465],[-72.9322,43.846],[-72.9313,43.8449],[-72.9297,43.8457]]],[[[-72.9053,43.854],[-72.9066,43.8543],[-72.9063,43.8551],[-72.9089,43.8558],[-72.9091,43.8555],[-72.9089,43.855],[-72.9048,43.8539],[-72.9053,43.854]]],[[[-72.8371,43.8843],[-72.8391,43.8839],[-72.8355,43.8829],[-72.836,43.8842],[-72.8371,43.8843]]],[[[-72.8936,44.074],[-72.8971,44.0737],[-72.893,44.0725],[-72.8936,44.074]]],[[[-72.8718,43.692],[-72.8734,43.6924],[-72.873,43.6906],[-72.8744,43.6905],[-72.8744,43.6902],[-72.8723,43.6899],[-72.8718,43.692]]],[[[-72.8419,43.7178],[-72.845,43.7168],[-72.8425,43.716],[-72.8406,43.7166],[-72.8412,43.7167],[-72.8419,43.7178]]],[[[-72.8327,43.8845],[-72.8307,43.8851],[-72.8305,43.8866],[-72.8334,43.8859],[-72.8336,43.8844],[-72.8327,43.8845]]],[[[-73.0413,43.9021],[-73.0396,43.9024],[-73.0396,43.903],[-73.043,43.9047],[-73.0423,43.9037],[-73.0425,43.9026],[-73.042,43.9021],[-73.0413,43.9021]]],[[[-73.0367,43.954],[-73.0366,43.955],[-73.0392,43.9565],[-73.0394,43.9547],[-73.0367,43.9535],[-73.0367,43.954]]],[[[-73.023,43.8928],[-73.0261,43.8939],[-73.0264,43.8928],[-73.0234,43.891],[-73.023,43.8928]]],[[[-72.8459,43.9477],[-72.851,43.9484],[-72.8513,43.9478],[-72.8465,43.9464],[-72.8459,43.9477]]],[[[-73.0275,43.8961],[-73.0299,43.8967],[-73.0301,43.8937],[-73.0282,43.8933],[-73.0275,43.8961]]],[[[-72.8133,43.8193],[-72.8125,43.8195],[-72.8131,43.8198],[-72.8129,43.8204],[-72.8168,43.8213],[-72.8172,43.8188],[-72.8133,43.8193]]],[[[-72.8566,43.9493],[-72.8588,43.95],[-72.8606,43.9472],[-72.8583,43.9465],[-72.8566,43.9493]]],[[[-72.8804,43.9942],[-72.8853,43.9955],[-72.8861,43.9942],[-72.8888,43.9926],[-72.8916,43.9924],[-72.8878,43.9921],[-72.8861,43.9938],[-72.8804,43.9942]]],[[[-73.0386,43.8867],[-73.0438,43.8861],[-73.0427,43.8825],[-73.0416,43.8827],[-73.0423,43.8849],[-73.0383,43.8853],[-73.0386,43.8867]]],[[[-72.893,43.872],[-72.893,43.8737],[-72.8954,43.8736],[-72.8955,43.8719],[-72.8969,43.872],[-72.894,43.8708],[-72.8941,43.8699],[-72.8915,43.8702],[-72.8914,43.8712],[-72.8908,43.8718],[-72.893,43.872]]],[[[-73.0011,43.9149],[-73.003,43.9163],[-73.0072,43.9133],[-73.0053,43.9119],[-73.0011,43.9149]]],[[[-72.8619,44.0641],[-72.864,44.0611],[-72.8635,44.0607],[-72.8594,44.0619],[-72.8579,44.0618],[-72.8572,44.0613],[-72.8558,44.0624],[-72.8619,44.0641]]],[[[-72.8661,43.9396],[-72.865,43.9412],[-72.8668,43.9424],[-72.8713,43.9377],[-72.8681,43.9368],[-72.8661,43.9396]]],[[[-73.0434,43.9566],[-73.0447,43.9645],[-73.046,43.9643],[-73.0464,43.9563],[-73.0434,43.9566]]],[[[-72.9083,43.8747],[-72.9092,43.875],[-72.9095,43.8768],[-72.913,43.8753],[-72.9125,43.8752],[-72.9129,43.8746],[-72.9089,43.8722],[-72.909,43.8716],[-72.9061,43.8703],[-72.9051,43.8716],[-72.9066,43.8728],[-72.9084,43.8733],[-72.9095,43.8741],[-72.9083,43.8747]]],[[[-72.8419,43.759],[-72.8469,43.7582],[-72.846,43.7545],[-72.8429,43.7552],[-72.8423,43.7561],[-72.8411,43.756],[-72.8419,43.759]]],[[[-72.7708,43.7985],[-72.7717,43.7982],[-72.7735,43.7966],[-72.775,43.7964],[-72.7758,43.795],[-72.7748,43.7946],[-72.7735,43.7951],[-72.7722,43.7937],[-72.7703,43.7935],[-72.7693,43.7942],[-72.7693,43.7938],[-72.7689,43.7938],[-72.77,43.7973],[-72.7708,43.7985]]],[[[-72.9066,43.8836],[-72.9075,43.8861],[-72.9097,43.8882],[-72.9122,43.8872],[-72.9104,43.8822],[-72.9066,43.8836]]],[[[-72.9246,43.897],[-72.9304,43.8986],[-72.9325,43.8953],[-72.9267,43.8936],[-72.9246,43.897]]],[[[-72.9064,43.9417],[-72.909,43.9426],[-72.9102,43.9413],[-72.9112,43.9416],[-72.9131,43.9383],[-72.908,43.9368],[-72.9059,43.94],[-72.9051,43.9405],[-72.9064,43.9417]]],[[[-72.953,43.8886],[-72.9521,43.8902],[-72.9525,43.8905],[-72.9514,43.8933],[-72.9502,43.8953],[-72.9505,43.8963],[-72.9516,43.8966],[-72.9575,43.8872],[-72.9544,43.8862],[-72.953,43.8886]]],[[[-72.8753,44.0767],[-72.8766,44.0766],[-72.8771,44.0759],[-72.8793,44.0757],[-72.8801,44.0747],[-72.8805,44.0752],[-72.8837,44.0752],[-72.8814,44.0709],[-72.8823,44.0696],[-72.8802,44.069],[-72.8753,44.0761],[-72.8753,44.0767]]],[[[-72.9193,43.8886],[-72.9185,43.8898],[-72.9173,43.8949],[-72.9199,43.8956],[-72.9242,43.8886],[-72.9202,43.8875],[-72.9193,43.8886]]],[[[-72.9573,44.1151],[-72.9579,44.1179],[-72.9688,44.1167],[-72.9682,44.114],[-72.9573,44.1151]]],[[[-72.8144,43.8081],[-72.8235,43.8109],[-72.8245,43.8092],[-72.8222,43.8086],[-72.8232,43.8069],[-72.8166,43.8046],[-72.8144,43.8081]]],[[[-72.9035,43.8926],[-72.8935,43.8964],[-72.9018,43.8988],[-72.9062,43.8916],[-72.9035,43.8926]]],[[[-72.8844,43.9178],[-72.8862,43.9183],[-72.8905,43.9115],[-72.886,43.9102],[-72.8818,43.9162],[-72.8831,43.9168],[-72.8835,43.9178],[-72.8844,43.9178]]],[[[-72.9615,44.0174],[-72.9615,44.0193],[-72.9712,44.0197],[-72.9712,44.0156],[-72.9615,44.0155],[-72.9615,44.0174]]],[[[-72.9262,43.8699],[-72.9304,43.8684],[-72.9284,43.8632],[-72.9207,43.8661],[-72.9204,43.8645],[-72.9159,43.8661],[-72.9166,43.8681],[-72.9198,43.867],[-72.9209,43.8679],[-72.9215,43.8678],[-72.9211,43.8666],[-72.9249,43.8663],[-72.9262,43.8699]]],[[[-73.0286,43.9113],[-73.0298,43.9113],[-73.03,43.9106],[-73.0322,43.9092],[-73.0327,43.9085],[-73.0325,43.9071],[-73.0288,43.907],[-73.0289,43.9058],[-73.0261,43.9053],[-73.024,43.9057],[-73.0211,43.9051],[-73.018,43.9064],[-73.018,43.9068],[-73.0206,43.9069],[-73.0203,43.909],[-73.0288,43.9092],[-73.0286,43.9113]]],[[[-72.9526,43.8972],[-72.9484,43.9037],[-72.9539,43.9053],[-72.9584,43.8984],[-72.9528,43.8969],[-72.9526,43.8972]]],[[[-73.0148,43.944],[-73.015,43.9446],[-73.0227,43.945],[-73.0231,43.9458],[-73.0262,43.946],[-73.0268,43.9412],[-73.0151,43.9408],[-73.0148,43.944]]],[[[-72.8848,43.8827],[-72.8864,43.8824],[-72.8893,43.8796],[-72.8894,43.8791],[-72.8903,43.8791],[-72.8884,43.8768],[-72.8879,43.877],[-72.8859,43.8757],[-72.8845,43.8754],[-72.8746,43.8762],[-72.8747,43.8793],[-72.8844,43.8791],[-72.8848,43.8827]]],[[[-72.8939,43.8602],[-72.9027,43.8569],[-72.9021,43.8548],[-72.9045,43.8538],[-72.9004,43.8523],[-72.8986,43.8532],[-72.8972,43.8528],[-72.8977,43.8526],[-72.8978,43.8519],[-72.8993,43.8502],[-72.8993,43.8488],[-72.884,43.8545],[-72.8843,43.8555],[-72.8847,43.8546],[-72.8866,43.854],[-72.8882,43.8594],[-72.8931,43.8577],[-72.8939,43.8602]]],[[[-72.9135,43.8579],[-72.9149,43.8626],[-72.9261,43.8583],[-72.9252,43.8562],[-72.9282,43.8536],[-72.9257,43.8524],[-72.9216,43.854],[-72.9214,43.8532],[-72.9165,43.8543],[-72.9162,43.8533],[-72.9201,43.8528],[-72.9225,43.8518],[-72.9224,43.8512],[-72.9209,43.8518],[-72.9199,43.8482],[-72.9114,43.8514],[-72.9135,43.8579]]],[[[-72.959,44.0305],[-72.965,44.0305],[-72.965,44.0291],[-72.9702,44.0293],[-72.9708,44.0251],[-72.9811,44.0257],[-72.9812,44.0204],[-72.9712,44.0204],[-72.9708,44.0244],[-72.9611,44.024],[-72.961,44.0249],[-72.9509,44.0245],[-72.9507,44.0286],[-72.959,44.0289],[-72.959,44.0305]]],[[[-72.8623,43.9194],[-72.8702,43.9076],[-72.8655,43.9061],[-72.867,43.9044],[-72.8601,43.9027],[-72.8582,43.9043],[-72.8534,43.9064],[-72.8524,43.9078],[-72.858,43.9101],[-72.8538,43.917],[-72.8623,43.9194]]],[[[-72.9069,43.7496],[-72.9143,43.7503],[-72.9215,43.7523],[-72.9243,43.7525],[-72.9248,43.7523],[-72.9248,43.75],[-72.9285,43.7494],[-72.9272,43.7479],[-72.9294,43.7471],[-72.9283,43.7437],[-72.9279,43.7439],[-72.9275,43.7427],[-72.9219,43.7431],[-72.9189,43.7396],[-72.9183,43.7411],[-72.9152,43.7423],[-72.9137,43.7402],[-72.9122,43.7406],[-72.9116,43.7397],[-72.911,43.7397],[-72.9099,43.7402],[-72.9092,43.7422],[-72.9071,43.7426],[-72.9069,43.7496]]],[[[-72.8906,43.7077],[-72.8927,43.7087],[-72.8823,43.7128],[-72.8835,43.7144],[-72.9028,43.7069],[-72.8987,43.7011],[-72.8894,43.7044],[-72.8885,43.7032],[-72.8868,43.7037],[-72.8845,43.6999],[-72.895,43.696],[-72.8924,43.6923],[-72.88,43.6971],[-72.8793,43.6963],[-72.8783,43.6966],[-72.8791,43.6974],[-72.8693,43.7012],[-72.8721,43.7047],[-72.8823,43.7007],[-72.8879,43.7081],[-72.8819,43.7104],[-72.8898,43.7074],[-72.8906,43.7077]]],[[[-73.0056,43.8951],[-73.0067,43.8951],[-73.0065,43.9014],[-73.011,43.9015],[-73.011,43.9026],[-73.0293,43.9028],[-73.0372,43.9033],[-73.0381,43.9023],[-73.0396,43.9022],[-73.0398,43.8979],[-73.0186,43.8974],[-73.0188,43.8936],[-73.0203,43.893],[-73.0207,43.8906],[-73.0189,43.8898],[-73.0189,43.8922],[-73.0129,43.892],[-73.0132,43.8887],[-73.0153,43.8887],[-73.0182,43.8895],[-73.018,43.8879],[-73.0107,43.888],[-73.0074,43.8874],[-73.0067,43.889],[-73.0056,43.8896],[-73.0039,43.8891],[-73.0017,43.89],[-73.0012,43.8909],[-73.0109,43.8915],[-73.0114,43.893],[-73.0072,43.893],[-73.0072,43.8937],[-73.0058,43.8937],[-73.0056,43.8951]]],[[[-72.9644,43.9207],[-72.9399,43.925],[-72.9438,43.9263],[-72.9449,43.9273],[-72.9469,43.9302],[-72.9467,43.9317],[-72.9471,43.9329],[-72.9488,43.9342],[-72.9492,43.9363],[-72.9508,43.9378],[-72.9516,43.9401],[-72.9555,43.9405],[-72.9571,43.9413],[-72.959,43.9406],[-72.9609,43.9407],[-72.9668,43.9433],[-72.9644,43.9207]]],[[[-72.9668,43.9433],[-72.9613,43.9511],[-72.9699,43.9504],[-72.9716,43.9498],[-72.9732,43.9507],[-72.9743,43.952],[-72.9764,43.9522],[-72.9764,43.9531],[-72.9775,43.9527],[-72.9735,43.9558],[-72.9728,43.9558],[-72.9726,43.9585],[-72.9728,43.9596],[-72.9716,43.9596],[-72.9715,43.9617],[-72.9679,43.9617],[-72.9678,43.9637],[-72.9858,43.9641],[-72.9858,43.9689],[-72.997,43.9691],[-72.9972,43.9667],[-73.0073,43.967],[-73.0074,43.9646],[-73.0047,43.9645],[-73.0058,43.9587],[-73.0044,43.9584],[-73.0046,43.9573],[-73.0054,43.9574],[-73.006,43.9483],[-73.0031,43.9481],[-73.0029,43.9533],[-73.0013,43.9532],[-72.9974,43.95],[-72.9909,43.9488],[-72.9879,43.947],[-72.9856,43.9467],[-72.9847,43.9445],[-72.9845,43.9409],[-72.9859,43.9397],[-72.9853,43.9397],[-72.9872,43.9385],[-72.9871,43.938],[-72.9896,43.9367],[-72.9895,43.9357],[-72.9811,43.9354],[-72.981,43.9382],[-72.9704,43.9377],[-72.9668,43.9433]]],[[[-73.0902,42.8074],[-73.078,42.8074],[-73.0779,42.7831],[-73.0805,42.7833],[-73.0807,42.781],[-73.0851,42.7813],[-73.0846,42.7806],[-73.0846,42.78],[-73.0865,42.7798],[-73.0868,42.7787],[-73.0917,42.7789],[-73.0915,42.783],[-73.095,42.7831],[-73.095,42.7849],[-73.1023,42.785],[-73.1021,42.7896],[-73.1121,42.7897],[-73.1123,42.7851],[-73.1132,42.7804],[-73.106,42.7802],[-73.106,42.778],[-73.1091,42.778],[-73.1091,42.7791],[-73.1103,42.7791],[-73.1104,42.778],[-73.1132,42.7781],[-73.1133,42.7755],[-73.1234,42.7757],[-73.124,42.7654],[-73.1339,42.7655],[-73.1337,42.7687],[-73.1409,42.7685],[-73.1412,42.762],[-73.1331,42.7619],[-73.1334,42.752],[-73.1415,42.7522],[-73.1417,42.7436],[-73.1536,42.7438],[-73.1533,42.7507],[-73.1725,42.7509],[-73.1726,42.7476],[-73.1735,42.7477],[-73.1725,42.7517],[-73.1744,42.7515],[-73.1764,42.7497],[-73.1752,42.7496],[-73.1756,42.7467],[-73.1881,42.7477],[-73.1881,42.7493],[-73.1898,42.7519],[-73.1893,42.7561],[-73.1898,42.7583],[-73.1907,42.7592],[-73.1907,42.7655],[-73.1913,42.7669],[-73.193,42.7687],[-73.1878,42.7687],[-73.1828,42.77],[-73.1772,42.7673],[-73.174,42.7674],[-73.1728,42.774],[-73.1697,42.7731],[-73.1698,42.7808],[-73.1596,42.7809],[-73.1597,42.7847],[-73.1532,42.7848],[-73.1532,42.7833],[-73.1469,42.7833],[-73.1471,42.7908],[-73.1563,42.7908],[-73.1562,42.7976],[-73.1572,42.7977],[-73.1571,42.8011],[-73.1468,42.8011],[-73.1466,42.8041],[-73.1563,42.8043],[-73.1561,42.8079],[-73.1395,42.8074],[-73.1393,42.8233],[-73.1438,42.8233],[-73.1436,42.8316],[-73.1522,42.8315],[-73.1522,42.8366],[-73.1521,42.8393],[-73.1391,42.8393],[-73.1384,42.8472],[-73.1595,42.8479],[-73.159,42.8568],[-73.1515,42.8566],[-73.1512,42.8607],[-73.1437,42.8635],[-73.1437,42.8652],[-73.1418,42.8645],[-73.1417,42.8651],[-73.1437,42.8657],[-73.1437,42.8682],[-73.1446,42.8694],[-73.143,42.8745],[-73.1429,42.8769],[-73.1379,42.8766],[-73.1375,42.879],[-73.1503,42.8794],[-73.15,42.8838],[-73.1505,42.8839],[-73.1501,42.8876],[-73.156,42.888],[-73.1643,42.8869],[-73.1627,42.918],[-73.1552,42.9178],[-73.1547,42.9245],[-73.147,42.9244],[-73.1464,42.9296],[-73.1572,42.9299],[-73.1571,42.9313],[-73.1604,42.9313],[-73.1602,42.9335],[-73.1579,42.9334],[-73.1577,42.9354],[-73.1565,42.9353],[-73.1564,42.9375],[-73.1558,42.9375],[-73.1547,42.9384],[-73.1457,42.9381],[-73.1457,42.9386],[-73.1545,42.939],[-73.1544,42.9402],[-73.1567,42.9403],[-73.1558,42.9414],[-73.1511,42.9413],[-73.151,42.9421],[-73.1502,42.9421],[-73.1499,42.9452],[-73.1514,42.9452],[-73.1512,42.9497],[-73.1532,42.9498],[-73.1531,42.9506],[-73.1549,42.9506],[-73.1548,42.9536],[-73.153,42.9535],[-73.1531,42.9551],[-73.1511,42.955],[-73.1512,42.9537],[-73.1446,42.9534],[-73.144,42.9622],[-73.151,42.9624],[-73.1512,42.9642],[-73.1439,42.9639],[-73.1439,42.9645],[-73.1511,42.9648],[-73.1511,42.9654],[-73.1494,42.9653],[-73.1494,42.9657],[-73.1545,42.9658],[-73.1545,42.9666],[-73.154,42.9666],[-73.1539,42.9685],[-73.1494,42.9684],[-73.1493,42.9694],[-73.1514,42.9695],[-73.1513,42.9704],[-73.1492,42.9703],[-73.1491,42.9712],[-73.1513,42.9713],[-73.1511,42.9728],[-73.1504,42.9727],[-73.1503,42.9744],[-73.1432,42.974],[-73.142,42.9891],[-73.1372,42.99],[-73.136,42.9882],[-73.1324,42.9888],[-73.1313,42.9896],[-73.1223,42.9893],[-73.122,42.9928],[-73.1208,42.9928],[-73.1206,42.9961],[-73.1159,43.0003],[-73.097,43.0003],[-73.0967,43.0009],[-73.0937,43.0033],[-73.092,43.0076],[-73.0907,43.0097],[-73.0894,43.0096],[-73.0891,43.0127],[-73.0894,43.0139],[-73.0859,43.0202],[-73.0911,43.0218],[-73.1012,43.0036],[-73.1085,43.0101],[-73.1114,43.0106],[-73.1119,43.0093],[-73.1147,43.0089],[-73.1155,43.0082],[-73.1179,43.0076],[-73.1217,43.0076],[-73.1231,43.0068],[-73.1242,43.0068],[-73.1259,43.0077],[-73.1268,43.0076],[-73.1297,43.0086],[-73.1324,43.0087],[-73.1354,43.0107],[-73.1363,43.0117],[-73.139,43.0127],[-73.1403,43.014],[-73.1398,43.0167],[-73.1394,43.026],[-73.1405,43.026],[-73.1387,43.031],[-73.1338,43.0309],[-73.1338,43.0321],[-73.133,43.0321],[-73.1327,43.0369],[-73.132,43.0369],[-73.1319,43.0384],[-73.1263,43.0383],[-73.1263,43.0388],[-73.1215,43.0387],[-73.1213,43.0426],[-73.1177,43.0425],[-73.1178,43.0403],[-73.1139,43.0403],[-73.114,43.0366],[-73.1118,43.0364],[-73.1105,43.0374],[-73.1049,43.0372],[-73.1049,43.0386],[-73.1014,43.0387],[-73.1015,43.0412],[-73.1043,43.041],[-73.1039,43.0447],[-73.106,43.0427],[-73.1068,43.0426],[-73.109,43.0446],[-73.1121,43.0464],[-73.1151,43.0465],[-73.1153,43.048],[-73.1141,43.0507],[-73.1155,43.0509],[-73.1148,43.0527],[-73.1152,43.0527],[-73.1156,43.0541],[-73.1169,43.0548],[-73.1153,43.0549],[-73.1153,43.0564],[-73.1157,43.0564],[-73.1154,43.0588],[-73.1098,43.0587],[-73.1099,43.0613],[-73.1061,43.0612],[-73.1056,43.0684],[-73.1087,43.0685],[-73.1085,43.0715],[-73.1067,43.0774],[-73.1052,43.0774],[-73.1051,43.0793],[-73.0944,43.079],[-73.0944,43.0819],[-73.0953,43.0819],[-73.0956,43.0829],[-73.0969,43.083],[-73.0968,43.0848],[-73.095,43.0848],[-73.0948,43.0876],[-73.0944,43.0876],[-73.0943,43.0887],[-73.0921,43.0886],[-73.0921,43.0877],[-73.088,43.0877],[-73.0878,43.0903],[-73.0897,43.0904],[-73.0893,43.0951],[-73.0953,43.0955],[-73.0961,43.0961],[-73.0961,43.0971],[-73.0969,43.0974],[-73.0969,43.0982],[-73.0951,43.0981],[-73.0947,43.0987],[-73.0946,43.1016],[-73.0927,43.1015],[-73.0882,43.109],[-73.088,43.1118],[-73.09,43.1119],[-73.0896,43.1154],[-73.0854,43.1153],[-73.0857,43.1133],[-73.0834,43.116],[-73.0726,43.1233],[-73.0726,43.124],[-73.0716,43.124],[-73.068,43.1266],[-73.0639,43.13],[-73.0588,43.1369],[-73.0511,43.143],[-73.0473,43.1473],[-73.0423,43.1573],[-73.0415,43.1578],[-73.0416,43.1592],[-73.041,43.1592],[-73.0412,43.1596],[-73.0393,43.1636],[-73.0333,43.1614],[-73.0334,43.161],[-73.0324,43.1607],[-73.0334,43.1586],[-73.0271,43.1584],[-73.0272,43.1564],[-73.0244,43.1564],[-73.0246,43.1525],[-73.0203,43.1584],[-73.0188,43.1582],[-73.0157,43.1623],[-73.0171,43.1624],[-73.0161,43.1656],[-73.0139,43.1655],[-73.0138,43.1685],[-73.0116,43.1685],[-73.0115,43.1698],[-73.0122,43.1698],[-73.0121,43.1715],[-73.0106,43.1714],[-73.0106,43.1725],[-73.0097,43.1725],[-73.01,43.173],[-73.0108,43.1729],[-73.0108,43.1734],[-73.0143,43.1733],[-73.0135,43.1755],[-73.0126,43.1761],[-73.0148,43.1768],[-73.0129,43.1773],[-73.0128,43.1778],[-73.0118,43.1782],[-73.0126,43.1792],[-73.0115,43.1796],[-73.0108,43.1785],[-73.01,43.1798],[-73.0103,43.1802],[-73.0094,43.1809],[-73.0042,43.1806],[-73.0041,43.1814],[-73.0045,43.1814],[-73.0044,43.1837],[-73.0024,43.1836],[-73.0008,43.1842],[-72.9983,43.184],[-72.9982,43.19],[-72.9996,43.1906],[-72.9994,43.1908],[-72.9982,43.1903],[-72.9982,43.1906],[-72.9969,43.1906],[-72.9959,43.1925],[-72.9964,43.1933],[-72.9956,43.1937],[-72.9918,43.1927],[-72.9917,43.1954],[-72.9909,43.1954],[-72.9906,43.1969],[-72.9885,43.1968],[-72.988,43.1986],[-72.9913,43.1987],[-72.9906,43.2009],[-72.9892,43.1999],[-72.9882,43.2004],[-72.9877,43.2011],[-72.9848,43.2019],[-72.9834,43.2034],[-72.9821,43.204],[-72.9808,43.204],[-72.98,43.2044],[-72.9735,43.2008],[-72.9784,43.1939],[-72.9816,43.194],[-72.9827,43.1864],[-72.9754,43.186],[-72.9754,43.1857],[-72.9673,43.1855],[-72.9662,43.1925],[-72.9637,43.192],[-72.9625,43.1904],[-72.9568,43.1903],[-72.9542,43.1899],[-72.9528,43.189],[-72.9497,43.1891],[-72.9497,43.1886],[-72.9448,43.1883],[-72.9446,43.1924],[-72.9419,43.1922],[-72.9421,43.1908],[-72.9385,43.1906],[-72.9387,43.1871],[-72.9432,43.1873],[-72.9438,43.1867],[-72.9459,43.1875],[-72.9498,43.1877],[-72.95,43.1847],[-72.9452,43.1846],[-72.9456,43.1764],[-72.9358,43.176],[-72.9358,43.1743],[-72.9342,43.1742],[-72.9345,43.1684],[-72.926,43.1681],[-72.9272,43.1523],[-72.9251,43.1522],[-72.9253,43.1495],[-72.9373,43.15],[-72.9379,43.1415],[-72.9369,43.1414],[-72.9315,43.1388],[-72.9302,43.1386],[-72.9274,43.1391],[-72.9274,43.1367],[-72.9237,43.1366],[-72.9243,43.1282],[-72.9282,43.1284],[-72.9289,43.1204],[-72.9238,43.1203],[-72.9241,43.1158],[-72.9281,43.116],[-72.9283,43.1157],[-72.9271,43.1137],[-72.928,43.1118],[-72.9254,43.1117],[-72.926,43.1018],[-72.9256,43.0938],[-72.9234,43.0938],[-72.9242,43.0896],[-72.9223,43.0894],[-72.9229,43.0865],[-72.9128,43.0859],[-72.9128,43.0868],[-72.8911,43.086],[-72.8913,43.082],[-72.901,43.0823],[-72.9011,43.0788],[-72.8969,43.0786],[-72.8974,43.0712],[-72.8929,43.071],[-72.8931,43.0685],[-72.902,43.0687],[-72.903,43.0556],[-72.9066,43.0559],[-72.9066,43.0557],[-72.9165,43.0571],[-72.9304,43.0577],[-72.9296,43.0653],[-72.9356,43.0642],[-72.9368,43.0564],[-72.9347,43.0553],[-72.9332,43.0552],[-72.9309,43.0531],[-72.9323,43.0418],[-72.9186,43.0411],[-72.9188,43.0389],[-72.9132,43.0387],[-72.9126,43.0437],[-72.9112,43.0428],[-72.9106,43.0433],[-72.9099,43.0429],[-72.9116,43.0417],[-72.9097,43.0403],[-72.9084,43.0413],[-72.9055,43.0401],[-72.9061,43.0333],[-72.9005,43.0332],[-72.901,43.0323],[-72.8999,43.0324],[-72.8996,43.0331],[-72.8961,43.0332],[-72.8963,43.0254],[-72.8956,43.0254],[-72.8956,43.0202],[-72.8948,43.0192],[-72.8947,43.0152],[-72.8957,43.016],[-72.9055,43.0158],[-72.9055,43.0103],[-72.8988,43.0102],[-72.8988,43.0036],[-72.893,43.0035],[-72.893,42.9985],[-72.9012,42.9987],[-72.9012,42.9996],[-72.9069,42.9997],[-72.9069,43.0022],[-72.9149,43.0024],[-72.9155,42.9978],[-72.9131,42.9979],[-72.9139,42.9935],[-72.9088,42.9933],[-72.9088,42.9921],[-72.8967,42.9915],[-72.8969,42.9878],[-72.9081,42.988],[-72.9087,42.9748],[-72.9016,42.9746],[-72.9018,42.9699],[-72.9125,42.9703],[-72.9129,42.9652],[-72.9068,42.965],[-72.9033,42.963],[-72.9039,42.9493],[-72.9028,42.9493],[-72.9029,42.9465],[-72.8884,42.9458],[-72.8914,42.9459],[-72.8925,42.9392],[-72.9033,42.9398],[-72.9135,42.9398],[-72.9137,42.9361],[-72.904,42.9358],[-72.9041,42.9315],[-72.9138,42.9318],[-72.9141,42.9271],[-72.9236,42.9274],[-72.9238,42.9196],[-72.9189,42.9194],[-72.92,42.9174],[-72.9183,42.9155],[-72.9162,42.9153],[-72.9156,42.9149],[-72.9148,42.915],[-72.914,42.9158],[-72.9151,42.9177],[-72.9148,42.9192],[-72.9048,42.9188],[-72.9003,42.9157],[-72.9004,42.9117],[-72.8935,42.9115],[-72.8939,42.9048],[-72.8981,42.905],[-72.8981,42.9041],[-72.8989,42.9026],[-72.9097,42.9029],[-72.9098,42.9002],[-72.9205,42.9005],[-72.9202,42.8949],[-72.9206,42.8857],[-72.9105,42.8855],[-72.9104,42.8814],[-72.9096,42.8814],[-72.91,42.8821],[-72.9027,42.8819],[-72.9021,42.8754],[-72.9018,42.8749],[-72.9033,42.875],[-72.9065,42.8771],[-72.9068,42.8765],[-72.9125,42.8761],[-72.9114,42.8736],[-72.9187,42.8738],[-72.9202,42.8724],[-72.9196,42.8714],[-72.9219,42.8719],[-72.9226,42.8729],[-72.9214,42.874],[-72.9216,42.8743],[-72.9239,42.8751],[-72.9244,42.8764],[-72.9209,42.8763],[-72.9206,42.8809],[-72.9251,42.881],[-72.9249,42.8851],[-72.9308,42.8853],[-72.9312,42.8794],[-72.9413,42.8796],[-72.9397,42.9277],[-72.9368,42.9277],[-72.9362,42.9385],[-72.9369,42.9385],[-72.9366,42.9445],[-72.946,42.9448],[-72.9459,42.9461],[-72.9582,42.9464],[-72.958,42.9544],[-72.9573,42.9543],[-72.957,42.9607],[-72.9448,42.9603],[-72.944,42.9693],[-72.922,42.9686],[-72.9197,42.998],[-72.9236,42.9981],[-72.9228,43.0071],[-72.9211,43.0071],[-72.9202,43.0197],[-72.918,43.0196],[-72.9179,43.0207],[-72.9171,43.0207],[-72.917,43.0227],[-72.924,43.0236],[-72.9238,43.026],[-72.9343,43.0263],[-72.9376,43.0286],[-72.9388,43.0319],[-72.9404,43.0312],[-72.9401,43.0343],[-72.959,43.0352],[-72.9575,43.0488],[-72.9823,43.051],[-72.9832,43.0434],[-72.9706,43.0429],[-72.9717,43.0274],[-72.9653,43.0271],[-72.9655,43.0217],[-72.9825,43.0221],[-72.9827,43.0177],[-72.9687,43.0172],[-72.9695,43.0062],[-72.9621,43.006],[-72.9625,43.0013],[-72.9527,43.0011],[-72.9527,42.9971],[-72.9534,42.9971],[-72.9534,42.9964],[-72.9527,42.9964],[-72.9528,42.9919],[-72.963,42.9922],[-72.9632,42.9877],[-72.953,42.9875],[-72.9534,42.9785],[-72.9543,42.9786],[-72.9569,42.9812],[-72.9604,42.9795],[-72.9602,42.976],[-72.9581,42.975],[-72.9582,42.9727],[-72.9656,42.9728],[-72.9657,42.9714],[-72.9745,42.9715],[-72.9745,42.9747],[-72.9726,42.9746],[-72.9722,42.9832],[-72.9712,42.9832],[-72.971,42.9879],[-72.985,42.9881],[-72.9854,42.975],[-72.985,42.9648],[-72.9826,42.9647],[-72.9829,42.9619],[-72.9753,42.9621],[-72.9766,42.9375],[-72.9824,42.9376],[-72.9829,42.9295],[-72.9795,42.9293],[-72.9802,42.9202],[-72.9813,42.9128],[-72.9915,42.9133],[-72.992,42.9049],[-72.9817,42.9046],[-72.9706,42.9047],[-72.9698,42.9121],[-72.9592,42.9117],[-72.96,42.8967],[-72.9561,42.8934],[-72.9555,42.8922],[-72.9545,42.8918],[-72.9528,42.8894],[-72.9533,42.8884],[-72.9615,42.8889],[-72.9615,42.8872],[-72.954,42.8871],[-72.9535,42.8847],[-72.9616,42.8849],[-72.9618,42.881],[-72.9649,42.8811],[-72.965,42.8807],[-72.9681,42.8811],[-72.9677,42.8826],[-72.9687,42.8888],[-72.9658,42.8888],[-72.9656,42.8928],[-72.966,42.8928],[-72.9659,42.8969],[-72.9665,42.8969],[-72.9664,42.8993],[-72.9701,42.8995],[-72.9743,42.8987],[-72.9745,42.8972],[-72.9734,42.8971],[-72.9736,42.8949],[-72.9738,42.895],[-72.9737,42.8965],[-72.9754,42.8968],[-72.9755,42.8955],[-72.9746,42.8954],[-72.9747,42.895],[-72.9755,42.895],[-72.9756,42.8956],[-72.9759,42.8956],[-72.9758,42.895],[-72.9763,42.895],[-72.9763,42.8974],[-72.9823,42.8977],[-72.9919,42.8976],[-72.9921,42.8946],[-72.9945,42.8946],[-72.9943,42.8977],[-73.0024,42.8978],[-73.003,42.8901],[-73.0024,42.8901],[-73.0024,42.8889],[-73.0016,42.8892],[-73.0012,42.8901],[-72.9988,42.8898],[-72.9987,42.8919],[-72.9971,42.8928],[-72.9962,42.8918],[-72.9952,42.8926],[-72.996,42.8936],[-72.9945,42.8943],[-72.9946,42.8925],[-72.9923,42.8926],[-72.9922,42.8942],[-72.9917,42.8941],[-72.9917,42.8946],[-72.9901,42.8946],[-72.9901,42.8899],[-72.9827,42.8899],[-72.9833,42.8705],[-72.9765,42.8703],[-72.9765,42.8689],[-72.9694,42.8688],[-72.9691,42.8711],[-72.962,42.8709],[-72.9626,42.8695],[-72.9666,42.8658],[-72.9683,42.8654],[-72.9707,42.8612],[-72.9723,42.8601],[-72.9745,42.8603],[-72.9761,42.8583],[-72.9578,42.8576],[-72.957,42.873],[-72.9514,42.8723],[-72.952,42.8655],[-72.9325,42.8648],[-72.9321,42.867],[-72.9285,42.8685],[-72.9256,42.8684],[-72.9258,42.8662],[-72.9237,42.8672],[-72.9238,42.8684],[-72.9215,42.8687],[-72.9218,42.86],[-72.9107,42.8598],[-72.9108,42.8571],[-72.9189,42.8536],[-72.9185,42.8524],[-72.9179,42.8521],[-72.9176,42.8502],[-72.9189,42.85],[-72.92,42.8531],[-72.9236,42.8517],[-72.9236,42.8538],[-72.9228,42.8584],[-72.9262,42.8585],[-72.9282,42.8334],[-72.9315,42.8336],[-72.9317,42.8311],[-72.9303,42.8305],[-72.9284,42.8305],[-72.9284,42.8273],[-72.9364,42.8273],[-72.9365,42.8206],[-72.9485,42.8207],[-72.9486,42.8155],[-72.9523,42.8156],[-72.9527,42.8104],[-72.9617,42.8107],[-72.9613,42.8281],[-72.965,42.8282],[-72.9653,42.8259],[-72.9773,42.8262],[-72.9773,42.8229],[-72.9808,42.8229],[-72.983,42.8242],[-72.9835,42.8248],[-72.9772,42.8293],[-72.9771,42.8315],[-72.9743,42.8314],[-72.9739,42.8414],[-72.9865,42.8416],[-72.9866,42.8389],[-72.9928,42.839],[-72.9931,42.8384],[-72.9931,42.8374],[-72.9902,42.834],[-72.9894,42.8316],[-72.9905,42.8312],[-72.9902,42.8301],[-72.9911,42.83],[-72.991,42.8293],[-72.9918,42.829],[-72.9928,42.8288],[-72.9935,42.8296],[-72.9959,42.8287],[-72.9959,42.8311],[-73.0011,42.8312],[-73.0014,42.8278],[-73.0028,42.8278],[-73.0019,42.8262],[-73.0031,42.8256],[-73.004,42.8259],[-73.0064,42.828],[-73.0155,42.8278],[-73.0156,42.8233],[-73.0277,42.824],[-73.0278,42.8217],[-73.0302,42.8217],[-73.0302,42.8199],[-73.0278,42.8198],[-73.0278,42.8157],[-73.037,42.8146],[-73.0373,42.7965],[-73.0469,42.7968],[-73.0468,42.8007],[-73.0563,42.801],[-73.0563,42.8023],[-73.0658,42.8025],[-73.0652,42.816],[-73.0779,42.8164],[-73.0781,42.8119],[-73.0901,42.8122],[-73.0902,42.8074]]],[[[-73.1147,42.91],[-73.1148,42.9104],[-73.1151,42.9104],[-73.115,42.91],[-73.1147,42.91]]],[[[-72.8974,43.0229],[-72.8975,43.0233],[-72.8981,43.0232],[-72.898,43.0228],[-72.8974,43.0229]]],[[[-73.0905,42.8546],[-73.0912,42.8546],[-73.0912,42.854],[-73.0905,42.854],[-73.0905,42.8546]]],[[[-72.9964,42.8491],[-72.9966,42.8496],[-72.9973,42.8495],[-72.9971,42.8489],[-72.9964,42.8491]]],[[[-72.9597,43.0598],[-72.9605,43.06],[-72.9608,43.0595],[-72.9599,43.0594],[-72.9597,43.0598]]],[[[-73.113,42.9094],[-73.1137,42.91],[-73.114,42.9095],[-73.1133,42.9089],[-73.113,42.9094]]],[[[-73.1156,42.9009],[-73.1163,42.9009],[-73.1163,42.9001],[-73.1156,42.9001],[-73.1156,42.9009]]],[[[-73.0842,42.8718],[-73.085,42.8721],[-73.0852,42.8714],[-73.0842,42.8712],[-73.0842,42.8718]]],[[[-73.1159,42.9096],[-73.1161,42.9102],[-73.1169,42.9099],[-73.1166,42.9093],[-73.1159,42.9096]]],[[[-73.0974,43.0433],[-73.0978,43.043],[-73.0967,43.0427],[-73.0963,43.0431],[-73.0974,43.0433]]],[[[-73.1162,42.8767],[-73.116,42.877],[-73.1166,42.877],[-73.1174,42.8761],[-73.117,42.876],[-73.1162,42.8767]]],[[[-72.8963,43.017],[-72.8962,43.0179],[-72.8977,43.0179],[-72.8963,43.017]]],[[[-72.9638,42.8842],[-72.9644,42.8846],[-72.9653,42.8842],[-72.9646,42.8836],[-72.9638,42.8842]]],[[[-73.1238,42.8935],[-73.1244,42.8942],[-73.1252,42.8939],[-73.1245,42.8931],[-73.1238,42.8935]]],[[[-73.0934,42.8479],[-73.096,42.8481],[-73.096,42.8477],[-73.0935,42.8475],[-73.0934,42.8479]]],[[[-73.0414,42.8064],[-73.0415,42.8079],[-73.0422,42.8078],[-73.0421,42.8063],[-73.0414,42.8064]]],[[[-73.0837,43.0505],[-73.0834,43.0511],[-73.0846,43.0502],[-73.0846,43.0484],[-73.0837,43.0505]]],[[[-73.1152,42.886],[-73.1164,42.8875],[-73.1172,42.8873],[-73.116,42.8857],[-73.1152,42.886]]],[[[-73.0952,42.8789],[-73.0953,42.8781],[-73.0915,42.8773],[-73.0923,42.878],[-73.0952,42.8789]]],[[[-73.0522,42.8981],[-73.0535,42.8979],[-73.0545,42.8971],[-73.0535,42.8975],[-73.0531,42.8964],[-73.0517,42.897],[-73.0522,42.8981]]],[[[-73.1395,42.8542],[-73.1396,42.8551],[-73.142,42.8551],[-73.1417,42.8542],[-73.1395,42.8542]]],[[[-72.9915,43.1519],[-72.9922,43.1536],[-72.9932,43.1527],[-72.9934,43.152],[-72.9929,43.1514],[-72.9915,43.1519]]],[[[-72.9252,42.8626],[-72.9241,42.8631],[-72.9244,42.8642],[-72.9279,42.8633],[-72.9276,42.8622],[-72.9252,42.8626]]],[[[-73.0451,43.1456],[-73.0478,43.1456],[-73.0479,43.1439],[-73.0452,43.1439],[-73.0451,43.1456]]],[[[-73.0475,42.8981],[-73.0497,42.8986],[-73.0509,42.8984],[-73.0516,42.8982],[-73.0517,42.8971],[-73.0485,42.8973],[-73.0485,42.8977],[-73.048,42.8976],[-73.0475,42.8981]]],[[[-73.0789,42.8625],[-73.0794,42.8639],[-73.0819,42.8636],[-73.0818,42.8619],[-73.0789,42.8625]]],[[[-73.0812,42.956],[-73.0831,42.9561],[-73.0833,42.9537],[-73.0813,42.9537],[-73.0812,42.956]]],[[[-73.0945,42.9343],[-73.092,42.9359],[-73.0941,42.9365],[-73.0965,42.9341],[-73.0945,42.9343]]],[[[-73.1495,42.9676],[-73.1437,42.9675],[-73.1437,42.9683],[-73.1494,42.9684],[-73.1495,42.9676]]],[[[-73.0088,42.9818],[-73.0117,42.9817],[-73.0111,42.9797],[-73.0097,42.9803],[-73.0086,42.9795],[-73.0083,42.9803],[-73.0091,42.981],[-73.0088,42.9818]]],[[[-73.0118,42.9714],[-73.0132,42.973],[-73.0131,42.9719],[-73.0137,42.9696],[-73.0112,42.9696],[-73.011,42.9714],[-73.0118,42.9714]]],[[[-73.0054,43.159],[-73.0052,43.1603],[-73.0104,43.1604],[-73.0085,43.1598],[-73.0073,43.1583],[-73.0054,43.158],[-73.0054,43.159]]],[[[-73.1079,42.9134],[-73.1085,42.9141],[-73.1089,42.9136],[-73.1105,42.9136],[-73.1113,42.913],[-73.1109,42.9123],[-73.1125,42.9113],[-73.1121,42.9106],[-73.1079,42.9127],[-73.1079,42.9134]]],[[[-73.0552,43.1338],[-73.054,43.1363],[-73.0571,43.1365],[-73.057,43.1337],[-73.0552,43.1338]]],[[[-73.0245,42.8994],[-73.0317,42.8994],[-73.0246,42.8975],[-73.0245,42.8994]]],[[[-73.1222,42.8965],[-73.1204,42.8977],[-73.1226,42.8987],[-73.1247,42.8977],[-73.1253,42.8968],[-73.1244,42.8959],[-73.1237,42.8964],[-73.1232,42.896],[-73.1222,42.8965]]],[[[-72.9671,43.1064],[-72.9667,43.1114],[-72.9678,43.1114],[-72.9685,43.1048],[-72.9673,43.1047],[-72.9671,43.1064]]],[[[-73.1297,42.8313],[-73.1305,42.8345],[-73.1332,42.8344],[-73.1322,42.8311],[-73.1297,42.8313]]],[[[-73.1332,42.8333],[-73.134,42.8362],[-73.1363,42.8363],[-73.136,42.8343],[-73.1371,42.8343],[-73.137,42.8331],[-73.1332,42.8333]]],[[[-73.0006,42.8855],[-73.0013,42.8875],[-73.0031,42.8877],[-73.0035,42.8824],[-73.0008,42.8823],[-73.0018,42.8827],[-73.0019,42.8839],[-73.0013,42.8848],[-73.0006,42.8848],[-73.0006,42.8855]]],[[[-73.0724,43.0836],[-73.0774,43.0839],[-73.0774,43.0816],[-73.0724,43.0815],[-73.0724,43.0836]]],[[[-73.0991,42.8579],[-73.099,42.859],[-73.1064,42.8591],[-73.1041,42.8573],[-73.1029,42.8572],[-73.1022,42.8565],[-73.0976,42.8544],[-73.0991,42.8579]]],[[[-73.0951,42.8075],[-73.0952,42.8027],[-73.0905,42.8029],[-73.0902,42.8074],[-73.0951,42.8075]]],[[[-73.1282,42.7756],[-73.1331,42.7757],[-73.1336,42.7708],[-73.1285,42.7706],[-73.1282,42.7756]]],[[[-73.0423,42.8367],[-73.0484,42.8369],[-73.0485,42.8326],[-73.0407,42.8323],[-73.0398,42.8351],[-73.0423,42.8353],[-73.0423,42.8367]]],[[[-72.9828,43.1834],[-72.9934,43.1834],[-72.9936,43.1802],[-72.983,43.1799],[-72.9828,43.1834]]],[[[-73.0914,42.789],[-73.0911,42.7932],[-73.0969,42.793],[-73.0972,42.787],[-73.0916,42.7866],[-73.0914,42.789]]],[[[-73.1288,42.8278],[-73.1289,42.8283],[-73.1299,42.8281],[-73.132,42.8264],[-73.1331,42.825],[-73.1329,42.8224],[-73.1323,42.8224],[-73.1318,42.8214],[-73.1305,42.8217],[-73.1297,42.8207],[-73.1281,42.8208],[-73.1244,42.8239],[-73.1243,42.8255],[-73.1273,42.8275],[-73.1282,42.827],[-73.1288,42.8278]]],[[[-72.9935,42.848],[-73.0007,42.8481],[-73.001,42.8419],[-72.9937,42.8417],[-72.9935,42.848]]],[[[-73.0622,43.077],[-73.0619,43.0832],[-73.067,43.0834],[-73.0676,43.0741],[-73.0624,43.0738],[-73.0622,43.077]]],[[[-73.0095,42.8921],[-73.0164,42.8922],[-73.0168,42.8838],[-73.01,42.8835],[-73.0095,42.8921]]],[[[-73.0401,43.0531],[-73.0506,43.0535],[-73.0509,43.0529],[-73.0533,43.0519],[-73.0536,43.0464],[-73.0468,43.0462],[-73.0466,43.049],[-73.0457,43.0489],[-73.0451,43.0494],[-73.044,43.0488],[-73.0425,43.05],[-73.0412,43.0494],[-73.0403,43.0498],[-73.0401,43.0531]]],[[[-73.0325,42.8916],[-73.0322,42.893],[-73.0331,42.8933],[-73.0328,42.8994],[-73.0406,42.8996],[-73.0407,42.8903],[-73.0488,42.8904],[-73.049,42.8858],[-73.0409,42.8857],[-73.0412,42.8812],[-73.0335,42.8809],[-73.0334,42.8889],[-73.0253,42.8867],[-73.0247,42.8958],[-73.0305,42.8959],[-73.0306,42.8936],[-73.0302,42.8919],[-73.0312,42.892],[-73.0316,42.8913],[-73.0325,42.8916]]],[[[-73.1195,42.9105],[-73.1201,42.911],[-73.1204,42.9125],[-73.121,42.9129],[-73.1206,42.9136],[-73.1213,42.9149],[-73.1213,42.9163],[-73.1218,42.9172],[-73.1241,42.9167],[-73.124,42.9089],[-73.1293,42.9085],[-73.134,42.9051],[-73.1348,42.8962],[-73.1366,42.8957],[-73.1367,42.8944],[-73.1371,42.8944],[-73.1386,42.8927],[-73.1385,42.896],[-73.1389,42.8951],[-73.1399,42.8944],[-73.1415,42.8909],[-73.1408,42.8902],[-73.1431,42.8881],[-73.1442,42.8876],[-73.1484,42.8873],[-73.1485,42.8852],[-73.1477,42.8848],[-73.148,42.8843],[-73.1477,42.8842],[-73.1449,42.8868],[-73.143,42.8872],[-73.1402,42.8891],[-73.1371,42.8922],[-73.1366,42.892],[-73.1359,42.8933],[-73.1329,42.8958],[-73.131,42.8963],[-73.1312,42.8952],[-73.1282,42.8956],[-73.1265,42.895],[-73.1253,42.8941],[-73.1245,42.8943],[-73.1274,42.8967],[-73.1227,42.8995],[-73.1206,42.9019],[-73.1218,42.9024],[-73.1215,42.9029],[-73.1199,42.9043],[-73.1197,42.9053],[-73.1178,42.9072],[-73.1093,42.9069],[-73.1091,42.9087],[-73.1186,42.9087],[-73.1179,42.9094],[-73.1184,42.9107],[-73.1195,42.9105]]],[[[-73.0563,42.8996],[-73.064,42.899],[-73.0641,42.8956],[-73.0704,42.8954],[-73.0704,42.8958],[-73.0711,42.8957],[-73.071,42.8954],[-73.0734,42.8939],[-73.0734,42.8943],[-73.0741,42.8943],[-73.0736,42.889],[-73.074,42.888],[-73.0737,42.8876],[-73.074,42.8874],[-73.0748,42.8884],[-73.0753,42.888],[-73.0761,42.8884],[-73.0763,42.8883],[-73.0757,42.8878],[-73.0772,42.8859],[-73.0789,42.8859],[-73.0789,42.8871],[-73.081,42.8872],[-73.0811,42.8911],[-73.0931,42.8912],[-73.0931,42.8886],[-73.095,42.8871],[-73.0951,42.8818],[-73.0832,42.8816],[-73.0836,42.8761],[-73.0869,42.8758],[-73.0882,42.8767],[-73.0912,42.8772],[-73.0885,42.8765],[-73.0861,42.8747],[-73.0841,42.8742],[-73.0832,42.8728],[-73.0816,42.8731],[-73.0817,42.8697],[-73.0784,42.8704],[-73.0773,42.873],[-73.0652,42.8729],[-73.0648,42.8814],[-73.0608,42.8813],[-73.0607,42.8905],[-73.062,42.8906],[-73.0615,42.891],[-73.0616,42.8914],[-73.0606,42.892],[-73.0598,42.8917],[-73.0577,42.8945],[-73.0586,42.8949],[-73.0573,42.8945],[-73.0564,42.8948],[-73.058,42.8952],[-73.0577,42.8953],[-73.059,42.8949],[-73.0567,42.8959],[-73.0563,42.8996]]]]}},{"type":"Feature","properties":{"name":"Bread Loaf","agency":"2000032000","type":"PZONE","access":"open","acres":1768,"owner":"PUB"},"geometry":{"type":"MultiPolygon","coordinates":[[[[-72.9125,43.989],[-72.912,43.9873],[-72.9147,43.9874],[-72.9156,43.9882],[-72.915,43.9888],[-72.9125,43.989]]],[[[-72.916,43.9443],[-72.914,43.9441],[-72.9109,43.9429],[-72.9112,43.9422],[-72.9141,43.9433],[-72.916,43.9434],[-72.9186,43.9444],[-72.9214,43.9466],[-72.9232,43.9471],[-72.9257,43.9514],[-72.9265,43.9521],[-72.9256,43.9539],[-72.9249,43.953],[-72.924,43.9505],[-72.9216,43.9472],[-72.916,43.9443]]],[[[-72.8535,44.061],[-72.856,44.0601],[-72.8586,44.0601],[-72.8626,44.0579],[-72.8667,44.0573],[-72.8682,44.0549],[-72.8698,44.0543],[-72.8706,44.0531],[-72.8748,44.0525],[-72.8749,44.049],[-72.8764,44.0474],[-72.8777,44.047],[-72.8793,44.0476],[-72.8808,44.0466],[-72.8821,44.047],[-72.8821,44.0477],[-72.8812,44.049],[-72.8795,44.0496],[-72.8779,44.0489],[-72.8772,44.0494],[-72.877,44.0526],[-72.8764,44.0538],[-72.8746,44.0548],[-72.8723,44.0543],[-72.8716,44.0555],[-72.8703,44.0561],[-72.8693,44.0577],[-72.8676,44.0591],[-72.8663,44.0584],[-72.863,44.0588],[-72.8601,44.0603],[-72.8598,44.0608],[-72.8565,44.0608],[-72.8542,44.0616],[-72.8535,44.061]]],[[[-72.9605,43.9427],[-72.9569,43.9433],[-72.9491,43.9411],[-72.9486,43.9393],[-72.947,43.9377],[-72.9464,43.9357],[-72.944,43.9333],[-72.9436,43.9301],[-72.9419,43.9282],[-72.9341,43.9276],[-72.9309,43.9288],[-72.9267,43.9291],[-72.9233,43.9288],[-72.9196,43.9295],[-72.9138,43.929],[-72.9139,43.9274],[-72.9198,43.9291],[-72.9216,43.9271],[-72.9221,43.9269],[-72.9302,43.927],[-72.9323,43.9259],[-72.9345,43.9255],[-72.9384,43.9261],[-72.9424,43.9261],[-72.9445,43.9274],[-72.9467,43.9303],[-72.9469,43.9331],[-72.9484,43.9341],[-72.949,43.9362],[-72.9503,43.9373],[-72.9514,43.94],[-72.9553,43.9406],[-72.9573,43.9414],[-72.9605,43.9408],[-72.9667,43.9432],[-72.9654,43.9451],[-72.9639,43.9439],[-72.9605,43.9427]]],[[[-72.9586,43.9942],[-72.9568,43.9947],[-72.956,43.9942],[-72.9578,43.993],[-72.9569,43.992],[-72.9569,43.991],[-72.9562,43.9905],[-72.9564,43.9899],[-72.9538,43.9893],[-72.9578,43.9864],[-72.9591,43.9836],[-72.9589,43.9825],[-72.9572,43.9802],[-72.9539,43.9788],[-72.9579,43.9776],[-72.9592,43.9762],[-72.9582,43.9731],[-72.9556,43.9723],[-72.957,43.9716],[-72.9564,43.9708],[-72.9591,43.9711],[-72.9618,43.9701],[-72.965,43.9698],[-72.9656,43.9693],[-72.9657,43.9678],[-72.9656,43.9674],[-72.9646,43.9668],[-72.9638,43.9675],[-72.9621,43.965],[-72.9595,43.9645],[-72.9617,43.9615],[-72.9617,43.9603],[-72.9592,43.9592],[-72.9576,43.9595],[-72.9599,43.958],[-72.9593,43.9573],[-72.9594,43.9569],[-72.9615,43.9557],[-72.9674,43.956],[-72.9673,43.9715],[-72.9648,43.9729],[-72.9636,43.9753],[-72.9639,43.9773],[-72.9624,43.9988],[-72.9612,43.9977],[-72.9607,43.9963],[-72.9597,43.9958],[-72.9586,43.9942]]],[[[-72.8555,44.0371],[-72.8708,44.0086],[-72.8816,44.0068],[-72.8903,44.0033],[-72.8913,44.0035],[-72.8942,44.0051],[-72.8912,44.0055],[-72.8918,44.0092],[-72.8933,44.0126],[-72.8938,44.0131],[-72.8915,44.0163],[-72.8898,44.0172],[-72.887,44.0194],[-72.8868,44.0187],[-72.8855,44.0174],[-72.885,44.0161],[-72.8814,44.0135],[-72.8797,44.0103],[-72.8722,44.0113],[-72.8725,44.0191],[-72.8748,44.0212],[-72.8756,44.0236],[-72.8774,44.0254],[-72.8735,44.0267],[-72.8684,44.0277],[-72.8649,44.0294],[-72.8626,44.0321],[-72.8618,44.0341],[-72.8612,44.0372],[-72.8555,44.0371]]]]}},{"type":"Feature","properties":{"name":"Heaton Woods","agency":"4000050000","type":"FEE_OWN","access":"limited (easement)","acres":3,"owner":"PRIV"},"geometry":{"type":"Polygon","coordinates":[[[-72.5662,44.261],[-72.5667,44.2602],[-72.5682,44.2609],[-72.5671,44.2616],[-72.5662,44.2614],[-72.5662,44.261]]]}},{"type":"Feature","properties":{"name":"Hubbard Park - Mcavoy Add-On","agency":"5002346000","type":"FEE_OWN","access":"limited (easement)","acres":9,"owner":"PRIV"},"geometry":{"type":"Polygon","coordinates":[[[-72.5755,44.2719],[-72.5758,44.2707],[-72.5787,44.2721],[-72.5779,44.2734],[-72.5755,44.2719]]]}},{"type":"Feature","properties":{"name":"Terrill Gorge Access","agency":"3000045100","type":"FEE_OWN","access":"open","acres":10,"owner":"PUB"},"geometry":{"type":"Polygon","coordinates":[[[-72.6204,44.5707],[-72.6189,44.5699],[-72.6183,44.5702],[-72.6176,44.5697],[-72.6182,44.5688],[-72.6198,44.5686],[-72.6211,44.5689],[-72.6204,44.5707]]]}},{"type":"Feature","properties":{"name":"Whitney Hill Homestead","agency":"5000784475","type":"FEE_OWN","access":"open","acres":5,"owner":"PUB"},"geometry":{"type":"Polygon","coordinates":[[[-73.0779,44.4372],[-73.0782,44.4367],[-73.0809,44.4371],[-73.0806,44.4376],[-73.0789,44.4376],[-73.0786,44.4381],[-73.0776,44.4378],[-73.0779,44.4372]]]}},{"type":"Feature","properties":{"name":"Bombardier Meadow","agency":"4000051800","type":"FEE_OWN","access":"limited (easement)","acres":10,"owner":"PRIV"},"geometry":{"type":"Polygon","coordinates":[[[-72.9413,44.381],[-72.939,44.3833],[-72.9377,44.3828],[-72.9392,44.3809],[-72.9413,44.381]]]}},{"type":"Feature","properties":{"name":"Pratt Property","agency":"4000050360","type":"FEE_OWN","access":"limited (easement)","acres":6,"owner":"PRIV"},"geometry":{"type":"Polygon","coordinates":[[[-72.4391,44.2721],[-72.4428,44.2734],[-72.4416,44.2737],[-72.438,44.2724],[-72.4391,44.2721]]]}},{"type":"Feature","properties":{"name":"North Branch Nature Center","agency":"4000059998","type":"FEE_OWN","access":"limited (easement)","acres":8,"owner":"PRIV"},"geometry":{"type":"Polygon","coordinates":[[[-72.5742,44.2834],[-72.5767,44.2854],[-72.5744,44.2853],[-72.5727,44.2835],[-72.5742,44.2834]]]}},{"type":"Feature","properties":{"name":"Moultroup/schultz Parcels","agency":"4000050720","type":"FEE_OWN","access":"limited (easement)","acres":11,"owner":"PRIV"},"geometry":{"type":"Polygon","coordinates":[[[-73.0007,44.3505],[-73.0013,44.3496],[-73.0051,44.3507],[-73.0049,44.351],[-73.0035,44.3509],[-73.0037,44.3518],[-73.0023,44.3518],[-73.0007,44.3505]]]}},{"type":"Feature","properties":{"name":"Moultroup/schultz Parcels","agency":"4000050720","type":"FEE_OWN","access":"limited (easement)","acres":14,"owner":"PRIV"},"geometry":{"type":"Polygon","coordinates":[[[-73.0008,44.3504],[-72.9967,44.3522],[-72.9963,44.3495],[-73.0008,44.3504]]]}},{"type":"Feature","properties":{"name":"Lareau Swimming Hole","agency":"5002375325","type":"FEE_OWN","access":"open","acres":8,"owner":"PUB"},"geometry":{"type":"Polygon","coordinates":[[[-72.8324,44.1733],[-72.8327,44.1733],[-72.8342,44.1768],[-72.834,44.1773],[-72.8326,44.1765],[-72.832,44.1743],[-72.8324,44.1733]]]}},{"type":"Feature","properties":{"name":"Vermont Housing Conservation Board Easement","agency":"4000050360","type":"FEE_OWN","access":"open","acres":11,"owner":"PUB"},"geometry":{"type":"Polygon","coordinates":[[[-72.4337,44.273],[-72.4311,44.2727],[-72.4311,44.2716],[-72.433,44.2714],[-72.4337,44.2701],[-72.4344,44.2704],[-72.4337,44.273]]]}},{"type":"Feature","properties":{"name":"Zeisburg/murray Parcels","agency":"3000045200","type":"FEE_OWN","access":"open","acres":17,"owner":"PUB"},"geometry":{"type":"Polygon","coordinates":[[[-72.7069,44.5572],[-72.7045,44.5605],[-72.703,44.56],[-72.7027,44.5595],[-72.7047,44.5568],[-72.7069,44.5572]]]}},{"type":"Feature","properties":{"name":"Willis Hill","agency":"4000051800","type":"FEE_OWN","access":"limited (easement)","acres":19,"owner":"PRIV"},"geometry":{"type":"Polygon","coordinates":[[[-72.9962,44.4134],[-72.997,44.4126],[-72.9974,44.4115],[-72.9979,44.4119],[-72.9988,44.4118],[-72.9994,44.4128],[-72.9988,44.415],[-72.997,44.4146],[-72.9954,44.4155],[-72.9951,44.4152],[-72.9962,44.4134]]]}},{"type":"Feature","properties":{"name":"Lafrenniere","agency":"3000045200","type":"FEE_OWN","access":"open","acres":30,"owner":"PUB"},"geometry":{"type":"Polygon","coordinates":[[[-72.9112,44.3726],[-72.9097,44.3745],[-72.907,44.3737],[-72.9066,44.3736],[-72.906,44.3706],[-72.91,44.3709],[-72.9112,44.3726]]]}},{"type":"Feature","properties":{"name":"Lyon Property","agency":"5000784475","type":"FEE_OWN","access":"open","acres":24,"owner":"PUB"},"geometry":{"type":"Polygon","coordinates":[[[-73.0782,44.4367],[-73.0779,44.4372],[-73.0758,44.4366],[-73.0751,44.4379],[-73.0714,44.4373],[-73.0718,44.4367],[-73.0713,44.4365],[-73.0723,44.435],[-73.0762,44.4357],[-73.0761,44.436],[-73.0782,44.4367]]]}},{"type":"Feature","properties":{"name":"Memorial Hall ","agency":"4000059998","type":"FEE_OWN","access":"limited (easement)","acres":4,"owner":"PRIV"},"geometry":{"type":"Polygon","coordinates":[[[-72.4461,44.3927],[-72.4444,44.3939],[-72.4445,44.3928],[-72.4453,44.3918],[-72.4447,44.3917],[-72.4448,44.3913],[-72.4442,44.3907],[-72.4449,44.3913],[-72.4448,44.3917],[-72.4453,44.3918],[-72.4452,44.3922],[-72.446,44.3925],[-72.4477,44.391],[-72.4461,44.3927]]]}},{"type":"Feature","properties":{"name":"North Branch Nature Center","agency":"4000059998","type":"FEE_OWN","access":"limited (easement)","acres":19,"owner":"PRIV"},"geometry":{"type":"Polygon","coordinates":[[[-72.5742,44.2834],[-72.5727,44.2835],[-72.5744,44.2853],[-72.5767,44.2854],[-72.5764,44.2861],[-72.5739,44.2872],[-72.5727,44.2867],[-72.573,44.2859],[-72.5723,44.2855],[-72.5713,44.2837],[-72.5742,44.2834]]]}},{"type":"Feature","properties":{"name":"Page Acquisition","agency":"3000045200","type":"FEE_OWN","access":"open","acres":27,"owner":"PUB"},"geometry":{"type":"Polygon","coordinates":[[[-72.2558,44.2576],[-72.2513,44.2569],[-72.2515,44.2545],[-72.2551,44.2552],[-72.2583,44.258],[-72.2558,44.2576]]]}},{"type":"Feature","properties":{"name":"Cranberry Meadow Wetland","agency":"5002385525","type":"FEE_OWN","access":"open","acres":29,"owner":"PUB"},"geometry":{"type":"Polygon","coordinates":[[[-72.4491,44.4149],[-72.4568,44.4178],[-72.4538,44.4192],[-72.4521,44.4185],[-72.45,44.4167],[-72.4491,44.4149]]]}},{"type":"Feature","properties":{"name":"Atkins Field - Cae","agency":"4000059998","type":"FEE_OWN","access":"limited (easement)","acres":15,"owner":"PRIV"},"geometry":{"type":"MultiPolygon","coordinates":[[[[-72.3751,44.5066],[-72.3748,44.5053],[-72.3764,44.5057],[-72.3759,44.5067],[-72.3763,44.5071],[-72.3758,44.5072],[-72.3751,44.5066]]],[[[-72.3725,44.5078],[-72.3716,44.5073],[-72.372,44.5071],[-72.3716,44.5068],[-72.3739,44.5054],[-72.3746,44.5042],[-72.3748,44.5065],[-72.3745,44.5075],[-72.3729,44.5074],[-72.3725,44.5078]]]]}},{"type":"Feature","properties":{"name":"Lake Lamoille Shoreline","agency":"4000050000","type":"FEE_OWN","access":"limited (easement)","acres":10,"owner":"PRIV"},"geometry":{"type":"Polygon","coordinates":[[[-72.6083,44.5658],[-72.6093,44.5663],[-72.609,44.5669],[-72.6084,44.5671],[-72.6089,44.5672],[-72.6085,44.5682],[-72.6095,44.5684],[-72.6099,44.5689],[-72.6106,44.5691],[-72.6117,44.5681],[-72.6118,44.5674],[-72.6125,44.5676],[-72.6118,44.5688],[-72.6107,44.5698],[-72.61,44.5698],[-72.6091,44.5687],[-72.6079,44.5684],[-72.6086,44.5663],[-72.6083,44.5658]]]}},{"type":"Feature","properties":{"name":"Martin Covered Bridge","agency":"5002343600","type":"FEE_OWN","access":"open","acres":12,"owner":"PUB"},"geometry":{"type":"Polygon","coordinates":[[[-72.4075,44.2877],[-72.4087,44.2873],[-72.4094,44.2855],[-72.4108,44.2858],[-72.4109,44.2851],[-72.4122,44.2862],[-72.4092,44.2873],[-72.4045,44.2898],[-72.404,44.2896],[-72.4053,44.2894],[-72.4063,44.2882],[-72.4075,44.2877]]]}},{"type":"Feature","properties":{"name":"Lewis Creek - Thompson Parcel","agency":"3000045100","type":"FEE_OWN","access":"open","acres":54,"owner":"PUB"},"geometry":{"type":"Polygon","coordinates":[[[-73.0373,44.2158],[-73.0423,44.2152],[-73.0431,44.2201],[-73.0383,44.2206],[-73.0373,44.2158]]]}},{"type":"Feature","properties":{"name":"Lake Lamoille Shoreline","agency":"4000050000","type":"FEE_OWN","access":"limited (easement)","acres":12,"owner":"PRIV"},"geometry":{"type":"Polygon","coordinates":[[[-72.6083,44.5658],[-72.6086,44.5663],[-72.608,44.5685],[-72.6091,44.5687],[-72.6099,44.5698],[-72.6105,44.5699],[-72.6118,44.5689],[-72.6125,44.5676],[-72.6128,44.5682],[-72.6121,44.5693],[-72.6104,44.5703],[-72.6096,44.5702],[-72.6087,44.569],[-72.607,44.5698],[-72.6079,44.5656],[-72.6083,44.5658]]]}},{"type":"Feature","properties":{"name":"Martin Covered Bridge","agency":"5002343600","type":"FEE_OWN","access":"open","acres":59,"owner":"PUB"},"geometry":{"type":"Polygon","coordinates":[[[-72.4037,44.2894],[-72.3974,44.2869],[-72.4035,44.2861],[-72.4073,44.2844],[-72.4078,44.285],[-72.4092,44.2855],[-72.4081,44.2876],[-72.4061,44.2881],[-72.405,44.2893],[-72.4037,44.2894]]]}},{"type":"Feature","properties":{"name":"Colchester Pond Natural Area","agency":"4000052315","type":"FEE_OWN","access":"open","acres":52,"owner":"PUB"},"geometry":{"type":"Polygon","coordinates":[[[-73.1076,44.5619],[-73.1051,44.5609],[-73.1107,44.5534],[-73.1132,44.5542],[-73.1076,44.5619]]]}},{"type":"Feature","properties":{"name":"Washington Town Park","agency":"5001776750","type":"FEE_OWN","access":"open","acres":58,"owner":"PUB"},"geometry":{"type":"Polygon","coordinates":[[[-72.4362,44.1166],[-72.4378,44.1164],[-72.4385,44.1139],[-72.4395,44.1142],[-72.4393,44.1148],[-72.4443,44.1165],[-72.443,44.12],[-72.4356,44.1174],[-72.4362,44.1166]]]}},{"type":"Feature","properties":{"name":"Gould Hill Road","agency":"5002346000","type":"FEE_OWN","access":"open","acres":51,"owner":"PUB"},"geometry":{"type":"Polygon","coordinates":[[[-72.569,44.2911],[-72.568,44.2915],[-72.5675,44.2923],[-72.5668,44.295],[-72.5664,44.2953],[-72.5662,44.2975],[-72.5618,44.2959],[-72.566,44.2901],[-72.569,44.2911]]]}},{"type":"Feature","properties":{"name":"Parker Rivershore Park","agency":"4000051800","type":"FEE_OWN","access":"limited (easement)","acres":24,"owner":"PRIV"},"geometry":{"type":"Polygon","coordinates":[[[-72.9726,44.394],[-72.9705,44.3928],[-72.9682,44.3927],[-72.9659,44.3908],[-72.9644,44.3902],[-72.962,44.39],[-72.9615,44.3892],[-72.9689,44.3911],[-72.972,44.3931],[-72.9741,44.3937],[-72.9736,44.3955],[-72.9726,44.394]]]}},{"type":"Feature","properties":{"name":"Green Crow Parcel","agency":"3000045200","type":"FEE_OWN","access":"open","acres":79,"owner":"PUB"},"geometry":{"type":"Polygon","coordinates":[[[-72.547,44.4575],[-72.5473,44.4556],[-72.5466,44.4522],[-72.5563,44.4574],[-72.5543,44.4601],[-72.547,44.4575]]]}},{"type":"Feature","properties":{"name":"Third Branch Headwaters","agency":"3000045200","type":"FEE_OWN","access":"open","acres":104,"owner":"PUB"},"geometry":{"type":"Polygon","coordinates":[[[-72.7316,44.0598],[-72.7347,44.0556],[-72.7425,44.0586],[-72.7427,44.061],[-72.7411,44.0632],[-72.7316,44.0598]]]}},{"type":"Feature","properties":{"name":"Latter Day Saints","agency":"5002346000","type":"FEE_OWN","access":"open","acres":150,"owner":"PUB"},"geometry":{"type":"Polygon","coordinates":[[[-72.5613,44.2875],[-72.5657,44.281],[-72.564,44.2803],[-72.5657,44.2786],[-72.5704,44.2792],[-72.572,44.2827],[-72.5719,44.2833],[-72.571,44.2835],[-72.5709,44.284],[-72.5726,44.286],[-72.5683,44.2866],[-72.5664,44.2894],[-72.5613,44.2875]]]}},{"type":"Feature","properties":{"name":"Lincoln Hill Property","agency":"3000045100","type":"FEE_OWN","access":"open","acres":128,"owner":"PUB"},"geometry":{"type":"Polygon","coordinates":[[[-73.0561,44.3162],[-73.0501,44.3113],[-73.0487,44.3108],[-73.047,44.3039],[-73.0529,44.3033],[-73.0561,44.3162]]]}},{"type":"Feature","properties":{"name":"Colchester Pond Natural Area","agency":"4000052315","type":"FEE_OWN","access":"open","acres":126,"owner":"PUB"},"geometry":{"type":"Polygon","coordinates":[[[-73.1026,44.5532],[-73.103,44.552],[-73.1026,44.5511],[-73.1014,44.5505],[-73.1011,44.55],[-73.1045,44.5457],[-73.111,44.5481],[-73.1069,44.5538],[-73.1099,44.5543],[-73.1084,44.5563],[-73.1036,44.5555],[-73.1046,44.5536],[-73.1026,44.5532]]]}},{"type":"Feature","properties":{"name":"Whiteside Property","agency":"4000052230","type":"FEE_OWN","access":"limited (easement)","acres":70,"owner":"PRIV"},"geometry":{"type":"MultiPolygon","coordinates":[[[[-72.5618,44.3491],[-72.5626,44.3493],[-72.5623,44.3498],[-72.5618,44.3491]]],[[[-72.5631,44.3521],[-72.5636,44.351],[-72.5644,44.3515],[-72.5657,44.3503],[-72.5657,44.3516],[-72.5651,44.3528],[-72.5631,44.3521]]],[[[-72.5618,44.3491],[-72.5636,44.3511],[-72.5631,44.3521],[-72.5643,44.3527],[-72.5638,44.3545],[-72.5646,44.3545],[-72.5649,44.3569],[-72.5634,44.3584],[-72.5618,44.3593],[-72.5596,44.3589],[-72.5624,44.3572],[-72.5596,44.3589],[-72.5609,44.3564],[-72.5604,44.3558],[-72.561,44.3541],[-72.5623,44.3537],[-72.5607,44.3521],[-72.5616,44.3511],[-72.5609,44.3508],[-72.5618,44.3491]]]]}},{"type":"Feature","properties":{"name":"Berlin Pond Watershed","agency":"3000045200","type":"FEE_OWN","access":"open","acres":143,"owner":"PUB"},"geometry":{"type":"Polygon","coordinates":[[[-72.6073,44.2064],[-72.6094,44.2025],[-72.6082,44.2023],[-72.6106,44.1979],[-72.614,44.1983],[-72.6158,44.1968],[-72.6188,44.1975],[-72.6142,44.2063],[-72.6103,44.2047],[-72.6098,44.2079],[-72.6069,44.2072],[-72.6073,44.2064]]]}},{"type":"Feature","properties":{"name":"Mud Pond Country Park","agency":"5000784475","type":"FEE_OWN","access":"open","acres":80,"owner":"PUB"},"geometry":{"type":"Polygon","coordinates":[[[-73.0695,44.4062],[-73.0683,44.4085],[-73.0707,44.4093],[-73.0693,44.4117],[-73.0725,44.4125],[-73.0718,44.4148],[-73.0704,44.4145],[-73.0699,44.4151],[-73.0655,44.4137],[-73.0671,44.4102],[-73.0662,44.41],[-73.0666,44.4087],[-73.0644,44.4085],[-73.0652,44.4055],[-73.0695,44.4062]],[[-73.0694,44.4147],[-73.07,44.4137],[-73.0686,44.4133],[-73.068,44.4143],[-73.0694,44.4147]]]}},{"type":"Feature","properties":{"name":"Hubbard Park Expansion","agency":"5002346000","type":"FEE_OWN","access":"open","acres":76,"owner":"PUB"},"geometry":{"type":"MultiPolygon","coordinates":[[[[-72.5843,44.2707],[-72.5839,44.2701],[-72.5871,44.2692],[-72.5866,44.2695],[-72.5875,44.2705],[-72.5862,44.2707],[-72.5866,44.271],[-72.5856,44.2735],[-72.5858,44.2742],[-72.5826,44.275],[-72.5811,44.2775],[-72.5798,44.2757],[-72.5824,44.2721],[-72.5843,44.2707]]],[[[-72.582,44.2787],[-72.5811,44.2775],[-72.5826,44.275],[-72.5842,44.2761],[-72.5858,44.2753],[-72.5867,44.2756],[-72.584,44.279],[-72.5833,44.2787],[-72.583,44.2791],[-72.582,44.2787]]]]}},{"type":"Feature","properties":{"name":"Page Acquisition","agency":"3000045200","type":"FEE_OWN","access":"open","acres":105,"owner":"PUB"},"geometry":{"type":"MultiPolygon","coordinates":[[[[-72.2515,44.2544],[-72.2498,44.2515],[-72.2521,44.252],[-72.2529,44.2511],[-72.2536,44.2509],[-72.2541,44.2512],[-72.2533,44.2529],[-72.2551,44.2552],[-72.2515,44.2544]]],[[[-72.2625,44.2665],[-72.2594,44.2659],[-72.2513,44.2569],[-72.2583,44.258],[-72.26,44.2617],[-72.2602,44.2634],[-72.2612,44.2638],[-72.261,44.2642],[-72.262,44.2659],[-72.2631,44.2664],[-72.2625,44.2665]]]]}},{"type":"Feature","properties":{"name":"Monitor Barns","agency":"4000051800","type":"FEE_OWN","access":"limited (easement)","acres":208,"owner":"PRIV"},"geometry":{"type":"Polygon","coordinates":[[[-72.9595,44.3984],[-72.959,44.3971],[-72.9595,44.3963],[-72.9611,44.3968],[-72.9607,44.3977],[-72.9627,44.3982],[-72.9631,44.3973],[-72.9658,44.3982],[-72.9656,44.4008],[-72.9646,44.4024],[-72.9609,44.4055],[-72.9584,44.4093],[-72.959,44.4112],[-72.9624,44.4129],[-72.9622,44.4147],[-72.956,44.4131],[-72.953,44.4118],[-72.954,44.4113],[-72.9553,44.4079],[-72.9547,44.4063],[-72.9593,44.4003],[-72.9597,44.3995],[-72.9591,44.3992],[-72.9595,44.3984]]]}},{"type":"Feature","properties":{"name":"Zeisburg/murray Parcels","agency":"3000045200","type":"FEE_OWN","access":"open","acres":287,"owner":"PUB"},"geometry":{"type":"Polygon","coordinates":[[[-72.6687,44.578],[-72.6714,44.574],[-72.6747,44.575],[-72.6761,44.5705],[-72.6748,44.5702],[-72.6767,44.5662],[-72.6753,44.5661],[-72.6755,44.5627],[-72.6788,44.5639],[-72.6801,44.5653],[-72.6808,44.5692],[-72.6826,44.5714],[-72.6851,44.573],[-72.6785,44.5814],[-72.6687,44.578]]]}},{"type":"Feature","properties":{"name":"Lafrenniere","agency":"3000045200","type":"FEE_OWN","access":"open","acres":389,"owner":"PUB"},"geometry":{"type":"Polygon","coordinates":[[[-72.9108,44.3777],[-72.9052,44.377],[-72.9007,44.375],[-72.9036,44.3701],[-72.9055,44.3706],[-72.9057,44.3696],[-72.9081,44.3679],[-72.9079,44.3658],[-72.9076,44.3657],[-72.9089,44.363],[-72.911,44.3614],[-72.9116,44.3624],[-72.9181,44.3642],[-72.9183,44.3639],[-72.9218,44.3645],[-72.9205,44.3688],[-72.918,44.3682],[-72.9133,44.3774],[-72.9108,44.3777]],[[-72.9063,44.3726],[-72.9059,44.3725],[-72.9057,44.3732],[-72.9061,44.3734],[-72.9063,44.3726]],[[-72.9035,44.3721],[-72.9028,44.3719],[-72.9026,44.3722],[-72.9033,44.3724],[-72.9035,44.3721]]]}},{"type":"Feature","properties":{"name":"Green Mountain Club","agency":"4000050705","type":"FEE_OWN","access":"open","acres":29,"owner":"PUB"},"geometry":{"type":"Polygon","coordinates":[[[-72.877,44.4332],[-72.8756,44.4328],[-72.8792,44.4286],[-72.8814,44.4295],[-72.8783,44.4337],[-72.877,44.4332]]]}},{"type":"Feature","properties":{"name":"Green Mountain Club","agency":"4000050705","type":"EASEMENT","access":"open","acres":521,"owner":"PUB"},"geometry":{"type":"Polygon","coordinates":[[[-72.9049,44.2597],[-72.8962,44.2772],[-72.8889,44.2747],[-72.8959,44.2608],[-72.8982,44.2595],[-72.9039,44.2466],[-72.9035,44.245],[-72.9071,44.2423],[-72.9101,44.2433],[-72.9066,44.2469],[-72.9097,44.248],[-72.9049,44.2597]]]}},{"type":"Feature","properties":{"name":"Green Mountain Club","agency":"4000050705","type":"FEE_OWN","access":"open","acres":114,"owner":"PUB"},"geometry":{"type":"Polygon","coordinates":[[[-72.8927,44.4251],[-72.8915,44.427],[-72.8855,44.4244],[-72.8842,44.4261],[-72.8842,44.4203],[-72.8871,44.4214],[-72.8907,44.4173],[-72.8922,44.4179],[-72.8917,44.4187],[-72.8931,44.4192],[-72.8921,44.4203],[-72.8918,44.4217],[-72.8931,44.4217],[-72.894,44.421],[-72.8955,44.4217],[-72.8972,44.4218],[-72.8972,44.422],[-72.8908,44.4227],[-72.8912,44.4242],[-72.8928,44.4237],[-72.8927,44.4251]]]}},{"type":"Feature","properties":{"name":"Green Mountain Club","agency":"4000050705","type":"EASEMENT","access":"open","acres":152,"owner":"PUB"},"geometry":{"type":"Polygon","coordinates":[[[-72.9278,44.1793],[-72.9269,44.1778],[-72.9272,44.1772],[-72.9279,44.1774],[-72.9277,44.1777],[-72.9286,44.1789],[-72.9298,44.1777],[-72.9297,44.1771],[-72.9282,44.1756],[-72.9278,44.1732],[-72.9277,44.1669],[-72.9282,44.1635],[-72.9309,44.1634],[-72.9305,44.1667],[-72.9305,44.1749],[-72.9321,44.1761],[-72.9325,44.1781],[-72.9299,44.1805],[-72.93,44.1825],[-72.9294,44.1841],[-72.9293,44.1872],[-72.9297,44.1883],[-72.9272,44.1882],[-72.927,44.1842],[-72.9278,44.1793]]]}},{"type":"Feature","properties":{"name":"Green Mountain Club","agency":"4000050705","type":"FEE_OWN","access":"open","acres":26,"owner":"PUB"},"geometry":{"type":"Polygon","coordinates":[[[-72.892,44.4128],[-72.8886,44.4165],[-72.886,44.4154],[-72.8876,44.4136],[-72.8903,44.4122],[-72.892,44.4128]]]}}]}