{"type":"FeatureCollection","properties":{"source":"Vermont Open Geodata Portal - VT Hydrography Dataset, cartographic extract lines (VCGI)","fetched":"2026-09-24","bbox":[-73.1,43.95,-72.2,44.6],"unmatched_streams":[],"matched":["Austin Brook","Bradley Brook","Bull Run","Chase Brook (Dog River)","Chase Brook (Fayston)","Clay Brook","Cox Brook","Crossett Brook","Dog River mainstem","Dowsville Brook","Dugar Brook","Felchner Brook","Folsom Brook","Freeman Brook","Great Brook (Plainfield)","Gunners Brook","Herrick Brook","High Bridge Brook","Jail Branch","Jones Brook","Kidders (Hooker) Brook","Lincoln Brook","Little River - West Branch","Mad River (above Warren Village)","Martins Brook","Mill Brook (Fayston)","Mills Brook","Molly's Brook (above Marshfield Dam)","Nasmith Brook","Pine Brook","Ranch Brook","Rice Brook","Robinson Brook","Shepard Brook","Slide Brook","Stetson Brook","Stevens Branch","Stony Brook (Roxbury)","Sunny Brook (Roxbury)","Thatcher Brook","Union Brook","Welder Brook","Winooski River (above Lower Cabot)"]},"features":[{"type":"Feature","properties":{"stream_id":"winooski-river-above-lower-cabot","stream":"Winooski River (above Lower Cabot)","name":"Winooski River","order":4,"role":"matched"},"geometry":{"type":"MultiLineString","coordinates":[[[-72.31516,44.45768],[-72.31491,44.45755],[-72.31465,44.45732],[-72.31448,44.4568]],[[-72.31418,44.4565],[-72.31412,44.45644],[-72.31397,44.45581],[-72.31364,44.45559],[-72.31352,44.45544],[-72.31332,44.45535],[-72.31325,44.45525],[-72.31305,44.45516]],[[-72.31237,44.45147],[-72.3117,44.45151],[-72.3112,44.45142],[-72.31102,44.4513],[-72.31091,44.45112],[-72.31088,44.45096],[-72.3109,44.45078],[-72.311,44.4507],[-72.31107,44.45053],[-72.31109,44.45017],[-72.31103,44.45011],[-72.311,44.44998],[-72.31087,44.44989],[-72.31088,44.44976],[-72.31064,44.44936],[-72.31063,44.44919],[-72.31055,44.44904],[-72.31057,44.44891],[-72.31035,44.44849],[-72.31018,44.44842],[-72.31011,44.4483],[-72.30984,44.44826]],[[-72.31249,44.45446],[-72.31233,44.45434],[-72.31232,44.45412],[-72.31228,44.45405],[-72.31218,44.45398],[-72.31176,44.45385],[-72.31173,44.45372],[-72.31164,44.45364],[-72.31178,44.45335],[-72.31201,44.45321],[-72.31201,44.45306],[-72.31227,44.45264],[-72.31227,44.45255],[-72.31242,44.4523],[-72.3123,44.45186],[-72.31237,44.45147]],[[-72.30984,44.44826],[-72.30997,44.44815],[-72.30998,44.44794],[-72.30991,44.4477],[-72.31013,44.4474],[-72.31013,44.44676],[-72.3103,44.44647],[-72.31085,44.4461],[-72.31119,44.44593],[-72.31154,44.44563],[-72.31165,44.4454],[-72.31192,44.44519],[-72.31224,44.44507],[-72.3126,44.44504],[-72.31312,44.44485],[-72.31401,44.44391],[-72.3141,44.44363],[-72.31432,44.44343],[-72.31451,44.44329],[-72.31501,44.4432],[-72.31618,44.44266],[-72.31744,44.44216],[-72.31907,44.44169]],[[-72.31907,44.44169],[-72.31906,44.44161],[-72.31917,44.44149],[-72.31916,44.44142],[-72.31912,44.44129],[-72.31896,44.44123],[-72.31898,44.4411],[-72.31918,44.44107],[-72.31918,44.44099],[-72.31912,44.4409],[-72.31914,44.44072]],[[-72.31837,44.42523],[-72.31828,44.42517],[-72.31809,44.42519],[-72.31786,44.42492],[-72.31787,44.42476],[-72.31779,44.42472],[-72.31767,44.42449],[-72.31752,44.4244],[-72.31732,44.42416],[-72.31714,44.4241],[-72.31714,44.42398],[-72.31724,44.42388],[-72.31721,44.42377],[-72.31727,44.42358],[-72.31728,44.42325],[-72.31693,44.42307],[-72.31693,44.42294],[-72.31686,44.42276],[-72.31669,44.42263],[-72.31675,44.42259],[-72.31674,44.4225],[-72.31649,44.42234],[-72.31632,44.42204],[-72.31635,44.4219],[-72.31625,44.42183]],[[-72.31914,44.44049],[-72.31907,44.44035],[-72.31893,44.44032],[-72.31887,44.44024],[-72.31886,44.44015],[-72.31893,44.44007],[-72.31876,44.43983],[-72.31837,44.4398],[-72.31822,44.43958],[-72.31812,44.43953],[-72.31801,44.43954],[-72.31799,44.43936],[-72.31789,44.43934],[-72.3178,44.43937],[-72.31771,44.43931],[-72.31772,44.4392],[-72.31764,44.43914],[-72.31767,44.43903],[-72.31758,44.43898],[-72.31765,44.4389],[-72.31761,44.43863],[-72.3177,44.43849],[-72.31763,44.43837],[-72.31755,44.43835],[-72.31748,44.43807],[-72.31737,44.43797],[-72.31736,44.43786],[-72.31741,44.43775],[-72.31723,44.43763],[-72.31709,44.43763],[-72.3171,44.43749],[-72.31702,44.43743],[-72.31726,44.43722],[-72.31756,44.43713],[-72.31764,44.437],[-72.31763,44.43687],[-72.31748,44.43674],[-72.31748,44.43663],[-72.31731,44.4366],[-72.3173,44.43653],[-72.3174,44.43643],[-72.3171,44.43634],[-72.31703,44.43616],[-72.31678,44.43608],[-72.31647,44.43585],[-72.31638,44.43571],[-72.31656,44.43557],[-72.31659,44.43544],[-72.31676,44.43544],[-72.31691,44.43534],[-72.317,44.43519],[-72.31696,44.435],[-72.31682,44.43491],[-72.31682,44.43476],[-72.31675,44.43464],[-72.31684,44.43441],[-72.3168,44.4342],[-72.31701,44.43405],[-72.31702,44.43388],[-72.31721,44.43382],[-72.31724,44.43371],[-72.31733,44.43364],[-72.31723,44.43353],[-72.31724,44.43339],[-72.31719,44.43331],[-72.31727,44.43302],[-72.3171,44.43275],[-72.31721,44.43249],[-72.31737,44.43227],[-72.31706,44.43222],[-72.31699,44.43211],[-72.31719,44.43199],[-72.31725,44.43187],[-72.31739,44.43176],[-72.3174,44.43162],[-72.31735,44.43153],[-72.31753,44.43147],[-72.31747,44.43136],[-72.31767,44.43122],[-72.31724,44.43097],[-72.31722,44.43086],[-72.31727,44.43064],[-72.31772,44.42987],[-72.31768,44.42933],[-72.3175,44.42902],[-72.31747,44.42883],[-72.31757,44.4285],[-72.31793,44.42808],[-72.31797,44.42791],[-72.318,44.42753],[-72.31797,44.4271],[-72.31778,44.42657],[-72.31785,44.42626],[-72.31784,44.42604],[-72.31812,44.42587],[-72.31849,44.42593],[-72.31864,44.42588],[-72.31853,44.42559],[-72.31842,44.4255],[-72.31837,44.42523]],[[-72.31342,44.41191],[-72.31345,44.41179],[-72.31313,44.41136],[-72.31278,44.41105],[-72.3124,44.41086],[-72.31237,44.41077],[-72.31242,44.41055],[-72.31237,44.41041],[-72.31227,44.41033]],[[-72.31625,44.42183],[-72.31605,44.42178],[-72.31604,44.42173],[-72.31605,44.42164],[-72.31622,44.42139],[-72.31624,44.42118],[-72.31614,44.42097],[-72.3159,44.42073],[-72.31588,44.42037],[-72.31594,44.42011],[-72.3157,44.41924],[-72.31568,44.41861],[-72.31551,44.41822]],[[-72.31551,44.41822],[-72.31565,44.41808],[-72.31567,44.41796],[-72.31557,44.41779],[-72.31556,44.41764],[-72.31557,44.41711],[-72.31559,44.41701],[-72.31569,44.41694],[-72.31565,44.41689],[-72.31531,44.41689],[-72.31509,44.41682],[-72.31487,44.41697],[-72.31459,44.41697],[-72.31439,44.41679],[-72.31381,44.41643],[-72.31344,44.41632],[-72.31335,44.41626],[-72.31333,44.41608],[-72.31301,44.41602],[-72.31298,44.41594],[-72.31298,44.4158],[-72.31291,44.41573],[-72.31293,44.41566],[-72.31305,44.41565],[-72.31308,44.41561],[-72.3131,44.41541],[-72.31326,44.41541],[-72.31345,44.41528],[-72.31343,44.41517],[-72.31324,44.41506],[-72.31329,44.41493],[-72.31325,44.41487],[-72.3131,44.41485],[-72.31302,44.41468],[-72.31309,44.4146],[-72.31349,44.4145],[-72.3135,44.41414],[-72.3132,44.41408],[-72.31298,44.414],[-72.31292,44.41393],[-72.31312,44.41383],[-72.31307,44.41372],[-72.31325,44.41346],[-72.31322,44.41328],[-72.31329,44.41307],[-72.31326,44.41296],[-72.3133,44.41269],[-72.31347,44.41235],[-72.31342,44.41191]],[[-72.31448,44.4568],[-72.31437,44.45667],[-72.31426,44.45665],[-72.31418,44.4565]],[[-72.31227,44.41033],[-72.31213,44.41025],[-72.31225,44.41014],[-72.31203,44.40995],[-72.31191,44.40991],[-72.31201,44.40973],[-72.31187,44.40966],[-72.31159,44.40964],[-72.31158,44.40943],[-72.31145,44.40931],[-72.31143,44.40923],[-72.31156,44.40914],[-72.31156,44.40909],[-72.31098,44.40874],[-72.31099,44.40869],[-72.3112,44.40865],[-72.31127,44.40854],[-72.31132,44.40842],[-72.31127,44.40825],[-72.31137,44.40811]],[[-72.3103,44.40767],[-72.31031,44.40752],[-72.3105,44.40729],[-72.31046,44.40689],[-72.31032,44.40666],[-72.31011,44.40661],[-72.30998,44.40649],[-72.31001,44.40632]],[[-72.31001,44.40632],[-72.31022,44.40631],[-72.31063,44.40637],[-72.3107,44.40622],[-72.31072,44.40598],[-72.3108,44.40586],[-72.31099,44.40582],[-72.31123,44.4059],[-72.31135,44.40582],[-72.31133,44.40571],[-72.31111,44.40563],[-72.31111,44.40559],[-72.31136,44.40551],[-72.31149,44.40524],[-72.31136,44.4052],[-72.3112,44.40532],[-72.31113,44.40531],[-72.31109,44.40513],[-72.31119,44.40501],[-72.31127,44.40455],[-72.31115,44.40446],[-72.31115,44.40427],[-72.31108,44.40406],[-72.31085,44.40386],[-72.31079,44.40373],[-72.31082,44.4036],[-72.311,44.40343],[-72.31113,44.40316],[-72.31136,44.40288],[-72.31157,44.40276]],[[-72.31305,44.45516],[-72.313,44.45509]],[[-72.31534,44.45787],[-72.31516,44.45768]],[[-72.31265,44.4546],[-72.31249,44.45446]],[[-72.313,44.45509],[-72.31294,44.45486],[-72.31265,44.4546]],[[-72.31914,44.44072],[-72.31919,44.44066],[-72.31914,44.44049]],[[-72.31063,44.40784],[-72.31059,44.40776],[-72.31038,44.40776],[-72.3103,44.40767]],[[-72.31137,44.40811],[-72.31133,44.40802],[-72.31118,44.40803],[-72.31109,44.40806],[-72.31093,44.4082],[-72.31067,44.40808],[-72.3106,44.40791],[-72.31063,44.40784]],[[-72.31157,44.40276],[-72.31181,44.40265],[-72.31196,44.40244],[-72.31204,44.40225],[-72.31235,44.40194],[-72.31256,44.40189],[-72.3128,44.4017],[-72.3131,44.40159],[-72.31381,44.40152],[-72.31435,44.401],[-72.31458,44.40097],[-72.31551,44.40113],[-72.31601,44.40104],[-72.31664,44.40106],[-72.31674,44.40098],[-72.31677,44.40087]]]}},{"type":"Feature","properties":{"stream_id":"molly-s-brook-above-marshfield-dam","stream":"Molly's Brook (above Marshfield Dam)","name":"Mollys Brook","order":4,"role":"matched"},"geometry":{"type":"MultiLineString","coordinates":[[[-72.25176,44.41088],[-72.25147,44.41094],[-72.25096,44.41094]],[[-72.25191,44.41072],[-72.25176,44.41088]],[[-72.25007,44.41085],[-72.24975,44.4109],[-72.24964,44.41088],[-72.24954,44.41074],[-72.24932,44.41074],[-72.24928,44.41068],[-72.24931,44.41049],[-72.24925,44.41043],[-72.24921,44.41027],[-72.24916,44.41025],[-72.24916,44.41014],[-72.24874,44.41008],[-72.24866,44.41004],[-72.24864,44.40991],[-72.24854,44.40982],[-72.248,44.40972]],[[-72.24787,44.40972],[-72.24769,44.40975],[-72.24742,44.40953],[-72.24711,44.40948],[-72.24702,44.40935],[-72.2468,44.40941],[-72.24664,44.40953],[-72.2465,44.40949]],[[-72.25379,44.40553],[-72.25441,44.40556],[-72.25463,44.40571],[-72.25464,44.4058],[-72.25455,44.40608],[-72.25432,44.40626],[-72.25423,44.40644],[-72.25412,44.40689],[-72.25393,44.40717],[-72.25369,44.40772],[-72.25355,44.40785],[-72.25338,44.40817],[-72.25338,44.40857],[-72.2533,44.40874],[-72.25331,44.40883],[-72.25307,44.40941],[-72.25301,44.40945],[-72.25279,44.41018],[-72.25252,44.4104],[-72.25203,44.41054]],[[-72.24632,44.40944],[-72.24572,44.40935],[-72.24537,44.40943],[-72.24501,44.40941],[-72.24457,44.40946],[-72.2445,44.40957],[-72.24432,44.40959],[-72.24409,44.40946],[-72.24385,44.40941],[-72.24339,44.40942],[-72.24294,44.40933],[-72.24221,44.40928],[-72.24208,44.40914],[-72.24198,44.40912],[-72.24198,44.40904],[-72.24186,44.40887],[-72.24182,44.40856],[-72.24178,44.4085],[-72.24149,44.40843],[-72.24143,44.40837],[-72.24132,44.40798],[-72.24113,44.40781],[-72.24108,44.40762],[-72.24094,44.40749],[-72.24095,44.40736],[-72.2408,44.40702],[-72.24049,44.40683],[-72.24034,44.40661],[-72.23997,44.40646],[-72.23955,44.40597],[-72.2395,44.40557],[-72.23941,44.40554],[-72.23929,44.40539],[-72.23913,44.40536],[-72.23884,44.40516],[-72.23873,44.405],[-72.23865,44.40501],[-72.23867,44.40512],[-72.23849,44.40507],[-72.23809,44.4048],[-72.23787,44.40456],[-72.23771,44.40447],[-72.23765,44.40437],[-72.23724,44.40414],[-72.23708,44.40396],[-72.237,44.40375],[-72.2369,44.40369],[-72.23689,44.40355],[-72.23679,44.40341],[-72.23683,44.40325],[-72.23674,44.40309],[-72.23673,44.40295],[-72.23643,44.40261],[-72.23638,44.40245],[-72.23627,44.40232],[-72.23626,44.40212],[-72.23632,44.40199],[-72.23631,44.40186],[-72.23614,44.40179],[-72.23612,44.4017],[-72.23601,44.40161],[-72.23582,44.40124],[-72.23561,44.40107],[-72.23561,44.40096],[-72.23544,44.40068],[-72.23543,44.40059],[-72.23555,44.40042],[-72.23555,44.40028],[-72.23543,44.40007],[-72.23539,44.39983],[-72.23517,44.39952],[-72.23517,44.39942],[-72.23526,44.39932],[-72.23517,44.3992],[-72.23513,44.39904],[-72.23513,44.39897],[-72.2352,44.39893],[-72.2352,44.39878],[-72.23483,44.39829],[-72.23485,44.3982],[-72.23474,44.39814],[-72.23475,44.39789],[-72.23469,44.39782],[-72.23461,44.39733],[-72.23451,44.39707]],[[-72.24159,44.38789],[-72.24174,44.38779],[-72.24215,44.38764],[-72.2429,44.38752],[-72.2436,44.38728],[-72.24394,44.38723],[-72.2444,44.38703],[-72.24519,44.38679],[-72.24579,44.38672],[-72.24732,44.38675],[-72.2478,44.38669],[-72.24803,44.3868],[-72.24858,44.38672],[-72.24884,44.38663],[-72.24939,44.38656],[-72.24961,44.38657],[-72.24978,44.38666],[-72.25022,44.38676],[-72.25132,44.38692],[-72.25217,44.38658],[-72.25373,44.38634],[-72.25441,44.38617]],[[-72.25441,44.38617],[-72.25517,44.38605],[-72.25575,44.38613],[-72.25603,44.38622]],[[-72.25603,44.38622],[-72.25669,44.38584],[-72.25718,44.38596],[-72.25727,44.38592],[-72.25737,44.38579],[-72.25757,44.38575],[-72.25759,44.38569],[-72.25747,44.38568],[-72.25762,44.38541],[-72.25759,44.38527],[-72.25777,44.38529],[-72.25773,44.38506],[-72.25783,44.38508],[-72.25784,44.38515],[-72.25797,44.38516],[-72.258,44.38502],[-72.25811,44.38496],[-72.25813,44.38488],[-72.25826,44.38483],[-72.25845,44.38485],[-72.2585,44.38477],[-72.25848,44.38472],[-72.25834,44.38472],[-72.25814,44.38456],[-72.25803,44.38455],[-72.25804,44.38449],[-72.25815,44.38442],[-72.25812,44.38436],[-72.25803,44.38439],[-72.25801,44.38432]],[[-72.25801,44.38432],[-72.25799,44.38421],[-72.25804,44.38416],[-72.25808,44.38424],[-72.25823,44.38432],[-72.25834,44.38426],[-72.25843,44.38431],[-72.25848,44.38415],[-72.25865,44.3841],[-72.25875,44.38413],[-72.25863,44.38418],[-72.25863,44.38426],[-72.25879,44.38419],[-72.25895,44.3842],[-72.25902,44.38409],[-72.25916,44.3841],[-72.2592,44.38406],[-72.25932,44.38413],[-72.25937,44.38397],[-72.25933,44.38386],[-72.25947,44.38389],[-72.25952,44.38386],[-72.25947,44.38379],[-72.25968,44.38379],[-72.25978,44.38374],[-72.2597,44.38365],[-72.25984,44.38361],[-72.25975,44.38349],[-72.25997,44.38344],[-72.26002,44.38337],[-72.26013,44.38339],[-72.26018,44.38333],[-72.26012,44.38322],[-72.26032,44.38314],[-72.26038,44.38307],[-72.26046,44.38309],[-72.26065,44.38298],[-72.26076,44.38273],[-72.26064,44.38244],[-72.26066,44.38227],[-72.26055,44.38219],[-72.26032,44.38212],[-72.26015,44.38199],[-72.26012,44.38191],[-72.26019,44.38161],[-72.26019,44.381],[-72.26033,44.38088],[-72.26035,44.38075],[-72.26028,44.38061],[-72.26029,44.38023],[-72.26057,44.3799],[-72.26073,44.3798],[-72.26079,44.37968],[-72.26091,44.37966],[-72.26139,44.3793],[-72.26141,44.37906],[-72.26168,44.37892],[-72.26198,44.37855],[-72.26214,44.37809],[-72.26221,44.37804],[-72.2621,44.37792],[-72.26212,44.37786],[-72.26221,44.3777],[-72.26233,44.37769],[-72.26235,44.37746],[-72.26249,44.37736],[-72.26242,44.37727],[-72.26249,44.37709]],[[-72.26563,44.37411],[-72.26604,44.37377],[-72.26623,44.3738],[-72.26656,44.37339],[-72.26668,44.37332],[-72.26663,44.37322],[-72.26645,44.37311]],[[-72.26645,44.37311],[-72.26663,44.37306],[-72.2673,44.37311],[-72.26739,44.37304],[-72.26737,44.37289],[-72.26768,44.37275],[-72.26779,44.37259],[-72.26821,44.37245],[-72.26848,44.37226],[-72.2691,44.37172],[-72.26909,44.37154],[-72.26921,44.37135],[-72.26955,44.37114],[-72.26998,44.37071],[-72.27003,44.37062],[-72.27003,44.37028],[-72.27022,44.37014],[-72.27065,44.37006],[-72.27065,44.37013],[-72.27057,44.3702],[-72.27063,44.37029],[-72.27078,44.37024],[-72.27103,44.37003],[-72.2711,44.37003],[-72.2712,44.37008],[-72.27125,44.37025],[-72.27129,44.37026],[-72.27156,44.3701],[-72.27161,44.37003],[-72.2718,44.37007],[-72.27193,44.37004],[-72.27226,44.36979],[-72.27241,44.36994]],[[-72.26319,44.3769],[-72.26337,44.3769],[-72.26354,44.37679],[-72.26367,44.37651],[-72.26368,44.37629],[-72.26377,44.3762],[-72.26387,44.3762],[-72.26395,44.37628],[-72.26413,44.37624],[-72.26431,44.37609],[-72.26424,44.376],[-72.26428,44.37593],[-72.26446,44.37582],[-72.26462,44.37586],[-72.26478,44.37582],[-72.2648,44.37573],[-72.26468,44.37562],[-72.26465,44.37547],[-72.26486,44.37534],[-72.26529,44.37525],[-72.26531,44.37517],[-72.26523,44.37508],[-72.26536,44.375],[-72.26537,44.37473],[-72.26555,44.37471],[-72.26561,44.37465],[-72.26548,44.37437],[-72.26566,44.37427],[-72.26563,44.37411]],[[-72.23451,44.39707],[-72.2343,44.39683],[-72.23428,44.39669],[-72.23445,44.39643],[-72.23575,44.3952],[-72.23758,44.39384],[-72.23808,44.39316],[-72.23859,44.39182],[-72.23912,44.39065],[-72.23987,44.38969],[-72.2402,44.38896],[-72.2403,44.38886]],[[-72.2403,44.38886],[-72.24044,44.38854],[-72.24077,44.38831],[-72.24124,44.3881],[-72.24159,44.38789]],[[-72.248,44.40972],[-72.24787,44.40972]],[[-72.26294,44.3769],[-72.26319,44.3769]],[[-72.26249,44.37709],[-72.2626,44.37699],[-72.26294,44.3769]],[[-72.25203,44.41054],[-72.25197,44.41056],[-72.25191,44.41072]],[[-72.25096,44.41094],[-72.25007,44.41085]],[[-72.2465,44.40949],[-72.24632,44.40944]]]}},{"type":"Feature","properties":{"stream_id":"kidders-hooker-brook","stream":"Kidders (Hooker) Brook","name":"Kidder Brook","order":1,"role":"matched"},"geometry":{"type":"MultiLineString","coordinates":[[[-72.22865,44.35805],[-72.22878,44.3578]],[[-72.24284,44.35801],[-72.24299,44.35807],[-72.24315,44.35822],[-72.24344,44.35839],[-72.24361,44.35837],[-72.2439,44.35854],[-72.24403,44.35855],[-72.24403,44.3586],[-72.24421,44.35871],[-72.24486,44.35894],[-72.24508,44.35888],[-72.24524,44.35874],[-72.24541,44.35869],[-72.24609,44.35867],[-72.2463,44.35856],[-72.24644,44.3584],[-72.24685,44.35834],[-72.24736,44.35835],[-72.24771,44.35849],[-72.24858,44.35855],[-72.2491,44.35869],[-72.25017,44.35887],[-72.25053,44.35906],[-72.25119,44.35953],[-72.25174,44.35958],[-72.25214,44.35981],[-72.25237,44.35987],[-72.25254,44.36002],[-72.25317,44.36036],[-72.25335,44.36054],[-72.25353,44.36062],[-72.25384,44.36091],[-72.25404,44.36103],[-72.25467,44.36123],[-72.25519,44.36149],[-72.2553,44.36146],[-72.25534,44.36136],[-72.25555,44.36132],[-72.25571,44.36131],[-72.25581,44.36141],[-72.25597,44.36143],[-72.25594,44.36197],[-72.25566,44.362],[-72.25565,44.3621],[-72.25578,44.36222],[-72.25586,44.36238],[-72.25608,44.36245],[-72.25617,44.36267],[-72.25645,44.3628],[-72.25665,44.36282],[-72.25683,44.36333],[-72.25669,44.36393],[-72.25671,44.36402],[-72.25683,44.36414],[-72.25687,44.36432],[-72.25718,44.36455],[-72.25718,44.36475],[-72.25741,44.36503],[-72.25764,44.3652],[-72.25793,44.36531],[-72.25802,44.36542],[-72.25796,44.36561],[-72.25798,44.36592],[-72.25787,44.36609],[-72.25802,44.36645],[-72.25799,44.36649],[-72.25806,44.36673],[-72.25809,44.36701],[-72.25804,44.36729],[-72.25815,44.36774],[-72.25813,44.36806],[-72.25819,44.36845],[-72.25844,44.36924],[-72.25845,44.36949],[-72.25862,44.36988],[-72.25864,44.37032],[-72.25876,44.37051],[-72.25887,44.37057],[-72.25893,44.37072],[-72.25916,44.37092],[-72.25923,44.37116],[-72.25915,44.37134],[-72.25899,44.37148],[-72.25891,44.372],[-72.25896,44.37219],[-72.25922,44.37264],[-72.25936,44.37275],[-72.25939,44.37288],[-72.2595,44.37295],[-72.25953,44.37304],[-72.25997,44.3732],[-72.2604,44.37364],[-72.26111,44.37394],[-72.2613,44.37414],[-72.2615,44.37418],[-72.26155,44.37413],[-72.26153,44.37405],[-72.26176,44.37399],[-72.26208,44.37411],[-72.2623,44.37411],[-72.26236,44.37422],[-72.26229,44.37428],[-72.26216,44.37428],[-72.26211,44.37436],[-72.26239,44.37452],[-72.26245,44.3745],[-72.26252,44.37437],[-72.26285,44.37445],[-72.2629,44.37442],[-72.26287,44.37429],[-72.26315,44.3743],[-72.26318,44.37423],[-72.26307,44.3741],[-72.26313,44.37406],[-72.26346,44.37421],[-72.2636,44.37422],[-72.26367,44.37405],[-72.2636,44.374],[-72.2635,44.374],[-72.26348,44.37393],[-72.26355,44.3739],[-72.26402,44.37399],[-72.26419,44.37385],[-72.26427,44.37386],[-72.26428,44.37398],[-72.26438,44.37409],[-72.26459,44.3742],[-72.26467,44.37416],[-72.2646,44.37407],[-72.26477,44.37405],[-72.26462,44.37394],[-72.26473,44.37388],[-72.26532,44.37394],[-72.2654,44.37397],[-72.26538,44.37402],[-72.26541,44.37407],[-72.26563,44.37411]],[[-72.22871,44.35742],[-72.22876,44.35723],[-72.22885,44.3571],[-72.22886,44.35671],[-72.22902,44.35641],[-72.22902,44.35602],[-72.22925,44.35575],[-72.22968,44.35571],[-72.22998,44.35578],[-72.22999,44.35573],[-72.23029,44.35591],[-72.23046,44.35584],[-72.23077,44.35592],[-72.23099,44.35593],[-72.2315,44.35591],[-72.23182,44.35573],[-72.23205,44.35577],[-72.23228,44.35587],[-72.23264,44.35571],[-72.23316,44.35579],[-72.23334,44.35578],[-72.23368,44.35586],[-72.23379,44.35596],[-72.23409,44.35605],[-72.23407,44.35615],[-72.23412,44.35617],[-72.23475,44.35613],[-72.2355,44.35629],[-72.23661,44.35696],[-72.23723,44.35716],[-72.23753,44.3572],[-72.23764,44.3573],[-72.23804,44.35749],[-72.23854,44.35757],[-72.23906,44.35744],[-72.23965,44.35743],[-72.24021,44.35758],[-72.24034,44.35767],[-72.24059,44.3577],[-72.2407,44.35769],[-72.24081,44.35758],[-72.24099,44.35753],[-72.24104,44.3574],[-72.2412,44.35737],[-72.24173,44.3575],[-72.24206,44.35767],[-72.24205,44.35778],[-72.2422,44.35776],[-72.24284,44.35801]],[[-72.22825,44.35822],[-72.22851,44.35816],[-72.22865,44.35805]],[[-72.22878,44.3578],[-72.22884,44.35773],[-72.22871,44.35742]]]}},{"type":"Feature","properties":{"stream_id":"nasmith-brook","stream":"Nasmith Brook","name":"Nasmith Brook","order":4,"role":"matched"},"geometry":{"type":"MultiLineString","coordinates":[[[-72.35651,44.26655],[-72.3568,44.26657],[-72.35682,44.2663],[-72.35709,44.26632],[-72.35744,44.26616],[-72.35812,44.26609],[-72.3588,44.26578],[-72.359,44.26576],[-72.35923,44.26596],[-72.35952,44.26601],[-72.35968,44.26594],[-72.35981,44.26573],[-72.36014,44.26555],[-72.36021,44.26554],[-72.36065,44.26565],[-72.36108,44.26556],[-72.3612,44.26543],[-72.36129,44.26519],[-72.36149,44.26498],[-72.36158,44.26482],[-72.3622,44.2645],[-72.36281,44.26447],[-72.36324,44.26438],[-72.36366,44.26439],[-72.36395,44.26452],[-72.36474,44.26468]],[[-72.34116,44.2343],[-72.34111,44.23465],[-72.341,44.23488],[-72.34086,44.23519],[-72.34052,44.2356],[-72.34021,44.23628],[-72.33992,44.23637],[-72.33984,44.23641],[-72.33979,44.23654],[-72.33948,44.23666],[-72.33902,44.23677],[-72.33873,44.23692],[-72.33827,44.23702],[-72.33766,44.23726],[-72.33744,44.23744],[-72.33728,44.23765],[-72.33722,44.23788],[-72.33724,44.23806],[-72.33718,44.23819],[-72.33704,44.23828],[-72.33683,44.23856],[-72.33678,44.23873],[-72.3366,44.2389],[-72.33631,44.23908],[-72.33605,44.23944],[-72.33589,44.23953],[-72.33561,44.23996],[-72.33538,44.24007],[-72.3349,44.24053],[-72.33468,44.24061],[-72.33453,44.24075],[-72.33433,44.24082],[-72.33436,44.24091],[-72.33425,44.24099],[-72.33433,44.24107],[-72.33422,44.24117],[-72.334,44.24129],[-72.33381,44.24128],[-72.33343,44.24139],[-72.33327,44.24153],[-72.33298,44.24166],[-72.33286,44.24181],[-72.33215,44.24189],[-72.33168,44.24209],[-72.33151,44.24234],[-72.33144,44.24263],[-72.33127,44.24277],[-72.33105,44.24313],[-72.33095,44.24319],[-72.33082,44.2434],[-72.33062,44.24358],[-72.33062,44.24367]],[[-72.32902,44.26002],[-72.32964,44.26078],[-72.33002,44.2611],[-72.33016,44.26116],[-72.33063,44.26194],[-72.33088,44.262],[-72.33166,44.26275],[-72.33176,44.26303],[-72.33202,44.26343],[-72.33228,44.26366],[-72.33245,44.26391],[-72.33276,44.26416],[-72.33323,44.26415],[-72.33361,44.26425],[-72.33439,44.26414],[-72.33461,44.26405],[-72.33557,44.26398],[-72.33586,44.2639],[-72.3363,44.26391],[-72.33698,44.26422],[-72.33753,44.2642],[-72.33823,44.2643],[-72.33856,44.26456],[-72.33929,44.26449],[-72.33941,44.26455],[-72.3398,44.26453],[-72.33996,44.26466],[-72.34022,44.26469],[-72.34045,44.26482],[-72.3408,44.26488],[-72.341,44.26485],[-72.34106,44.26489],[-72.34109,44.26507],[-72.34121,44.26516],[-72.34149,44.26517],[-72.34188,44.2651],[-72.34322,44.26471],[-72.34348,44.26484],[-72.34353,44.26516],[-72.34359,44.26525],[-72.3438,44.2653],[-72.34459,44.26508],[-72.34637,44.26504],[-72.34686,44.26522],[-72.3471,44.26522],[-72.34772,44.26542],[-72.34823,44.26543],[-72.34881,44.26539],[-72.34972,44.26508],[-72.35001,44.26506],[-72.3502,44.26515],[-72.35043,44.26517],[-72.35061,44.2651],[-72.35087,44.26513],[-72.35124,44.26534],[-72.35158,44.26542],[-72.35212,44.26526],[-72.35228,44.2651],[-72.35251,44.26501],[-72.35283,44.26515],[-72.35357,44.26521],[-72.3539,44.26557],[-72.3542,44.26569],[-72.35471,44.26575],[-72.355,44.26565],[-72.35542,44.26567],[-72.35554,44.26572],[-72.35552,44.26579],[-72.35557,44.26586],[-72.35586,44.2659],[-72.35588,44.26594],[-72.35582,44.26634],[-72.35588,44.26653],[-72.35631,44.26647],[-72.35651,44.26655]],[[-72.32588,44.25083],[-72.32585,44.251],[-72.3257,44.25115],[-72.32554,44.25125],[-72.3254,44.25126],[-72.32536,44.25135],[-72.32527,44.25138],[-72.32525,44.25149],[-72.32503,44.25156],[-72.32485,44.25167],[-72.32486,44.25178],[-72.32466,44.25194],[-72.32473,44.25244],[-72.32455,44.25267],[-72.32445,44.25291],[-72.32443,44.25307],[-72.32448,44.25323],[-72.32437,44.25357],[-72.32446,44.25437],[-72.32469,44.25476],[-72.32477,44.25511],[-72.32472,44.25529],[-72.32474,44.25545],[-72.3249,44.25569],[-72.32499,44.25609],[-72.32509,44.2563],[-72.32521,44.2564],[-72.32526,44.25657],[-72.32571,44.2569],[-72.32598,44.25722],[-72.32613,44.25797],[-72.32632,44.25818],[-72.32665,44.2584],[-72.32692,44.25848],[-72.32699,44.25864],[-72.32721,44.25868],[-72.32724,44.25875],[-72.32717,44.25891],[-72.32725,44.25914],[-72.3275,44.25926],[-72.32753,44.25937],[-72.32783,44.25952],[-72.32804,44.25989],[-72.32814,44.25997],[-72.32845,44.26004],[-72.32859,44.25999],[-72.32902,44.26002]],[[-72.3772,44.27746],[-72.37769,44.27774],[-72.37789,44.27791],[-72.378,44.27818],[-72.37794,44.27852],[-72.37838,44.27888],[-72.37836,44.27912],[-72.3782,44.27923],[-72.37787,44.27977]],[[-72.37321,44.27322],[-72.37325,44.27336],[-72.37361,44.27372],[-72.37366,44.27389],[-72.37369,44.27429],[-72.37358,44.27459],[-72.37363,44.27471],[-72.37378,44.27477],[-72.3742,44.27477],[-72.37486,44.27498],[-72.37624,44.27504]],[[-72.38011,44.29192],[-72.37987,44.29233],[-72.37981,44.29259],[-72.37986,44.29271],[-72.37998,44.29277],[-72.3803,44.29273],[-72.38089,44.29244],[-72.38162,44.29221],[-72.38176,44.29221],[-72.38186,44.29234],[-72.38184,44.29242],[-72.38169,44.29255],[-72.38167,44.29268],[-72.38182,44.2929],[-72.38254,44.29318],[-72.38285,44.29357],[-72.38315,44.29366],[-72.38345,44.29384],[-72.38359,44.29407],[-72.38395,44.29437],[-72.38422,44.29473],[-72.38432,44.29558],[-72.38446,44.29584],[-72.38456,44.29594],[-72.38475,44.29598],[-72.38532,44.29597],[-72.38553,44.29607],[-72.38567,44.29624],[-72.38575,44.29658],[-72.38596,44.29673],[-72.38637,44.29722],[-72.3866,44.29759],[-72.38699,44.29797],[-72.38715,44.29823],[-72.38756,44.29839],[-72.38767,44.29847],[-72.38772,44.29858],[-72.38779,44.29936],[-72.38762,44.29977]],[[-72.38065,44.28155],[-72.38101,44.28177],[-72.38108,44.28189],[-72.38106,44.28199],[-72.38098,44.28211],[-72.38046,44.28237],[-72.38005,44.28275],[-72.37989,44.28297],[-72.3799,44.28326],[-72.38019,44.28348],[-72.38031,44.28372],[-72.38025,44.28382],[-72.37986,44.28393],[-72.37968,44.28404],[-72.37974,44.28435],[-72.37972,44.2845],[-72.37938,44.28487],[-72.37945,44.28526],[-72.37936,44.28536],[-72.37932,44.28555],[-72.37953,44.28576],[-72.37972,44.28585],[-72.37988,44.28606],[-72.38014,44.28622],[-72.38026,44.28644],[-72.38022,44.28655],[-72.37975,44.2868],[-72.37974,44.28691],[-72.38003,44.28719],[-72.38047,44.28813],[-72.38036,44.2882],[-72.37991,44.28817],[-72.37958,44.2882],[-72.37945,44.28826],[-72.37937,44.28844],[-72.3795,44.28865],[-72.37967,44.28873],[-72.38025,44.2888],[-72.38076,44.28894],[-72.38139,44.2892],[-72.38154,44.2893],[-72.38161,44.28972],[-72.38152,44.2903],[-72.38143,44.29041],[-72.3813,44.29047],[-72.38089,44.29051],[-72.38064,44.2906],[-72.38048,44.29068],[-72.38033,44.29083],[-72.38026,44.29093],[-72.38025,44.29111],[-72.38032,44.29129],[-72.38034,44.29154],[-72.38011,44.29192]],[[-72.37624,44.27504],[-72.3767,44.2752],[-72.37696,44.27545],[-72.37691,44.27561],[-72.37667,44.27576],[-72.37646,44.27597],[-72.37635,44.27649],[-72.37641,44.27661],[-72.37675,44.27686],[-72.3772,44.27746]],[[-72.36474,44.26468],[-72.36517,44.26472],[-72.36585,44.26452],[-72.36611,44.26457],[-72.36622,44.26462],[-72.36623,44.26481],[-72.36613,44.26514],[-72.36614,44.26529],[-72.36625,44.26538],[-72.36667,44.26557],[-72.36695,44.26563],[-72.36725,44.26584],[-72.36728,44.26609],[-72.36724,44.26639],[-72.36735,44.26644],[-72.36761,44.26638],[-72.36861,44.2666],[-72.3691,44.26663],[-72.36951,44.26677],[-72.36963,44.26691],[-72.36954,44.26725],[-72.3696,44.26752],[-72.3697,44.26767],[-72.36976,44.2679],[-72.37109,44.26959],[-72.37133,44.26982],[-72.37174,44.2701],[-72.37184,44.27038],[-72.37214,44.27092],[-72.37217,44.27125],[-72.37212,44.27171],[-72.37203,44.27201],[-72.37224,44.27249],[-72.3723,44.27257],[-72.37244,44.27264],[-72.37288,44.27274],[-72.37301,44.27293],[-72.37304,44.2731],[-72.37312,44.27319],[-72.37321,44.27322]],[[-72.37787,44.27977],[-72.37785,44.28008],[-72.37797,44.28025],[-72.37858,44.28034],[-72.37909,44.28029],[-72.37945,44.28043],[-72.37986,44.28084],[-72.38022,44.28109],[-72.38054,44.28148],[-72.38065,44.28155]],[[-72.32595,44.24941],[-72.32607,44.25017],[-72.32589,44.25057],[-72.32588,44.25083]],[[-72.33062,44.24367],[-72.32927,44.24583]],[[-72.32927,44.24583],[-72.32687,44.24822],[-72.32595,44.24941]],[[-72.38762,44.29977],[-72.38756,44.29984],[-72.38758,44.30004],[-72.38785,44.30028],[-72.38802,44.30068],[-72.3882,44.30092],[-72.38826,44.301],[-72.38839,44.30104],[-72.38861,44.30102],[-72.38929,44.30079],[-72.38991,44.30049],[-72.39036,44.30047],[-72.39117,44.30053],[-72.39142,44.3006],[-72.39207,44.30095],[-72.39252,44.30101],[-72.39313,44.301],[-72.39376,44.30122],[-72.39418,44.30145],[-72.39502,44.3017],[-72.39532,44.30174],[-72.39571,44.30162],[-72.39577,44.30154],[-72.39572,44.30135],[-72.396,44.30122],[-72.39668,44.30104],[-72.39711,44.301]],[[-72.39711,44.301],[-72.39721,44.30099]]]}},{"type":"Feature","properties":{"stream_id":"great-brook-plainfield","stream":"Great Brook (Plainfield)","name":"Great Brook","order":3,"role":"matched"},"geometry":{"type":"MultiLineString","coordinates":[[[-72.348,44.21386],[-72.34801,44.21379],[-72.34814,44.21365],[-72.34836,44.21352],[-72.34875,44.21344],[-72.34885,44.21327],[-72.34911,44.21316],[-72.34914,44.2129],[-72.34923,44.21287]],[[-72.39955,44.21466],[-72.39964,44.21485],[-72.39961,44.21502],[-72.39943,44.21545],[-72.3995,44.21559],[-72.39952,44.2158],[-72.39944,44.21635],[-72.39937,44.21645],[-72.39907,44.21662],[-72.39905,44.21675],[-72.39941,44.21694],[-72.39981,44.2173],[-72.39981,44.21736],[-72.39966,44.21754],[-72.3996,44.21774],[-72.39988,44.21825],[-72.39983,44.21832],[-72.39959,44.2184],[-72.39955,44.21847],[-72.39971,44.21855],[-72.3998,44.2188],[-72.39995,44.21899],[-72.39998,44.21911],[-72.39987,44.21936],[-72.40024,44.21989],[-72.40013,44.22003],[-72.40013,44.22012],[-72.4004,44.22037],[-72.40048,44.22089],[-72.40038,44.221],[-72.39988,44.22111],[-72.39983,44.22118],[-72.39976,44.22163],[-72.39978,44.22175],[-72.40011,44.22238],[-72.40006,44.22253],[-72.40012,44.22267],[-72.4003,44.22286],[-72.40061,44.22334],[-72.40094,44.22367],[-72.40102,44.22389],[-72.40128,44.22426],[-72.40132,44.22437],[-72.40121,44.22456],[-72.4012,44.22476],[-72.40124,44.22488],[-72.40143,44.22506],[-72.40157,44.22541],[-72.4016,44.22556],[-72.40153,44.22582],[-72.40159,44.22603]],[[-72.39378,44.21585],[-72.39393,44.21593],[-72.39432,44.21591],[-72.3945,44.21582],[-72.39475,44.21561],[-72.39529,44.21546],[-72.39548,44.21536],[-72.39607,44.21497],[-72.39653,44.21497],[-72.39668,44.21508],[-72.39712,44.21513],[-72.39722,44.21507],[-72.39713,44.21499],[-72.39715,44.21495],[-72.39775,44.2148],[-72.39807,44.21452],[-72.39828,44.21442],[-72.39872,44.21437],[-72.39889,44.2144],[-72.39902,44.21452],[-72.39944,44.2146],[-72.39955,44.21466]],[[-72.3451,44.21404],[-72.34524,44.21418]],[[-72.36182,44.21062],[-72.36195,44.21079],[-72.36248,44.21092],[-72.36253,44.21109],[-72.36279,44.21147],[-72.3628,44.21162],[-72.36297,44.21198],[-72.36312,44.21218],[-72.36356,44.21243],[-72.36377,44.21279],[-72.36516,44.21406],[-72.36557,44.21417],[-72.36617,44.2146],[-72.36686,44.21489],[-72.36699,44.21489],[-72.36712,44.21477],[-72.36732,44.21478],[-72.36746,44.21498],[-72.36782,44.21504],[-72.36797,44.21514],[-72.36867,44.21535],[-72.36908,44.21558],[-72.36952,44.21574],[-72.36982,44.21572],[-72.36998,44.21586],[-72.36996,44.21604],[-72.37056,44.21634],[-72.37077,44.21637]],[[-72.37077,44.21637],[-72.37108,44.21641],[-72.37123,44.21655],[-72.37224,44.21703],[-72.37273,44.21704],[-72.37323,44.21676],[-72.37344,44.21669],[-72.37365,44.21674],[-72.37409,44.21704],[-72.37435,44.21703],[-72.37451,44.21713],[-72.37527,44.21709],[-72.37585,44.21717]],[[-72.34987,44.21263],[-72.35049,44.21243],[-72.35098,44.21201],[-72.35141,44.21184],[-72.35173,44.21183],[-72.35255,44.21192],[-72.3532,44.21168],[-72.35373,44.21156],[-72.35432,44.21128],[-72.3551,44.21116],[-72.35531,44.21096],[-72.35559,44.21089],[-72.35587,44.21075],[-72.35602,44.21062],[-72.3564,44.21055],[-72.35676,44.21053],[-72.35806,44.21008],[-72.35957,44.21006],[-72.36007,44.20994],[-72.36099,44.21019],[-72.36182,44.21062]],[[-72.37585,44.21717],[-72.37601,44.21719],[-72.37621,44.2173],[-72.37688,44.21718],[-72.37702,44.21726],[-72.37759,44.21737],[-72.37774,44.21744],[-72.37786,44.21743],[-72.37817,44.2172],[-72.37882,44.21706],[-72.37902,44.21688],[-72.37962,44.21666],[-72.37983,44.21648],[-72.38005,44.21637],[-72.38032,44.2164],[-72.38046,44.21637],[-72.38099,44.21596],[-72.38123,44.21587],[-72.38177,44.21573],[-72.3826,44.21562],[-72.3828,44.21552],[-72.38372,44.21551],[-72.38406,44.2156],[-72.38425,44.21571],[-72.38486,44.21561],[-72.38523,44.21572],[-72.38559,44.21576],[-72.38629,44.2162],[-72.38649,44.21623],[-72.38715,44.2162],[-72.3876,44.21612],[-72.38799,44.2159],[-72.38925,44.21571],[-72.38944,44.21575],[-72.3897,44.21611],[-72.38987,44.21617],[-72.39043,44.21603],[-72.39101,44.2161],[-72.3916,44.21582],[-72.39194,44.21573],[-72.39229,44.21576],[-72.39242,44.21591],[-72.39262,44.21597],[-72.39351,44.21581],[-72.39378,44.21585]],[[-72.34562,44.21437],[-72.34585,44.21446],[-72.346,44.21444],[-72.3461,44.21453],[-72.34622,44.21457]],[[-72.34656,44.21456],[-72.34703,44.21452],[-72.34734,44.21463],[-72.34778,44.21455],[-72.34787,44.21433],[-72.3478,44.2141],[-72.34789,44.21403]],[[-72.40769,44.24365],[-72.4078,44.24394],[-72.40841,44.24455],[-72.40853,44.24478],[-72.40852,44.2449],[-72.40834,44.24496],[-72.40789,44.24498],[-72.40776,44.24504],[-72.40748,44.24531],[-72.40735,44.24554],[-72.40742,44.24575]],[[-72.40742,44.24575],[-72.40777,44.24603],[-72.40789,44.24643],[-72.40824,44.24694],[-72.40823,44.24713],[-72.4081,44.24739],[-72.40815,44.24755],[-72.40833,44.2476],[-72.40867,44.24761],[-72.40893,44.24779],[-72.40888,44.24801],[-72.40877,44.24817],[-72.40823,44.24847],[-72.40812,44.24856],[-72.40806,44.24869],[-72.40809,44.24885],[-72.40852,44.24914],[-72.40851,44.24919],[-72.4084,44.24923],[-72.40807,44.24928],[-72.40804,44.24939],[-72.40807,44.24954],[-72.40844,44.25001],[-72.40882,44.25019],[-72.40882,44.25026],[-72.40857,44.25059],[-72.40855,44.25073],[-72.4086,44.25085],[-72.4092,44.25122],[-72.40929,44.25165],[-72.40928,44.25183],[-72.40936,44.25194],[-72.40991,44.25222],[-72.40993,44.25238],[-72.40988,44.25267],[-72.40994,44.25278],[-72.41022,44.25282],[-72.41058,44.25266],[-72.41072,44.25265],[-72.41093,44.25275],[-72.41092,44.25291],[-72.41064,44.25367],[-72.41039,44.25381],[-72.41009,44.25381]],[[-72.40789,44.23756],[-72.40793,44.23784]],[[-72.40159,44.22603],[-72.40177,44.22621],[-72.40229,44.22645],[-72.40242,44.22656],[-72.40261,44.22678],[-72.40271,44.22704],[-72.40287,44.22719],[-72.40306,44.22749],[-72.40374,44.22814],[-72.40431,44.22816],[-72.4048,44.22852],[-72.40495,44.22871],[-72.405,44.22888],[-72.40493,44.22901],[-72.4047,44.22924],[-72.40471,44.22942],[-72.40485,44.22954],[-72.40515,44.23003],[-72.40553,44.23036],[-72.40576,44.23047],[-72.40593,44.2305],[-72.40612,44.23045],[-72.40633,44.23055],[-72.40635,44.23066],[-72.40649,44.23089],[-72.40646,44.23105],[-72.40657,44.23144],[-72.40655,44.23153],[-72.40645,44.23168],[-72.40618,44.23179],[-72.40608,44.23192],[-72.40583,44.23213],[-72.40559,44.23221],[-72.4055,44.23219],[-72.40541,44.23226]],[[-72.40793,44.23784],[-72.40793,44.23823],[-72.40772,44.23866],[-72.40772,44.23877],[-72.4081,44.23909],[-72.40815,44.23922],[-72.40805,44.23936],[-72.40762,44.23956],[-72.40764,44.23967],[-72.40785,44.23989],[-72.40793,44.24032],[-72.40782,44.24111],[-72.40766,44.24174],[-72.4077,44.24218],[-72.40785,44.24243],[-72.4079,44.24263],[-72.4076,44.24276],[-72.40753,44.24287],[-72.40751,44.24335],[-72.40769,44.24365]],[[-72.40541,44.23226],[-72.4054,44.23233],[-72.40546,44.23241],[-72.40609,44.23282],[-72.40614,44.23289],[-72.40655,44.23298],[-72.4071,44.23282],[-72.40721,44.23283],[-72.40737,44.23291],[-72.40744,44.23303],[-72.40752,44.23325],[-72.40756,44.23359],[-72.40742,44.23381],[-72.4072,44.23403],[-72.40714,44.23413],[-72.40714,44.23427],[-72.40723,44.23443],[-72.40754,44.23447],[-72.40764,44.23453],[-72.40781,44.2348],[-72.40779,44.2351],[-72.40765,44.23544],[-72.40767,44.23573],[-72.40756,44.23591],[-72.40735,44.23607],[-72.40734,44.23613],[-72.40745,44.23642],[-72.40768,44.23655],[-72.4076,44.23692],[-72.40762,44.23706],[-72.40785,44.23739],[-72.40789,44.23756]],[[-72.42679,44.27741],[-72.42685,44.27754]],[[-72.41058,44.26115],[-72.41047,44.26131],[-72.41051,44.26149],[-72.41127,44.26179],[-72.41143,44.26196],[-72.41149,44.26212],[-72.41142,44.26243],[-72.41149,44.26261],[-72.41198,44.26324],[-72.41266,44.2644],[-72.41314,44.26482],[-72.41397,44.26522],[-72.41405,44.26531],[-72.41424,44.2656],[-72.41429,44.26618],[-72.41433,44.26627],[-72.41539,44.26669],[-72.41562,44.2669],[-72.41572,44.26708],[-72.41576,44.26749],[-72.41573,44.26775],[-72.41552,44.26855],[-72.41561,44.2691],[-72.41575,44.2693]],[[-72.41009,44.25381],[-72.40987,44.25395],[-72.40976,44.25409],[-72.40986,44.2544],[-72.40997,44.25455],[-72.40994,44.2547],[-72.40936,44.25508],[-72.40929,44.25527],[-72.40932,44.25544],[-72.40984,44.25559],[-72.41062,44.25557],[-72.41095,44.25586],[-72.41133,44.25606],[-72.41136,44.2562],[-72.4113,44.25637],[-72.41118,44.25646],[-72.41108,44.25672],[-72.41108,44.25699],[-72.41115,44.25724],[-72.4111,44.2574],[-72.41075,44.2576],[-72.41072,44.25773],[-72.41075,44.25781],[-72.4109,44.25789],[-72.41121,44.25792],[-72.41138,44.25802],[-72.41137,44.25813],[-72.41123,44.25834],[-72.41125,44.25881],[-72.41113,44.25923],[-72.41115,44.25959],[-72.41128,44.25984],[-72.41121,44.25999],[-72.41086,44.26017],[-72.41079,44.26037],[-72.41085,44.26086],[-72.41075,44.26108],[-72.41058,44.26115]],[[-72.34622,44.21457],[-72.34631,44.21461],[-72.34656,44.21456]],[[-72.34789,44.21403],[-72.348,44.21386]],[[-72.34923,44.21287],[-72.34938,44.21276],[-72.34987,44.21263]],[[-72.34524,44.21418],[-72.34539,44.21431],[-72.34562,44.21437]],[[-72.41575,44.2693],[-72.41584,44.26938],[-72.41607,44.26946],[-72.41639,44.26939],[-72.41673,44.26949],[-72.41705,44.2698],[-72.41785,44.27002],[-72.41854,44.27049],[-72.41866,44.27064],[-72.41862,44.2709],[-72.41867,44.27099],[-72.41893,44.27114],[-72.41901,44.2713],[-72.41899,44.2715],[-72.41871,44.27183],[-72.41877,44.27193],[-72.41903,44.27202],[-72.42014,44.27211],[-72.42051,44.27221],[-72.42064,44.27237],[-72.42076,44.27272],[-72.42091,44.27285],[-72.42149,44.27315],[-72.42166,44.27334],[-72.42175,44.27363],[-72.4217,44.27379],[-72.42159,44.27393],[-72.42158,44.27412],[-72.42169,44.2743],[-72.42221,44.27459],[-72.42258,44.27473],[-72.4232,44.27487],[-72.42339,44.27501],[-72.4235,44.27576],[-72.42358,44.27595],[-72.42382,44.2761],[-72.42411,44.2762],[-72.42459,44.27624],[-72.42541,44.27649],[-72.42643,44.27669],[-72.42668,44.27703],[-72.42679,44.27741]]]}},{"type":"Feature","properties":{"stream_id":"jones-brook","stream":"Jones Brook","name":"Jones Brook","order":4,"role":"matched"},"geometry":{"type":"MultiLineString","coordinates":[[[-72.67511,44.22977],[-72.67499,44.22967],[-72.6744,44.22947],[-72.67419,44.2293],[-72.67294,44.22894],[-72.67284,44.22886],[-72.67285,44.22864],[-72.67248,44.22827],[-72.67235,44.22822],[-72.67173,44.22825],[-72.67163,44.22834],[-72.67119,44.22852],[-72.67079,44.22852]],[[-72.653,44.25053],[-72.65272,44.25066],[-72.65233,44.25105],[-72.65171,44.25156],[-72.65124,44.25181],[-72.65087,44.25217],[-72.6503,44.25284],[-72.65017,44.2529],[-72.65007,44.25286],[-72.65003,44.2528],[-72.64975,44.25271],[-72.64957,44.25272],[-72.64948,44.2528],[-72.64947,44.25307],[-72.6486,44.2539],[-72.64824,44.25438],[-72.6479,44.25452],[-72.6475,44.25478],[-72.64609,44.25542],[-72.64562,44.25589],[-72.6455,44.25604],[-72.64549,44.25618],[-72.64551,44.25629],[-72.64564,44.25645],[-72.64587,44.25663],[-72.64619,44.25675],[-72.64621,44.25683],[-72.64615,44.257],[-72.64516,44.25737],[-72.64416,44.25739],[-72.64384,44.25751],[-72.64394,44.25798],[-72.64371,44.25822],[-72.64329,44.25825],[-72.64317,44.25832],[-72.64307,44.25851],[-72.64294,44.25919],[-72.64281,44.25947],[-72.64208,44.25991],[-72.64095,44.26043],[-72.64044,44.26091],[-72.64025,44.26128],[-72.64023,44.26154],[-72.64016,44.26172],[-72.63965,44.26209],[-72.63941,44.26258],[-72.63929,44.26293],[-72.63927,44.26323],[-72.63899,44.26378],[-72.6389,44.26411],[-72.63885,44.26478],[-72.63868,44.26529],[-72.63844,44.26561],[-72.63845,44.26574],[-72.63838,44.26594],[-72.63747,44.26743],[-72.63713,44.26789],[-72.63702,44.26855],[-72.63694,44.2687],[-72.63697,44.2688],[-72.63735,44.26877],[-72.63755,44.26886],[-72.63759,44.26893],[-72.63759,44.26953],[-72.63732,44.26991],[-72.63705,44.26994],[-72.6369,44.27004],[-72.6369,44.27012],[-72.637,44.27033],[-72.63721,44.27051],[-72.63729,44.27054],[-72.6376,44.27046],[-72.63775,44.27052],[-72.6378,44.2706],[-72.63773,44.27083],[-72.63781,44.27092],[-72.63804,44.27101],[-72.63808,44.2711],[-72.63795,44.27145]],[[-72.65607,44.24791],[-72.65606,44.248],[-72.65591,44.24819],[-72.65526,44.2486],[-72.65378,44.24968],[-72.65319,44.24994],[-72.65318,44.25032],[-72.65313,44.25044],[-72.653,44.25053]],[[-72.65796,44.24314],[-72.65786,44.24328],[-72.65787,44.24394],[-72.65782,44.24424],[-72.65771,44.24465],[-72.65744,44.24513],[-72.65735,44.24541],[-72.65739,44.24574],[-72.65718,44.2462],[-72.65722,44.24691],[-72.65718,44.24703],[-72.6561,44.24742],[-72.65597,44.2476],[-72.65597,44.24775],[-72.65607,44.24791]],[[-72.65753,44.2325],[-72.65723,44.23304],[-72.65689,44.23339],[-72.65684,44.23383],[-72.65689,44.23399],[-72.65705,44.23415],[-72.6574,44.23448],[-72.65764,44.23459],[-72.65773,44.2348],[-72.65771,44.23531],[-72.65742,44.23602],[-72.65776,44.23681],[-72.65795,44.23762],[-72.65806,44.23792],[-72.65817,44.23801],[-72.65821,44.23812],[-72.65817,44.23845],[-72.6582,44.23862],[-72.65835,44.23893],[-72.65853,44.23909],[-72.65888,44.23929],[-72.65892,44.23957],[-72.65885,44.24],[-72.65871,44.24008],[-72.65864,44.2402],[-72.6584,44.24039],[-72.65848,44.24058],[-72.65847,44.24085],[-72.65843,44.24094],[-72.6583,44.24097],[-72.65804,44.24151],[-72.65801,44.2421],[-72.65814,44.24267],[-72.65813,44.24277],[-72.65801,44.24286],[-72.65796,44.24314]],[[-72.67079,44.22852],[-72.67032,44.22857],[-72.66948,44.22843],[-72.66896,44.22839],[-72.66804,44.22864],[-72.66755,44.22853],[-72.66672,44.22846],[-72.66663,44.22842],[-72.66656,44.22827],[-72.66648,44.22822],[-72.66517,44.22806],[-72.6646,44.22814],[-72.66405,44.22815],[-72.66354,44.2281],[-72.66248,44.22814],[-72.66155,44.22838],[-72.6606,44.22857],[-72.66055,44.22863],[-72.66057,44.22888],[-72.66035,44.229],[-72.65995,44.2294],[-72.65998,44.22959],[-72.65991,44.22989],[-72.65931,44.23012],[-72.65899,44.23016],[-72.6586,44.23039],[-72.65825,44.23099],[-72.65815,44.23145],[-72.65776,44.23201],[-72.65753,44.2325]],[[-72.63795,44.27145],[-72.63788,44.27167]]]}},{"type":"Feature","properties":{"stream_id":"crossett-brook","stream":"Crossett Brook","name":"Crosset Brook","order":4,"role":"matched"},"geometry":{"type":"MultiLineString","coordinates":[[[-72.81088,44.32062],[-72.81016,44.32095],[-72.81002,44.32124],[-72.8098,44.32133],[-72.80983,44.32158],[-72.80974,44.32203],[-72.80943,44.32215]],[[-72.80943,44.32215],[-72.80902,44.32225],[-72.80871,44.32244],[-72.80845,44.32251],[-72.80755,44.3225],[-72.80682,44.32274],[-72.80613,44.32279],[-72.80545,44.32274],[-72.80477,44.32291],[-72.80425,44.32297],[-72.80388,44.32317],[-72.80339,44.32322],[-72.80315,44.32316],[-72.80302,44.32317],[-72.80273,44.3233],[-72.80247,44.32334],[-72.80231,44.32349],[-72.80182,44.32356],[-72.80166,44.32368],[-72.80132,44.32376],[-72.80108,44.32391],[-72.80085,44.32397],[-72.80066,44.32412],[-72.80011,44.32427],[-72.79993,44.32468],[-72.79997,44.32485],[-72.79972,44.32503],[-72.79953,44.32503],[-72.79924,44.32515],[-72.79914,44.32512],[-72.79895,44.32518],[-72.79844,44.32521]],[[-72.74977,44.31959],[-72.74937,44.32008],[-72.74937,44.32043],[-72.74946,44.3207],[-72.74945,44.32084],[-72.74907,44.32115],[-72.74857,44.32177],[-72.74862,44.32184],[-72.74876,44.32187],[-72.7488,44.32198],[-72.74879,44.32245],[-72.74867,44.32247],[-72.7486,44.32238],[-72.7485,44.32237],[-72.74847,44.3225],[-72.74787,44.32285],[-72.74789,44.32291],[-72.74798,44.32295],[-72.74797,44.32318],[-72.74804,44.32341],[-72.74818,44.32359],[-72.748,44.32438],[-72.74784,44.32467],[-72.74768,44.32479],[-72.74757,44.32477],[-72.74738,44.32461],[-72.74719,44.32465]],[[-72.79844,44.32521],[-72.798,44.32503],[-72.79766,44.32502],[-72.79711,44.32478],[-72.79691,44.32458],[-72.79662,44.32447],[-72.79636,44.32444],[-72.79602,44.32453],[-72.79561,44.32451],[-72.79538,44.32459],[-72.79505,44.3246],[-72.79478,44.32469],[-72.7944,44.3246],[-72.79423,44.32463],[-72.79401,44.3245],[-72.7935,44.32465],[-72.79337,44.32463],[-72.79302,44.32447],[-72.79284,44.32432],[-72.79281,44.32422],[-72.79272,44.32415],[-72.79184,44.3238],[-72.79147,44.32374],[-72.791,44.32378],[-72.79077,44.32391],[-72.79062,44.32404],[-72.7904,44.32464],[-72.79021,44.32481],[-72.79007,44.32488],[-72.7898,44.32488],[-72.78949,44.32498],[-72.78936,44.32509]],[[-72.75358,44.3197],[-72.75348,44.31948],[-72.75284,44.319],[-72.75181,44.31868],[-72.75079,44.31864],[-72.75048,44.31874],[-72.75036,44.31884],[-72.75008,44.31939],[-72.74984,44.31951],[-72.74977,44.31959]],[[-72.74719,44.32465],[-72.74685,44.32564],[-72.74692,44.32572],[-72.74693,44.32609],[-72.74703,44.32626],[-72.74704,44.32646],[-72.74697,44.32657],[-72.74703,44.32679],[-72.74687,44.32726],[-72.74695,44.32731],[-72.7472,44.32724],[-72.74732,44.32725],[-72.74749,44.32745],[-72.74749,44.32753],[-72.74745,44.3276],[-72.7471,44.32783],[-72.74707,44.32793],[-72.74683,44.3282],[-72.74662,44.32825]],[[-72.78936,44.32509],[-72.78923,44.32509],[-72.78905,44.325],[-72.78849,44.32487],[-72.78807,44.32483],[-72.78763,44.32458],[-72.78703,44.32459],[-72.78671,44.32433],[-72.7865,44.32433],[-72.78616,44.32424],[-72.78613,44.3241],[-72.786,44.32389],[-72.78597,44.3237],[-72.78583,44.32361],[-72.78575,44.32346],[-72.78554,44.32325],[-72.78541,44.32293],[-72.78515,44.32285],[-72.7847,44.32241],[-72.78433,44.32217],[-72.78422,44.32188],[-72.78414,44.32184],[-72.78405,44.32163],[-72.78381,44.32147],[-72.78357,44.3214],[-72.78331,44.32143],[-72.78312,44.32159],[-72.7829,44.32164],[-72.7824,44.32151],[-72.78186,44.32147],[-72.78137,44.32115]],[[-72.78137,44.32115],[-72.78078,44.32116],[-72.78028,44.32105],[-72.77957,44.321],[-72.77928,44.32093],[-72.77885,44.32061],[-72.77879,44.32047],[-72.77869,44.32039],[-72.77858,44.32005],[-72.77837,44.31996],[-72.77791,44.31991],[-72.77777,44.31963],[-72.77778,44.3194],[-72.7776,44.31925],[-72.77738,44.31922],[-72.77707,44.31926],[-72.77678,44.31916],[-72.77658,44.31902],[-72.7761,44.31898],[-72.77533,44.31928],[-72.77506,44.31931],[-72.77457,44.31929],[-72.77428,44.31913],[-72.77381,44.31867],[-72.77343,44.31846],[-72.77316,44.31837],[-72.77278,44.31833],[-72.77246,44.31849],[-72.77229,44.31882],[-72.77209,44.31895],[-72.77206,44.31904],[-72.77179,44.31921],[-72.77146,44.31927],[-72.77119,44.31925],[-72.77084,44.31911],[-72.77063,44.31908],[-72.77011,44.31923],[-72.7698,44.31897],[-72.7694,44.31884],[-72.76908,44.31886],[-72.76864,44.319],[-72.76842,44.31901],[-72.76793,44.31896],[-72.76718,44.31875],[-72.76698,44.31875],[-72.76648,44.31891],[-72.76631,44.31888],[-72.76619,44.31876],[-72.76585,44.31884],[-72.76526,44.31888],[-72.76486,44.31919],[-72.76452,44.31933],[-72.76431,44.31972],[-72.76414,44.31986],[-72.76318,44.31991],[-72.76295,44.32009],[-72.76278,44.32012],[-72.76254,44.32029],[-72.7622,44.32036],[-72.76198,44.32046],[-72.76175,44.32066],[-72.76134,44.32087],[-72.76105,44.32093],[-72.76054,44.32094],[-72.76041,44.3213],[-72.76016,44.32171],[-72.75971,44.32181],[-72.7594,44.32169],[-72.75903,44.3217],[-72.75863,44.32156],[-72.75832,44.32151],[-72.75798,44.32153],[-72.7571,44.32171],[-72.75683,44.32174],[-72.7566,44.3217],[-72.75652,44.32151],[-72.75637,44.32134],[-72.75637,44.321],[-72.75627,44.32098],[-72.75605,44.3211],[-72.75584,44.32113],[-72.75551,44.32109],[-72.75551,44.32086],[-72.75541,44.32074],[-72.75524,44.32066],[-72.75473,44.32055],[-72.75431,44.32039],[-72.75381,44.32028],[-72.75362,44.32001],[-72.75355,44.31979],[-72.75358,44.3197]],[[-72.74662,44.32825],[-72.74641,44.32832],[-72.74636,44.32845]]]}},{"type":"Feature","properties":{"stream_id":"thatcher-brook","stream":"Thatcher Brook","name":"Thatcher Brook","order":4,"role":"matched"},"geometry":{"type":"MultiLineString","coordinates":[[[-72.64369,44.42289],[-72.64388,44.4225],[-72.644,44.42197],[-72.64398,44.42185],[-72.64422,44.42171],[-72.64435,44.42152],[-72.64466,44.42134],[-72.64472,44.42124]],[[-72.68676,44.39912],[-72.68686,44.39878],[-72.68696,44.39861],[-72.68711,44.39854],[-72.68753,44.39858],[-72.68793,44.39853],[-72.68828,44.39825],[-72.68858,44.39768],[-72.68899,44.39727],[-72.68903,44.3971],[-72.68882,44.39645],[-72.68886,44.3964],[-72.68905,44.39627],[-72.68954,44.39616],[-72.69012,44.39625],[-72.69045,44.39625],[-72.69068,44.39619],[-72.6909,44.39582],[-72.69111,44.39559],[-72.6914,44.39544],[-72.69147,44.39508]],[[-72.69147,44.39508],[-72.69157,44.39489],[-72.6918,44.3948],[-72.69214,44.39476],[-72.69225,44.3947],[-72.69249,44.39446],[-72.69274,44.39437],[-72.69301,44.39437],[-72.69328,44.39451],[-72.69431,44.3947],[-72.69486,44.39464],[-72.69522,44.39447],[-72.69551,44.39417],[-72.69597,44.39386],[-72.6963,44.39371],[-72.69645,44.39371],[-72.69743,44.39394],[-72.69787,44.39392],[-72.69829,44.39381],[-72.69867,44.39351],[-72.69882,44.39332],[-72.69892,44.39327],[-72.69941,44.39329],[-72.70025,44.39353],[-72.70056,44.39354],[-72.70069,44.39345],[-72.7006,44.39304],[-72.70064,44.39294],[-72.70075,44.39291],[-72.70139,44.39313],[-72.70173,44.39314],[-72.70389,44.39297],[-72.70417,44.39283],[-72.70429,44.39272],[-72.70434,44.39258],[-72.7043,44.39239],[-72.70408,44.39215],[-72.70404,44.39205],[-72.70408,44.39192],[-72.70434,44.39178],[-72.70635,44.39171],[-72.70683,44.39175],[-72.70708,44.3917],[-72.70722,44.39154],[-72.70737,44.39103],[-72.70792,44.39061],[-72.70815,44.39029],[-72.7084,44.38922],[-72.70857,44.38878],[-72.709,44.38818],[-72.70896,44.38802],[-72.70875,44.38777],[-72.70874,44.38742],[-72.70861,44.38683],[-72.70865,44.38618],[-72.70823,44.38589],[-72.70826,44.38544],[-72.70783,44.38494],[-72.70728,44.3842],[-72.70721,44.38399],[-72.70718,44.38341]],[[-72.70707,44.38215],[-72.70689,44.38142],[-72.70704,44.38113],[-72.70724,44.38092]],[[-72.70724,44.38092],[-72.70753,44.38067],[-72.70757,44.38036],[-72.70789,44.37997],[-72.70801,44.37992],[-72.70813,44.37994],[-72.70821,44.38003],[-72.70838,44.38003],[-72.70869,44.37963],[-72.70881,44.37956],[-72.70895,44.37933],[-72.70897,44.37885],[-72.70903,44.37867],[-72.70903,44.37836],[-72.70852,44.37794],[-72.70836,44.37758],[-72.70842,44.37723],[-72.70831,44.37703],[-72.7083,44.37669],[-72.7084,44.37636],[-72.70835,44.37628],[-72.70833,44.37592],[-72.70848,44.3753],[-72.70868,44.3749],[-72.70888,44.37475],[-72.70908,44.37475],[-72.70929,44.37483],[-72.7094,44.37482],[-72.70981,44.37454],[-72.71008,44.37424],[-72.71074,44.37368],[-72.71082,44.37345],[-72.71084,44.3732],[-72.7109,44.37316]],[[-72.70718,44.38341],[-72.70719,44.38292],[-72.70713,44.38238],[-72.70707,44.38215]],[[-72.72398,44.35727],[-72.72411,44.3571],[-72.72407,44.35701],[-72.72399,44.35698],[-72.72395,44.3569],[-72.72395,44.35681],[-72.72417,44.35676],[-72.72422,44.35668],[-72.72417,44.3562],[-72.7242,44.35599],[-72.72434,44.35579],[-72.72457,44.35563],[-72.72463,44.35547],[-72.72473,44.35541],[-72.72481,44.3554],[-72.72535,44.35563],[-72.72563,44.35554],[-72.72597,44.35562],[-72.72606,44.3556],[-72.72625,44.35545],[-72.72673,44.35525],[-72.72713,44.35525],[-72.72765,44.35517],[-72.72781,44.35505],[-72.7279,44.35491],[-72.72804,44.35485],[-72.72814,44.35489],[-72.72842,44.35532],[-72.72865,44.35538],[-72.72913,44.35526],[-72.72937,44.35533]],[[-72.72221,44.36375],[-72.72279,44.36366],[-72.72304,44.36369],[-72.72339,44.36381],[-72.7235,44.3638],[-72.72367,44.36375],[-72.72393,44.36355],[-72.72362,44.36338],[-72.72361,44.36325],[-72.72363,44.36313],[-72.72376,44.36299],[-72.72372,44.36291],[-72.72374,44.36261],[-72.72383,44.36227],[-72.72405,44.36197],[-72.72417,44.36193],[-72.72427,44.36175],[-72.72428,44.36161],[-72.72414,44.36132],[-72.72416,44.36122],[-72.72427,44.36112],[-72.72429,44.3609],[-72.72424,44.36081],[-72.72407,44.36071],[-72.72334,44.36037],[-72.72323,44.36008],[-72.72324,44.35959],[-72.72317,44.35932],[-72.72321,44.35918],[-72.72336,44.35915],[-72.72387,44.3595],[-72.72402,44.35951],[-72.72432,44.35923],[-72.72431,44.35895],[-72.72453,44.35871],[-72.72464,44.35851],[-72.72464,44.35819],[-72.72454,44.35781],[-72.72447,44.35774],[-72.72434,44.35771],[-72.72417,44.35778],[-72.72401,44.35778],[-72.7238,44.35773],[-72.7237,44.35764],[-72.72369,44.35759],[-72.72389,44.35747],[-72.72398,44.35727]],[[-72.73739,44.35238],[-72.73815,44.35204],[-72.73823,44.35191],[-72.7382,44.35176],[-72.73824,44.35169],[-72.73862,44.35147],[-72.73884,44.35145],[-72.73908,44.35158],[-72.73931,44.35159],[-72.73976,44.35108],[-72.7403,44.35105],[-72.74038,44.35101],[-72.74061,44.35061]],[[-72.67904,44.40951],[-72.67918,44.40961],[-72.67944,44.40968],[-72.68038,44.4096],[-72.68109,44.40969],[-72.68138,44.40963],[-72.68152,44.40947],[-72.68169,44.40947],[-72.68182,44.40936],[-72.68244,44.40956],[-72.68272,44.40955]],[[-72.64472,44.42124],[-72.64499,44.42113],[-72.64513,44.42095],[-72.64533,44.42082],[-72.64535,44.42065],[-72.64541,44.42057],[-72.64568,44.42043],[-72.64614,44.42034],[-72.64683,44.42012],[-72.6477,44.42015],[-72.64786,44.4201],[-72.64879,44.4202],[-72.64924,44.42012],[-72.64965,44.41993],[-72.64997,44.41971],[-72.65028,44.41958],[-72.6506,44.41951],[-72.651,44.41926],[-72.65174,44.41897],[-72.65182,44.41889],[-72.65189,44.41869],[-72.65295,44.41792],[-72.65316,44.41766],[-72.6535,44.41749],[-72.65384,44.41715],[-72.65404,44.41701],[-72.65426,44.41675],[-72.65465,44.41652],[-72.65498,44.41619],[-72.65526,44.41607],[-72.65563,44.41574],[-72.65635,44.41522],[-72.65678,44.41505],[-72.65698,44.41476],[-72.65702,44.41461],[-72.65778,44.41383],[-72.65809,44.41366],[-72.65821,44.41345],[-72.65943,44.41271],[-72.66078,44.41226],[-72.66147,44.41223],[-72.66197,44.41213],[-72.66218,44.41205],[-72.66342,44.41207],[-72.66436,44.41199],[-72.66514,44.41175],[-72.66609,44.41114],[-72.66633,44.41107],[-72.66669,44.41086],[-72.66755,44.4106],[-72.66868,44.41046],[-72.66949,44.41063],[-72.6699,44.4108],[-72.67152,44.4106],[-72.67213,44.41079],[-72.67243,44.41077],[-72.67315,44.41044],[-72.67372,44.41047],[-72.67401,44.41042],[-72.67426,44.41027],[-72.67448,44.41025],[-72.67534,44.40969],[-72.67605,44.40971]],[[-72.7109,44.37316],[-72.71109,44.37302],[-72.7113,44.37264],[-72.71136,44.37261],[-72.71157,44.37257],[-72.71165,44.37259],[-72.71186,44.37275],[-72.71207,44.37274],[-72.7121,44.37257],[-72.71207,44.37244],[-72.71217,44.37215],[-72.71232,44.37191],[-72.71289,44.37143],[-72.71298,44.37119],[-72.7132,44.37098],[-72.71322,44.37069],[-72.71301,44.37043],[-72.71297,44.37022],[-72.713,44.37009],[-72.7131,44.36996],[-72.71336,44.36993],[-72.71351,44.37001],[-72.71411,44.36991],[-72.71483,44.3699],[-72.71496,44.36983],[-72.71509,44.36968],[-72.71532,44.36967],[-72.71539,44.36971],[-72.71546,44.36993],[-72.71528,44.37015],[-72.71524,44.37027],[-72.71527,44.3704],[-72.71551,44.37051],[-72.71578,44.37056],[-72.71602,44.37046],[-72.71633,44.37013],[-72.71716,44.36994],[-72.71719,44.36984],[-72.71707,44.36974],[-72.71707,44.36962],[-72.71746,44.36913],[-72.71751,44.369],[-72.71762,44.36893],[-72.71802,44.3688],[-72.71827,44.36881],[-72.71885,44.36903],[-72.71908,44.369],[-72.71921,44.36867],[-72.71918,44.36827],[-72.71929,44.36794],[-72.71925,44.36777],[-72.7193,44.36755],[-72.71945,44.36731],[-72.71944,44.36689],[-72.71936,44.36674],[-72.71936,44.36659],[-72.71958,44.36614],[-72.7197,44.366],[-72.71967,44.36573],[-72.71988,44.36533],[-72.71984,44.36521],[-72.71962,44.3651],[-72.71958,44.36499],[-72.71974,44.3648],[-72.71994,44.36464],[-72.72038,44.36454],[-72.72081,44.36429],[-72.72101,44.36395],[-72.7211,44.3639],[-72.72136,44.36386],[-72.72163,44.3639],[-72.72221,44.36375]],[[-72.73523,44.35553],[-72.73561,44.35516],[-72.73551,44.35508],[-72.73509,44.35505],[-72.73503,44.35498],[-72.73511,44.35476],[-72.73529,44.3545],[-72.73577,44.35435],[-72.7358,44.35427],[-72.7357,44.35419],[-72.73569,44.3541],[-72.73573,44.35389],[-72.73583,44.35386],[-72.73601,44.35392],[-72.73642,44.35379],[-72.73651,44.35372],[-72.73661,44.35322],[-72.73676,44.35315],[-72.73686,44.35301],[-72.73667,44.35274],[-72.73666,44.35249],[-72.7368,44.3524],[-72.73691,44.35243],[-72.73702,44.35256],[-72.73701,44.35272],[-72.73708,44.35275],[-72.7372,44.35271],[-72.73723,44.35249],[-72.73739,44.35238]],[[-72.67605,44.40971],[-72.67662,44.40974],[-72.67687,44.40964],[-72.67745,44.40962],[-72.67778,44.40949],[-72.67815,44.40954],[-72.6787,44.40948],[-72.67904,44.40951]],[[-72.68272,44.40955],[-72.68299,44.40951],[-72.68314,44.40931],[-72.68323,44.40908],[-72.68324,44.40883],[-72.68335,44.40877],[-72.68337,44.40859],[-72.6837,44.40819],[-72.6838,44.40774],[-72.6838,44.40762],[-72.68308,44.40677],[-72.68308,44.40667],[-72.68318,44.40653],[-72.68345,44.40644],[-72.68351,44.40637],[-72.68357,44.40615],[-72.68351,44.40604],[-72.6834,44.40605],[-72.68328,44.40595],[-72.68326,44.40587],[-72.68335,44.40568],[-72.68344,44.40559],[-72.68364,44.40521],[-72.68411,44.40455],[-72.68504,44.40348],[-72.68538,44.40335],[-72.68618,44.40292],[-72.68669,44.40248],[-72.68672,44.40223],[-72.68667,44.40193],[-72.68651,44.40148],[-72.68654,44.40112],[-72.68657,44.40106],[-72.68703,44.40091],[-72.68716,44.40067],[-72.68719,44.40052],[-72.68704,44.40003],[-72.68674,44.39949],[-72.6868,44.39926],[-72.68676,44.39912]],[[-72.72937,44.35533],[-72.72963,44.35535],[-72.72972,44.3554],[-72.7302,44.35593],[-72.73042,44.35611],[-72.73094,44.35622],[-72.73131,44.35611],[-72.73141,44.356],[-72.73152,44.35598],[-72.73163,44.35608],[-72.73158,44.3563],[-72.73202,44.35652],[-72.7321,44.35666],[-72.7323,44.35674],[-72.73251,44.3567],[-72.73263,44.35659],[-72.73273,44.35656],[-72.73302,44.35667],[-72.73329,44.35654],[-72.73346,44.35632],[-72.7335,44.35609],[-72.73346,44.35582],[-72.73358,44.35565],[-72.73381,44.35565],[-72.73477,44.35589],[-72.73499,44.3558],[-72.73516,44.35556],[-72.73523,44.35553]],[[-72.74061,44.35061],[-72.74067,44.35054]],[[-72.74067,44.35054],[-72.74119,44.35032],[-72.74145,44.35005],[-72.7419,44.34976],[-72.74213,44.34948],[-72.74219,44.34928],[-72.74252,44.34888],[-72.74254,44.34879],[-72.74237,44.34853],[-72.74231,44.34826],[-72.74191,44.34772],[-72.74162,44.34744],[-72.74122,44.34721],[-72.74085,44.34675],[-72.74053,44.34656],[-72.74049,44.34641],[-72.74103,44.3462],[-72.74109,44.34607],[-72.74142,44.34593],[-72.74176,44.34588],[-72.74189,44.34592],[-72.74198,44.34624],[-72.74246,44.34643],[-72.74273,44.34645],[-72.74287,44.34642],[-72.74292,44.34632],[-72.74294,44.34608],[-72.74304,44.34596],[-72.74346,44.34579],[-72.74412,44.34581],[-72.74427,44.34577],[-72.7445,44.3456]]]}},{"type":"Feature","properties":{"stream_id":"dugar-brook","stream":"Dugar Brook","name":"Dugar Brook","order":3,"role":"matched"},"geometry":{"type":"MultiLineString","coordinates":[[[-72.48981,44.42292],[-72.48985,44.42286],[-72.48985,44.42273],[-72.48975,44.42261],[-72.48985,44.42232],[-72.48968,44.42209],[-72.48964,44.42188],[-72.48955,44.42176],[-72.48963,44.42159],[-72.48962,44.42143],[-72.48957,44.42139]],[[-72.48406,44.4076],[-72.48375,44.4074],[-72.48368,44.40727],[-72.48368,44.40704],[-72.48359,44.40705],[-72.48338,44.40673],[-72.48355,44.40654],[-72.48369,44.40654],[-72.48374,44.40634],[-72.48382,44.40622],[-72.48381,44.40611],[-72.48345,44.40604],[-72.48345,44.40598],[-72.48356,44.40586],[-72.48372,44.40584],[-72.48373,44.40575],[-72.48382,44.40565],[-72.48371,44.40554],[-72.48338,44.40545],[-72.48329,44.40524],[-72.48299,44.40512],[-72.48293,44.40503],[-72.48283,44.405],[-72.48272,44.40507],[-72.48249,44.40506],[-72.4823,44.40484],[-72.48216,44.40477]],[[-72.47238,44.39963],[-72.47231,44.39955],[-72.47216,44.39952],[-72.47215,44.39943],[-72.47244,44.39927],[-72.47245,44.39923],[-72.47244,44.39917],[-72.47226,44.39912],[-72.47228,44.39895],[-72.47207,44.39887],[-72.4721,44.39882],[-72.47226,44.39882],[-72.47231,44.39874],[-72.47204,44.39856],[-72.47211,44.39841],[-72.47206,44.39821],[-72.47179,44.39813],[-72.47183,44.39801],[-72.47174,44.39789],[-72.47189,44.39787],[-72.47188,44.39777],[-72.47177,44.3977],[-72.47167,44.39752],[-72.47133,44.39726],[-72.47136,44.39717],[-72.47123,44.39708],[-72.4712,44.39682],[-72.47114,44.39677],[-72.47091,44.39677],[-72.47087,44.39672],[-72.47073,44.39675],[-72.47055,44.39657]],[[-72.46418,44.39369],[-72.46399,44.39363],[-72.46351,44.39327]],[[-72.46351,44.39327],[-72.46338,44.39308],[-72.46333,44.39284],[-72.46353,44.39223],[-72.46428,44.39073],[-72.46438,44.39043],[-72.46438,44.38998],[-72.46445,44.38988],[-72.46446,44.38971],[-72.46419,44.3897],[-72.46413,44.38956],[-72.46417,44.38943],[-72.46416,44.38919],[-72.46397,44.38901],[-72.46369,44.38889],[-72.46332,44.38858],[-72.46334,44.38848],[-72.46322,44.38833],[-72.46325,44.38826]],[[-72.48957,44.42139],[-72.48961,44.42128],[-72.48957,44.42113],[-72.48973,44.42106],[-72.48987,44.4208],[-72.48984,44.42052],[-72.48998,44.42039],[-72.49002,44.42031],[-72.48999,44.42013],[-72.49012,44.41997]],[[-72.48945,44.41508],[-72.48895,44.41484],[-72.48883,44.41473],[-72.48832,44.41442],[-72.48825,44.4143],[-72.48826,44.41422],[-72.48818,44.41411],[-72.48786,44.41396],[-72.48781,44.41375]],[[-72.49003,44.41965],[-72.49009,44.41922],[-72.49016,44.41909],[-72.49008,44.41887],[-72.49019,44.41865],[-72.49033,44.41808],[-72.49008,44.41778],[-72.48995,44.41729],[-72.48986,44.41731],[-72.48983,44.41739],[-72.48977,44.4174],[-72.48971,44.41735],[-72.48971,44.41709],[-72.48979,44.41692],[-72.48982,44.4166],[-72.48973,44.41613],[-72.48961,44.41594],[-72.48959,44.41555],[-72.4895,44.4154],[-72.48951,44.41519],[-72.48945,44.41508]],[[-72.48723,44.41298],[-72.48715,44.41284],[-72.48722,44.41241],[-72.48721,44.41227],[-72.48704,44.41197],[-72.48641,44.41158],[-72.48652,44.41118],[-72.48636,44.4111],[-72.48581,44.41108],[-72.48551,44.41091],[-72.48535,44.41074],[-72.48488,44.41003],[-72.48468,44.40932],[-72.48458,44.40916],[-72.48457,44.40899],[-72.48447,44.40883],[-72.48431,44.40877],[-72.48427,44.40864],[-72.48419,44.40862],[-72.48393,44.40805]],[[-72.48216,44.40477],[-72.48178,44.40474],[-72.48146,44.40483],[-72.48132,44.40496],[-72.48133,44.40528],[-72.48068,44.40557],[-72.48035,44.40581],[-72.48036,44.40623],[-72.48021,44.40634],[-72.4799,44.40634],[-72.47927,44.40646],[-72.47887,44.40636],[-72.47836,44.40611],[-72.47799,44.40617],[-72.47785,44.40613]],[[-72.47785,44.40613],[-72.47782,44.40619],[-72.47771,44.40623],[-72.47775,44.40628],[-72.47767,44.40646],[-72.47736,44.40665],[-72.47656,44.40698],[-72.47629,44.40704],[-72.47611,44.40701],[-72.47508,44.40658],[-72.47479,44.40652]],[[-72.47479,44.40652],[-72.4747,44.40642],[-72.47468,44.40626],[-72.47505,44.40601],[-72.47519,44.40573],[-72.47509,44.40545],[-72.47496,44.40526],[-72.47469,44.40507],[-72.47443,44.40471],[-72.47448,44.40453],[-72.47465,44.40432],[-72.47462,44.40404],[-72.47454,44.40393],[-72.47442,44.40392],[-72.47421,44.40402],[-72.47413,44.40401],[-72.47399,44.40387],[-72.4737,44.40372],[-72.47333,44.4037],[-72.47316,44.40378],[-72.47274,44.40417],[-72.47248,44.4047],[-72.47227,44.40476],[-72.47219,44.40476],[-72.47213,44.40471],[-72.47208,44.40449],[-72.472,44.40436],[-72.47203,44.40428],[-72.47195,44.40401],[-72.47203,44.40386],[-72.47192,44.40368],[-72.4718,44.40305],[-72.47181,44.40251],[-72.47171,44.40238],[-72.47165,44.40197],[-72.47169,44.40172],[-72.4718,44.40167],[-72.47187,44.40157],[-72.4718,44.40147],[-72.47149,44.40143],[-72.47146,44.40133],[-72.47148,44.40126],[-72.47191,44.40097],[-72.47202,44.40071],[-72.47223,44.40063],[-72.4724,44.40062],[-72.47245,44.40045],[-72.47244,44.40022],[-72.47228,44.39984],[-72.47243,44.39968],[-72.47238,44.39963]],[[-72.46984,44.39579],[-72.46945,44.3954],[-72.46924,44.39499],[-72.46854,44.39452],[-72.46841,44.39417],[-72.46802,44.39384],[-72.46794,44.39355],[-72.46772,44.39341],[-72.46701,44.39323],[-72.46633,44.39313],[-72.46597,44.39293],[-72.46572,44.3929],[-72.4656,44.39292],[-72.46549,44.39302],[-72.46555,44.39337],[-72.46526,44.39342],[-72.46511,44.39333],[-72.46473,44.39332],[-72.46466,44.39353],[-72.46444,44.39355],[-72.4643,44.39373],[-72.46418,44.39369]],[[-72.46325,44.38826],[-72.46338,44.38818],[-72.46338,44.38811],[-72.46332,44.38808],[-72.46331,44.388],[-72.46315,44.38801],[-72.46306,44.38797],[-72.46311,44.38758],[-72.46302,44.38757],[-72.4629,44.38765],[-72.46284,44.38761],[-72.46295,44.38744],[-72.46296,44.38726],[-72.46331,44.38715],[-72.46358,44.38689],[-72.46359,44.38685],[-72.46347,44.38675],[-72.46372,44.38648],[-72.46386,44.38643],[-72.46406,44.38628],[-72.46408,44.38612],[-72.46399,44.38597],[-72.46411,44.38589],[-72.46418,44.38576],[-72.46435,44.38571],[-72.4642,44.38563],[-72.46418,44.38551],[-72.4642,44.38542],[-72.46429,44.38535],[-72.46436,44.38509],[-72.46413,44.38508],[-72.46404,44.38501],[-72.46406,44.38491],[-72.4642,44.38477],[-72.46413,44.38456],[-72.46417,44.38433],[-72.46403,44.38434],[-72.46398,44.38429],[-72.46417,44.38419],[-72.46413,44.38409],[-72.46402,44.38403],[-72.46399,44.38384],[-72.46405,44.38374],[-72.46403,44.38354],[-72.46356,44.3829],[-72.46344,44.38285],[-72.46316,44.38285],[-72.46313,44.38272],[-72.46283,44.3826],[-72.46288,44.38253],[-72.46286,44.38248],[-72.46268,44.38247],[-72.46254,44.38253],[-72.46245,44.38244],[-72.46227,44.38238],[-72.46215,44.38221],[-72.46223,44.38203],[-72.46198,44.38196],[-72.46184,44.38187],[-72.46182,44.38179]],[[-72.46182,44.38179],[-72.46184,44.38172],[-72.46192,44.38166],[-72.46182,44.38148],[-72.46171,44.38147],[-72.46124,44.38161],[-72.46103,44.38151],[-72.46101,44.38145],[-72.46114,44.38136],[-72.46101,44.3812],[-72.46102,44.38112],[-72.4612,44.38103],[-72.46125,44.38092],[-72.46138,44.38088],[-72.46136,44.38082],[-72.46117,44.38075],[-72.46115,44.38069],[-72.46137,44.38062],[-72.46137,44.38038],[-72.46149,44.38028],[-72.46144,44.38022],[-72.46125,44.38022],[-72.46119,44.38014],[-72.46098,44.38005],[-72.46102,44.37994],[-72.4612,44.37991],[-72.46121,44.37957],[-72.46112,44.3795],[-72.46098,44.37954],[-72.4609,44.37949],[-72.46095,44.37932],[-72.46091,44.37925],[-72.4606,44.37915],[-72.4604,44.37913],[-72.46041,44.37903],[-72.46054,44.37897],[-72.46053,44.37884],[-72.46048,44.37879],[-72.46037,44.37882],[-72.46024,44.37876],[-72.46027,44.37854],[-72.46004,44.37819],[-72.45978,44.37823],[-72.45961,44.37819],[-72.45951,44.37808],[-72.45951,44.37801],[-72.45954,44.37791],[-72.4597,44.37773],[-72.45939,44.37747]],[[-72.49012,44.41997],[-72.49016,44.41981],[-72.49006,44.41972]],[[-72.48393,44.40805],[-72.48411,44.40766]],[[-72.47055,44.39657],[-72.47019,44.39615],[-72.46996,44.39597],[-72.46984,44.39579]],[[-72.49006,44.41972],[-72.49003,44.41965]],[[-72.48781,44.41375],[-72.48781,44.41362],[-72.48757,44.41323],[-72.48723,44.41298]],[[-72.48411,44.40766],[-72.48406,44.4076]]]}},{"type":"Feature","properties":{"stream_id":"jail-branch","stream":"Jail Branch","name":"Jail Branch","order":5,"role":"matched"},"geometry":{"type":"MultiLineString","coordinates":[[[-72.40018,44.07666],[-72.4003,44.07635],[-72.40077,44.07615],[-72.40114,44.0761],[-72.40157,44.07584],[-72.40178,44.07551],[-72.40206,44.07543],[-72.40242,44.07546],[-72.40272,44.07561],[-72.40372,44.07586]],[[-72.42581,44.13372],[-72.42615,44.1339],[-72.42627,44.13412],[-72.42634,44.13413],[-72.42648,44.13409],[-72.42656,44.13381],[-72.42678,44.13378],[-72.42685,44.13398],[-72.4269,44.1344],[-72.42723,44.13464],[-72.42731,44.13484],[-72.4277,44.13507],[-72.42793,44.1353],[-72.42797,44.1355],[-72.42829,44.13586],[-72.42844,44.13652],[-72.42861,44.13683],[-72.42861,44.13695],[-72.42845,44.13737],[-72.4285,44.13754],[-72.42873,44.1377],[-72.42874,44.1378],[-72.42862,44.13806],[-72.42864,44.13819],[-72.42869,44.13828],[-72.42893,44.13844],[-72.42915,44.13851],[-72.4292,44.13858],[-72.42918,44.13891],[-72.42892,44.13923],[-72.42891,44.1394],[-72.42897,44.13965],[-72.42908,44.13978],[-72.42922,44.13985],[-72.42926,44.13994]],[[-72.42647,44.14408],[-72.42673,44.14441],[-72.42673,44.14446],[-72.42659,44.14457],[-72.42658,44.14466],[-72.42681,44.14485],[-72.42682,44.14492],[-72.42627,44.14496],[-72.42616,44.14512],[-72.42615,44.14528],[-72.42626,44.14554],[-72.42613,44.14578],[-72.42617,44.14584],[-72.42646,44.14594],[-72.42652,44.14602],[-72.42635,44.14627],[-72.42636,44.14634],[-72.4265,44.14641],[-72.4265,44.1465],[-72.42633,44.14661],[-72.42633,44.14669],[-72.42645,44.14673],[-72.42673,44.14668],[-72.42681,44.14673],[-72.42681,44.14679],[-72.42677,44.14684],[-72.42628,44.14694],[-72.42624,44.14701],[-72.42627,44.14725],[-72.42618,44.14733],[-72.42598,44.14731],[-72.42585,44.14724],[-72.4256,44.14731],[-72.42561,44.14741],[-72.42601,44.14782],[-72.42626,44.148],[-72.42674,44.14816],[-72.42711,44.14809],[-72.42727,44.14795],[-72.4274,44.1479],[-72.4276,44.14797],[-72.42757,44.14821],[-72.42745,44.14835],[-72.42688,44.14843],[-72.42662,44.14849],[-72.42655,44.14856],[-72.42654,44.14864],[-72.42661,44.14869],[-72.42696,44.14874],[-72.42723,44.14884],[-72.4274,44.14879],[-72.42755,44.14882],[-72.42749,44.14898],[-72.42723,44.1491],[-72.42726,44.14921],[-72.42757,44.14925],[-72.42782,44.14906],[-72.42834,44.14912],[-72.42829,44.14949],[-72.42852,44.1497],[-72.42873,44.14976],[-72.42886,44.14963],[-72.42917,44.14967],[-72.42964,44.14964],[-72.42985,44.14987],[-72.43005,44.14994],[-72.4301,44.15011],[-72.43019,44.15019]],[[-72.42536,44.12862],[-72.42489,44.12868],[-72.42481,44.12884],[-72.42478,44.12901],[-72.42483,44.1292],[-72.425,44.12943],[-72.42503,44.12958],[-72.425,44.12978],[-72.42492,44.12993]],[[-72.43321,44.11096],[-72.43325,44.11101],[-72.43321,44.11116],[-72.43277,44.11155],[-72.43269,44.11178],[-72.4327,44.11202],[-72.43252,44.11232],[-72.4324,44.11243],[-72.4318,44.11248],[-72.43171,44.11251],[-72.4317,44.11257]],[[-72.42887,44.11848],[-72.42859,44.11903],[-72.42844,44.11916],[-72.42822,44.11956],[-72.42801,44.1198],[-72.4279,44.11987],[-72.42756,44.11988],[-72.42746,44.11993],[-72.42742,44.1201],[-72.42747,44.12039],[-72.42746,44.12064],[-72.42732,44.12073],[-72.42724,44.12087],[-72.42701,44.12089],[-72.42685,44.12085],[-72.4267,44.12092],[-72.42647,44.12136],[-72.42628,44.12151],[-72.42566,44.12185],[-72.42555,44.12198],[-72.42566,44.12258],[-72.42556,44.12288],[-72.42555,44.1231],[-72.42566,44.12335],[-72.42567,44.12372],[-72.42583,44.12386],[-72.42598,44.1239],[-72.42611,44.12387],[-72.42635,44.12372],[-72.42639,44.12361],[-72.42656,44.12357],[-72.4268,44.12369],[-72.42684,44.12379],[-72.42672,44.12412],[-72.42654,44.12427],[-72.42669,44.12458],[-72.42669,44.12465],[-72.42659,44.12474],[-72.42657,44.12488],[-72.42677,44.12512],[-72.42678,44.12535],[-72.42634,44.12556],[-72.42583,44.12568],[-72.42574,44.12579],[-72.42584,44.12608],[-72.42592,44.12616],[-72.42614,44.12623],[-72.4262,44.12635],[-72.42613,44.12648],[-72.42567,44.12665],[-72.42536,44.12689],[-72.42551,44.12722],[-72.42552,44.12735],[-72.4254,44.12788],[-72.42558,44.12826],[-72.4258,44.12829],[-72.42588,44.12823],[-72.426,44.12823],[-72.42603,44.12833],[-72.42595,44.12845],[-72.42552,44.12861],[-72.42536,44.12862]],[[-72.42782,44.10479],[-72.42784,44.10497],[-72.42777,44.1051],[-72.42782,44.10527]],[[-72.43248,44.11055],[-72.43255,44.11078],[-72.43269,44.11088],[-72.43321,44.11096]],[[-72.42782,44.10527],[-72.428,44.10531],[-72.42818,44.10547],[-72.42893,44.10549],[-72.42931,44.10558],[-72.42976,44.10543],[-72.42981,44.10546],[-72.42989,44.10577],[-72.42995,44.10583],[-72.43031,44.10581],[-72.43067,44.10604],[-72.43122,44.10621],[-72.43204,44.1063],[-72.43215,44.10639],[-72.43229,44.1067],[-72.43206,44.10704],[-72.432,44.10728],[-72.43237,44.10765],[-72.43262,44.10831],[-72.43264,44.10857],[-72.43263,44.10862],[-72.43249,44.10866],[-72.43215,44.10865],[-72.43193,44.1088],[-72.43188,44.109],[-72.43203,44.10935],[-72.432,44.10956],[-72.43185,44.11012],[-72.43159,44.11035],[-72.43162,44.11045],[-72.43174,44.1105],[-72.43188,44.11045],[-72.4319,44.11034],[-72.43196,44.11029],[-72.43225,44.11029],[-72.43247,44.11042],[-72.43248,44.11055]],[[-72.42794,44.09017],[-72.4277,44.09051],[-72.42759,44.09054],[-72.42756,44.09059],[-72.4276,44.09069],[-72.4277,44.09075],[-72.4277,44.09084],[-72.4276,44.09091],[-72.42768,44.09098],[-72.42769,44.09114],[-72.42754,44.09125],[-72.42746,44.09153],[-72.42749,44.09159],[-72.42738,44.09167],[-72.42743,44.09172]],[[-72.42743,44.09172],[-72.42773,44.0919],[-72.42781,44.09203],[-72.4278,44.09233],[-72.42788,44.09257],[-72.42775,44.09267],[-72.42776,44.09274],[-72.42789,44.09294],[-72.42773,44.093],[-72.42779,44.09318],[-72.4277,44.09324],[-72.42753,44.09325],[-72.42737,44.09342],[-72.42727,44.09369],[-72.42707,44.09394],[-72.42705,44.09412],[-72.42711,44.09436],[-72.42698,44.09465],[-72.42715,44.09497],[-72.42716,44.09539],[-72.42737,44.09564],[-72.42735,44.096],[-72.42764,44.09641],[-72.42769,44.09669],[-72.42793,44.09696],[-72.4279,44.09716],[-72.4277,44.09741],[-72.42753,44.0975],[-72.42747,44.09765],[-72.42761,44.09797],[-72.42786,44.09813],[-72.42788,44.09819],[-72.42777,44.0984],[-72.42754,44.09864],[-72.42754,44.09916],[-72.42745,44.09944],[-72.42724,44.09971],[-72.42698,44.0998],[-72.4263,44.10044],[-72.42642,44.101],[-72.42625,44.10121],[-72.42595,44.10137],[-72.4259,44.1015],[-72.42594,44.10164],[-72.42649,44.10207],[-72.42652,44.10225],[-72.42677,44.10263],[-72.42685,44.10296],[-72.42724,44.10311],[-72.42736,44.10354],[-72.42776,44.104],[-72.42773,44.10438],[-72.42782,44.10479]],[[-72.40774,44.07972],[-72.40829,44.0799],[-72.40879,44.08013],[-72.40976,44.08042],[-72.41015,44.08071],[-72.4106,44.08118],[-72.41057,44.08129],[-72.41075,44.08181],[-72.41077,44.08201],[-72.41122,44.08256],[-72.41135,44.08264],[-72.41154,44.08288],[-72.41179,44.08331],[-72.41199,44.08402],[-72.41225,44.08438],[-72.41243,44.08446],[-72.41261,44.08462],[-72.41273,44.08481],[-72.413,44.08503],[-72.41344,44.08518],[-72.41407,44.08526],[-72.4142,44.08532]],[[-72.42799,44.08852],[-72.42791,44.08856],[-72.42781,44.08886],[-72.42796,44.089],[-72.42777,44.08919],[-72.42773,44.08944],[-72.42777,44.08956],[-72.42796,44.08971],[-72.42785,44.08984],[-72.42784,44.08992],[-72.42789,44.09003],[-72.42795,44.09006],[-72.42794,44.09017]],[[-72.4142,44.08532],[-72.41445,44.08548],[-72.4148,44.08551],[-72.41509,44.08539],[-72.41532,44.08522],[-72.41553,44.0852],[-72.416,44.08532],[-72.41633,44.08556],[-72.41698,44.08566],[-72.41787,44.08563],[-72.41831,44.08543],[-72.41839,44.08535],[-72.41841,44.08527],[-72.41855,44.08518],[-72.41892,44.08512],[-72.41957,44.0851],[-72.42011,44.08518],[-72.42098,44.08505],[-72.42126,44.0849],[-72.4216,44.08495],[-72.4219,44.0848],[-72.42248,44.085],[-72.42329,44.08495],[-72.42384,44.08481],[-72.42428,44.08458],[-72.42471,44.08463],[-72.42567,44.08452],[-72.42652,44.08452],[-72.42671,44.08464],[-72.42691,44.08494],[-72.4269,44.08528],[-72.42682,44.08567],[-72.42689,44.08582],[-72.42715,44.08605],[-72.42719,44.08618],[-72.42717,44.08638],[-72.42732,44.08651],[-72.4273,44.08665],[-72.42723,44.08668],[-72.42722,44.08684],[-72.42748,44.08725],[-72.42755,44.08755],[-72.42768,44.08775],[-72.42783,44.08782],[-72.42774,44.08812],[-72.42791,44.08824],[-72.42789,44.08837],[-72.42799,44.08852]],[[-72.40372,44.07586],[-72.40382,44.07596],[-72.4042,44.07611],[-72.40438,44.07629],[-72.40483,44.07649],[-72.40493,44.07667],[-72.40519,44.07688],[-72.40568,44.0776],[-72.40608,44.078],[-72.40643,44.0785],[-72.40668,44.07866],[-72.40726,44.07937],[-72.40774,44.07972]],[[-72.42926,44.13994],[-72.42934,44.14039],[-72.42927,44.14055],[-72.4294,44.14084],[-72.42935,44.14107],[-72.42913,44.14105],[-72.4289,44.14088],[-72.42874,44.14086],[-72.42831,44.14126],[-72.42828,44.14137],[-72.42837,44.14151],[-72.42875,44.14155],[-72.42867,44.14175],[-72.42798,44.14168],[-72.42783,44.14189],[-72.42762,44.14194],[-72.42763,44.14205],[-72.4278,44.14224],[-72.42805,44.14225],[-72.42812,44.1422],[-72.42822,44.1422],[-72.4284,44.14229],[-72.42834,44.14253],[-72.42798,44.1426],[-72.42776,44.14256],[-72.42758,44.14249],[-72.42756,44.14225],[-72.42718,44.14224],[-72.42708,44.14241],[-72.42687,44.14248],[-72.42685,44.14257],[-72.42693,44.14272],[-72.42691,44.14278],[-72.42671,44.14292],[-72.4266,44.14315],[-72.4262,44.14316],[-72.42622,44.1433],[-72.42639,44.14354],[-72.42661,44.14369],[-72.42712,44.14384],[-72.42723,44.14401],[-72.42711,44.14413],[-72.42687,44.14409],[-72.42677,44.14402],[-72.42676,44.14388],[-72.42664,44.14388],[-72.42646,44.144],[-72.42647,44.14408]],[[-72.42492,44.12993],[-72.42482,44.13],[-72.42447,44.13007],[-72.42435,44.13016],[-72.42429,44.13031],[-72.42429,44.13045],[-72.42441,44.13063],[-72.42467,44.13088],[-72.42464,44.13094],[-72.42432,44.13103],[-72.42427,44.13114],[-72.42459,44.13167],[-72.42465,44.1319],[-72.42449,44.1323],[-72.42452,44.13261],[-72.42467,44.13278],[-72.42458,44.13299],[-72.42464,44.13322],[-72.42477,44.13331],[-72.42495,44.13332],[-72.42512,44.13322],[-72.42562,44.13314],[-72.42568,44.13325],[-72.42556,44.1335],[-72.42558,44.1336],[-72.42581,44.13372]],[[-72.4317,44.11257],[-72.4317,44.11264],[-72.43189,44.11281],[-72.43269,44.11322],[-72.43265,44.11346],[-72.43219,44.11386],[-72.43212,44.11402],[-72.43216,44.11416],[-72.4325,44.11465],[-72.43255,44.11491],[-72.43275,44.11505],[-72.43286,44.11521],[-72.43267,44.11538],[-72.43205,44.11543],[-72.43127,44.11529],[-72.43065,44.11507],[-72.43055,44.11509],[-72.43038,44.11522],[-72.43018,44.11547],[-72.42999,44.11604],[-72.42994,44.11655],[-72.43005,44.11673],[-72.43062,44.11698],[-72.43085,44.11721],[-72.43091,44.11731],[-72.43092,44.11745],[-72.43082,44.11777],[-72.43068,44.11789],[-72.43037,44.11803],[-72.43017,44.11805],[-72.42994,44.11796],[-72.42979,44.1178],[-72.42958,44.11772],[-72.42928,44.11778],[-72.42909,44.1181],[-72.42898,44.1182],[-72.42887,44.11848]],[[-72.44274,44.15414],[-72.44297,44.15418],[-72.44337,44.15437]],[[-72.43034,44.15023],[-72.43068,44.15016],[-72.43084,44.14995],[-72.43104,44.14983],[-72.43169,44.1496],[-72.43185,44.14962]],[[-72.50095,44.19009],[-72.50102,44.19009]],[[-72.48654,44.18705],[-72.48651,44.1873],[-72.48657,44.1876],[-72.48685,44.18775],[-72.48711,44.18799],[-72.48908,44.18869]],[[-72.46787,44.17513],[-72.46813,44.17524],[-72.46819,44.17535],[-72.4682,44.17602],[-72.46849,44.17614],[-72.46866,44.17617],[-72.4689,44.1761],[-72.46907,44.1759],[-72.46958,44.17567],[-72.46994,44.17575],[-72.46998,44.17585],[-72.4699,44.17614],[-72.46963,44.17663],[-72.46977,44.17715],[-72.46966,44.17768],[-72.46967,44.17797],[-72.46979,44.17816],[-72.47065,44.17857]],[[-72.44899,44.16056],[-72.44942,44.16089],[-72.45011,44.16115],[-72.45037,44.16131],[-72.45057,44.16151],[-72.45063,44.16164],[-72.45064,44.16183],[-72.45049,44.16212],[-72.45047,44.1623],[-72.45063,44.16253],[-72.45081,44.16264],[-72.45095,44.16313],[-72.45107,44.16327],[-72.45132,44.1634],[-72.4532,44.16404]],[[-72.44488,44.15758],[-72.44519,44.15844],[-72.44581,44.15879],[-72.44677,44.15901],[-72.44737,44.1593],[-72.44809,44.1604],[-72.44899,44.16056]],[[-72.43937,44.15144],[-72.4396,44.15164],[-72.43978,44.1517],[-72.4404,44.15151],[-72.4407,44.15154],[-72.44078,44.15165],[-72.44075,44.15192],[-72.44089,44.15229],[-72.44108,44.15249],[-72.44163,44.15345],[-72.44192,44.15382],[-72.44214,44.15406],[-72.44231,44.15415],[-72.44274,44.15414]],[[-72.43185,44.14962],[-72.43176,44.14989],[-72.43178,44.15036],[-72.43172,44.15056],[-72.43193,44.15084],[-72.43215,44.15099],[-72.43226,44.15118],[-72.43238,44.15123],[-72.43253,44.15123],[-72.43294,44.15095],[-72.43305,44.15092],[-72.4332,44.15102],[-72.43322,44.15112],[-72.43338,44.15121],[-72.43369,44.15119],[-72.43383,44.15102],[-72.43391,44.15102],[-72.43399,44.15113],[-72.434,44.15133],[-72.43382,44.15147],[-72.43373,44.15167],[-72.43357,44.15172],[-72.43303,44.1517],[-72.43297,44.1518],[-72.43297,44.15207],[-72.43299,44.15221],[-72.43307,44.15229],[-72.43331,44.15232],[-72.43348,44.15225],[-72.43366,44.15215],[-72.43401,44.15177],[-72.43422,44.15173],[-72.4344,44.15185],[-72.43447,44.15196],[-72.43457,44.15198],[-72.43486,44.15189],[-72.4351,44.15194],[-72.43522,44.15208],[-72.43525,44.15224],[-72.4355,44.15243],[-72.43579,44.1525],[-72.43583,44.15259],[-72.43577,44.1527],[-72.43577,44.15281],[-72.43617,44.15298],[-72.43637,44.15301],[-72.43661,44.15294],[-72.43662,44.15253],[-72.43645,44.15229],[-72.4365,44.15216],[-72.43708,44.15222],[-72.43714,44.15211]],[[-72.48908,44.18869],[-72.48964,44.1888],[-72.49014,44.18912],[-72.49048,44.18914],[-72.49352,44.1885],[-72.49416,44.18832],[-72.49572,44.18818],[-72.49675,44.18826],[-72.49706,44.18833],[-72.49747,44.1885],[-72.49754,44.18868],[-72.49751,44.18911],[-72.49756,44.18935],[-72.4977,44.18968],[-72.49803,44.18992],[-72.49872,44.19013],[-72.49899,44.19016],[-72.4998,44.19007],[-72.50095,44.19009]],[[-72.4532,44.16404],[-72.45338,44.16414],[-72.45374,44.1645],[-72.4538,44.16473],[-72.45376,44.16507],[-72.45397,44.16542],[-72.45411,44.16557],[-72.45497,44.16598],[-72.45494,44.16679],[-72.45515,44.16704],[-72.45552,44.16711],[-72.45595,44.16697],[-72.45622,44.16696],[-72.45736,44.16723],[-72.45744,44.16747],[-72.45786,44.16798],[-72.45789,44.16811],[-72.45811,44.16842],[-72.45825,44.16874],[-72.45847,44.1688],[-72.4589,44.16881],[-72.4591,44.16889],[-72.45924,44.16897],[-72.45949,44.16936],[-72.4596,44.16946],[-72.46038,44.16955],[-72.46085,44.16968],[-72.4612,44.16986]],[[-72.44337,44.15437],[-72.44379,44.15457],[-72.44482,44.15539],[-72.44506,44.15566],[-72.44505,44.15588],[-72.44467,44.15662],[-72.44474,44.15714],[-72.44488,44.15758]],[[-72.47065,44.17857],[-72.47128,44.17874],[-72.47162,44.17878],[-72.47194,44.17872],[-72.47265,44.17833],[-72.47281,44.17823],[-72.47299,44.17803],[-72.47308,44.17801]],[[-72.47308,44.17801],[-72.4733,44.17802],[-72.47344,44.17808],[-72.47348,44.17815],[-72.47348,44.17837],[-72.47327,44.17875],[-72.4734,44.17899],[-72.47456,44.17921],[-72.475,44.17943],[-72.47534,44.17972],[-72.47569,44.17987],[-72.47672,44.18007],[-72.47752,44.18006],[-72.47791,44.18019],[-72.47848,44.1805],[-72.47873,44.18056],[-72.47928,44.18057],[-72.48031,44.18043],[-72.48055,44.18046],[-72.48074,44.18065],[-72.48088,44.18119],[-72.48091,44.18154],[-72.48096,44.18166],[-72.4814,44.18188],[-72.48204,44.18194],[-72.48248,44.18205],[-72.48255,44.18219],[-72.48256,44.18233],[-72.48266,44.18246],[-72.48365,44.18295],[-72.48461,44.18371],[-72.4847,44.18386],[-72.48467,44.18421],[-72.4845,44.18472],[-72.48454,44.18495],[-72.48524,44.18552],[-72.48625,44.18608],[-72.48649,44.18648],[-72.48654,44.18705]],[[-72.43714,44.15211],[-72.43723,44.15167],[-72.43697,44.15137],[-72.43702,44.15124],[-72.43766,44.1513],[-72.43788,44.15124],[-72.43812,44.15127],[-72.43824,44.15136],[-72.43822,44.15169],[-72.43828,44.15175],[-72.43847,44.15177],[-72.4386,44.15174],[-72.43904,44.15144],[-72.4392,44.1514],[-72.43937,44.15144]],[[-72.4612,44.16986],[-72.46137,44.17012],[-72.46132,44.17052],[-72.46116,44.17081],[-72.46087,44.17107],[-72.46078,44.17128],[-72.4608,44.17142],[-72.46106,44.17163],[-72.46148,44.17169],[-72.46165,44.17161],[-72.46186,44.17159],[-72.46266,44.17173],[-72.46299,44.17186],[-72.46321,44.17216],[-72.46343,44.17305],[-72.46354,44.17316],[-72.46382,44.17329],[-72.4643,44.17334],[-72.46476,44.17324],[-72.46516,44.17323],[-72.46633,44.17348],[-72.46654,44.17365],[-72.46673,44.1739],[-72.46671,44.17454],[-72.46679,44.1747],[-72.46757,44.17511],[-72.46787,44.17513]],[[-72.43019,44.15019],[-72.43034,44.15023]]]}},{"type":"Feature","properties":{"stream_id":"gunners-brook","stream":"Gunners Brook","name":"Gunners Brook","order":3,"role":"matched"},"geometry":{"type":"MultiLineString","coordinates":[[[-72.42959,44.23645],[-72.42985,44.2366],[-72.42994,44.23674]],[[-72.42952,44.23552],[-72.42972,44.23595],[-72.4297,44.23618]],[[-72.45975,44.24005],[-72.46016,44.24001],[-72.46029,44.23988],[-72.46025,44.23977],[-72.46019,44.23974],[-72.46026,44.23968],[-72.46037,44.23971],[-72.46072,44.23961],[-72.46101,44.23982],[-72.46106,44.23989],[-72.46132,44.2399],[-72.46144,44.23988],[-72.46154,44.23982],[-72.46154,44.23974],[-72.46148,44.23974],[-72.4614,44.23959],[-72.46191,44.23949],[-72.46192,44.23957],[-72.46199,44.2396],[-72.46224,44.2396]],[[-72.4528,44.24179],[-72.45308,44.24162],[-72.45332,44.24141],[-72.45346,44.24144],[-72.45345,44.2416],[-72.45349,44.24163],[-72.45374,44.2415],[-72.45388,44.24148],[-72.45421,44.24115],[-72.45489,44.24109],[-72.45498,44.24088],[-72.45495,44.24078],[-72.45536,44.24061],[-72.45552,44.24073],[-72.45562,44.24072],[-72.45575,44.24065],[-72.45578,44.24054],[-72.45587,44.24046],[-72.45589,44.2403],[-72.45601,44.2402],[-72.45727,44.24027],[-72.45803,44.24016],[-72.45837,44.24006],[-72.45851,44.23995],[-72.45891,44.23988],[-72.45937,44.24001],[-72.45975,44.24005]],[[-72.42994,44.23674],[-72.43037,44.23727],[-72.43066,44.23747],[-72.43122,44.23802],[-72.43196,44.23862],[-72.43217,44.23871],[-72.43231,44.23885],[-72.43289,44.23916],[-72.43372,44.2395],[-72.43453,44.23974],[-72.43495,44.23976],[-72.43538,44.2399],[-72.43601,44.23998],[-72.43748,44.24035],[-72.43809,44.24045],[-72.43875,44.24042],[-72.43904,44.24054],[-72.43929,44.24049],[-72.4395,44.24054],[-72.43956,44.24049],[-72.43956,44.24038],[-72.43961,44.24036],[-72.43986,44.24037],[-72.44042,44.24028],[-72.44077,44.24033],[-72.44192,44.24025],[-72.44236,44.24045],[-72.44263,44.24051],[-72.44312,44.24054],[-72.4434,44.24039],[-72.4442,44.24025],[-72.44443,44.24014],[-72.44465,44.24011],[-72.44537,44.24022],[-72.44605,44.24023],[-72.44654,44.24038],[-72.44709,44.2403],[-72.44728,44.24032],[-72.4475,44.24047],[-72.44761,44.24093],[-72.44756,44.24134],[-72.44776,44.24151],[-72.44789,44.24151],[-72.44864,44.24128],[-72.44951,44.24115],[-72.45027,44.24122],[-72.45067,44.2415],[-72.45088,44.24178],[-72.45132,44.24203],[-72.45164,44.24207],[-72.45207,44.24206],[-72.4528,44.24179]],[[-72.46224,44.2396],[-72.46237,44.23947],[-72.46231,44.23937],[-72.46231,44.23927],[-72.46241,44.23916],[-72.46236,44.23895],[-72.46245,44.23876],[-72.46241,44.23866],[-72.46221,44.23868],[-72.4623,44.23857],[-72.46219,44.2385],[-72.46217,44.23844],[-72.46223,44.23834],[-72.4622,44.2383],[-72.46204,44.2383],[-72.46203,44.23825],[-72.46218,44.23822],[-72.46214,44.23811],[-72.4622,44.23795],[-72.46242,44.23793],[-72.46247,44.23801],[-72.46267,44.23801],[-72.46269,44.23787],[-72.46278,44.23776],[-72.46278,44.23763],[-72.46287,44.23763],[-72.46291,44.23754],[-72.46303,44.23752],[-72.46296,44.23744],[-72.46306,44.23735],[-72.46293,44.23723],[-72.46295,44.23717],[-72.46321,44.23705],[-72.46358,44.23656],[-72.46379,44.23604],[-72.46407,44.23559],[-72.4644,44.2349],[-72.46445,44.23463],[-72.46478,44.23419],[-72.46516,44.23389],[-72.46588,44.23351],[-72.46632,44.23334],[-72.46667,44.23279],[-72.46719,44.23258],[-72.46764,44.2322],[-72.46807,44.23209],[-72.46848,44.23187],[-72.46943,44.23079],[-72.4696,44.23073],[-72.47016,44.23034],[-72.47028,44.23021],[-72.47036,44.22996]],[[-72.47543,44.22668],[-72.4757,44.22638],[-72.47573,44.22619],[-72.47586,44.22597],[-72.4763,44.22583],[-72.47644,44.22571],[-72.47644,44.22554],[-72.47653,44.22543],[-72.47685,44.22467],[-72.47742,44.22432],[-72.47745,44.22423],[-72.47738,44.22413]],[[-72.47834,44.22351],[-72.47855,44.22338],[-72.47903,44.22328],[-72.47915,44.2233],[-72.47928,44.22343],[-72.47938,44.22343],[-72.4796,44.22328],[-72.47987,44.22323],[-72.48017,44.22333],[-72.48045,44.2233],[-72.48059,44.22315],[-72.48061,44.223],[-72.48071,44.22281],[-72.48096,44.22247],[-72.4811,44.22237],[-72.48151,44.2222],[-72.48196,44.22228],[-72.48226,44.22221],[-72.48233,44.22217],[-72.48237,44.22198]],[[-72.4729,44.22772],[-72.47317,44.22767],[-72.47336,44.22757],[-72.47383,44.22723],[-72.47443,44.22665],[-72.47466,44.22663],[-72.47472,44.22668],[-72.47469,44.22676],[-72.47477,44.22682],[-72.47543,44.22668]],[[-72.50457,44.20683],[-72.50515,44.20629],[-72.50591,44.20596],[-72.50609,44.20573],[-72.50619,44.20544],[-72.50611,44.20537],[-72.50587,44.20529],[-72.50582,44.2052],[-72.50582,44.20493],[-72.50596,44.20467],[-72.50595,44.20438],[-72.50632,44.20398],[-72.50672,44.20372],[-72.50688,44.20363],[-72.50777,44.20363],[-72.50817,44.20376],[-72.50838,44.20405],[-72.50848,44.20411],[-72.50915,44.20392],[-72.5096,44.20388]],[[-72.48237,44.22198],[-72.48246,44.2216],[-72.48259,44.22136],[-72.48356,44.22086],[-72.48394,44.22081],[-72.48496,44.22088],[-72.48548,44.22086],[-72.48608,44.22065],[-72.48659,44.22055],[-72.48708,44.22048],[-72.48774,44.22058],[-72.48797,44.22041],[-72.48818,44.2204],[-72.48913,44.22048],[-72.48942,44.22068],[-72.4895,44.22084],[-72.48971,44.22086],[-72.4899,44.22071],[-72.49032,44.22064],[-72.49076,44.22046],[-72.49133,44.22007],[-72.49217,44.22001],[-72.49261,44.21977],[-72.49297,44.21949],[-72.49361,44.2194],[-72.49378,44.21933],[-72.49394,44.21913],[-72.49412,44.21904],[-72.49456,44.21895],[-72.49521,44.21869],[-72.49566,44.21859],[-72.49574,44.2185],[-72.49577,44.21813],[-72.49614,44.21748],[-72.4966,44.21715],[-72.4969,44.21704],[-72.49721,44.21683],[-72.49793,44.21657],[-72.49815,44.2164],[-72.49834,44.21609],[-72.49846,44.21543],[-72.49842,44.21488],[-72.49869,44.21458],[-72.49872,44.21432],[-72.49889,44.21424],[-72.49918,44.21419],[-72.49971,44.21419],[-72.50012,44.21404],[-72.50038,44.21345],[-72.50061,44.21334],[-72.50072,44.21302],[-72.50092,44.21272],[-72.50102,44.21245],[-72.5015,44.21213],[-72.50196,44.2119],[-72.50231,44.2118],[-72.50239,44.21172],[-72.50262,44.21086],[-72.5027,44.21071],[-72.50324,44.21032],[-72.5035,44.21],[-72.50384,44.20943],[-72.5041,44.20921],[-72.50412,44.20886],[-72.50393,44.20842],[-72.50391,44.20795],[-72.50407,44.20776],[-72.50427,44.20729],[-72.50457,44.20683]],[[-72.47036,44.22996],[-72.47084,44.22993],[-72.47108,44.2298],[-72.47127,44.22956],[-72.47137,44.22934],[-72.4714,44.22908],[-72.47181,44.22887],[-72.4718,44.22855],[-72.47201,44.22848],[-72.47231,44.2285],[-72.47253,44.22838],[-72.47264,44.2282],[-72.47259,44.22805],[-72.47265,44.22784],[-72.4729,44.22772]],[[-72.42888,44.23559],[-72.4292,44.23548],[-72.42946,44.23545],[-72.42952,44.23552]],[[-72.4297,44.23618],[-72.42959,44.23645]],[[-72.47738,44.22413],[-72.47737,44.22401],[-72.4775,44.22391],[-72.47834,44.22351]],[[-72.5096,44.20388],[-72.50968,44.20389]]]}},{"type":"Feature","properties":{"stream_id":"stevens-branch","stream":"Stevens Branch","name":"Stevens Branch","order":5,"role":"matched"},"geometry":{"type":"MultiLineString","coordinates":[[[-72.53304,44.07208],[-72.53307,44.07214],[-72.53291,44.07227],[-72.53285,44.07245],[-72.53284,44.07277],[-72.53273,44.07303]],[[-72.53678,44.12405],[-72.5367,44.12408]],[[-72.54375,44.1066],[-72.54369,44.10674],[-72.54358,44.1068],[-72.54351,44.10703],[-72.54334,44.10717],[-72.54333,44.10739]],[[-72.54556,44.10495],[-72.54495,44.10509],[-72.5447,44.10522],[-72.54448,44.10518],[-72.54437,44.10521],[-72.54417,44.10551],[-72.54388,44.10554],[-72.54401,44.10568],[-72.54403,44.10579],[-72.5439,44.1059],[-72.5435,44.10608],[-72.54341,44.10621],[-72.54323,44.10627],[-72.54341,44.10637],[-72.54354,44.10652],[-72.54371,44.10654],[-72.54375,44.1066]],[[-72.54292,44.11459],[-72.54277,44.11546],[-72.54286,44.11591],[-72.54283,44.11612],[-72.5427,44.11621],[-72.54239,44.11622],[-72.54238,44.11628],[-72.54246,44.11637],[-72.54243,44.1164],[-72.54225,44.11644],[-72.54228,44.11656],[-72.54199,44.11669],[-72.54154,44.11705],[-72.54112,44.11754],[-72.54062,44.11773],[-72.54007,44.11804],[-72.5398,44.11809],[-72.53936,44.11831],[-72.53922,44.11851],[-72.53906,44.11848],[-72.53902,44.11859],[-72.53885,44.11858],[-72.53884,44.11871],[-72.53879,44.11876],[-72.53865,44.11881],[-72.53857,44.11873],[-72.53831,44.1189],[-72.53813,44.11887],[-72.53791,44.11892],[-72.53786,44.11895],[-72.53782,44.1191],[-72.53796,44.11919],[-72.53776,44.11927],[-72.53779,44.11936],[-72.53768,44.11947],[-72.5375,44.11937],[-72.5375,44.11932],[-72.5376,44.11927],[-72.53757,44.11923],[-72.53737,44.11928],[-72.53708,44.11925],[-72.53714,44.11939],[-72.53706,44.11944],[-72.53708,44.11955],[-72.53701,44.11962],[-72.537,44.11973],[-72.53683,44.11976],[-72.53681,44.11995],[-72.53691,44.12003],[-72.53696,44.12018],[-72.53693,44.12035],[-72.53702,44.12049],[-72.53695,44.12068],[-72.53705,44.12092],[-72.53723,44.12117],[-72.53714,44.12135],[-72.53715,44.12314],[-72.53735,44.12341],[-72.53735,44.12355],[-72.53706,44.12363],[-72.53698,44.12386],[-72.53678,44.12405]],[[-72.5478,44.09482],[-72.5474,44.09498],[-72.5475,44.09537],[-72.54749,44.09575],[-72.54743,44.09598],[-72.54725,44.09605],[-72.54685,44.09651],[-72.5469,44.09676],[-72.54712,44.09686],[-72.54722,44.09707],[-72.54719,44.09719],[-72.54733,44.0972],[-72.54737,44.0973],[-72.54736,44.09748],[-72.54731,44.09758],[-72.54714,44.09768],[-72.54706,44.09784],[-72.54709,44.09841],[-72.5468,44.0986],[-72.54687,44.09885],[-72.54697,44.09899],[-72.54683,44.09944],[-72.54684,44.09957],[-72.54711,44.0996],[-72.54712,44.09966],[-72.54695,44.09983],[-72.54694,44.10012],[-72.54634,44.10025],[-72.54621,44.10043],[-72.54605,44.10053],[-72.54594,44.10071],[-72.54565,44.1009],[-72.54513,44.10104],[-72.5451,44.10112],[-72.54531,44.10125],[-72.54534,44.10144],[-72.5453,44.10165],[-72.54556,44.10217],[-72.54567,44.10254],[-72.54552,44.10279]],[[-72.54309,44.11393],[-72.54292,44.11459]],[[-72.54333,44.10739],[-72.54334,44.10747],[-72.54326,44.10762],[-72.5431,44.10768],[-72.54332,44.10777],[-72.54336,44.10785],[-72.54332,44.10797],[-72.54321,44.10798],[-72.54318,44.10808],[-72.54308,44.10815],[-72.54291,44.10818],[-72.54289,44.10829],[-72.54297,44.10835],[-72.54283,44.10841],[-72.54279,44.10849],[-72.54279,44.10854],[-72.54301,44.10862],[-72.54302,44.10874],[-72.54291,44.10879],[-72.54279,44.10866],[-72.54269,44.10866],[-72.5426,44.10874],[-72.54259,44.10885],[-72.54269,44.10909],[-72.54248,44.10941],[-72.54253,44.1095],[-72.54272,44.10956],[-72.5427,44.1097],[-72.54261,44.10974],[-72.54269,44.10991],[-72.54268,44.11003],[-72.54259,44.11011],[-72.54283,44.11026],[-72.54284,44.11037],[-72.54257,44.11041],[-72.54244,44.11053],[-72.54249,44.11069],[-72.54201,44.11176],[-72.54223,44.11225],[-72.54232,44.1123],[-72.54301,44.11318],[-72.54307,44.11346],[-72.54309,44.11393]],[[-72.54755,44.09343],[-72.54758,44.09418],[-72.54786,44.09465],[-72.5478,44.09482]],[[-72.53328,44.07832],[-72.53375,44.07861],[-72.53427,44.07883],[-72.53451,44.07913],[-72.53476,44.07923],[-72.5348,44.0792],[-72.53497,44.07924],[-72.53504,44.07934],[-72.53506,44.07946],[-72.53519,44.07962],[-72.53572,44.07997],[-72.53594,44.08024],[-72.53643,44.08058],[-72.53666,44.08087],[-72.53703,44.08107],[-72.53746,44.08116],[-72.53763,44.08126],[-72.5379,44.08132],[-72.53815,44.08153],[-72.53814,44.08165],[-72.53828,44.08164],[-72.53839,44.08172],[-72.5385,44.08167],[-72.53856,44.08175],[-72.53881,44.08185],[-72.53952,44.08188],[-72.5398,44.08203],[-72.53998,44.08202],[-72.54002,44.08205],[-72.53996,44.08209],[-72.54019,44.08215],[-72.54025,44.08214],[-72.5403,44.08204],[-72.54041,44.08211],[-72.54058,44.08206],[-72.54058,44.08214],[-72.54076,44.08235],[-72.54081,44.08236],[-72.54088,44.08222],[-72.54094,44.08229],[-72.54103,44.08229],[-72.54125,44.08219],[-72.54156,44.08218],[-72.54197,44.08204],[-72.54251,44.08233],[-72.54283,44.0823],[-72.5431,44.08211],[-72.5433,44.08207],[-72.54336,44.08221],[-72.54346,44.08227],[-72.54394,44.08225],[-72.54424,44.08243],[-72.54452,44.08239],[-72.54458,44.08248],[-72.54467,44.08248],[-72.54499,44.08242],[-72.54497,44.0823],[-72.54527,44.0821],[-72.54539,44.08194],[-72.54563,44.0818],[-72.54583,44.08178],[-72.54617,44.08184],[-72.54626,44.08195],[-72.5465,44.08248],[-72.54739,44.08287],[-72.54753,44.08306],[-72.54831,44.08371],[-72.54839,44.08392],[-72.54929,44.08434],[-72.54955,44.0844],[-72.5496,44.08446],[-72.5496,44.08481],[-72.54967,44.085],[-72.54966,44.0851],[-72.54996,44.08536],[-72.55022,44.08542],[-72.55034,44.08552],[-72.55037,44.08576],[-72.55031,44.08592],[-72.54992,44.08612],[-72.54985,44.08625],[-72.55006,44.08649],[-72.55023,44.08706],[-72.55021,44.08717],[-72.55029,44.08736],[-72.55034,44.08776],[-72.55046,44.08804],[-72.55037,44.08815],[-72.55029,44.0884],[-72.55001,44.08881],[-72.54998,44.08901],[-72.54957,44.08947],[-72.54973,44.08965],[-72.54973,44.0898]],[[-72.53323,44.07775],[-72.53329,44.07791],[-72.53322,44.07806]],[[-72.53273,44.07303],[-72.53262,44.07323],[-72.53251,44.07363],[-72.53182,44.0747],[-72.53181,44.07491],[-72.53173,44.07497],[-72.53179,44.07525],[-72.53195,44.07544],[-72.53242,44.07555],[-72.53254,44.07566],[-72.53256,44.07573],[-72.53255,44.07588],[-72.53224,44.07602],[-72.53215,44.0761],[-72.53212,44.07621],[-72.53182,44.07662],[-72.53186,44.07685],[-72.53174,44.07715],[-72.53174,44.07729],[-72.53188,44.0775],[-72.53203,44.07756]],[[-72.54552,44.10279],[-72.54547,44.10287],[-72.54556,44.10317],[-72.5455,44.10332],[-72.54574,44.104],[-72.54568,44.10415],[-72.54557,44.10425],[-72.54553,44.10442],[-72.54536,44.10449],[-72.54539,44.10462],[-72.54528,44.10477],[-72.54537,44.10489],[-72.54555,44.10489],[-72.54559,44.10492],[-72.54556,44.10495]],[[-72.51975,44.15544],[-72.51941,44.15552],[-72.5187,44.15582],[-72.51839,44.15613],[-72.51753,44.15648],[-72.51601,44.15729],[-72.51559,44.1576],[-72.51537,44.15788],[-72.51528,44.1582],[-72.51485,44.1586],[-72.51507,44.1592],[-72.51526,44.15945],[-72.51526,44.15957],[-72.51516,44.15966],[-72.51514,44.15976]],[[-72.52049,44.15336],[-72.52035,44.15346],[-72.52039,44.15375],[-72.52029,44.1545],[-72.52004,44.15459],[-72.51955,44.15463],[-72.51936,44.15474],[-72.51918,44.15496],[-72.51917,44.15504],[-72.51926,44.15515],[-72.5195,44.15516],[-72.51979,44.15536],[-72.51975,44.15544]],[[-72.52151,44.15242],[-72.52137,44.15253],[-72.52132,44.15267],[-72.52134,44.15278],[-72.52142,44.15281],[-72.52153,44.15303],[-72.52139,44.15322],[-72.5212,44.15329],[-72.52049,44.15336]],[[-72.52411,44.14685],[-72.52382,44.14729],[-72.52347,44.14808],[-72.52335,44.1482],[-72.5226,44.14847],[-72.52221,44.14896],[-72.52212,44.14923],[-72.52237,44.14955],[-72.52238,44.14965],[-72.52236,44.14975],[-72.52208,44.14994],[-72.52209,44.15024],[-72.52202,44.15036],[-72.52201,44.15066],[-72.52204,44.1507],[-72.52236,44.15073],[-72.52248,44.15105],[-72.52245,44.15122],[-72.52236,44.15134],[-72.52227,44.1517],[-72.52151,44.15242]],[[-72.52899,44.14237],[-72.52915,44.14261],[-72.52935,44.14273],[-72.52933,44.14281]],[[-72.54757,44.09306],[-72.54755,44.09343]],[[-72.53322,44.07806],[-72.53318,44.0782],[-72.53328,44.07832]],[[-72.53203,44.07756],[-72.53228,44.07763],[-72.53323,44.07775]],[[-72.53268,44.07188],[-72.53299,44.07201],[-72.53304,44.07208]],[[-72.55067,44.22791],[-72.55046,44.22809],[-72.55009,44.2282],[-72.54979,44.22893]],[[-72.50671,44.1978],[-72.50754,44.19815],[-72.50848,44.19826],[-72.50859,44.19831],[-72.50879,44.19859],[-72.50889,44.19917],[-72.50885,44.19961],[-72.5087,44.19983],[-72.50825,44.20022],[-72.50822,44.20034],[-72.50855,44.20104],[-72.50861,44.20136],[-72.50871,44.20158],[-72.5088,44.20168],[-72.50935,44.2019],[-72.50947,44.20207],[-72.50945,44.20254],[-72.50931,44.20306],[-72.50936,44.20325],[-72.50969,44.2037],[-72.50968,44.20389]],[[-72.50104,44.19014],[-72.50106,44.19106],[-72.50157,44.19305],[-72.50157,44.19436],[-72.50189,44.19498],[-72.50234,44.19564],[-72.50255,44.1959],[-72.50296,44.19619],[-72.50339,44.1968]],[[-72.50798,44.17645],[-72.50803,44.17661],[-72.5079,44.17693],[-72.50793,44.17732],[-72.50789,44.1775],[-72.50759,44.17768],[-72.50677,44.17802]],[[-72.53096,44.13488],[-72.53094,44.13495],[-72.53108,44.13506],[-72.53097,44.13518],[-72.53087,44.13542],[-72.53093,44.13559],[-72.53109,44.13574],[-72.53099,44.13585],[-72.53098,44.13594],[-72.53116,44.136],[-72.53129,44.13622],[-72.53154,44.13627],[-72.53161,44.13658],[-72.53157,44.13673],[-72.5313,44.13678],[-72.53115,44.13689],[-72.53135,44.13722],[-72.53138,44.13734],[-72.53134,44.13742],[-72.53111,44.1375],[-72.5311,44.1376],[-72.53134,44.13787],[-72.53135,44.13803],[-72.53122,44.1384],[-72.53099,44.13848],[-72.5309,44.1386],[-72.53074,44.13859],[-72.53075,44.13849],[-72.53082,44.1384],[-72.53074,44.13833],[-72.5303,44.13835],[-72.53025,44.13841],[-72.53031,44.13862],[-72.53042,44.13872],[-72.53052,44.13881],[-72.53078,44.13889],[-72.53065,44.1391],[-72.53093,44.13945],[-72.5309,44.13961],[-72.53079,44.13965],[-72.53029,44.13963],[-72.52975,44.14017],[-72.52942,44.14025],[-72.52927,44.14037],[-72.52909,44.14065],[-72.52898,44.14097],[-72.52856,44.14121],[-72.52853,44.1414],[-72.52873,44.14172],[-72.52911,44.14195],[-72.52911,44.14205],[-72.52891,44.14217],[-72.52899,44.14237]],[[-72.54965,44.24015],[-72.54961,44.24029]],[[-72.5518,44.2331],[-72.55178,44.2333],[-72.55193,44.23368],[-72.55233,44.2341],[-72.55309,44.2345],[-72.55323,44.23486],[-72.55312,44.23519],[-72.55311,44.23534],[-72.55323,44.23591],[-72.55311,44.2362],[-72.55299,44.23633],[-72.55283,44.23676],[-72.55241,44.23716]],[[-72.55241,44.23716],[-72.552,44.23778],[-72.55102,44.23828],[-72.55081,44.2385],[-72.55063,44.23883],[-72.55065,44.23943],[-72.55051,44.23971],[-72.55033,44.23989],[-72.54972,44.24008],[-72.54965,44.24015]],[[-72.54979,44.22893],[-72.54971,44.22916],[-72.54969,44.22944],[-72.54971,44.22961],[-72.5498,44.22977],[-72.54996,44.22983],[-72.5507,44.2299],[-72.55114,44.23],[-72.5515,44.23041],[-72.55188,44.23105],[-72.55204,44.23157],[-72.55196,44.23167],[-72.55135,44.23199],[-72.55127,44.23213],[-72.55127,44.23235],[-72.55134,44.2325],[-72.55175,44.23293],[-72.5518,44.2331]],[[-72.53984,44.2171],[-72.53997,44.2176],[-72.54003,44.21769],[-72.54069,44.21805],[-72.54165,44.21838],[-72.5426,44.21885],[-72.54325,44.21895],[-72.54368,44.21925],[-72.54445,44.21942],[-72.54505,44.21977],[-72.54541,44.22006],[-72.54586,44.22051],[-72.5465,44.22074],[-72.54678,44.22089],[-72.54698,44.22124],[-72.54734,44.22159],[-72.54801,44.22178],[-72.54858,44.22208],[-72.54876,44.22235],[-72.54881,44.22256],[-72.54859,44.2231],[-72.54859,44.22328],[-72.54894,44.2238],[-72.54933,44.2242],[-72.54946,44.22426],[-72.55012,44.22425],[-72.55057,44.22434],[-72.55073,44.22467],[-72.55076,44.22501],[-72.55091,44.22528],[-72.55078,44.22605],[-72.55084,44.22683],[-72.55072,44.22743],[-72.55075,44.22773],[-72.55067,44.22791]],[[-72.52458,44.21245],[-72.52474,44.21242],[-72.52495,44.21229],[-72.52525,44.21203],[-72.52546,44.21198],[-72.52575,44.212],[-72.5263,44.21225],[-72.52676,44.21252],[-72.52739,44.21321],[-72.52785,44.21332],[-72.52979,44.21339],[-72.53,44.21336],[-72.53103,44.21297],[-72.53188,44.21295],[-72.53242,44.21299],[-72.53319,44.21322],[-72.53513,44.21438]],[[-72.53513,44.21438],[-72.5357,44.21488],[-72.53634,44.21526],[-72.53735,44.21544],[-72.53788,44.21543],[-72.53919,44.21612],[-72.53951,44.21634],[-72.5396,44.21647],[-72.53984,44.2171]],[[-72.51182,44.20502],[-72.51207,44.20527],[-72.51238,44.20574],[-72.51328,44.20623],[-72.51366,44.20634],[-72.51467,44.20633],[-72.51612,44.20602],[-72.51722,44.20616]],[[-72.51722,44.20616],[-72.51772,44.20642],[-72.51789,44.20658],[-72.51772,44.20673],[-72.51729,44.20683],[-72.5162,44.20731],[-72.51582,44.20736],[-72.51502,44.20731],[-72.51465,44.20744],[-72.51462,44.20766],[-72.51481,44.2081],[-72.51544,44.2089],[-72.51548,44.20911],[-72.51543,44.20963],[-72.51607,44.21039],[-72.51655,44.21064],[-72.51712,44.21074],[-72.51757,44.21071],[-72.51847,44.21051],[-72.51917,44.21054],[-72.52034,44.21073],[-72.52087,44.21064],[-72.52136,44.21063],[-72.52153,44.2107],[-72.52187,44.21097],[-72.52226,44.21119],[-72.52252,44.21153],[-72.52272,44.21198],[-72.52291,44.21225],[-72.52318,44.21239],[-72.52354,44.21245],[-72.52458,44.21245]],[[-72.50968,44.20389],[-72.50976,44.20426],[-72.51027,44.20473],[-72.51081,44.20467],[-72.51101,44.20469],[-72.51159,44.20486],[-72.51182,44.20502]],[[-72.50339,44.1968],[-72.50366,44.19706],[-72.50493,44.19757],[-72.50518,44.19763],[-72.5058,44.1976],[-72.50671,44.1978]],[[-72.50102,44.19009],[-72.50104,44.19014]],[[-72.50677,44.17802],[-72.50653,44.17819],[-72.50657,44.17845],[-72.50651,44.17901],[-72.50639,44.17932],[-72.50632,44.17999],[-72.50625,44.18014],[-72.50604,44.18016],[-72.50527,44.18008],[-72.5047,44.17994],[-72.50435,44.18011],[-72.50417,44.18027],[-72.50369,44.1804],[-72.50293,44.18083],[-72.50279,44.18113],[-72.50276,44.1814],[-72.50281,44.18154],[-72.50298,44.18152],[-72.50324,44.18125],[-72.50341,44.18124],[-72.50376,44.18141],[-72.50382,44.18158],[-72.50379,44.18168],[-72.50326,44.18227],[-72.50308,44.18238],[-72.50261,44.18253],[-72.5018,44.18251],[-72.50155,44.18266],[-72.50146,44.18289],[-72.50152,44.18315],[-72.5018,44.18367],[-72.50177,44.1838],[-72.50131,44.18419],[-72.5008,44.18497],[-72.50038,44.18524],[-72.49993,44.18575],[-72.49991,44.18589],[-72.50013,44.18604],[-72.50029,44.18624],[-72.50029,44.1865],[-72.49985,44.18677],[-72.49972,44.18702],[-72.4994,44.18712],[-72.49928,44.18723],[-72.49917,44.18751],[-72.49924,44.1879],[-72.49917,44.18808],[-72.49921,44.18825],[-72.49932,44.18837],[-72.49951,44.18841],[-72.49991,44.18824],[-72.50014,44.18806],[-72.50028,44.18801],[-72.50056,44.18818],[-72.50073,44.18842],[-72.50086,44.18874],[-72.50087,44.18956],[-72.50102,44.19009]],[[-72.50923,44.17323],[-72.509,44.17342],[-72.50898,44.17357],[-72.50869,44.17414],[-72.50864,44.17448],[-72.50843,44.17479],[-72.50798,44.17503],[-72.50741,44.17511],[-72.50736,44.17522],[-72.50763,44.17556],[-72.5076,44.17569],[-72.50747,44.17583],[-72.50747,44.17593],[-72.50798,44.17645]],[[-72.51157,44.16527],[-72.51233,44.16545],[-72.51248,44.16553],[-72.51247,44.1656],[-72.5123,44.16584],[-72.51221,44.16609],[-72.51196,44.16638],[-72.51192,44.16677],[-72.5117,44.16693],[-72.5113,44.16742],[-72.51129,44.16752],[-72.51142,44.16774],[-72.51138,44.1679],[-72.51095,44.16857],[-72.51095,44.16866],[-72.51102,44.16877],[-72.51121,44.16883],[-72.51142,44.16876],[-72.51155,44.16878],[-72.51162,44.16901],[-72.51169,44.16909],[-72.51203,44.16925],[-72.51217,44.16957],[-72.51229,44.16969],[-72.5128,44.16983],[-72.51287,44.16994],[-72.51287,44.1701],[-72.51247,44.17031],[-72.5126,44.17059],[-72.51258,44.17071],[-72.51249,44.17079],[-72.51235,44.17082],[-72.51224,44.1708],[-72.51209,44.17061],[-72.51198,44.17055],[-72.51188,44.17056],[-72.51184,44.17066],[-72.51202,44.171],[-72.5119,44.17112],[-72.5115,44.17137],[-72.51125,44.17151],[-72.51111,44.17152],[-72.51102,44.17146],[-72.51096,44.17127],[-72.51085,44.17122],[-72.51072,44.17126],[-72.51056,44.17147],[-72.50999,44.17157],[-72.50994,44.17175],[-72.50988,44.17186],[-72.50977,44.17191],[-72.50975,44.172],[-72.51009,44.17259],[-72.51015,44.17297],[-72.51008,44.1731],[-72.50995,44.17315],[-72.50967,44.17308],[-72.50959,44.17302],[-72.50974,44.1728],[-72.50975,44.17271],[-72.50963,44.17265],[-72.5094,44.1727],[-72.50929,44.17285],[-72.50931,44.17316],[-72.50923,44.17323]],[[-72.51514,44.15976],[-72.51496,44.16016],[-72.51484,44.16025],[-72.5148,44.16036],[-72.51486,44.16047],[-72.51513,44.1604],[-72.51535,44.16042],[-72.51542,44.16053],[-72.51541,44.1608],[-72.51551,44.16097],[-72.51546,44.16108],[-72.51526,44.16122],[-72.51523,44.16136],[-72.51505,44.16154],[-72.51502,44.16177],[-72.51493,44.16188],[-72.5145,44.16204],[-72.5143,44.16231],[-72.51386,44.16254],[-72.51352,44.16278],[-72.51335,44.16305],[-72.51337,44.16316],[-72.5135,44.16331],[-72.51341,44.16348],[-72.5133,44.16354],[-72.51314,44.16353],[-72.51277,44.16345],[-72.51269,44.16336],[-72.51247,44.16342],[-72.51244,44.16359],[-72.51249,44.16371],[-72.51305,44.16401],[-72.51309,44.1641],[-72.51307,44.16419],[-72.51278,44.16456],[-72.51226,44.16467],[-72.5116,44.16508],[-72.51154,44.16519],[-72.51157,44.16527]],[[-72.53309,44.13151],[-72.53289,44.13198],[-72.5328,44.13237],[-72.53288,44.13258],[-72.53306,44.13273],[-72.5332,44.13279],[-72.53319,44.13294],[-72.53344,44.13316],[-72.5334,44.13325],[-72.53336,44.1333],[-72.53292,44.13336],[-72.53202,44.13334],[-72.53197,44.1334],[-72.53199,44.1335],[-72.5321,44.13359],[-72.53235,44.13368],[-72.53238,44.13375],[-72.53233,44.13382],[-72.53211,44.13384],[-72.53209,44.13389],[-72.53243,44.13414],[-72.53247,44.13419],[-72.53245,44.13423],[-72.53217,44.13455],[-72.53198,44.13466],[-72.5315,44.13472],[-72.53131,44.13488],[-72.53117,44.13485],[-72.53096,44.13488]],[[-72.5367,44.12408],[-72.53633,44.12444],[-72.53581,44.12467],[-72.53565,44.12482],[-72.5356,44.12503],[-72.53514,44.12508],[-72.53507,44.12524],[-72.53508,44.1254],[-72.53512,44.12549],[-72.5353,44.12566],[-72.53532,44.12579],[-72.53522,44.12589],[-72.535,44.12592],[-72.53493,44.12598],[-72.53495,44.12604],[-72.53519,44.12615],[-72.53518,44.12621],[-72.53494,44.1265],[-72.53461,44.12656],[-72.53454,44.12667],[-72.53474,44.1268],[-72.53473,44.12685],[-72.53464,44.12692],[-72.53443,44.12693],[-72.53421,44.12734],[-72.53445,44.128],[-72.53442,44.12845],[-72.53458,44.12848],[-72.53484,44.1284],[-72.53502,44.12844],[-72.53495,44.12877],[-72.53496,44.1289],[-72.53476,44.12922],[-72.53446,44.13013],[-72.53439,44.13022],[-72.534,44.13041],[-72.53393,44.13059],[-72.5337,44.13074],[-72.53353,44.13102],[-72.53311,44.13144],[-72.53309,44.13151]],[[-72.52933,44.14281],[-72.52918,44.14292],[-72.52918,44.14311],[-72.52908,44.14318],[-72.52862,44.14303],[-72.52852,44.14283],[-72.52831,44.14284],[-72.5282,44.14298],[-72.52818,44.14311],[-72.52849,44.14333],[-72.52849,44.14344],[-72.52838,44.14353],[-72.52804,44.14361],[-72.52785,44.144],[-72.52767,44.14403],[-72.52742,44.14391],[-72.52694,44.14405],[-72.5269,44.14409],[-72.5269,44.14422],[-72.52702,44.14433],[-72.52695,44.14442],[-72.52622,44.14429],[-72.52571,44.14443],[-72.52522,44.14489],[-72.52472,44.14512],[-72.52466,44.14521],[-72.52461,44.14541],[-72.52465,44.14605],[-72.52411,44.14685]],[[-72.54973,44.0898],[-72.54971,44.09033],[-72.54947,44.09102],[-72.54865,44.09225],[-72.54779,44.09279],[-72.54757,44.09306]]]}},{"type":"Feature","properties":{"stream_id":"martins-brook","stream":"Martins Brook","name":"Martins Brook","order":4,"role":"matched"},"geometry":{"type":"MultiLineString","coordinates":[[[-72.66159,44.3753],[-72.66154,44.37514],[-72.66138,44.37492],[-72.66116,44.37478],[-72.66072,44.3746],[-72.66047,44.37441],[-72.66027,44.37435],[-72.66016,44.37427],[-72.65999,44.37424],[-72.65948,44.37397],[-72.65894,44.37386],[-72.65836,44.37391],[-72.65816,44.37384],[-72.65779,44.37354],[-72.65753,44.37348],[-72.65573,44.37331],[-72.65563,44.37324],[-72.65555,44.37307]],[[-72.65555,44.37307],[-72.65533,44.37283],[-72.65528,44.37267],[-72.6551,44.37242],[-72.6549,44.37239],[-72.65446,44.37217],[-72.65425,44.37214],[-72.65425,44.37207]],[[-72.65044,44.36986],[-72.65013,44.36979],[-72.64984,44.36955],[-72.64973,44.36953],[-72.64961,44.36927],[-72.649,44.36911]],[[-72.64869,44.36833],[-72.64864,44.36818]],[[-72.63372,44.36141],[-72.63358,44.36134],[-72.63294,44.36119],[-72.63242,44.36119],[-72.63219,44.36109],[-72.63208,44.36096]],[[-72.649,44.36911],[-72.64889,44.36899],[-72.64857,44.3689],[-72.64854,44.36884],[-72.64852,44.36878],[-72.6486,44.36868],[-72.64869,44.36833]],[[-72.5986,44.35377],[-72.59798,44.35363],[-72.59781,44.3535],[-72.59767,44.35318],[-72.59732,44.35257],[-72.59677,44.35187],[-72.59625,44.35158],[-72.59566,44.35134],[-72.59457,44.35114],[-72.59438,44.35106],[-72.59427,44.35094],[-72.59419,44.35056],[-72.59401,44.35011],[-72.59376,44.34987],[-72.59367,44.34971],[-72.59358,44.34934],[-72.5936,44.34906],[-72.59356,44.34899],[-72.59278,44.34833],[-72.59254,44.34806],[-72.59237,44.34793],[-72.59204,44.34782],[-72.59112,44.34769],[-72.59038,44.34728]],[[-72.59038,44.34728],[-72.5902,44.34716],[-72.59006,44.34689],[-72.59002,44.34616],[-72.58993,44.34596],[-72.5898,44.34575],[-72.58898,44.34495]],[[-72.65269,44.37139],[-72.65248,44.3713],[-72.65242,44.37117],[-72.65232,44.37111],[-72.65238,44.37078],[-72.65224,44.3707],[-72.65237,44.37061],[-72.65237,44.37056],[-72.65224,44.37044],[-72.65203,44.37044],[-72.65148,44.37015],[-72.6506,44.37005],[-72.65044,44.36986]],[[-72.64751,44.36745],[-72.64726,44.36732],[-72.64713,44.36734],[-72.64704,44.36741],[-72.64675,44.36721],[-72.64647,44.36685],[-72.64632,44.36685],[-72.64633,44.36668],[-72.64598,44.3667],[-72.64573,44.36685],[-72.64573,44.36693],[-72.64564,44.36702],[-72.64513,44.36714],[-72.64507,44.36717],[-72.64505,44.36726],[-72.64466,44.3673],[-72.64415,44.36721],[-72.64405,44.36713],[-72.64394,44.36691],[-72.64343,44.36694],[-72.64325,44.36672],[-72.64297,44.36612],[-72.64262,44.36575],[-72.64247,44.36571],[-72.64191,44.36526],[-72.64183,44.3651],[-72.6417,44.36496],[-72.64134,44.36491],[-72.64124,44.36482],[-72.64098,44.36478],[-72.64034,44.3646],[-72.64002,44.36436],[-72.63982,44.36437],[-72.63919,44.36421],[-72.63872,44.36428],[-72.63859,44.36438],[-72.63831,44.36443],[-72.6377,44.36431],[-72.63741,44.3644],[-72.63724,44.36439],[-72.63699,44.3641],[-72.63666,44.36395],[-72.63656,44.36383],[-72.63612,44.36354],[-72.63591,44.3632],[-72.63562,44.36286],[-72.63546,44.36277],[-72.63498,44.36278],[-72.63471,44.36254],[-72.63456,44.36249],[-72.63427,44.36247],[-72.63398,44.36255],[-72.63364,44.36247],[-72.6335,44.3624],[-72.6335,44.36234],[-72.63359,44.3623],[-72.63362,44.36221],[-72.63344,44.36207],[-72.63339,44.36189]],[[-72.63208,44.36096],[-72.63206,44.36039],[-72.63201,44.36021],[-72.63191,44.36012],[-72.63143,44.3599],[-72.63115,44.35991],[-72.63064,44.35985],[-72.63043,44.35988],[-72.6303,44.36004],[-72.63034,44.36023],[-72.6303,44.36028],[-72.62993,44.36038],[-72.62938,44.36033],[-72.62928,44.3602],[-72.62911,44.36015],[-72.62886,44.36031],[-72.62759,44.3605],[-72.62698,44.3605],[-72.62678,44.36045],[-72.62659,44.36015],[-72.62644,44.36008],[-72.62566,44.36008],[-72.62549,44.35998],[-72.62522,44.35939],[-72.62465,44.35904],[-72.62449,44.35869],[-72.6243,44.35867],[-72.62422,44.35889],[-72.62393,44.35895],[-72.62364,44.35892],[-72.62322,44.35869],[-72.62275,44.35803],[-72.62225,44.35767],[-72.62195,44.35733],[-72.62154,44.35708],[-72.62105,44.35688],[-72.62046,44.3565],[-72.6201,44.3564],[-72.61946,44.3563],[-72.61927,44.35614],[-72.61901,44.3561],[-72.61808,44.35621],[-72.61762,44.35616],[-72.61687,44.35635],[-72.61658,44.3565],[-72.61632,44.35647],[-72.61622,44.35639],[-72.61618,44.35613],[-72.61611,44.35607],[-72.61539,44.35609],[-72.61509,44.35595],[-72.61478,44.35543],[-72.61448,44.35522],[-72.61429,44.35515],[-72.61407,44.35515],[-72.6136,44.35532],[-72.61317,44.35533],[-72.61137,44.35517],[-72.61114,44.35511],[-72.61086,44.35493],[-72.61048,44.35447],[-72.61008,44.35421],[-72.60992,44.3542],[-72.60958,44.35405],[-72.60864,44.35402],[-72.60813,44.35393],[-72.60692,44.35309],[-72.60672,44.35307],[-72.60653,44.35313],[-72.60644,44.35319],[-72.60629,44.35344],[-72.60583,44.35354],[-72.60543,44.35337],[-72.60534,44.35325],[-72.60497,44.353],[-72.60476,44.35297],[-72.60447,44.35283],[-72.60377,44.35289],[-72.60314,44.35276],[-72.60262,44.35277],[-72.60192,44.35312],[-72.60146,44.35343],[-72.60099,44.35352],[-72.60075,44.3535],[-72.60058,44.35344],[-72.60022,44.35345],[-72.59964,44.35366],[-72.59902,44.35363],[-72.59883,44.35366],[-72.5986,44.35377]],[[-72.65425,44.37207],[-72.65414,44.37195],[-72.65377,44.37198],[-72.65359,44.37192],[-72.65332,44.37192],[-72.65321,44.37179],[-72.65298,44.37176],[-72.65273,44.3716],[-72.65269,44.37139]],[[-72.64864,44.36818],[-72.64862,44.36812],[-72.64851,44.36808],[-72.64833,44.36785],[-72.64782,44.36768],[-72.64751,44.36745]],[[-72.63339,44.36189],[-72.63354,44.36179],[-72.63358,44.36168],[-72.63379,44.36154],[-72.63379,44.36146],[-72.63372,44.36141]],[[-72.58337,44.34015],[-72.58312,44.34005],[-72.5829,44.33968],[-72.58246,44.33927],[-72.58141,44.33861],[-72.58108,44.33828],[-72.581,44.33811],[-72.58094,44.33764],[-72.58106,44.33706],[-72.58102,44.33674],[-72.58089,44.33651],[-72.58041,44.33597],[-72.58024,44.33552],[-72.57989,44.33499],[-72.57973,44.33486],[-72.57918,44.33478],[-72.57877,44.33478],[-72.57833,44.33458],[-72.57792,44.33421],[-72.57774,44.33396],[-72.57769,44.33367],[-72.57773,44.33334],[-72.57764,44.33321],[-72.57717,44.33302]],[[-72.57717,44.33302],[-72.57658,44.33268],[-72.57613,44.33251],[-72.57564,44.33237],[-72.57539,44.33238],[-72.57526,44.33246],[-72.57528,44.3326],[-72.57538,44.33274],[-72.57531,44.33291],[-72.5748,44.33353],[-72.57462,44.33357],[-72.57452,44.33355],[-72.57429,44.33337],[-72.57389,44.33349],[-72.573,44.33355],[-72.57287,44.33351],[-72.57287,44.33332],[-72.57282,44.33322],[-72.5726,44.33304],[-72.57229,44.33295],[-72.57217,44.33273],[-72.57199,44.33256],[-72.57158,44.33261],[-72.57125,44.33256],[-72.57108,44.33276]],[[-72.5888,44.34468],[-72.58878,44.34445],[-72.5886,44.34419],[-72.58835,44.34356],[-72.58823,44.34306],[-72.58806,44.34278],[-72.58752,44.3421],[-72.58662,44.34132],[-72.58601,44.341],[-72.58485,44.34065],[-72.58467,44.34046],[-72.58428,44.34028],[-72.58337,44.34015]],[[-72.58898,44.34495],[-72.5888,44.34468]]]}},{"type":"Feature","properties":{"stream_id":"herrick-brook","stream":"Herrick Brook","name":"Herrick Brook","order":2,"role":"matched"},"geometry":{"type":"MultiLineString","coordinates":[[[-72.66127,44.36291],[-72.66004,44.36337],[-72.65989,44.36338],[-72.65956,44.36328],[-72.65915,44.36288],[-72.65883,44.36278],[-72.65875,44.36254],[-72.65838,44.36218],[-72.65835,44.3621],[-72.65822,44.362],[-72.65822,44.36193],[-72.65808,44.3618],[-72.65784,44.36166],[-72.65744,44.36157],[-72.65687,44.36099],[-72.65652,44.36098],[-72.65634,44.36079],[-72.65623,44.36055],[-72.65595,44.3605],[-72.65574,44.36032],[-72.65568,44.36023],[-72.65568,44.36007],[-72.65562,44.35994],[-72.6553,44.3597],[-72.65518,44.35956],[-72.65491,44.35947],[-72.65474,44.35935],[-72.6547,44.35916],[-72.65451,44.35891],[-72.65437,44.35846],[-72.65374,44.35776]],[[-72.65,44.35551],[-72.6497,44.35532],[-72.64925,44.35521],[-72.64845,44.35514],[-72.64796,44.35502],[-72.64765,44.35471],[-72.64741,44.35462],[-72.64686,44.35458],[-72.64649,44.35448],[-72.64632,44.35438],[-72.64574,44.35428],[-72.6454,44.354],[-72.64505,44.35387],[-72.64439,44.35374],[-72.64369,44.35323],[-72.64317,44.35316],[-72.64299,44.35308],[-72.64278,44.35306],[-72.64206,44.35268],[-72.64117,44.35261],[-72.64073,44.35281],[-72.6403,44.35282]],[[-72.65374,44.35776],[-72.65326,44.35763],[-72.65254,44.35756],[-72.65238,44.35748],[-72.65235,44.35735],[-72.6518,44.35705]],[[-72.65162,44.35694],[-72.65147,44.35678]],[[-72.65137,44.35664],[-72.65117,44.35647],[-72.65117,44.35634]],[[-72.61764,44.34798],[-72.61756,44.34784],[-72.61723,44.3477],[-72.61689,44.34746],[-72.61619,44.3473],[-72.61574,44.34727],[-72.6148,44.34739],[-72.61392,44.34708],[-72.61312,44.34696],[-72.61207,44.34689],[-72.61071,44.34689],[-72.60981,44.34674],[-72.60949,44.34644],[-72.60919,44.3463],[-72.60869,44.34617],[-72.60824,44.34618],[-72.60788,44.34614],[-72.60715,44.34565],[-72.60619,44.34531],[-72.60593,44.34517],[-72.60547,44.34462]],[[-72.60547,44.34462],[-72.60533,44.34449],[-72.60506,44.34437],[-72.60429,44.34425],[-72.60392,44.34427],[-72.60311,44.34445],[-72.60236,44.34444],[-72.60199,44.3443],[-72.60186,44.34407],[-72.60161,44.34389],[-72.60124,44.34389],[-72.60094,44.34374],[-72.60061,44.34371],[-72.59943,44.34384],[-72.59872,44.34357],[-72.59845,44.34359],[-72.59816,44.34354],[-72.59748,44.34362],[-72.59697,44.34386],[-72.59647,44.34397],[-72.59524,44.34368],[-72.59505,44.34367],[-72.59452,44.34377],[-72.59331,44.34371],[-72.5931,44.34376],[-72.59234,44.3437],[-72.59162,44.3439],[-72.59098,44.34467],[-72.59061,44.34478],[-72.58967,44.34452],[-72.58947,44.34457],[-72.58921,44.3447],[-72.58889,44.34471]],[[-72.65107,44.35621],[-72.65078,44.35601],[-72.65059,44.35597]],[[-72.65049,44.3559],[-72.65045,44.35587]],[[-72.65018,44.35567],[-72.65012,44.35562]],[[-72.6403,44.35282],[-72.63994,44.35275],[-72.63962,44.35249],[-72.63937,44.35242],[-72.63871,44.35239],[-72.63833,44.35245],[-72.63796,44.35241],[-72.63755,44.35247],[-72.63711,44.35246],[-72.6369,44.35236],[-72.6365,44.35233],[-72.63635,44.35216],[-72.63624,44.35213],[-72.63566,44.35206],[-72.6353,44.35182],[-72.63519,44.35181],[-72.63518,44.35188],[-72.63513,44.35189],[-72.63494,44.35188],[-72.63477,44.35175],[-72.63442,44.35171]],[[-72.63442,44.35171],[-72.63394,44.35154],[-72.63384,44.35135],[-72.6335,44.35106],[-72.63335,44.35081],[-72.63296,44.35069],[-72.63211,44.35062],[-72.63181,44.3505],[-72.63165,44.35036],[-72.6314,44.35029],[-72.62972,44.35026],[-72.62913,44.35018],[-72.62856,44.35033],[-72.62812,44.35056],[-72.62782,44.35057],[-72.62732,44.35053],[-72.6267,44.35009],[-72.62635,44.34998],[-72.62619,44.35007],[-72.62583,44.35011],[-72.62553,44.34999],[-72.6251,44.34994],[-72.62468,44.34982],[-72.62439,44.34979],[-72.62429,44.34987],[-72.62409,44.34989],[-72.62369,44.34971],[-72.62327,44.34974],[-72.62291,44.34963],[-72.62248,44.34966],[-72.62214,44.34979],[-72.6218,44.34982],[-72.62166,44.34989],[-72.62054,44.34984],[-72.6204,44.34989],[-72.62015,44.3498],[-72.61936,44.34895],[-72.6189,44.34868],[-72.6184,44.34858],[-72.61806,44.34829],[-72.61769,44.34808],[-72.61764,44.34798]],[[-72.65147,44.35678],[-72.65137,44.35664]],[[-72.65117,44.35634],[-72.65107,44.35621]],[[-72.65012,44.35562],[-72.65005,44.35555]],[[-72.65005,44.35555],[-72.65,44.35551]],[[-72.65045,44.35587],[-72.65018,44.35567]],[[-72.65059,44.35597],[-72.65049,44.3559]],[[-72.6518,44.35705],[-72.65162,44.35694]],[[-72.58889,44.34471],[-72.5888,44.34468]]]}},{"type":"Feature","properties":{"stream_id":"dog-river-mainstem","stream":"Dog River mainstem","name":"Dog River","order":5,"role":"matched"},"geometry":{"type":"MultiLineString","coordinates":[[[-72.77569,44.11434],[-72.77551,44.11431]],[[-72.7796,44.11921],[-72.77966,44.11891],[-72.7798,44.1186],[-72.77978,44.1185],[-72.77983,44.11832],[-72.77976,44.11816],[-72.77978,44.11804],[-72.77941,44.1177],[-72.77934,44.11747],[-72.77937,44.11726],[-72.77919,44.11713],[-72.77931,44.11693],[-72.77925,44.11684],[-72.77859,44.11635],[-72.77829,44.116],[-72.77807,44.11597],[-72.7777,44.11581],[-72.77723,44.11556],[-72.77708,44.11543],[-72.77666,44.11527],[-72.77651,44.11512],[-72.77618,44.11503],[-72.77597,44.11483],[-72.77585,44.11446],[-72.77569,44.11434]],[[-72.72719,44.11543],[-72.72713,44.1153],[-72.727,44.11521],[-72.7263,44.11571],[-72.72591,44.11593],[-72.72577,44.11609],[-72.72545,44.1163],[-72.72533,44.11647],[-72.72514,44.11657],[-72.72473,44.11662],[-72.72428,44.11656],[-72.72385,44.11664],[-72.72379,44.1166],[-72.72372,44.11632],[-72.72354,44.11619],[-72.72332,44.11617]],[[-72.77551,44.11431],[-72.7754,44.11422],[-72.77514,44.11421],[-72.77503,44.11401],[-72.77495,44.11401],[-72.77478,44.11388],[-72.77444,44.1138],[-72.77433,44.11364],[-72.77399,44.11342],[-72.77364,44.11334],[-72.77312,44.1133],[-72.7727,44.11314],[-72.77233,44.11307],[-72.77214,44.11286],[-72.77205,44.11283],[-72.77152,44.11272]],[[-72.72907,44.10966],[-72.72869,44.11209],[-72.72871,44.11265],[-72.72866,44.11297],[-72.72854,44.11342],[-72.72825,44.11399],[-72.72821,44.11427],[-72.7284,44.11461],[-72.72844,44.11483],[-72.72837,44.11494],[-72.72808,44.11505],[-72.72792,44.11523],[-72.72751,44.11514],[-72.72743,44.11538],[-72.72735,44.11547],[-72.72719,44.11543]],[[-72.77152,44.11272],[-72.77128,44.11271],[-72.76869,44.11193],[-72.76774,44.11151],[-72.76696,44.11156],[-72.76634,44.11144],[-72.76602,44.11144],[-72.7656,44.11138],[-72.76536,44.11132],[-72.76523,44.11109],[-72.76492,44.11095],[-72.7647,44.11094],[-72.76419,44.11115],[-72.76412,44.11113],[-72.76364,44.11084],[-72.76305,44.11061],[-72.7627,44.10985],[-72.76198,44.1096],[-72.76193,44.10948],[-72.76162,44.1094],[-72.76152,44.10929],[-72.7611,44.10905]],[[-72.71762,44.11781],[-72.71721,44.11809],[-72.71678,44.11817],[-72.71581,44.11796],[-72.71548,44.11808],[-72.71531,44.11808]],[[-72.71979,44.11705],[-72.71958,44.11725],[-72.71888,44.11756],[-72.71762,44.11781]],[[-72.72332,44.11617],[-72.72302,44.11631]],[[-72.72302,44.11631],[-72.72269,44.11618],[-72.72299,44.11584],[-72.72298,44.11574],[-72.72267,44.11584],[-72.72191,44.11594],[-72.72153,44.11615],[-72.72121,44.11619],[-72.72061,44.11668],[-72.71995,44.11692],[-72.71979,44.11705]],[[-72.73243,44.10538],[-72.73184,44.10534],[-72.7314,44.10521],[-72.73058,44.10482],[-72.73052,44.10484],[-72.7305,44.10495],[-72.73037,44.10503],[-72.73003,44.10505]],[[-72.7611,44.10905],[-72.76092,44.10913],[-72.76043,44.10913],[-72.75973,44.10874],[-72.75943,44.10849],[-72.75926,44.10822],[-72.75915,44.10815],[-72.75867,44.10809],[-72.75799,44.10789],[-72.75735,44.10783],[-72.75681,44.1075],[-72.75665,44.10744],[-72.75628,44.10744],[-72.75474,44.10722],[-72.75436,44.10693],[-72.75298,44.10633],[-72.75226,44.10593],[-72.75184,44.10584],[-72.75169,44.10574],[-72.75172,44.1054],[-72.75152,44.10501],[-72.75143,44.10495],[-72.75118,44.10497],[-72.751,44.10515],[-72.75059,44.10534],[-72.74983,44.10529],[-72.74937,44.10515],[-72.7489,44.10473],[-72.74816,44.10421],[-72.74792,44.1037],[-72.74791,44.10354],[-72.74744,44.10327],[-72.74746,44.10298],[-72.74715,44.10253],[-72.74715,44.1021],[-72.74706,44.102],[-72.74694,44.10146],[-72.74655,44.1013],[-72.74629,44.10113],[-72.74608,44.10059],[-72.74584,44.10034],[-72.74559,44.10025],[-72.74559,44.09955],[-72.74548,44.0994]],[[-72.74548,44.0994],[-72.74544,44.09921],[-72.74513,44.099],[-72.74513,44.09864],[-72.74507,44.09852],[-72.74504,44.09815],[-72.74443,44.09761],[-72.7443,44.09743],[-72.74379,44.09711],[-72.74378,44.09698],[-72.74389,44.09667],[-72.74387,44.09646],[-72.7438,44.09639],[-72.7435,44.09632],[-72.7426,44.09632],[-72.74219,44.09617],[-72.74175,44.09591],[-72.7414,44.09588],[-72.74114,44.0957],[-72.74098,44.09545],[-72.74054,44.09513],[-72.73999,44.09484],[-72.73979,44.09456],[-72.73939,44.09422],[-72.73883,44.09395],[-72.73856,44.09399],[-72.73825,44.09389],[-72.738,44.0937],[-72.73749,44.09294],[-72.73715,44.09202],[-72.73704,44.09149],[-72.73705,44.0913],[-72.73718,44.09104],[-72.73717,44.09099],[-72.73704,44.09092],[-72.73664,44.091],[-72.73651,44.09082],[-72.73648,44.09061],[-72.73642,44.09058],[-72.73629,44.09061],[-72.73619,44.09076],[-72.73617,44.09083],[-72.73633,44.09107],[-72.73633,44.09112],[-72.73624,44.09119],[-72.73501,44.09122],[-72.73454,44.09134],[-72.73443,44.09171],[-72.73429,44.09189],[-72.73397,44.09293],[-72.73352,44.09448],[-72.73349,44.09472],[-72.73266,44.09745]],[[-72.73266,44.09745],[-72.73253,44.09775],[-72.73257,44.09784],[-72.73268,44.09791],[-72.73292,44.09793],[-72.73303,44.09811],[-72.73333,44.09833],[-72.73344,44.09853],[-72.73347,44.09894],[-72.73342,44.09905],[-72.73359,44.09978],[-72.7335,44.10006],[-72.73329,44.1002],[-72.73329,44.10031],[-72.73318,44.10045],[-72.73322,44.10052],[-72.73333,44.10055],[-72.73332,44.10069],[-72.73323,44.10079],[-72.73336,44.10086],[-72.73334,44.10105],[-72.73326,44.10118],[-72.73311,44.10127],[-72.73291,44.10172],[-72.73288,44.1023],[-72.7329,44.10252],[-72.733,44.10265],[-72.73296,44.10278],[-72.73263,44.10313],[-72.73281,44.10334],[-72.73269,44.10368],[-72.73266,44.10415],[-72.73273,44.10455],[-72.73279,44.10475],[-72.73288,44.10487],[-72.73282,44.10513],[-72.73284,44.10527],[-72.7326,44.10539],[-72.73243,44.10538]],[[-72.72879,44.10557],[-72.72877,44.10568],[-72.72858,44.10571],[-72.72826,44.10586],[-72.72787,44.10594],[-72.72774,44.10604],[-72.72766,44.10629],[-72.7274,44.10635],[-72.72719,44.10659],[-72.72729,44.1069],[-72.72715,44.10704],[-72.72684,44.10719],[-72.72683,44.10724],[-72.72694,44.10734],[-72.72728,44.10727],[-72.7278,44.10728],[-72.72788,44.10735],[-72.72791,44.10741],[-72.72781,44.10762],[-72.72811,44.10798],[-72.72812,44.10812],[-72.72804,44.10819],[-72.72808,44.10838],[-72.72803,44.10857],[-72.72823,44.10863],[-72.72821,44.10889],[-72.7285,44.10941],[-72.72866,44.10957],[-72.72901,44.1096],[-72.72907,44.10966]],[[-72.73003,44.10505],[-72.72983,44.10514],[-72.7298,44.10523],[-72.72983,44.10529],[-72.72965,44.10545],[-72.72945,44.10549],[-72.72895,44.10549],[-72.72879,44.10557]],[[-72.68805,44.11034],[-72.6864,44.11088],[-72.68636,44.11128],[-72.68619,44.11176],[-72.68612,44.1121],[-72.68602,44.11237],[-72.68578,44.11275],[-72.68497,44.11346],[-72.68323,44.11417],[-72.68313,44.11456],[-72.68288,44.11464],[-72.68248,44.11463],[-72.6823,44.1147],[-72.682,44.11472],[-72.68075,44.11433],[-72.68019,44.11405],[-72.68003,44.11384],[-72.6798,44.11377],[-72.67921,44.11424],[-72.67909,44.11443],[-72.67901,44.11471],[-72.67906,44.11491],[-72.67942,44.11517],[-72.67939,44.11562],[-72.67927,44.1159],[-72.67912,44.11599],[-72.67891,44.11603],[-72.67841,44.11603],[-72.67804,44.11628],[-72.67738,44.11654]],[[-72.6604,44.14905],[-72.66007,44.14939],[-72.65997,44.14962],[-72.65975,44.14995],[-72.6594,44.1501],[-72.65873,44.15018],[-72.65791,44.15015],[-72.65712,44.14996],[-72.65582,44.14951],[-72.65546,44.14946],[-72.65516,44.14923],[-72.65471,44.14905]],[[-72.60107,44.25632],[-72.60101,44.25648]],[[-72.66671,44.13827],[-72.66671,44.1388],[-72.66646,44.1391],[-72.66617,44.13921],[-72.66571,44.13923],[-72.66556,44.13931],[-72.66539,44.13954],[-72.66534,44.13978],[-72.66542,44.14053],[-72.66538,44.14117],[-72.66544,44.14124],[-72.66555,44.14129],[-72.66593,44.14127],[-72.66626,44.14106],[-72.66642,44.14102],[-72.66668,44.14107],[-72.66672,44.14118]],[[-72.66521,44.1233],[-72.66521,44.12368],[-72.66501,44.1241],[-72.66494,44.1244],[-72.66494,44.12463],[-72.66504,44.12495],[-72.66524,44.12527],[-72.66591,44.12611],[-72.666,44.12664],[-72.66612,44.12682],[-72.66598,44.1276],[-72.66582,44.12794]],[[-72.7003,44.11344],[-72.70012,44.11338],[-72.69964,44.11308],[-72.69945,44.1131],[-72.69927,44.11324],[-72.69844,44.11306],[-72.69812,44.1129],[-72.69768,44.11249],[-72.69758,44.11245],[-72.69633,44.11234],[-72.69569,44.11237]],[[-72.69569,44.11237],[-72.69483,44.11246],[-72.69454,44.1124],[-72.69418,44.11217],[-72.69384,44.11189],[-72.6926,44.11127],[-72.69202,44.11091],[-72.69173,44.11072],[-72.69158,44.11043],[-72.69114,44.11041],[-72.69076,44.11033],[-72.69025,44.11037],[-72.68962,44.11021]],[[-72.68962,44.11021],[-72.68941,44.11019],[-72.68843,44.11025],[-72.68805,44.11034]],[[-72.67231,44.11765],[-72.67136,44.11769]],[[-72.67738,44.11654],[-72.6769,44.11655],[-72.67538,44.11694],[-72.67499,44.1172],[-72.67357,44.11789],[-72.67271,44.11769],[-72.67231,44.11765]],[[-72.62362,44.21696],[-72.62374,44.21747],[-72.62405,44.21789],[-72.6237,44.21839],[-72.62371,44.21849],[-72.62378,44.2186],[-72.62429,44.21879],[-72.62438,44.21901],[-72.62436,44.21911],[-72.6243,44.21921],[-72.62406,44.21929],[-72.62367,44.21924],[-72.62334,44.21959],[-72.62293,44.22025],[-72.6229,44.22075],[-72.62278,44.22121],[-72.62247,44.22165],[-72.6219,44.22218],[-72.62159,44.22259],[-72.62158,44.2228],[-72.62167,44.22302],[-72.62231,44.22354],[-72.62234,44.22366],[-72.62229,44.22374],[-72.62187,44.22418],[-72.62173,44.22424],[-72.62139,44.22425],[-72.62115,44.22404],[-72.62093,44.22394],[-72.62035,44.22375],[-72.62,44.22373],[-72.61963,44.22384],[-72.61867,44.22429],[-72.6186,44.22456],[-72.61872,44.22498],[-72.61875,44.2254],[-72.61858,44.22578],[-72.61833,44.22655],[-72.61813,44.22688],[-72.61788,44.22691],[-72.61737,44.22682],[-72.61659,44.22657],[-72.61629,44.22636],[-72.61587,44.22629],[-72.61565,44.22632],[-72.61529,44.22667],[-72.61495,44.2271],[-72.6149,44.22749],[-72.61502,44.22779],[-72.61501,44.22797],[-72.6149,44.22843],[-72.61463,44.22885]],[[-72.62451,44.21408],[-72.62438,44.21415],[-72.62422,44.21435],[-72.62388,44.2153],[-72.62358,44.21594],[-72.62354,44.21632],[-72.62362,44.21696]],[[-72.63451,44.20388],[-72.63436,44.20406],[-72.63423,44.20445],[-72.63419,44.20495],[-72.63425,44.20537],[-72.6344,44.2057],[-72.63454,44.20585],[-72.63454,44.20615]],[[-72.60103,44.24942],[-72.60117,44.24967],[-72.60107,44.24997],[-72.60106,44.2502],[-72.60089,44.25038],[-72.60044,44.25067],[-72.59997,44.25117],[-72.5999,44.25127],[-72.59987,44.25153],[-72.60012,44.2516],[-72.60048,44.2516],[-72.60088,44.25167],[-72.60127,44.25214],[-72.60192,44.25273],[-72.60207,44.25298],[-72.60231,44.2536],[-72.60241,44.25372],[-72.60237,44.25403],[-72.60211,44.25418],[-72.6016,44.25435],[-72.60149,44.25444],[-72.60144,44.25461],[-72.60155,44.25487],[-72.60152,44.25519],[-72.6016,44.25548],[-72.60151,44.25575],[-72.60118,44.25601],[-72.60107,44.25632]],[[-72.59712,44.24572],[-72.5975,44.24572],[-72.59789,44.24565],[-72.59825,44.24567],[-72.59892,44.24671],[-72.59984,44.24787],[-72.59984,44.24801],[-72.59998,44.24822],[-72.60025,44.24832],[-72.6004,44.24856],[-72.60069,44.24887],[-72.60103,44.24942]],[[-72.65153,44.17225],[-72.651,44.17326],[-72.65066,44.17358],[-72.65044,44.17415],[-72.65011,44.17446],[-72.6498,44.17462],[-72.64951,44.17466],[-72.64925,44.1748],[-72.64852,44.17498],[-72.64806,44.17497],[-72.64766,44.17485]],[[-72.59673,44.24513],[-72.59669,44.24541],[-72.59675,44.24555],[-72.59686,44.24567],[-72.59712,44.24572]],[[-72.65665,44.16515],[-72.65679,44.16571],[-72.65669,44.16595],[-72.65583,44.16693],[-72.65481,44.16793],[-72.65461,44.16826],[-72.65453,44.16865],[-72.65441,44.16878],[-72.65401,44.16901],[-72.65335,44.16933],[-72.65281,44.16992],[-72.65256,44.1703],[-72.65209,44.17044],[-72.65203,44.17083],[-72.6519,44.17107],[-72.65183,44.17151],[-72.65164,44.17181],[-72.65153,44.17225]],[[-72.59709,44.23811],[-72.59699,44.23844],[-72.59689,44.23859],[-72.59622,44.23889],[-72.59558,44.23964],[-72.59533,44.24007],[-72.59536,44.24021],[-72.59676,44.24135],[-72.59697,44.24169],[-72.59704,44.24192],[-72.5971,44.24222],[-72.5971,44.24263],[-72.59705,44.24295],[-72.59699,44.24304],[-72.59695,44.24349],[-72.59704,44.24421],[-72.59696,44.24473],[-72.59689,44.24493],[-72.5968,44.24497],[-72.59673,44.24513]],[[-72.59282,44.23804],[-72.5929,44.23832],[-72.59301,44.23845],[-72.59331,44.23857],[-72.59359,44.23857],[-72.59387,44.23828],[-72.59406,44.23792],[-72.59446,44.23742],[-72.59495,44.23727],[-72.59549,44.23723],[-72.59566,44.23724],[-72.59593,44.23736],[-72.59636,44.23777],[-72.59706,44.23798],[-72.59709,44.23811]],[[-72.59348,44.23636],[-72.59314,44.23707],[-72.59286,44.23779],[-72.59282,44.23804]],[[-72.59665,44.23237],[-72.59649,44.23244],[-72.59598,44.23308],[-72.59515,44.23391],[-72.59421,44.23537],[-72.59375,44.23593],[-72.59348,44.23636]],[[-72.60144,44.22884],[-72.60101,44.22893],[-72.60075,44.22907],[-72.60024,44.22944],[-72.59864,44.23084],[-72.59844,44.23114],[-72.5983,44.23147],[-72.59803,44.23174],[-72.5973,44.23211],[-72.59665,44.23237]],[[-72.61463,44.22885],[-72.61426,44.22896],[-72.61271,44.22847],[-72.61225,44.22846],[-72.61152,44.2287],[-72.61079,44.22884],[-72.61061,44.22898],[-72.6102,44.22911],[-72.60982,44.22921],[-72.60966,44.2292],[-72.60947,44.22915],[-72.60889,44.22879],[-72.60833,44.22852],[-72.60792,44.22821],[-72.60737,44.22799],[-72.60655,44.22745],[-72.60624,44.22731],[-72.60606,44.22728],[-72.60527,44.22751],[-72.6047,44.22834],[-72.60378,44.22938],[-72.60325,44.22957],[-72.60302,44.22958],[-72.6029,44.22954],[-72.60227,44.229],[-72.60196,44.2289],[-72.60144,44.22884]],[[-72.63454,44.20615],[-72.63457,44.20623],[-72.63424,44.20633],[-72.63342,44.20621],[-72.63311,44.20628],[-72.63252,44.20691],[-72.63225,44.20736],[-72.63136,44.2086]],[[-72.62725,44.21451],[-72.62712,44.21451],[-72.62696,44.21442],[-72.62633,44.21397],[-72.62571,44.21369],[-72.62556,44.2137],[-72.62547,44.2138],[-72.62537,44.21383],[-72.62523,44.21382],[-72.62488,44.21391],[-72.62451,44.21408]],[[-72.63136,44.2086],[-72.63024,44.21021],[-72.63007,44.21055],[-72.62946,44.21113],[-72.62904,44.212],[-72.62853,44.21246],[-72.62807,44.21312],[-72.62781,44.21384],[-72.62792,44.21434],[-72.62782,44.21446],[-72.62725,44.21451]],[[-72.64087,44.19192],[-72.64062,44.19194],[-72.63975,44.19188],[-72.63959,44.19195],[-72.63934,44.1922],[-72.63897,44.19219],[-72.63867,44.19224],[-72.63772,44.19295],[-72.63712,44.19325],[-72.63683,44.19353],[-72.63664,44.19379],[-72.63641,44.19431],[-72.63642,44.1946],[-72.63652,44.19508],[-72.6367,44.19533],[-72.63696,44.19613],[-72.63675,44.19655],[-72.63614,44.19738],[-72.63591,44.19761],[-72.63528,44.19801],[-72.63501,44.19828],[-72.63493,44.19851]],[[-72.63493,44.19851],[-72.63488,44.19866],[-72.63493,44.19884],[-72.63464,44.19915],[-72.63417,44.19936],[-72.63359,44.19937],[-72.63343,44.19956],[-72.63295,44.20047],[-72.63314,44.20096],[-72.63291,44.20108],[-72.63283,44.20126],[-72.63294,44.20147],[-72.63331,44.20179],[-72.63353,44.20207],[-72.63373,44.20218],[-72.63395,44.2022],[-72.63434,44.20212],[-72.63488,44.2019],[-72.63509,44.20176],[-72.63538,44.2018],[-72.63553,44.20195],[-72.63552,44.20263],[-72.63535,44.20295],[-72.63511,44.20328],[-72.63451,44.20388]],[[-72.64048,44.18552],[-72.64041,44.1868]],[[-72.64041,44.1868],[-72.6404,44.18739],[-72.64048,44.1876],[-72.64116,44.18776],[-72.64139,44.18775],[-72.64152,44.18783],[-72.64153,44.18795],[-72.64131,44.18847],[-72.64117,44.18864],[-72.64115,44.18873],[-72.64133,44.18901],[-72.64133,44.18925],[-72.64116,44.18993],[-72.64088,44.19049],[-72.64107,44.19094],[-72.64145,44.19148],[-72.64127,44.19176],[-72.64112,44.19185],[-72.64087,44.19192]],[[-72.63938,44.17824],[-72.6391,44.17838],[-72.63904,44.17864],[-72.63917,44.17904],[-72.63919,44.1796],[-72.6403,44.18007],[-72.64042,44.1802],[-72.64029,44.18068],[-72.64,44.18095],[-72.63983,44.18124],[-72.6398,44.18142],[-72.64014,44.18191],[-72.64019,44.18212],[-72.64074,44.18245],[-72.6409,44.18289],[-72.64089,44.18307],[-72.64068,44.18333],[-72.64083,44.18387],[-72.64082,44.18413],[-72.64057,44.18465],[-72.64048,44.18552]],[[-72.65335,44.15982],[-72.65347,44.16002],[-72.65356,44.16005],[-72.6542,44.15986],[-72.65446,44.15989],[-72.65558,44.16072],[-72.65574,44.16088],[-72.65645,44.1612],[-72.65708,44.16169],[-72.65723,44.16203],[-72.65723,44.16232],[-72.65709,44.16299],[-72.65701,44.16315],[-72.65633,44.16385],[-72.65622,44.16414],[-72.6563,44.16445],[-72.65665,44.16515]],[[-72.64766,44.17485],[-72.64709,44.17471],[-72.64674,44.17472],[-72.64652,44.17484],[-72.64636,44.17506],[-72.64636,44.17547],[-72.64628,44.17556],[-72.64595,44.17559],[-72.64545,44.1758],[-72.64462,44.17586],[-72.6444,44.17595],[-72.64375,44.17652],[-72.64323,44.17673],[-72.64284,44.17707],[-72.64238,44.17753],[-72.64186,44.17823],[-72.64172,44.17828],[-72.64112,44.17825],[-72.64052,44.17831],[-72.63938,44.17824]],[[-72.66167,44.14655],[-72.66094,44.14682],[-72.66076,44.14697],[-72.66067,44.14712],[-72.66054,44.14769],[-72.66053,44.14881],[-72.6604,44.14905]],[[-72.66672,44.14118],[-72.66672,44.14126],[-72.66659,44.14142],[-72.66629,44.14158],[-72.66585,44.14195],[-72.66514,44.14263],[-72.6642,44.1431],[-72.66377,44.1435],[-72.66302,44.1438],[-72.66282,44.14454],[-72.66293,44.14508],[-72.66291,44.1454],[-72.66298,44.14564],[-72.66329,44.14597],[-72.6633,44.14612],[-72.66315,44.14627],[-72.66283,44.14639],[-72.66167,44.14655]],[[-72.66558,44.13276],[-72.66549,44.13373],[-72.66552,44.13413],[-72.66558,44.13426],[-72.66582,44.13432],[-72.6666,44.13437],[-72.66703,44.13433],[-72.66727,44.13427],[-72.66778,44.13385],[-72.66813,44.13379],[-72.66824,44.13383],[-72.66828,44.13414],[-72.66857,44.13449],[-72.6687,44.13479],[-72.66875,44.13521],[-72.66857,44.1354],[-72.66789,44.13577],[-72.66774,44.13607],[-72.66784,44.13644],[-72.66749,44.13681],[-72.66709,44.13745],[-72.66681,44.13792],[-72.66671,44.13827]],[[-72.66582,44.12794],[-72.66578,44.12819],[-72.66581,44.12843],[-72.66593,44.12865],[-72.66627,44.12897],[-72.66633,44.12913],[-72.66631,44.12922],[-72.6659,44.12956],[-72.66571,44.12984],[-72.66562,44.13058],[-72.66541,44.13092],[-72.66532,44.13116],[-72.66535,44.13143],[-72.66556,44.13165],[-72.66562,44.13184],[-72.66558,44.13276]],[[-72.65471,44.14905],[-72.65453,44.14907],[-72.65443,44.14958],[-72.6542,44.15008],[-72.65415,44.15046],[-72.65396,44.15099],[-72.65399,44.15209],[-72.65414,44.15232],[-72.65445,44.15232],[-72.6548,44.15239],[-72.6549,44.1526],[-72.65489,44.1527],[-72.6547,44.15284],[-72.65464,44.15317],[-72.65456,44.15325],[-72.65443,44.15362],[-72.65442,44.1538],[-72.65446,44.15392],[-72.65478,44.15422],[-72.65538,44.15466],[-72.65538,44.15488],[-72.65503,44.1557],[-72.65498,44.15594],[-72.65508,44.15639],[-72.65524,44.15678],[-72.65523,44.15736],[-72.65514,44.15758],[-72.65435,44.15868],[-72.65333,44.15905],[-72.65318,44.15941],[-72.65335,44.15982]],[[-72.67136,44.11769],[-72.67115,44.11834],[-72.67116,44.11877],[-72.67094,44.11968],[-72.67034,44.12076],[-72.67015,44.12116],[-72.67012,44.12134],[-72.67002,44.12149],[-72.66953,44.12154],[-72.66879,44.12148],[-72.66821,44.12126],[-72.66773,44.12116],[-72.66711,44.12106],[-72.66677,44.12114]],[[-72.66677,44.12114],[-72.66643,44.12141],[-72.66559,44.12253],[-72.66532,44.12295],[-72.66521,44.1233]],[[-72.71531,44.11808],[-72.71467,44.11793],[-72.71439,44.11781],[-72.71369,44.11776],[-72.71326,44.11762],[-72.71282,44.11739],[-72.71259,44.11741],[-72.71216,44.11756],[-72.71182,44.11746],[-72.71156,44.11721],[-72.71147,44.1172],[-72.7112,44.11717],[-72.71058,44.11725],[-72.71031,44.11718],[-72.70962,44.11714],[-72.70875,44.11671],[-72.70797,44.11614],[-72.70767,44.11586],[-72.70726,44.11571],[-72.70699,44.11576],[-72.70662,44.11612],[-72.70629,44.1162],[-72.70588,44.11639],[-72.70464,44.11642],[-72.70448,44.11638],[-72.70444,44.11626]],[[-72.70444,44.11626],[-72.70454,44.11594],[-72.70453,44.11567],[-72.70439,44.1154],[-72.70408,44.11508],[-72.70405,44.11479],[-72.70412,44.11468],[-72.70446,44.11472],[-72.70465,44.11462],[-72.70479,44.11444],[-72.70478,44.11438],[-72.70432,44.11429],[-72.70356,44.11399],[-72.70342,44.11383],[-72.70337,44.11367],[-72.70315,44.11357],[-72.70168,44.11348],[-72.70068,44.11352],[-72.7003,44.11344]]]}},{"type":"Feature","properties":{"stream_id":"felchner-brook","stream":"Felchner Brook","name":"Felchner Brook","order":3,"role":"matched"},"geometry":{"type":"MultiLineString","coordinates":[[[-72.7722,44.14603],[-72.77197,44.14584]],[[-72.77172,44.14972],[-72.7719,44.14956],[-72.77196,44.14934],[-72.77209,44.14921],[-72.77209,44.14912],[-72.77273,44.14827],[-72.77289,44.14788],[-72.77296,44.14781],[-72.77299,44.14762],[-72.77298,44.14736],[-72.77284,44.14708],[-72.77258,44.14695],[-72.77235,44.1466],[-72.77228,44.14646],[-72.77226,44.14607],[-72.7722,44.14603]],[[-72.77084,44.14543],[-72.7706,44.14503],[-72.77039,44.14481],[-72.77001,44.14461],[-72.76999,44.14426],[-72.76989,44.14402],[-72.76942,44.14376],[-72.76934,44.14359]],[[-72.76934,44.14359],[-72.76848,44.1432],[-72.76827,44.1432],[-72.76796,44.14327],[-72.76725,44.14315],[-72.76655,44.14275]],[[-72.76629,44.14256],[-72.76619,44.14251],[-72.76609,44.14237],[-72.76583,44.14235],[-72.7657,44.14229]],[[-72.73989,44.12754],[-72.73952,44.12752],[-72.73909,44.12732],[-72.7386,44.12722],[-72.73843,44.12724],[-72.73836,44.12738],[-72.73825,44.12744]],[[-72.76643,44.14267],[-72.76629,44.14256]],[[-72.76552,44.14206],[-72.76518,44.14188],[-72.76437,44.14128],[-72.76414,44.14122],[-72.76394,44.14104],[-72.76352,44.14076],[-72.76258,44.14048],[-72.76205,44.14019],[-72.76164,44.13974],[-72.76143,44.1396],[-72.7613,44.13945],[-72.76119,44.1391],[-72.76091,44.13892]],[[-72.73765,44.12759],[-72.73739,44.12755],[-72.737,44.12769],[-72.73675,44.12768],[-72.7366,44.12772],[-72.7365,44.12789],[-72.73652,44.12816],[-72.73644,44.12828],[-72.7363,44.12834],[-72.73605,44.12834],[-72.73565,44.12857],[-72.73542,44.1286],[-72.73523,44.12879],[-72.73512,44.12884],[-72.73479,44.12891],[-72.73434,44.1288],[-72.73404,44.12882],[-72.73344,44.12905],[-72.73317,44.12928],[-72.73221,44.1295],[-72.73186,44.1295],[-72.73136,44.12928],[-72.73066,44.1292],[-72.73005,44.12931],[-72.7294,44.12964],[-72.72893,44.12976]],[[-72.75497,44.13596],[-72.75431,44.13552],[-72.75398,44.13538],[-72.75344,44.13527],[-72.75327,44.13514],[-72.75306,44.13484],[-72.75296,44.13476],[-72.75268,44.1347],[-72.75201,44.13435],[-72.75165,44.13427],[-72.75148,44.13415],[-72.75022,44.13385],[-72.74988,44.13363],[-72.74934,44.1335],[-72.74892,44.13354],[-72.74852,44.13341],[-72.74837,44.13328],[-72.74803,44.13276],[-72.74741,44.1325],[-72.74674,44.13203],[-72.74633,44.13186],[-72.74597,44.13159],[-72.74562,44.13143],[-72.74546,44.13122],[-72.74499,44.13106],[-72.74376,44.13091],[-72.74363,44.13077],[-72.74342,44.13021],[-72.7433,44.1297],[-72.74337,44.12945],[-72.74336,44.1293],[-72.74245,44.12906],[-72.74192,44.12879],[-72.7412,44.12814],[-72.74075,44.12788],[-72.74051,44.12766],[-72.74029,44.12759],[-72.73989,44.12754]],[[-72.72893,44.12976],[-72.72863,44.12974],[-72.72746,44.12944],[-72.72709,44.1293],[-72.72651,44.12899],[-72.72599,44.12881],[-72.72543,44.12875],[-72.72437,44.1285],[-72.72406,44.1285],[-72.72375,44.12862],[-72.72338,44.12863],[-72.72312,44.12852],[-72.72287,44.12832],[-72.72207,44.12752],[-72.72184,44.12734],[-72.72103,44.12705],[-72.72044,44.127],[-72.71975,44.12683],[-72.7195,44.1267],[-72.7191,44.12628],[-72.71869,44.12611],[-72.71844,44.12589],[-72.71809,44.12583],[-72.71791,44.1259],[-72.71767,44.1259],[-72.71694,44.12559],[-72.71635,44.12554],[-72.71585,44.12536],[-72.71531,44.12506],[-72.71529,44.12495],[-72.71431,44.12417],[-72.71419,44.12412],[-72.71386,44.12408],[-72.71357,44.12419],[-72.71344,44.12429],[-72.71314,44.12432],[-72.71289,44.12422],[-72.71248,44.12393],[-72.71226,44.12368],[-72.71192,44.12353],[-72.71097,44.12294],[-72.71059,44.12281],[-72.71033,44.12264],[-72.70996,44.12258],[-72.70976,44.12266],[-72.70928,44.12265],[-72.7088,44.12249],[-72.70839,44.12247],[-72.708,44.12212],[-72.70737,44.1219],[-72.70623,44.12183],[-72.70546,44.12165],[-72.70508,44.12151],[-72.70473,44.12127],[-72.7042,44.12046],[-72.70398,44.11999],[-72.7036,44.11983],[-72.70351,44.11973],[-72.7035,44.11936],[-72.70341,44.11899],[-72.70309,44.11882],[-72.70282,44.11878],[-72.70276,44.11871],[-72.7029,44.118],[-72.70309,44.11762],[-72.70363,44.11701],[-72.70439,44.11628]],[[-72.77197,44.14584],[-72.77172,44.14587],[-72.77155,44.14584],[-72.77139,44.14566],[-72.77133,44.1455],[-72.77124,44.14543],[-72.77084,44.14543]],[[-72.76655,44.14275],[-72.76643,44.14267]],[[-72.76091,44.13892],[-72.76057,44.13884],[-72.76006,44.13883],[-72.75987,44.13874],[-72.75969,44.13855],[-72.75952,44.13845],[-72.7592,44.13831],[-72.75905,44.13831],[-72.75836,44.13798],[-72.75817,44.13784],[-72.75766,44.13773],[-72.75752,44.13767],[-72.75741,44.13751],[-72.75618,44.13711],[-72.75582,44.13695],[-72.75556,44.13668],[-72.75522,44.13615],[-72.75497,44.13596]],[[-72.70439,44.11628],[-72.70444,44.11626]],[[-72.7657,44.14229],[-72.76552,44.14206]],[[-72.73825,44.12744],[-72.73812,44.12745],[-72.73798,44.12755],[-72.73765,44.12759]]]}},{"type":"Feature","properties":{"stream_id":"stony-brook-roxbury","stream":"Stony Brook (Roxbury)","name":"Stony Brook","order":4,"role":"matched"},"geometry":{"type":"MultiLineString","coordinates":[[[-72.75116,44.17758],[-72.75116,44.17735],[-72.75127,44.17709],[-72.75126,44.17703],[-72.75112,44.17695],[-72.75096,44.1761],[-72.7509,44.17603],[-72.75074,44.17598],[-72.75068,44.17585]],[[-72.75068,44.17585],[-72.75072,44.17573],[-72.75073,44.17539],[-72.75084,44.17529],[-72.75084,44.17524],[-72.7507,44.17505],[-72.75034,44.17498],[-72.75016,44.17473]],[[-72.75016,44.17473],[-72.75006,44.17473]],[[-72.75006,44.17473],[-72.7498,44.17449],[-72.74948,44.17433],[-72.74929,44.17434]],[[-72.74093,44.17094],[-72.74019,44.17043],[-72.73967,44.17025],[-72.73952,44.16993],[-72.73943,44.16987],[-72.73888,44.16969],[-72.7387,44.16957],[-72.73833,44.16953],[-72.73752,44.16914],[-72.73706,44.16886],[-72.73673,44.16881],[-72.73624,44.1686],[-72.73543,44.16806],[-72.73465,44.1677]],[[-72.72415,44.16183],[-72.72405,44.16134],[-72.7241,44.16112]],[[-72.74929,44.17434],[-72.74905,44.17418],[-72.74869,44.17406],[-72.74858,44.17397],[-72.7483,44.17387],[-72.74827,44.17377],[-72.74814,44.17375],[-72.74796,44.17357],[-72.74778,44.17357],[-72.74727,44.17378]],[[-72.73465,44.1677],[-72.73435,44.1676],[-72.73421,44.16745],[-72.73229,44.16621],[-72.73158,44.16595],[-72.73153,44.16589],[-72.73057,44.16573],[-72.72954,44.16567],[-72.72922,44.1656],[-72.72898,44.16537],[-72.72901,44.16502],[-72.72888,44.16506],[-72.72849,44.16492],[-72.7283,44.1649],[-72.72798,44.16459],[-72.72734,44.16437],[-72.72724,44.16429],[-72.7271,44.16407],[-72.7269,44.16396],[-72.72676,44.16351],[-72.72657,44.16338],[-72.72602,44.16339]],[[-72.72402,44.16071],[-72.72394,44.16059],[-72.72376,44.16048],[-72.72281,44.16026],[-72.72248,44.16003],[-72.72231,44.15965],[-72.72232,44.15945],[-72.72218,44.15905],[-72.72202,44.15872],[-72.72201,44.15852],[-72.72189,44.15821],[-72.72196,44.15811],[-72.7217,44.15773],[-72.72153,44.15716],[-72.72134,44.15704],[-72.72118,44.15641],[-72.7209,44.15611],[-72.72049,44.15554],[-72.72023,44.155],[-72.71938,44.15446]],[[-72.71938,44.15446],[-72.71939,44.15404],[-72.71932,44.1539],[-72.71918,44.1538],[-72.71908,44.15356],[-72.71899,44.15348],[-72.7189,44.15323],[-72.71886,44.15288],[-72.71908,44.15273],[-72.71902,44.15252],[-72.71905,44.15227],[-72.71861,44.15183],[-72.71852,44.15156],[-72.71853,44.15109],[-72.71847,44.15083],[-72.71837,44.15069],[-72.71836,44.14996],[-72.71844,44.14972],[-72.71841,44.14952]],[[-72.71103,44.14451],[-72.711,44.14432],[-72.7112,44.14399],[-72.71153,44.14361],[-72.71157,44.14347],[-72.71134,44.14237],[-72.7113,44.14164],[-72.71119,44.14139],[-72.71111,44.14098],[-72.71051,44.14039],[-72.71008,44.14013],[-72.70964,44.14003],[-72.70941,44.1399],[-72.70924,44.13969],[-72.70912,44.13914]],[[-72.69398,44.12634],[-72.69413,44.12598],[-72.69392,44.12548],[-72.69369,44.12526],[-72.69351,44.12492],[-72.69241,44.12437],[-72.69203,44.12423],[-72.69186,44.1241],[-72.69165,44.12381],[-72.69163,44.12362],[-72.69175,44.12304],[-72.69172,44.12279],[-72.69151,44.1224],[-72.69145,44.12202],[-72.69111,44.12162],[-72.68984,44.12118],[-72.68957,44.12096],[-72.68919,44.12051],[-72.68918,44.1202],[-72.68912,44.12005],[-72.68805,44.11943],[-72.6878,44.11921],[-72.68759,44.11875],[-72.68707,44.11838],[-72.68668,44.11836],[-72.6864,44.11854],[-72.68603,44.1186],[-72.68547,44.11853],[-72.68471,44.11821],[-72.68442,44.11818],[-72.68438,44.11819],[-72.68438,44.11835],[-72.68425,44.1188],[-72.6841,44.11895],[-72.68371,44.1191],[-72.68265,44.11912],[-72.68207,44.11909],[-72.68182,44.11915],[-72.68173,44.11921],[-72.68104,44.11906],[-72.68,44.11896],[-72.67968,44.11897],[-72.67952,44.11889]],[[-72.67952,44.11889],[-72.67914,44.11851],[-72.67875,44.11844],[-72.67852,44.11832],[-72.67818,44.11776],[-72.67756,44.117],[-72.67741,44.11659]],[[-72.74727,44.17378],[-72.74707,44.17355],[-72.74693,44.1735],[-72.74689,44.1734],[-72.74658,44.17344],[-72.74653,44.17319],[-72.7462,44.17315],[-72.74596,44.17301],[-72.74576,44.17296],[-72.74569,44.17285],[-72.74558,44.17287],[-72.74529,44.17306],[-72.74503,44.17305],[-72.74487,44.17291],[-72.74454,44.17276],[-72.74445,44.17264],[-72.7442,44.17259],[-72.74382,44.17236],[-72.74338,44.17235],[-72.74327,44.1723],[-72.74322,44.1722],[-72.74275,44.1721],[-72.74257,44.17183],[-72.74246,44.17182],[-72.7424,44.17174],[-72.74211,44.17158],[-72.74207,44.17149],[-72.74195,44.17149],[-72.74179,44.17121],[-72.74164,44.17117],[-72.7415,44.17106],[-72.74112,44.17105],[-72.74106,44.17098],[-72.74093,44.17094]],[[-72.72602,44.16339],[-72.72547,44.1632],[-72.72518,44.16279],[-72.72491,44.16258],[-72.7247,44.16224],[-72.72432,44.16205],[-72.72415,44.16183]],[[-72.71841,44.14952],[-72.7182,44.14934],[-72.71814,44.14918],[-72.71812,44.14899],[-72.71818,44.14881],[-72.7182,44.14836],[-72.71813,44.14817],[-72.71798,44.14803],[-72.71682,44.14758],[-72.71598,44.14773],[-72.7156,44.14769],[-72.71517,44.14749],[-72.71491,44.14728],[-72.71414,44.14698],[-72.71401,44.14682],[-72.71385,44.14674],[-72.71376,44.1466],[-72.71352,44.14649],[-72.71278,44.14635],[-72.71247,44.14618],[-72.71229,44.14593],[-72.71228,44.145],[-72.71248,44.14453],[-72.71243,44.14441],[-72.7121,44.14438],[-72.71166,44.14455],[-72.71127,44.14461],[-72.71116,44.1446],[-72.71103,44.14451]],[[-72.70912,44.13914],[-72.70912,44.13895],[-72.70897,44.13877],[-72.70863,44.13854],[-72.7085,44.13834],[-72.70847,44.13788],[-72.70853,44.13728],[-72.70843,44.1371],[-72.70808,44.13679],[-72.70755,44.13652],[-72.70727,44.13644],[-72.70646,44.13632],[-72.70608,44.1362],[-72.70567,44.13589],[-72.70473,44.13536],[-72.70427,44.13502],[-72.70411,44.13467],[-72.704,44.13416],[-72.70381,44.13393],[-72.7036,44.13385],[-72.70252,44.13372],[-72.70214,44.13347],[-72.70197,44.13308],[-72.70169,44.13267],[-72.7013,44.13235],[-72.70127,44.13224],[-72.7013,44.13193],[-72.70126,44.13179],[-72.7011,44.13156],[-72.70078,44.13132],[-72.70055,44.13102],[-72.69975,44.13057],[-72.69893,44.12997],[-72.69842,44.12951],[-72.69793,44.12932],[-72.69748,44.12882],[-72.69723,44.12862],[-72.69669,44.12845],[-72.69627,44.12847],[-72.69556,44.1283],[-72.69496,44.128],[-72.69462,44.12768],[-72.69406,44.12745],[-72.69399,44.1272],[-72.69402,44.1267],[-72.69394,44.12651],[-72.69398,44.12634]],[[-72.7241,44.16112],[-72.72409,44.16078],[-72.72402,44.16071]],[[-72.67741,44.11659],[-72.67738,44.11654]]]}},{"type":"Feature","properties":{"stream_id":"bull-run","stream":"Bull Run","name":"Bull Run","order":4,"role":"matched"},"geometry":{"type":"MultiLineString","coordinates":[[[-72.71768,44.06507],[-72.71789,44.06478],[-72.71803,44.0644],[-72.71814,44.06378],[-72.71835,44.06329],[-72.71832,44.06307],[-72.71824,44.06299],[-72.71824,44.06293],[-72.7184,44.06282],[-72.71851,44.0622],[-72.71861,44.06191],[-72.71873,44.06179],[-72.71874,44.06165],[-72.71891,44.06157],[-72.71911,44.06156],[-72.71935,44.0614]],[[-72.67613,44.10756],[-72.67607,44.10786],[-72.67562,44.10837],[-72.67567,44.10878],[-72.67581,44.10905],[-72.67696,44.10997],[-72.67709,44.11017],[-72.67714,44.11045],[-72.67697,44.1108],[-72.67673,44.11115],[-72.67659,44.11115],[-72.67624,44.11099],[-72.67608,44.11101],[-72.67599,44.11106],[-72.67586,44.11126],[-72.67565,44.1114],[-72.67531,44.11151]],[[-72.67463,44.10512],[-72.67453,44.10545],[-72.67454,44.10565],[-72.6749,44.10582],[-72.67515,44.10587],[-72.6752,44.1061],[-72.67532,44.10619],[-72.6754,44.10644],[-72.67599,44.10727],[-72.67607,44.10732],[-72.67613,44.10756]],[[-72.67665,44.10183],[-72.67637,44.10262],[-72.67595,44.10297],[-72.67521,44.10419],[-72.67506,44.10453],[-72.67489,44.10473]],[[-72.67873,44.09535],[-72.67828,44.09591],[-72.67801,44.09609],[-72.67776,44.09616],[-72.67752,44.0963],[-72.67741,44.0965],[-72.6775,44.09697],[-72.67793,44.09722],[-72.67843,44.09793],[-72.67848,44.09817],[-72.67839,44.09857],[-72.67841,44.09871],[-72.67825,44.09929],[-72.67832,44.10008],[-72.67804,44.10055],[-72.67776,44.10075],[-72.6775,44.10081],[-72.67698,44.10129],[-72.67672,44.10162],[-72.67665,44.10183]],[[-72.68508,44.08794],[-72.68482,44.08822],[-72.68446,44.08851],[-72.68387,44.08947],[-72.68364,44.08969],[-72.68331,44.08984],[-72.68295,44.08993],[-72.68265,44.09014],[-72.68222,44.09032]],[[-72.68057,44.09157],[-72.68054,44.09177],[-72.68062,44.09191],[-72.68128,44.09236],[-72.6814,44.09251],[-72.68146,44.09266],[-72.68136,44.09295],[-72.68116,44.09323],[-72.68101,44.09366],[-72.68086,44.09385],[-72.67994,44.09401],[-72.6791,44.09438],[-72.67895,44.09459],[-72.67899,44.0951],[-72.67895,44.09519],[-72.67873,44.09535]],[[-72.68498,44.07049],[-72.68481,44.07077],[-72.68474,44.07098],[-72.68486,44.07121]],[[-72.68664,44.06684],[-72.68661,44.06715],[-72.68676,44.06751],[-72.68673,44.06771],[-72.68661,44.06781],[-72.68631,44.0679],[-72.68628,44.06805],[-72.68628,44.06815],[-72.6865,44.06844],[-72.68657,44.06884],[-72.68548,44.06957],[-72.68542,44.06965],[-72.68533,44.07016],[-72.68498,44.07049]],[[-72.68828,44.06185],[-72.68849,44.06203],[-72.68848,44.0623],[-72.68841,44.06241],[-72.68811,44.06256],[-72.68808,44.06276],[-72.6878,44.06304],[-72.68784,44.06321],[-72.68767,44.0635],[-72.68758,44.06382],[-72.68758,44.064],[-72.68743,44.06408],[-72.68705,44.06412],[-72.68646,44.06432],[-72.68642,44.06441],[-72.68633,44.06508],[-72.68649,44.06555],[-72.6867,44.06582],[-72.68677,44.06607],[-72.68679,44.06637],[-72.68664,44.06684]],[[-72.68418,44.07372],[-72.68401,44.07386],[-72.68392,44.07418],[-72.68402,44.07443],[-72.68412,44.07455],[-72.68409,44.07488],[-72.68357,44.07531],[-72.68356,44.07557]],[[-72.71464,44.0579],[-72.71417,44.05759],[-72.71372,44.05745],[-72.71338,44.05745],[-72.71321,44.05735]],[[-72.70316,44.05675],[-72.70274,44.05669],[-72.70235,44.05675],[-72.70204,44.05648],[-72.70166,44.05644],[-72.701,44.05652],[-72.69987,44.05652],[-72.69934,44.05647],[-72.69879,44.05634],[-72.69751,44.05632],[-72.69654,44.05613]],[[-72.69368,44.05627],[-72.69316,44.05641],[-72.69277,44.05639],[-72.69222,44.05622],[-72.69202,44.056]],[[-72.69654,44.05613],[-72.6958,44.05627],[-72.69537,44.0563],[-72.69503,44.05624],[-72.69479,44.05596],[-72.69454,44.05593],[-72.69396,44.05619],[-72.69368,44.05627]],[[-72.68222,44.09032],[-72.68184,44.09041],[-72.68168,44.0905],[-72.68121,44.09112],[-72.68101,44.09128],[-72.68071,44.09141],[-72.68057,44.09157]],[[-72.71681,44.0599],[-72.71646,44.05969],[-72.71638,44.05959],[-72.71637,44.05943]],[[-72.70673,44.05664],[-72.70606,44.05655],[-72.70546,44.05667],[-72.70526,44.05663],[-72.70461,44.05687],[-72.70382,44.05696],[-72.70337,44.05686],[-72.70316,44.05675]],[[-72.70889,44.05633],[-72.70858,44.05638],[-72.70792,44.0566],[-72.70753,44.05654],[-72.70697,44.05669],[-72.70673,44.05664]],[[-72.68476,44.08349],[-72.68486,44.08402],[-72.68508,44.08439],[-72.68521,44.08494],[-72.68494,44.08521],[-72.68497,44.08547],[-72.68491,44.08574],[-72.68511,44.08619],[-72.68535,44.08637],[-72.68538,44.08644],[-72.68537,44.08673],[-72.68516,44.08703],[-72.68517,44.08723],[-72.68526,44.08746],[-72.6852,44.08775],[-72.68508,44.08794]],[[-72.68475,44.08343],[-72.68476,44.08349]],[[-72.68985,44.05636],[-72.68985,44.05652],[-72.68978,44.05663],[-72.6897,44.05666],[-72.68941,44.05658],[-72.68923,44.05671],[-72.68937,44.0571],[-72.68933,44.05734],[-72.6894,44.05771],[-72.68957,44.05797],[-72.68958,44.0581],[-72.68944,44.05838],[-72.68904,44.05871],[-72.6887,44.05916],[-72.68865,44.05931],[-72.68864,44.05977],[-72.68859,44.05984],[-72.68823,44.05987],[-72.68801,44.06006],[-72.68797,44.06023],[-72.6881,44.06056],[-72.68809,44.06064],[-72.68797,44.06078],[-72.68797,44.06094],[-72.68835,44.06122]],[[-72.68356,44.07557],[-72.68345,44.07607],[-72.68358,44.07642]],[[-72.68486,44.07121],[-72.6849,44.07138],[-72.68481,44.07173],[-72.68453,44.07198],[-72.68453,44.07222],[-72.68485,44.07279],[-72.68481,44.07328],[-72.68465,44.07351],[-72.68418,44.07372]],[[-72.71968,44.0608],[-72.71926,44.06067],[-72.71919,44.06051],[-72.719,44.06046],[-72.71881,44.06032],[-72.71826,44.06028],[-72.71785,44.06016],[-72.71774,44.06002]],[[-72.71637,44.05943],[-72.71631,44.05933]],[[-72.6915,44.05589],[-72.69091,44.05579],[-72.69004,44.05575],[-72.68997,44.05578],[-72.68986,44.05596],[-72.68982,44.05614],[-72.68985,44.05636]],[[-72.68326,44.08026],[-72.68328,44.08046],[-72.68341,44.08065],[-72.68387,44.08092],[-72.68413,44.08121],[-72.68437,44.08182],[-72.68441,44.08224],[-72.68475,44.08304],[-72.68471,44.08325],[-72.68475,44.08343]],[[-72.68358,44.07642],[-72.68361,44.07681],[-72.68304,44.07734],[-72.68271,44.07752],[-72.68316,44.07773],[-72.68316,44.07783],[-72.68294,44.07837],[-72.68298,44.07857],[-72.68323,44.07878],[-72.68344,44.07908],[-72.68346,44.07949],[-72.68326,44.08026]],[[-72.68835,44.06122],[-72.68845,44.06133],[-72.68846,44.06145],[-72.68828,44.06167],[-72.68828,44.06185]],[[-72.71321,44.05735],[-72.71312,44.05728],[-72.71309,44.05716],[-72.71226,44.05687],[-72.71112,44.05663],[-72.7108,44.05671],[-72.71051,44.05669],[-72.71002,44.05646],[-72.70976,44.05627],[-72.70964,44.05626],[-72.70952,44.05638],[-72.70941,44.05635],[-72.70922,44.05639],[-72.70889,44.05633]],[[-72.69202,44.056],[-72.69191,44.05594],[-72.6915,44.05589]],[[-72.67531,44.11151],[-72.67525,44.1116],[-72.67536,44.11184],[-72.67513,44.11208],[-72.67514,44.11248],[-72.6751,44.11267],[-72.67486,44.1131],[-72.67436,44.11373],[-72.6742,44.11413],[-72.67382,44.11453],[-72.67307,44.11509],[-72.67293,44.11525],[-72.67291,44.11538],[-72.67309,44.11546],[-72.67317,44.11555],[-72.6731,44.11582],[-72.6731,44.11602],[-72.67298,44.11645],[-72.67266,44.11711],[-72.67237,44.11759]],[[-72.67489,44.10473],[-72.67463,44.10512]],[[-72.67237,44.11759],[-72.67231,44.11765]],[[-72.71935,44.0614],[-72.71958,44.06125],[-72.71975,44.06105]],[[-72.71631,44.05933],[-72.71608,44.05914],[-72.71559,44.05904],[-72.71508,44.05879],[-72.71479,44.0582]],[[-72.71479,44.0582],[-72.71474,44.05802],[-72.71464,44.0579]],[[-72.71975,44.06105],[-72.71968,44.0608]],[[-72.71774,44.06002],[-72.71761,44.05992],[-72.71698,44.05995],[-72.71681,44.0599]]]}},{"type":"Feature","properties":{"stream_id":"sunny-brook-roxbury","stream":"Sunny Brook (Roxbury)","name":"Sunny Brook","order":4,"role":"matched"},"geometry":{"type":"MultiLineString","coordinates":[[[-72.62136,44.05762],[-72.6227,44.05772],[-72.62313,44.05781]],[[-72.66367,44.12294],[-72.66379,44.12302],[-72.66419,44.12312],[-72.66512,44.12326]],[[-72.64391,44.10633],[-72.64357,44.10664],[-72.64361,44.10675],[-72.64399,44.10694],[-72.64466,44.10702],[-72.64483,44.10711],[-72.64509,44.10745],[-72.6455,44.10757],[-72.64562,44.1077],[-72.64573,44.10793],[-72.64596,44.10812],[-72.6461,44.10817],[-72.64617,44.10828],[-72.64698,44.1084],[-72.64717,44.10848],[-72.64753,44.10845],[-72.64797,44.10863],[-72.64806,44.10915],[-72.64829,44.10945],[-72.64835,44.10959],[-72.64835,44.10977],[-72.64842,44.10985],[-72.64911,44.10989],[-72.64941,44.10996],[-72.64953,44.11046],[-72.64991,44.11075],[-72.64993,44.11082],[-72.65017,44.11096],[-72.65031,44.11124],[-72.65052,44.11127],[-72.65122,44.1112],[-72.65121,44.11144],[-72.6511,44.11164]],[[-72.64284,44.10402],[-72.64282,44.10409],[-72.64297,44.10452],[-72.6433,44.10461],[-72.64369,44.10482],[-72.64379,44.10493],[-72.64382,44.10513],[-72.64402,44.10534],[-72.64424,44.10547],[-72.64423,44.10583],[-72.64391,44.10633]],[[-72.64519,44.09719],[-72.64513,44.09735],[-72.64517,44.09753],[-72.64503,44.09777],[-72.64514,44.09805],[-72.64512,44.09823],[-72.645,44.09834],[-72.64485,44.09837],[-72.64477,44.09845],[-72.64457,44.09884],[-72.6445,44.09917],[-72.64446,44.09953],[-72.64455,44.09974],[-72.64468,44.09986],[-72.64475,44.10004],[-72.64474,44.10013],[-72.64464,44.10018],[-72.64437,44.10016],[-72.64427,44.10019],[-72.64412,44.10035],[-72.64446,44.10071],[-72.64446,44.10098],[-72.64439,44.10134],[-72.64421,44.10142],[-72.64401,44.10189],[-72.6439,44.10242],[-72.64392,44.10276]],[[-72.65009,44.09134],[-72.65005,44.09151],[-72.6499,44.09173],[-72.6493,44.09195],[-72.64887,44.09227],[-72.64868,44.09253]],[[-72.64392,44.10276],[-72.64389,44.10304],[-72.64378,44.10316],[-72.64355,44.10311],[-72.64347,44.10304],[-72.64347,44.10293],[-72.64342,44.10286],[-72.64321,44.10283],[-72.6431,44.10288],[-72.6429,44.10322],[-72.64281,44.1038],[-72.64284,44.10402]],[[-72.64868,44.09253],[-72.64857,44.0927],[-72.64835,44.0928],[-72.64831,44.09302],[-72.64798,44.0931],[-72.64772,44.09311],[-72.64736,44.09332],[-72.64721,44.09348],[-72.64717,44.09369],[-72.64697,44.09384],[-72.64692,44.09417],[-72.64673,44.09462],[-72.64671,44.09481],[-72.6468,44.09515],[-72.64679,44.09532],[-72.6462,44.09582],[-72.64605,44.09653],[-72.64589,44.09685],[-72.64572,44.09708],[-72.64533,44.09713],[-72.64519,44.09719]],[[-72.6515,44.08174],[-72.65164,44.08198],[-72.6516,44.08208],[-72.65111,44.08226],[-72.65101,44.08236],[-72.65093,44.08264],[-72.65103,44.08315],[-72.65081,44.08326],[-72.65078,44.08336],[-72.65086,44.08358],[-72.65076,44.08379]],[[-72.65076,44.08379],[-72.65072,44.08414],[-72.65035,44.08453],[-72.65006,44.0847],[-72.64994,44.08489],[-72.64999,44.08526],[-72.6497,44.08555],[-72.64971,44.08582],[-72.65007,44.08612],[-72.65007,44.0862],[-72.64979,44.08671],[-72.65014,44.08714],[-72.65015,44.08722],[-72.65011,44.08736],[-72.6499,44.0874],[-72.64985,44.08747],[-72.64992,44.08762],[-72.65026,44.0879],[-72.65025,44.08799],[-72.65006,44.08818],[-72.6501,44.08827]],[[-72.63359,44.06076],[-72.63351,44.06079],[-72.63312,44.06078],[-72.633,44.06084],[-72.633,44.06095],[-72.63308,44.06112],[-72.63294,44.06146],[-72.63304,44.06161],[-72.63324,44.06168],[-72.63293,44.06199],[-72.6329,44.06225],[-72.63275,44.06257],[-72.63278,44.06275],[-72.63267,44.06291],[-72.63258,44.06354],[-72.6327,44.06384],[-72.63264,44.06399],[-72.63247,44.064],[-72.63246,44.06419],[-72.63231,44.06422],[-72.6322,44.06461],[-72.63226,44.06472],[-72.63238,44.06473],[-72.63243,44.06487],[-72.63234,44.06505],[-72.63226,44.06508],[-72.63236,44.06517],[-72.63243,44.06538],[-72.63256,44.06546],[-72.63256,44.06555],[-72.63272,44.06564],[-72.63293,44.06561],[-72.63304,44.06538],[-72.63324,44.06534],[-72.6337,44.06536],[-72.63387,44.06555]],[[-72.65111,44.07773],[-72.6512,44.07772],[-72.65131,44.0778],[-72.65135,44.07811],[-72.65117,44.07916],[-72.65115,44.07972],[-72.65097,44.08011],[-72.65103,44.08026],[-72.65087,44.08041],[-72.65092,44.08057],[-72.65108,44.08064],[-72.65126,44.08063],[-72.65144,44.08078],[-72.65144,44.08091],[-72.6513,44.08118],[-72.65135,44.08142],[-72.6515,44.08174]],[[-72.64773,44.07583],[-72.64812,44.07601],[-72.64828,44.07602],[-72.64836,44.07621],[-72.64864,44.07633],[-72.64871,44.07642]],[[-72.64484,44.07556],[-72.64524,44.07539],[-72.64575,44.07534],[-72.64608,44.07523],[-72.64625,44.07526]],[[-72.63848,44.07529],[-72.63873,44.07546],[-72.63915,44.0755],[-72.63932,44.07531],[-72.63955,44.07523],[-72.64039,44.07539],[-72.6406,44.07549],[-72.64087,44.07516],[-72.64124,44.07525],[-72.64155,44.07507],[-72.64178,44.07501],[-72.64181,44.07502],[-72.64181,44.07517],[-72.64177,44.07533],[-72.64185,44.07543],[-72.64256,44.07533],[-72.64261,44.07556],[-72.64291,44.07566],[-72.64304,44.07564],[-72.64315,44.07543],[-72.64335,44.07536],[-72.64354,44.07512]],[[-72.64354,44.07512],[-72.64359,44.07503],[-72.64369,44.075],[-72.64386,44.0751],[-72.64443,44.07525],[-72.64453,44.07533],[-72.64463,44.07551],[-72.64484,44.07556]],[[-72.65106,44.07773],[-72.65111,44.07773]],[[-72.64871,44.07642],[-72.64888,44.07652],[-72.64893,44.0766],[-72.64937,44.07678],[-72.6495,44.07719],[-72.6496,44.07732],[-72.64995,44.07738],[-72.65008,44.07757],[-72.65011,44.07771],[-72.6504,44.07798],[-72.6506,44.07799],[-72.65076,44.07793],[-72.65106,44.07773]],[[-72.63654,44.07069],[-72.63675,44.07079],[-72.63686,44.07093],[-72.63676,44.0711],[-72.6368,44.07128],[-72.63666,44.07157],[-72.63674,44.07193],[-72.63684,44.07201],[-72.63686,44.07211],[-72.63678,44.07236],[-72.6369,44.07245],[-72.63708,44.07246],[-72.63738,44.07259],[-72.63756,44.07277]],[[-72.62313,44.05781],[-72.62416,44.05775],[-72.62447,44.05767],[-72.62508,44.05769],[-72.62522,44.05762],[-72.62522,44.05749],[-72.62529,44.05745],[-72.62582,44.05744],[-72.62606,44.05736],[-72.62622,44.05737],[-72.62639,44.05747],[-72.62668,44.0574],[-72.62691,44.05739],[-72.6281,44.05764],[-72.62863,44.05762],[-72.62915,44.05767],[-72.6297,44.05788],[-72.63011,44.05795],[-72.63061,44.05811],[-72.63095,44.05814],[-72.63214,44.05853],[-72.63239,44.05868],[-72.63337,44.05885],[-72.63382,44.05924],[-72.63404,44.05927],[-72.6342,44.05941],[-72.63436,44.05946],[-72.63444,44.05961],[-72.63446,44.05999]],[[-72.6501,44.08827],[-72.65039,44.08819],[-72.65063,44.08852],[-72.65068,44.08868],[-72.65084,44.08884],[-72.65061,44.08938],[-72.65057,44.0896],[-72.65024,44.09023],[-72.65022,44.0905],[-72.65031,44.09062],[-72.6503,44.09068],[-72.6501,44.09105],[-72.65009,44.09134]],[[-72.64722,44.07574],[-72.64773,44.07583]],[[-72.63756,44.07277],[-72.63763,44.0728],[-72.63766,44.07298],[-72.63763,44.07306],[-72.63767,44.07315],[-72.63784,44.07327],[-72.63787,44.07336],[-72.63813,44.07338],[-72.63821,44.07351],[-72.63814,44.07361],[-72.63818,44.07366],[-72.63834,44.0737],[-72.63838,44.07386],[-72.63821,44.07391],[-72.63824,44.07406],[-72.63811,44.07419],[-72.63835,44.07426],[-72.63843,44.07439],[-72.63834,44.07456],[-72.63851,44.07462],[-72.63846,44.0748],[-72.6386,44.07493],[-72.63844,44.07504],[-72.63848,44.07529]],[[-72.65679,44.11825],[-72.6569,44.11848],[-72.65705,44.11861],[-72.65735,44.11872],[-72.65757,44.11894],[-72.65773,44.11924],[-72.65776,44.11974],[-72.65808,44.11997],[-72.65827,44.12057],[-72.65819,44.12069],[-72.65788,44.12084],[-72.65778,44.12098],[-72.65796,44.12102],[-72.65826,44.1213],[-72.65833,44.12142],[-72.65833,44.12212],[-72.65859,44.12236],[-72.65871,44.1224],[-72.65906,44.12239],[-72.65982,44.12221],[-72.66049,44.12224],[-72.66063,44.12227],[-72.66109,44.12263],[-72.66126,44.12269],[-72.66148,44.12263],[-72.66195,44.12237],[-72.6622,44.12237],[-72.66298,44.12249],[-72.66367,44.12294]],[[-72.6511,44.11164],[-72.6511,44.1117],[-72.65097,44.1119],[-72.651,44.11204],[-72.65185,44.11256],[-72.65209,44.11283],[-72.65314,44.11376],[-72.65356,44.11399],[-72.65363,44.11428],[-72.65379,44.1144],[-72.65437,44.11505],[-72.65493,44.11547],[-72.65471,44.1158],[-72.6547,44.1161],[-72.65481,44.11632],[-72.65539,44.11689],[-72.656,44.1171],[-72.65597,44.11727],[-72.65603,44.11739],[-72.65631,44.11771],[-72.65661,44.11793],[-72.65676,44.11812],[-72.65679,44.11825]],[[-72.66512,44.12326],[-72.66521,44.1233]],[[-72.62044,44.05752],[-72.62063,44.05762],[-72.62136,44.05762]],[[-72.63387,44.06555],[-72.63497,44.06751],[-72.63669,44.06966],[-72.63642,44.07038],[-72.63649,44.07067],[-72.63654,44.07069]],[[-72.63439,44.06025],[-72.63359,44.06076]],[[-72.64625,44.07526],[-72.64634,44.07538],[-72.64677,44.07548],[-72.64722,44.07574]],[[-72.63446,44.05999],[-72.63439,44.06025]]]}},{"type":"Feature","properties":{"stream_id":"robinson-brook","stream":"Robinson Brook","name":"Robinson Brook","order":3,"role":"matched"},"geometry":{"type":"MultiLineString","coordinates":[[[-72.62749,44.1204],[-72.62763,44.12052],[-72.62788,44.12094],[-72.62794,44.12116],[-72.62802,44.12121],[-72.62826,44.12124],[-72.62877,44.12114],[-72.62945,44.12125],[-72.62988,44.12117],[-72.63002,44.1212],[-72.63012,44.12132]],[[-72.6114,44.11917],[-72.61186,44.11888]],[[-72.62353,44.11678],[-72.62377,44.11699],[-72.62397,44.11746],[-72.62388,44.11764],[-72.62392,44.11781],[-72.62418,44.11794],[-72.6245,44.11797],[-72.62462,44.11804],[-72.62472,44.11817],[-72.62471,44.11854],[-72.62492,44.11866],[-72.6256,44.11879],[-72.62731,44.12031],[-72.62749,44.1204]],[[-72.63012,44.12132],[-72.63035,44.12148],[-72.6308,44.12152],[-72.63237,44.12128],[-72.63324,44.12103],[-72.6335,44.12091],[-72.63367,44.12072],[-72.63381,44.12068],[-72.63405,44.12069],[-72.63444,44.12083],[-72.63462,44.12083],[-72.63496,44.12074],[-72.63552,44.12068],[-72.63574,44.12056],[-72.63625,44.12048],[-72.63636,44.12018],[-72.63647,44.12007],[-72.6365,44.11992],[-72.63662,44.11976],[-72.63647,44.11956],[-72.63661,44.11943],[-72.63686,44.11903],[-72.63758,44.11864],[-72.6384,44.11782],[-72.63855,44.11752],[-72.63908,44.11747]],[[-72.62045,44.11372],[-72.62052,44.11405],[-72.62089,44.11424],[-72.62094,44.11439],[-72.6209,44.11452],[-72.6208,44.11461],[-72.62078,44.11474]],[[-72.61387,44.11678],[-72.6139,44.11658],[-72.61426,44.11579],[-72.61465,44.11533],[-72.61471,44.11515],[-72.61471,44.1149],[-72.61587,44.11406],[-72.61601,44.11402],[-72.61645,44.11404],[-72.6165,44.11397],[-72.61692,44.11385],[-72.61752,44.11377],[-72.618,44.11375],[-72.61889,44.11362],[-72.62045,44.11372]],[[-72.59744,44.11217],[-72.5978,44.11222],[-72.5979,44.1123],[-72.59796,44.11247],[-72.59803,44.11249],[-72.59829,44.11231],[-72.59884,44.11221],[-72.59951,44.11186],[-72.60009,44.11193],[-72.60021,44.11185],[-72.60053,44.11183],[-72.60093,44.11166],[-72.60134,44.11185],[-72.60154,44.11182],[-72.60169,44.11186],[-72.60189,44.11194],[-72.60192,44.11205],[-72.60198,44.11209],[-72.60222,44.11209],[-72.60236,44.11224],[-72.60244,44.11254],[-72.60278,44.11278],[-72.60296,44.11282],[-72.60299,44.11289],[-72.6033,44.11308],[-72.60346,44.11326],[-72.60388,44.11341],[-72.60398,44.11351],[-72.60421,44.11416],[-72.60445,44.11456],[-72.6044,44.11488],[-72.60443,44.11492],[-72.60464,44.11493],[-72.6048,44.115],[-72.60506,44.11498],[-72.60534,44.11516],[-72.60551,44.1152],[-72.60581,44.11556],[-72.60575,44.1158],[-72.60584,44.11611],[-72.60583,44.11642],[-72.60602,44.11663],[-72.60609,44.11686],[-72.60773,44.11757],[-72.60794,44.11775],[-72.60825,44.11787],[-72.60888,44.11798],[-72.60896,44.11823],[-72.60888,44.11833],[-72.60893,44.11848],[-72.60901,44.11853],[-72.60923,44.1185],[-72.60976,44.11862],[-72.6098,44.11878],[-72.60975,44.11892],[-72.6099,44.11914],[-72.61004,44.1192],[-72.61055,44.11941],[-72.61083,44.11935],[-72.61097,44.1192],[-72.6114,44.11917]],[[-72.63908,44.11747],[-72.63938,44.11743],[-72.63959,44.11732],[-72.63985,44.11695],[-72.64013,44.11688],[-72.64048,44.11696],[-72.64059,44.11695],[-72.64106,44.11677],[-72.64125,44.11656],[-72.64186,44.11654],[-72.64203,44.11647],[-72.64217,44.11635],[-72.6423,44.11614],[-72.64248,44.11601],[-72.64301,44.11583],[-72.64303,44.11558],[-72.64314,44.11529],[-72.6438,44.11528],[-72.64406,44.11522],[-72.64438,44.11509],[-72.64476,44.11481],[-72.64495,44.11478],[-72.64512,44.11458],[-72.64551,44.1144],[-72.64602,44.11436],[-72.64647,44.11439],[-72.64676,44.1141],[-72.64706,44.11406],[-72.64744,44.11391],[-72.6476,44.11372],[-72.64792,44.11313],[-72.64834,44.11265],[-72.64928,44.11251],[-72.64932,44.11244],[-72.6492,44.11226],[-72.64924,44.11222],[-72.64969,44.11204],[-72.65011,44.11197],[-72.65041,44.11166],[-72.65058,44.11159],[-72.65083,44.11156],[-72.6511,44.11164]],[[-72.59642,44.11081],[-72.59653,44.11101],[-72.59703,44.11158],[-72.59717,44.11182],[-72.59717,44.1119],[-72.59733,44.11199],[-72.59744,44.11217]],[[-72.59531,44.10925],[-72.5954,44.10935],[-72.59586,44.10961],[-72.59612,44.10969],[-72.59629,44.10988],[-72.59641,44.11031],[-72.59642,44.11081]],[[-72.5938,44.10641],[-72.59385,44.10675],[-72.59382,44.10692],[-72.59404,44.10806],[-72.59427,44.1084],[-72.59471,44.10888],[-72.59531,44.10925]],[[-72.62111,44.11504],[-72.62171,44.11505],[-72.62189,44.11512],[-72.62205,44.11528],[-72.62204,44.11535],[-72.6219,44.11547]],[[-72.62201,44.11593],[-72.6226,44.11595],[-72.62273,44.11617],[-72.62304,44.11627],[-72.62353,44.11678]],[[-72.61186,44.11888],[-72.61335,44.11749],[-72.61386,44.11685],[-72.61387,44.11678]],[[-72.62078,44.11474],[-72.62081,44.11489],[-72.62111,44.11504]],[[-72.6219,44.11547],[-72.62186,44.1155],[-72.62185,44.11566],[-72.62194,44.11591],[-72.62201,44.11593]]]}},{"type":"Feature","properties":{"stream_id":"union-brook","stream":"Union Brook","name":"Union Brook","order":3,"role":"matched"},"geometry":{"type":"MultiLineString","coordinates":[[[-72.74793,44.18648],[-72.74766,44.18661],[-72.7475,44.1866],[-72.7471,44.18635],[-72.74529,44.18611],[-72.74451,44.18591],[-72.74403,44.18573],[-72.74389,44.18561],[-72.74321,44.18557],[-72.74304,44.18549]],[[-72.71692,44.17774],[-72.71647,44.17752],[-72.71492,44.17649],[-72.71444,44.1761],[-72.71368,44.17572],[-72.71304,44.17524],[-72.71259,44.17508],[-72.7118,44.17495],[-72.71148,44.17486]],[[-72.72304,44.18029],[-72.72189,44.18019],[-72.7214,44.18022]],[[-72.69652,44.16911],[-72.69606,44.16876],[-72.69556,44.16849],[-72.6943,44.16795],[-72.69373,44.16779],[-72.69345,44.16764],[-72.693,44.16757],[-72.69223,44.1672],[-72.69187,44.16693],[-72.69154,44.16682],[-72.69036,44.16675],[-72.69023,44.16665],[-72.68984,44.16654],[-72.68965,44.16655],[-72.68934,44.16667],[-72.68899,44.16668],[-72.68837,44.1666],[-72.68769,44.16668],[-72.68747,44.16665],[-72.6873,44.16654]],[[-72.68027,44.16149],[-72.68021,44.16125],[-72.68027,44.16114],[-72.68033,44.16079],[-72.68022,44.16023],[-72.67988,44.16004],[-72.67955,44.15974],[-72.67942,44.15949],[-72.67953,44.15931],[-72.67954,44.15915],[-72.67942,44.15905]],[[-72.73108,44.18343],[-72.731,44.18333],[-72.73052,44.18316],[-72.7302,44.1831],[-72.72947,44.18265],[-72.72927,44.18257],[-72.72896,44.18255],[-72.72846,44.18237],[-72.7282,44.18216],[-72.72806,44.1819],[-72.7279,44.18171],[-72.72778,44.18164],[-72.72697,44.18143],[-72.72552,44.18091],[-72.7245,44.18081],[-72.72347,44.18062],[-72.72317,44.18046],[-72.72304,44.18029]],[[-72.69881,44.17061],[-72.69837,44.17034],[-72.69805,44.17032],[-72.69785,44.17023],[-72.6978,44.17003],[-72.69734,44.16984],[-72.69728,44.1696],[-72.69652,44.16911]],[[-72.6873,44.16654],[-72.6867,44.16607],[-72.68596,44.1657],[-72.68473,44.16549],[-72.68444,44.16533],[-72.68418,44.1653],[-72.6838,44.16499],[-72.68364,44.16481],[-72.68346,44.16454],[-72.68333,44.16416],[-72.68322,44.16402],[-72.68279,44.16387],[-72.68259,44.16365],[-72.68247,44.1636],[-72.68233,44.16362],[-72.68199,44.16342],[-72.68179,44.1634],[-72.68122,44.16351],[-72.68107,44.16347],[-72.68097,44.16339],[-72.68097,44.16325],[-72.68101,44.16309],[-72.68118,44.16293],[-72.68124,44.16262],[-72.68071,44.16235],[-72.68059,44.16188]],[[-72.67942,44.15905],[-72.67901,44.15893],[-72.67846,44.15889],[-72.67799,44.15875],[-72.67729,44.1583],[-72.6767,44.1583],[-72.67648,44.15825],[-72.67644,44.15809],[-72.67653,44.15776],[-72.67662,44.15769],[-72.67691,44.15721],[-72.67693,44.15698],[-72.6769,44.15689],[-72.67683,44.15685],[-72.67662,44.15682],[-72.67626,44.15691],[-72.67565,44.15685],[-72.67535,44.15675],[-72.67515,44.15658],[-72.67509,44.15648],[-72.67492,44.15641],[-72.6742,44.15639],[-72.67399,44.15633],[-72.67378,44.1562],[-72.67366,44.15596],[-72.67339,44.15577],[-72.67254,44.1555],[-72.67191,44.15503],[-72.67159,44.15486],[-72.67047,44.1548],[-72.66987,44.1544],[-72.66967,44.15408],[-72.66924,44.15375],[-72.66858,44.15368],[-72.66836,44.15361],[-72.66808,44.15345],[-72.66786,44.15324],[-72.6672,44.15305],[-72.6656,44.15242],[-72.66532,44.15228],[-72.66459,44.15176],[-72.66425,44.15138],[-72.66403,44.1513],[-72.66311,44.15118],[-72.66275,44.15106],[-72.66212,44.15072],[-72.66131,44.14987],[-72.66099,44.14932],[-72.66054,44.14908]],[[-72.74304,44.18549],[-72.74276,44.1854],[-72.74218,44.18561],[-72.74156,44.18575],[-72.73979,44.18553],[-72.73942,44.18561],[-72.73881,44.18554],[-72.73811,44.18563],[-72.73745,44.1856],[-72.73676,44.18547],[-72.73639,44.18532],[-72.73575,44.18523],[-72.73528,44.18491],[-72.73459,44.1847],[-72.73426,44.18468],[-72.73374,44.18436],[-72.73348,44.18434],[-72.73324,44.18445],[-72.73309,44.18445],[-72.73286,44.18435],[-72.73263,44.18405],[-72.73203,44.18385],[-72.73177,44.18371],[-72.73136,44.18363],[-72.73108,44.18343]],[[-72.7214,44.18022],[-72.72103,44.18012],[-72.72077,44.17983],[-72.72047,44.17962],[-72.72021,44.17924],[-72.7202,44.1791],[-72.71974,44.17868],[-72.71913,44.17845],[-72.71828,44.17834],[-72.71778,44.17813],[-72.71733,44.17785],[-72.71692,44.17774]],[[-72.71148,44.17486],[-72.71121,44.17475],[-72.71105,44.17459],[-72.71081,44.1745],[-72.71051,44.1745],[-72.71017,44.17464],[-72.70962,44.17464],[-72.70886,44.17441],[-72.7078,44.174],[-72.70744,44.17395],[-72.70703,44.17406],[-72.70667,44.17399],[-72.70589,44.17363],[-72.70569,44.17345],[-72.70565,44.17332],[-72.70546,44.17308],[-72.7048,44.17304],[-72.70447,44.17289],[-72.70416,44.17263],[-72.70352,44.17237],[-72.70319,44.17236],[-72.70293,44.17242],[-72.70273,44.17237],[-72.70231,44.17213],[-72.70148,44.1719],[-72.70121,44.17164],[-72.70101,44.17155],[-72.69969,44.1712],[-72.69941,44.17106],[-72.69881,44.17061]],[[-72.68036,44.16154],[-72.68027,44.16149]],[[-72.66054,44.14908],[-72.6604,44.14905]],[[-72.68059,44.16188],[-72.68056,44.16173],[-72.68036,44.16154]]]}},{"type":"Feature","properties":{"stream_id":"chase-brook-dog-river","stream":"Chase Brook (Dog River)","name":"Chase Brook","order":2,"role":"matched"},"geometry":{"type":"MultiLineString","coordinates":[[[-72.68256,44.22027],[-72.68236,44.22003],[-72.68202,44.21984],[-72.68177,44.21962],[-72.68156,44.21954],[-72.68149,44.21943]],[[-72.68149,44.21943],[-72.68127,44.21934],[-72.68097,44.21931],[-72.68089,44.21926],[-72.68039,44.21932],[-72.67999,44.21914],[-72.67973,44.21911],[-72.679,44.21888],[-72.6779,44.21882],[-72.67722,44.21885]],[[-72.67722,44.21885],[-72.67694,44.21879],[-72.67652,44.2185],[-72.67585,44.21839],[-72.67563,44.21815],[-72.67512,44.21814],[-72.67476,44.21809],[-72.67459,44.218],[-72.67413,44.21797],[-72.67282,44.21737],[-72.67251,44.21734],[-72.67231,44.21719],[-72.67182,44.21712],[-72.67161,44.21716],[-72.67097,44.21713],[-72.67002,44.21697],[-72.66976,44.21683],[-72.66955,44.21678],[-72.66945,44.21678],[-72.66926,44.21688],[-72.66922,44.21699],[-72.66904,44.21709],[-72.66886,44.21709]],[[-72.66886,44.21709],[-72.66707,44.21673],[-72.66604,44.21626],[-72.66479,44.21607],[-72.66366,44.2157],[-72.66342,44.21557],[-72.66306,44.21545],[-72.66213,44.21523],[-72.66121,44.21484],[-72.66091,44.21466],[-72.6603,44.21411],[-72.65969,44.21372],[-72.65959,44.21343],[-72.65913,44.21317],[-72.65877,44.21274],[-72.65827,44.21256],[-72.65792,44.21218],[-72.65785,44.21195],[-72.65758,44.21188],[-72.65724,44.21166],[-72.65695,44.21169],[-72.65659,44.21141],[-72.65611,44.21126],[-72.65601,44.21117],[-72.65492,44.21074],[-72.65461,44.21056],[-72.65269,44.20987],[-72.65162,44.20911],[-72.65114,44.20894],[-72.65029,44.20879],[-72.64977,44.20876],[-72.64904,44.20859],[-72.64745,44.20847],[-72.64661,44.20851],[-72.64507,44.2084],[-72.6445,44.20853],[-72.64381,44.2086],[-72.64269,44.20852],[-72.64191,44.20859],[-72.64178,44.20865],[-72.64094,44.20877],[-72.64074,44.20887],[-72.63983,44.2087],[-72.63871,44.20877],[-72.63832,44.20873],[-72.63773,44.20858],[-72.63758,44.20844],[-72.6376,44.20788],[-72.63755,44.20762],[-72.63739,44.20737],[-72.63687,44.20691],[-72.63644,44.20678],[-72.63571,44.20665],[-72.63497,44.20628],[-72.63486,44.20617],[-72.63463,44.20613]],[[-72.63463,44.20613],[-72.63454,44.20615]]]}},{"type":"Feature","properties":{"stream_id":"mad-river-above-warren-village","stream":"Mad River (above Warren Village)","name":"Mad River","order":5,"role":"matched"},"geometry":{"type":"MultiLineString","coordinates":[[[-72.82448,44.03577],[-72.82476,44.03559],[-72.82628,44.03492],[-72.82662,44.03486],[-72.82704,44.0349],[-72.82721,44.03484],[-72.82736,44.03465],[-72.82774,44.03452],[-72.82824,44.03409],[-72.82884,44.03411],[-72.82928,44.03404],[-72.82988,44.03388],[-72.83028,44.03368],[-72.83058,44.03359],[-72.83118,44.03381],[-72.83127,44.0342],[-72.83136,44.03432],[-72.83142,44.0345],[-72.83138,44.03583],[-72.83164,44.03597]],[[-72.83875,44.05656],[-72.83965,44.0569],[-72.84003,44.05696],[-72.84034,44.05715],[-72.84069,44.05726],[-72.84168,44.05724],[-72.84216,44.05733],[-72.84259,44.05747],[-72.84291,44.0575],[-72.84322,44.05745],[-72.84363,44.05762],[-72.84383,44.05758],[-72.84427,44.0577],[-72.84449,44.05768],[-72.84496,44.05801],[-72.84543,44.05808],[-72.84557,44.05821],[-72.84562,44.05838],[-72.84599,44.05841],[-72.84669,44.05885],[-72.84713,44.05906],[-72.84735,44.05927],[-72.8474,44.05948]],[[-72.85915,44.08084],[-72.85922,44.08086]],[[-72.85845,44.06793],[-72.8587,44.06827],[-72.85887,44.06898],[-72.85877,44.06924],[-72.85837,44.06962],[-72.85824,44.06985],[-72.85824,44.06997],[-72.85831,44.07007],[-72.85868,44.07033],[-72.85873,44.07043],[-72.85872,44.07058],[-72.85838,44.07131],[-72.85837,44.07146],[-72.85848,44.07176],[-72.85889,44.072],[-72.85923,44.0725],[-72.85953,44.07281],[-72.86021,44.07312],[-72.86036,44.07325],[-72.86018,44.07382],[-72.85988,44.07417],[-72.85992,44.07439],[-72.85988,44.07451]],[[-72.83032,44.04895],[-72.83031,44.04924],[-72.83066,44.04974],[-72.8319,44.05067],[-72.83259,44.0511],[-72.83275,44.05123],[-72.83278,44.05137],[-72.83291,44.05149]],[[-72.8331,44.05161],[-72.83324,44.05173],[-72.83346,44.05182],[-72.83357,44.05206],[-72.8338,44.05224],[-72.83421,44.05234],[-72.83427,44.05239],[-72.83426,44.05247],[-72.83415,44.05258],[-72.83415,44.05265],[-72.83425,44.05268],[-72.83427,44.0528],[-72.83407,44.05294],[-72.83389,44.05326],[-72.83396,44.05336],[-72.83428,44.05355]],[[-72.83291,44.05149],[-72.8331,44.05161]],[[-72.83188,44.03655],[-72.83212,44.03717],[-72.83217,44.03754],[-72.83237,44.03822],[-72.83235,44.03846],[-72.83264,44.03931],[-72.83268,44.0397],[-72.83265,44.03982],[-72.83243,44.03995],[-72.83235,44.04012],[-72.83231,44.04058],[-72.83237,44.0409],[-72.83222,44.04131],[-72.83214,44.04198],[-72.83166,44.04341],[-72.83157,44.04355],[-72.83159,44.04369],[-72.83173,44.04385],[-72.83194,44.04395],[-72.83194,44.04425],[-72.8318,44.04448],[-72.83146,44.04465],[-72.83137,44.0448],[-72.83123,44.0449],[-72.83124,44.04498],[-72.83112,44.04518],[-72.83097,44.04527],[-72.83062,44.04581],[-72.83053,44.04635],[-72.83039,44.04663],[-72.83004,44.04691]],[[-72.83195,44.03649],[-72.83188,44.03655]],[[-72.85988,44.07451],[-72.85968,44.07487],[-72.85924,44.07535],[-72.85923,44.07548],[-72.85947,44.07578],[-72.85944,44.07599],[-72.85923,44.07657],[-72.85902,44.07747],[-72.85889,44.0784],[-72.85856,44.07921],[-72.85839,44.07991],[-72.85844,44.08045],[-72.85864,44.08073],[-72.85915,44.08084]],[[-72.85519,44.06342],[-72.85536,44.0636],[-72.85559,44.06376],[-72.8562,44.06408],[-72.8563,44.06457],[-72.8565,44.06478],[-72.85665,44.06508],[-72.85683,44.0652],[-72.85704,44.06525],[-72.85705,44.06535],[-72.85686,44.06567],[-72.85685,44.06576],[-72.85688,44.06587],[-72.85708,44.06609],[-72.85728,44.06618],[-72.85745,44.06616],[-72.85823,44.0659],[-72.85831,44.06594],[-72.85828,44.06625],[-72.8582,44.0665],[-72.85818,44.0674],[-72.85825,44.06762],[-72.85845,44.06793]],[[-72.8474,44.05948],[-72.8475,44.05953],[-72.84785,44.05948],[-72.84792,44.05957],[-72.8481,44.05961],[-72.84961,44.06035],[-72.84997,44.06063],[-72.85036,44.06067],[-72.85061,44.06076],[-72.85067,44.06083],[-72.8506,44.06105],[-72.8506,44.06124],[-72.85073,44.0614],[-72.85104,44.0616],[-72.8512,44.06159],[-72.85128,44.06149],[-72.8514,44.06145],[-72.85176,44.06151],[-72.85216,44.0613],[-72.8525,44.06129],[-72.85258,44.06139],[-72.85261,44.06194],[-72.85347,44.06292],[-72.85396,44.06314],[-72.85464,44.06319],[-72.85519,44.06342]],[[-72.83428,44.05355],[-72.83438,44.05356],[-72.83453,44.05369],[-72.83456,44.0538],[-72.83468,44.05394],[-72.83552,44.05466],[-72.83665,44.05531],[-72.83714,44.05567],[-72.83781,44.05601],[-72.83791,44.05611],[-72.838,44.05631],[-72.8385,44.05641],[-72.83875,44.05656]],[[-72.83004,44.04691],[-72.82996,44.04729],[-72.83002,44.04786],[-72.83014,44.04833],[-72.83033,44.04875],[-72.83032,44.04895]],[[-72.86387,44.09576],[-72.86367,44.09594],[-72.86361,44.09659],[-72.86343,44.09707],[-72.86332,44.09719],[-72.86291,44.09723],[-72.86258,44.09739],[-72.86235,44.09776],[-72.86235,44.09802],[-72.86254,44.09877],[-72.86252,44.09893],[-72.86257,44.09916],[-72.86254,44.09927],[-72.86241,44.09942],[-72.86206,44.09947],[-72.86181,44.09945],[-72.86161,44.09952],[-72.86157,44.09961],[-72.86112,44.10208],[-72.86083,44.10283],[-72.86082,44.10313],[-72.86086,44.10327],[-72.86099,44.10343]],[[-72.86099,44.10343],[-72.86106,44.10353],[-72.86105,44.10364],[-72.86061,44.1047],[-72.86043,44.10547],[-72.86045,44.10586],[-72.86036,44.10605],[-72.85992,44.10625],[-72.85953,44.10632],[-72.85909,44.10656],[-72.85848,44.10671],[-72.8575,44.10826],[-72.85733,44.1091],[-72.8574,44.10973],[-72.8575,44.1099],[-72.85754,44.11017],[-72.8573,44.11068],[-72.857,44.11109],[-72.85692,44.11141],[-72.85679,44.1116],[-72.85669,44.11185],[-72.85662,44.11192],[-72.85664,44.11211],[-72.85701,44.11245],[-72.85709,44.11276],[-72.85706,44.11311],[-72.85668,44.1135],[-72.85668,44.11364],[-72.85683,44.11384],[-72.85682,44.11423]],[[-72.85922,44.08086],[-72.85942,44.08118],[-72.85952,44.08152],[-72.85963,44.08169],[-72.86051,44.08205],[-72.86085,44.08228],[-72.86111,44.08253],[-72.8613,44.08294],[-72.86136,44.08333],[-72.86134,44.08357],[-72.86157,44.08423],[-72.86179,44.08451],[-72.86233,44.08485],[-72.86251,44.08502],[-72.86288,44.08574],[-72.86349,44.08648],[-72.86368,44.08683],[-72.86367,44.0873],[-72.86347,44.08767],[-72.86339,44.08792],[-72.86343,44.08858],[-72.86367,44.08919],[-72.86371,44.08987],[-72.86359,44.09027],[-72.86363,44.09083],[-72.86345,44.09141],[-72.86339,44.09181],[-72.86342,44.09214],[-72.86356,44.09248],[-72.86373,44.09267],[-72.86392,44.09275],[-72.8644,44.09273],[-72.86457,44.0928],[-72.8647,44.09309],[-72.86466,44.09351],[-72.86455,44.09367],[-72.86449,44.09391],[-72.86446,44.09436],[-72.86454,44.09513],[-72.86431,44.09546],[-72.86387,44.09576]],[[-72.83164,44.03597],[-72.83179,44.03611],[-72.83195,44.03642],[-72.83195,44.03649]]]}},{"type":"Feature","properties":{"stream_id":"bradley-brook","stream":"Bradley Brook","name":"Bradley Brook","order":3,"role":"matched"},"geometry":{"type":"MultiLineString","coordinates":[[[-72.913,44.12242],[-72.91235,44.12234],[-72.91209,44.12219],[-72.91148,44.1222],[-72.91075,44.12212]],[[-72.91075,44.12212],[-72.91026,44.12209],[-72.90976,44.1218],[-72.90915,44.12162],[-72.90833,44.12158],[-72.90827,44.12153],[-72.90798,44.1215],[-72.90775,44.1213],[-72.9066,44.12106],[-72.9063,44.1208],[-72.90603,44.12068],[-72.90516,44.12062],[-72.90456,44.12048],[-72.90338,44.12038],[-72.90294,44.12046],[-72.90183,44.12052],[-72.90104,44.12071],[-72.90022,44.12071],[-72.8992,44.12063],[-72.89806,44.12087],[-72.89764,44.12107],[-72.89667,44.12114],[-72.89603,44.12114],[-72.89482,44.1208],[-72.89429,44.12056],[-72.89316,44.1202]],[[-72.88622,44.12002],[-72.88594,44.11991],[-72.88571,44.1199],[-72.8849,44.12004],[-72.88427,44.11993],[-72.88416,44.11997],[-72.88343,44.12054],[-72.88238,44.12089],[-72.88219,44.121],[-72.88199,44.12122],[-72.88195,44.12136],[-72.88182,44.12144],[-72.88148,44.12157],[-72.88092,44.12158]],[[-72.8683,44.12126],[-72.86722,44.12113],[-72.86666,44.12121],[-72.86571,44.12121],[-72.86495,44.1213],[-72.86428,44.1212],[-72.86302,44.12067],[-72.86148,44.12014],[-72.86024,44.12006],[-72.85964,44.11974],[-72.85936,44.11968],[-72.85904,44.11965],[-72.85852,44.11974],[-72.85816,44.11975],[-72.85777,44.11958],[-72.85756,44.11911],[-72.85717,44.11868]],[[-72.89316,44.1202],[-72.8921,44.12004],[-72.89093,44.11995],[-72.88954,44.11963],[-72.88902,44.11957],[-72.88866,44.11964],[-72.88818,44.11965],[-72.88797,44.11969],[-72.88754,44.11991],[-72.88691,44.12005],[-72.88635,44.12007],[-72.88622,44.12002]],[[-72.88092,44.12158],[-72.87998,44.12166],[-72.87968,44.12173],[-72.87854,44.12224],[-72.87741,44.12256],[-72.8755,44.12289],[-72.87475,44.1228],[-72.874,44.12293],[-72.8737,44.12284],[-72.87327,44.12248],[-72.87308,44.12239],[-72.87181,44.12232],[-72.87106,44.12203],[-72.87076,44.12185],[-72.87022,44.12174],[-72.86912,44.12163],[-72.86883,44.12153],[-72.8683,44.12126]],[[-72.85717,44.11868],[-72.85708,44.11865]]]}},{"type":"Feature","properties":{"stream_id":"clay-brook","stream":"Clay Brook","name":"Clay Brook","order":3,"role":"matched"},"geometry":{"type":"MultiLineString","coordinates":[[[-72.92118,44.14309],[-72.92092,44.14306],[-72.92056,44.14289],[-72.91998,44.14281],[-72.9198,44.14283],[-72.91925,44.14266]],[[-72.86974,44.14002],[-72.86961,44.14003],[-72.86926,44.1399],[-72.8689,44.13987]],[[-72.8689,44.13987],[-72.86878,44.13989],[-72.8685,44.14012],[-72.86837,44.1403],[-72.86799,44.14054],[-72.86683,44.14043],[-72.86666,44.14024],[-72.86649,44.13985],[-72.86595,44.13948],[-72.86575,44.1392],[-72.86533,44.13893],[-72.86527,44.13881],[-72.86511,44.13872],[-72.86488,44.13864],[-72.8646,44.13865],[-72.86422,44.13844],[-72.86283,44.13815],[-72.86195,44.1382],[-72.86144,44.13829],[-72.86115,44.13822],[-72.86014,44.13852],[-72.8594,44.13854],[-72.8591,44.13868],[-72.85858,44.13873],[-72.85821,44.13888],[-72.85806,44.13902],[-72.85786,44.1391],[-72.85764,44.1391],[-72.85693,44.13873],[-72.85658,44.13869],[-72.85639,44.13876],[-72.85596,44.13879]],[[-72.90074,44.13441],[-72.90051,44.13437],[-72.89991,44.1341],[-72.89891,44.13412],[-72.8983,44.13418],[-72.89812,44.13434],[-72.89788,44.13437],[-72.89743,44.13453]],[[-72.8717,44.13952],[-72.87145,44.13952],[-72.87135,44.13957],[-72.87127,44.13967],[-72.87094,44.13961],[-72.8707,44.13965],[-72.87023,44.13965],[-72.87001,44.13978],[-72.86986,44.13998],[-72.86974,44.14002]],[[-72.87655,44.13772],[-72.87607,44.13794],[-72.87568,44.13787],[-72.87544,44.13789],[-72.87534,44.13796],[-72.87517,44.13827],[-72.87491,44.13845],[-72.87432,44.13863],[-72.87375,44.13869],[-72.87326,44.1388],[-72.87313,44.13887],[-72.87279,44.13917],[-72.87239,44.13918],[-72.87198,44.13911],[-72.87191,44.13944],[-72.8717,44.13952]],[[-72.85596,44.13879],[-72.85517,44.13867],[-72.85461,44.13843],[-72.85393,44.13851],[-72.85368,44.13847],[-72.85334,44.13835],[-72.85309,44.13836],[-72.85266,44.13829],[-72.85225,44.13813],[-72.8519,44.13782],[-72.85093,44.13746],[-72.85016,44.13726],[-72.84986,44.13725],[-72.8493,44.13757],[-72.84888,44.13763],[-72.84867,44.13755],[-72.8486,44.13741],[-72.84846,44.13735],[-72.8479,44.13732],[-72.84763,44.13735],[-72.84728,44.13748],[-72.84711,44.1374],[-72.84685,44.13737],[-72.84625,44.13709],[-72.84577,44.13701],[-72.84532,44.13704],[-72.84464,44.13723]],[[-72.88008,44.13592],[-72.87996,44.13609],[-72.87992,44.13634],[-72.8797,44.13663]],[[-72.90469,44.13614],[-72.90422,44.13601],[-72.9037,44.13578],[-72.90333,44.1357],[-72.90287,44.13568],[-72.90265,44.13556],[-72.90239,44.13533],[-72.90186,44.13502],[-72.90156,44.13475],[-72.90105,44.1345],[-72.90074,44.13441]],[[-72.8797,44.13663],[-72.87861,44.13692],[-72.87805,44.13699],[-72.87738,44.13727],[-72.8771,44.13746]],[[-72.91925,44.14266],[-72.9187,44.14248],[-72.9182,44.14224],[-72.91666,44.14123],[-72.91595,44.14064],[-72.91557,44.14019],[-72.91433,44.13987],[-72.91374,44.13941],[-72.91207,44.13893],[-72.91177,44.1388],[-72.91153,44.13868],[-72.91115,44.13831],[-72.91055,44.13789],[-72.90978,44.13752],[-72.90907,44.13732],[-72.90843,44.13725],[-72.90829,44.13715],[-72.90698,44.13675],[-72.90607,44.13666],[-72.90469,44.13614]],[[-72.89729,44.13478],[-72.89678,44.13502],[-72.89644,44.13503],[-72.89632,44.13508],[-72.89413,44.1353],[-72.89354,44.13527],[-72.89256,44.13531],[-72.89231,44.13534],[-72.89186,44.13552],[-72.89143,44.13558],[-72.89078,44.13555],[-72.89045,44.13546],[-72.89012,44.13545],[-72.88981,44.13551],[-72.88936,44.13552],[-72.8892,44.13552],[-72.88906,44.13545],[-72.88859,44.13547],[-72.88805,44.13524],[-72.88752,44.13526],[-72.8873,44.13523],[-72.88699,44.13508],[-72.88653,44.13502],[-72.88632,44.13486],[-72.88575,44.13476],[-72.88558,44.13465],[-72.8852,44.13493],[-72.88476,44.13493],[-72.88448,44.13508],[-72.88407,44.13506],[-72.88387,44.13493],[-72.88364,44.13493],[-72.88335,44.1351],[-72.88304,44.13543],[-72.8828,44.13551],[-72.88235,44.13548],[-72.88205,44.13578],[-72.88197,44.1358],[-72.88123,44.13578],[-72.88048,44.13601],[-72.88008,44.13592]],[[-72.84464,44.13723],[-72.84455,44.13726]],[[-72.89743,44.13453],[-72.89729,44.13478]],[[-72.8771,44.13746],[-72.87702,44.13754],[-72.87655,44.13772]]]}},{"type":"Feature","properties":{"stream_id":"rice-brook","stream":"Rice Brook","name":"Rice Brook","order":2,"role":"matched"},"geometry":{"type":"MultiLineString","coordinates":[[[-72.90905,44.14487],[-72.90879,44.14475],[-72.90832,44.14468],[-72.90804,44.14455],[-72.9077,44.1443],[-72.90661,44.14384],[-72.90641,44.14382],[-72.90618,44.14372],[-72.90525,44.14365],[-72.90475,44.14374],[-72.90418,44.14351],[-72.90371,44.14339],[-72.90323,44.14343],[-72.90238,44.14331],[-72.90152,44.14307],[-72.90123,44.14306]],[[-72.90123,44.14306],[-72.90049,44.14302],[-72.89998,44.14277],[-72.89897,44.14207],[-72.89859,44.14192],[-72.89819,44.14188],[-72.89808,44.1418],[-72.8979,44.14142],[-72.89771,44.14123],[-72.89708,44.14094],[-72.89691,44.14074],[-72.89634,44.14032],[-72.8963,44.14021],[-72.8956,44.14006],[-72.89513,44.13973],[-72.89494,44.13946],[-72.89455,44.13939],[-72.89434,44.13929],[-72.89401,44.13898],[-72.89294,44.1388],[-72.89274,44.13872],[-72.89258,44.13861],[-72.89249,44.13846],[-72.89229,44.13837],[-72.89133,44.13829],[-72.89088,44.13819],[-72.89045,44.13836],[-72.88991,44.13829],[-72.88984,44.13825],[-72.88978,44.13803],[-72.88969,44.13798],[-72.88915,44.13791],[-72.88854,44.13796],[-72.88832,44.13793],[-72.88687,44.13795],[-72.88674,44.13792],[-72.88651,44.13776],[-72.88632,44.13774],[-72.88554,44.13742],[-72.88402,44.13692],[-72.88317,44.13681],[-72.88252,44.13664],[-72.88193,44.13662],[-72.88151,44.1367],[-72.88047,44.13657],[-72.8797,44.13663]]]}},{"type":"Feature","properties":{"stream_id":"mill-brook-fayston","stream":"Mill Brook (Fayston)","name":"Mill Brook","order":4,"role":"matched"},"geometry":{"type":"MultiLineString","coordinates":[[[-72.93012,44.21024],[-72.92997,44.20995],[-72.92981,44.20976],[-72.92875,44.20916],[-72.9278,44.20872],[-72.92719,44.20832],[-72.92702,44.20813],[-72.9269,44.20808],[-72.92633,44.20757],[-72.92583,44.20738],[-72.92544,44.20734],[-72.92505,44.2072],[-72.92447,44.20716]],[[-72.92447,44.20716],[-72.92382,44.20704],[-72.92305,44.207],[-72.92287,44.20703],[-72.9223,44.2069]],[[-72.90616,44.20385],[-72.90423,44.20404],[-72.90347,44.20423],[-72.90303,44.20427],[-72.90271,44.20444],[-72.90242,44.20453],[-72.90187,44.20453],[-72.90078,44.20473],[-72.89978,44.20476],[-72.89924,44.2046]],[[-72.9223,44.2069],[-72.92095,44.20638],[-72.92039,44.20637],[-72.91996,44.20648],[-72.91978,44.2066],[-72.91854,44.20678],[-72.91826,44.20692],[-72.91731,44.20707],[-72.91662,44.20702],[-72.91534,44.20661],[-72.91478,44.20648],[-72.91441,44.20633],[-72.91397,44.20622],[-72.91367,44.20621],[-72.9128,44.20589],[-72.91205,44.20583],[-72.91176,44.20571],[-72.91168,44.20564],[-72.91123,44.2056],[-72.91085,44.20548],[-72.91058,44.20527],[-72.90927,44.20451],[-72.90889,44.20436],[-72.90821,44.20394],[-72.90807,44.20395],[-72.90755,44.20377],[-72.90639,44.20378],[-72.90616,44.20385]],[[-72.89488,44.20108],[-72.89462,44.20076],[-72.89444,44.20033],[-72.89442,44.20017],[-72.89413,44.19982],[-72.89405,44.19978],[-72.89368,44.19996],[-72.8933,44.19997]],[[-72.89924,44.2046],[-72.89897,44.20448],[-72.89826,44.20445],[-72.89785,44.20431],[-72.89715,44.20416],[-72.89664,44.20396],[-72.89593,44.20395],[-72.89557,44.2038],[-72.89547,44.20361],[-72.89533,44.20295],[-72.895,44.20225],[-72.89509,44.2015],[-72.89504,44.20132],[-72.89488,44.20108]],[[-72.88526,44.19096],[-72.88499,44.19077]],[[-72.8855,44.19143],[-72.88552,44.1913],[-72.88548,44.19114],[-72.88526,44.19096]],[[-72.8933,44.19997],[-72.89321,44.19993],[-72.89313,44.19975],[-72.89322,44.19957],[-72.89318,44.19914],[-72.89357,44.1988],[-72.89368,44.19858],[-72.89366,44.1984],[-72.8935,44.19826],[-72.89323,44.19785],[-72.89295,44.19759],[-72.89275,44.1973],[-72.89241,44.197],[-72.89236,44.19689],[-72.89184,44.19663],[-72.89155,44.19633],[-72.89152,44.19623],[-72.89137,44.19613],[-72.8913,44.19598],[-72.89066,44.19551],[-72.89059,44.1952],[-72.88995,44.19501],[-72.88981,44.19487],[-72.8897,44.19453],[-72.88971,44.19429],[-72.88978,44.19417],[-72.89007,44.19399],[-72.89012,44.1938],[-72.89008,44.19357],[-72.88998,44.19344],[-72.88974,44.1933],[-72.88937,44.19334],[-72.88926,44.19329],[-72.88887,44.19286],[-72.88861,44.19279],[-72.88815,44.19283],[-72.88741,44.19272],[-72.88687,44.19274],[-72.88646,44.19267],[-72.8859,44.19235],[-72.88565,44.19209],[-72.88548,44.1917],[-72.8855,44.19143]],[[-72.88499,44.19077],[-72.88422,44.19024],[-72.88326,44.19003],[-72.88294,44.18983],[-72.88278,44.18961],[-72.8825,44.18893],[-72.88133,44.18801],[-72.88054,44.18757],[-72.88006,44.18758],[-72.87963,44.18743],[-72.87958,44.18729],[-72.87989,44.18703],[-72.87991,44.18687],[-72.87987,44.18672],[-72.87921,44.18602],[-72.87909,44.18568],[-72.87899,44.18556],[-72.87891,44.18553],[-72.87868,44.18556],[-72.87792,44.18606],[-72.87773,44.18605],[-72.87737,44.18578],[-72.87707,44.1857],[-72.87684,44.18572],[-72.87634,44.18586],[-72.87595,44.18618],[-72.87507,44.18618],[-72.87452,44.18625],[-72.87409,44.1862],[-72.87359,44.18605],[-72.87274,44.18572],[-72.87259,44.1856],[-72.87198,44.18535],[-72.87159,44.18525]],[[-72.8715,44.18492],[-72.87139,44.18477],[-72.87139,44.18458],[-72.87126,44.18411],[-72.87108,44.18371],[-72.87092,44.18354],[-72.87027,44.18334],[-72.86954,44.18345]],[[-72.85841,44.18248],[-72.85797,44.18263],[-72.85702,44.18272],[-72.85612,44.18297],[-72.85501,44.18315],[-72.85435,44.18335],[-72.85316,44.18357],[-72.85188,44.18388]],[[-72.83375,44.17949],[-72.83368,44.1796]],[[-72.83625,44.17829],[-72.83571,44.1788],[-72.83554,44.17889],[-72.83503,44.17906],[-72.83437,44.17918],[-72.83386,44.1794],[-72.83375,44.17949]],[[-72.84276,44.18107],[-72.84276,44.18092],[-72.84269,44.18082],[-72.8411,44.17996],[-72.84052,44.17958],[-72.84016,44.17947],[-72.83988,44.17947],[-72.8394,44.17961],[-72.83904,44.17986],[-72.83888,44.17988],[-72.83863,44.17978],[-72.83792,44.17916],[-72.83744,44.17901],[-72.83712,44.17886],[-72.8365,44.17841],[-72.83648,44.17835],[-72.83635,44.17828],[-72.83625,44.17829]],[[-72.85188,44.18388],[-72.85135,44.18399],[-72.85095,44.18394],[-72.85081,44.18382],[-72.84902,44.18294],[-72.84806,44.18254],[-72.84772,44.18254],[-72.8472,44.18263],[-72.84652,44.18259]],[[-72.86193,44.18209],[-72.86168,44.18188]],[[-72.87159,44.18525],[-72.87147,44.18505],[-72.8715,44.18492]],[[-72.84652,44.18259],[-72.84578,44.18249],[-72.8453,44.1825],[-72.8447,44.18238],[-72.8437,44.18184],[-72.84332,44.18137],[-72.84282,44.18121],[-72.84276,44.18107]],[[-72.86954,44.18345],[-72.86917,44.18342],[-72.86819,44.18323],[-72.86779,44.18328],[-72.86653,44.18358],[-72.86584,44.18364],[-72.86538,44.18355],[-72.86492,44.18353],[-72.86426,44.18334],[-72.86315,44.18288],[-72.86273,44.18265]],[[-72.86273,44.18265],[-72.8621,44.18225],[-72.86193,44.18209]],[[-72.86168,44.18188],[-72.86134,44.18174],[-72.86049,44.18161],[-72.85984,44.18165],[-72.8595,44.18177],[-72.8593,44.18189],[-72.85894,44.18224],[-72.85841,44.18248]]]}},{"type":"Feature","properties":{"stream_id":"chase-brook-fayston","stream":"Chase Brook (Fayston)","name":"Chase Brook","order":3,"role":"matched"},"geometry":{"type":"MultiLineString","coordinates":[[[-72.92207,44.18524],[-72.92055,44.18486]],[[-72.90186,44.17862],[-72.90167,44.1788],[-72.9015,44.17887],[-72.90125,44.17933],[-72.90115,44.1794],[-72.90083,44.17948],[-72.90032,44.17945],[-72.89941,44.17949],[-72.89914,44.17968],[-72.89888,44.18004],[-72.89873,44.18006],[-72.89824,44.17995],[-72.89802,44.18012],[-72.89758,44.18008]],[[-72.89758,44.18008],[-72.89731,44.18011],[-72.89679,44.17981],[-72.89662,44.17977],[-72.89548,44.17965],[-72.89539,44.17956],[-72.89432,44.17898],[-72.89406,44.17868],[-72.894,44.17853],[-72.89381,44.17839],[-72.89338,44.17838],[-72.89223,44.17811],[-72.89132,44.17831],[-72.89077,44.17853],[-72.89048,44.17876],[-72.89023,44.17883],[-72.88958,44.17912],[-72.8893,44.17918],[-72.88896,44.17906],[-72.88877,44.17894],[-72.88838,44.17886],[-72.88689,44.17888],[-72.88664,44.17874],[-72.88621,44.17868],[-72.88551,44.17882],[-72.88456,44.17888],[-72.88356,44.1788],[-72.88312,44.17865],[-72.8829,44.17852]],[[-72.88016,44.18171],[-72.87956,44.18167],[-72.8793,44.18179],[-72.87896,44.18199],[-72.87878,44.18225],[-72.87848,44.18254],[-72.87768,44.1829],[-72.87757,44.18303],[-72.87697,44.1832],[-72.87671,44.18332],[-72.87658,44.18343],[-72.87642,44.18382],[-72.87619,44.18393],[-72.87506,44.18414],[-72.87438,44.18417],[-72.87414,44.18431],[-72.87395,44.18454],[-72.87304,44.18493],[-72.87247,44.185],[-72.87158,44.18493]],[[-72.90275,44.17781],[-72.90229,44.17814],[-72.90213,44.17838],[-72.90186,44.17862]],[[-72.8829,44.17852],[-72.88249,44.17881],[-72.88181,44.17968],[-72.88156,44.17988],[-72.88135,44.18015],[-72.88114,44.18054],[-72.88093,44.18078],[-72.88091,44.18115],[-72.88077,44.18146],[-72.88052,44.18167],[-72.88016,44.18171]],[[-72.92055,44.18486],[-72.91991,44.18465],[-72.91959,44.18445],[-72.91859,44.18403],[-72.91823,44.18376],[-72.91774,44.18357],[-72.91722,44.18324],[-72.91703,44.18319],[-72.91664,44.18298],[-72.91564,44.18233],[-72.91461,44.18177],[-72.91342,44.18096],[-72.9129,44.18072],[-72.91156,44.17991],[-72.91025,44.17929],[-72.90929,44.1789],[-72.90843,44.17838],[-72.90802,44.17835],[-72.90772,44.17838],[-72.90724,44.17826],[-72.9067,44.17822],[-72.90646,44.17824],[-72.90641,44.17829],[-72.90643,44.17836],[-72.90631,44.17838],[-72.90614,44.17839],[-72.90601,44.17833],[-72.90571,44.17837],[-72.90538,44.17818],[-72.90498,44.17817],[-72.90414,44.17795],[-72.90377,44.17793],[-72.90334,44.17776]],[[-72.87158,44.18493],[-72.8715,44.18492]],[[-72.90334,44.17776],[-72.90301,44.17777]],[[-72.90301,44.17777],[-72.90275,44.17781]]]}},{"type":"Feature","properties":{"stream_id":"slide-brook","stream":"Slide Brook","name":"Slide Brook","order":3,"role":"matched"},"geometry":{"type":"MultiLineString","coordinates":[[[-72.9172,44.15396],[-72.91587,44.15418],[-72.91526,44.15437]],[[-72.88518,44.17748],[-72.88503,44.17753],[-72.88466,44.17753],[-72.88444,44.17758],[-72.88434,44.1777],[-72.88427,44.1781],[-72.88405,44.17831],[-72.88368,44.17841],[-72.8829,44.17852]],[[-72.88459,44.16737],[-72.88453,44.16754],[-72.88464,44.16794],[-72.88488,44.16833],[-72.88492,44.16853],[-72.88503,44.16866],[-72.88503,44.16877],[-72.88492,44.169],[-72.88474,44.16916],[-72.88477,44.1693],[-72.88494,44.16945],[-72.88499,44.16958],[-72.88493,44.16994],[-72.8846,44.17015],[-72.88467,44.17059],[-72.88481,44.1707],[-72.88504,44.17077],[-72.88624,44.17232],[-72.88638,44.17239],[-72.8864,44.17245],[-72.88644,44.1728],[-72.8864,44.17296],[-72.8862,44.17309],[-72.88593,44.17338],[-72.88594,44.1735],[-72.88609,44.17378],[-72.88608,44.17405],[-72.88593,44.17442],[-72.88585,44.17487]],[[-72.91526,44.15437],[-72.91482,44.15475],[-72.91404,44.15576],[-72.91369,44.15613],[-72.91302,44.15637],[-72.9127,44.15656],[-72.91169,44.15698],[-72.91075,44.15762],[-72.90931,44.15842],[-72.90746,44.15898],[-72.90659,44.1591],[-72.90632,44.15934],[-72.90585,44.15952],[-72.90538,44.15968],[-72.90484,44.15976],[-72.90382,44.16003],[-72.90366,44.16013],[-72.90297,44.16037],[-72.90274,44.16041],[-72.90262,44.16047],[-72.90256,44.16061],[-72.90193,44.16088],[-72.90105,44.16141],[-72.90085,44.16139],[-72.90064,44.16144],[-72.89989,44.16182],[-72.89935,44.16199],[-72.89887,44.16199],[-72.89841,44.1619],[-72.89808,44.16189],[-72.89694,44.16188],[-72.89643,44.16193],[-72.89619,44.16204],[-72.8953,44.16285],[-72.89509,44.16295]],[[-72.88585,44.17487],[-72.88548,44.17529],[-72.88523,44.17547],[-72.8851,44.17563],[-72.88508,44.17576],[-72.88525,44.176],[-72.8858,44.17621],[-72.88595,44.17644],[-72.8859,44.17656],[-72.88545,44.1771],[-72.88529,44.1774],[-72.88518,44.17748]],[[-72.89509,44.16295],[-72.89476,44.16325],[-72.89455,44.16378],[-72.89421,44.16426],[-72.89393,44.16437],[-72.89353,44.16467],[-72.89324,44.165],[-72.89304,44.1651],[-72.89285,44.16533],[-72.89243,44.16549],[-72.89158,44.16623],[-72.8911,44.16641],[-72.89019,44.16649],[-72.88946,44.16664],[-72.88895,44.16665],[-72.88868,44.16672],[-72.8884,44.16673],[-72.88794,44.16656],[-72.88763,44.16655],[-72.88708,44.16671],[-72.8856,44.16676],[-72.88537,44.16682],[-72.88517,44.16703],[-72.88477,44.16719],[-72.88459,44.16737]]]}},{"type":"Feature","properties":{"stream_id":"shepard-brook","stream":"Shepard Brook","name":"Shepard Brook","order":4,"role":"matched"},"geometry":{"type":"MultiLineString","coordinates":[[[-72.88594,44.27083],[-72.8855,44.27044],[-72.88509,44.27022],[-72.88503,44.27015],[-72.88444,44.2699],[-72.88411,44.26967],[-72.88367,44.2696],[-72.88349,44.26948],[-72.88333,44.26947],[-72.88286,44.2692],[-72.88267,44.26917],[-72.88221,44.26896],[-72.88199,44.26874],[-72.88168,44.26866],[-72.88118,44.26864],[-72.88078,44.26853],[-72.88047,44.26837],[-72.88015,44.2683],[-72.87971,44.26799],[-72.87944,44.2676],[-72.87927,44.26751],[-72.87859,44.26743],[-72.87803,44.26717],[-72.87734,44.26717],[-72.87699,44.26703],[-72.87665,44.26695],[-72.87641,44.26671],[-72.87631,44.26649],[-72.87608,44.26621],[-72.87556,44.266],[-72.87549,44.26592],[-72.87549,44.26574],[-72.8756,44.26561],[-72.87556,44.2655],[-72.87526,44.26528],[-72.87486,44.2652],[-72.87478,44.26511],[-72.87477,44.26498],[-72.8743,44.26465],[-72.87393,44.26426],[-72.87375,44.26382],[-72.87377,44.26351]],[[-72.8731,44.25633],[-72.87309,44.25619],[-72.87301,44.2561],[-72.87275,44.25598],[-72.87249,44.25578]],[[-72.8743,44.24916],[-72.8744,44.24875],[-72.8743,44.24835],[-72.87415,44.24804],[-72.87382,44.24775],[-72.87384,44.24738],[-72.87379,44.24717],[-72.87382,44.24693],[-72.87432,44.24632],[-72.87451,44.24597],[-72.87453,44.24558],[-72.87439,44.24541],[-72.87427,44.24536]],[[-72.87427,44.24536],[-72.87343,44.24544],[-72.87311,44.24532],[-72.87302,44.24484]],[[-72.84114,44.23898],[-72.84092,44.239],[-72.84026,44.2389],[-72.83966,44.23872],[-72.83949,44.23862],[-72.83935,44.2384],[-72.83878,44.23835],[-72.83846,44.23824]],[[-72.82925,44.23823],[-72.82918,44.23817],[-72.82871,44.23811],[-72.82837,44.23798],[-72.82818,44.2379],[-72.828,44.23772],[-72.82778,44.23761],[-72.82758,44.23758],[-72.82652,44.23778]],[[-72.87302,44.24484],[-72.873,44.24471],[-72.87287,44.24459],[-72.87174,44.24412],[-72.87126,44.24409],[-72.87046,44.24421],[-72.87025,44.24416],[-72.87005,44.24405],[-72.86972,44.24357],[-72.86898,44.24318],[-72.86864,44.24291],[-72.86859,44.24283],[-72.86862,44.24257],[-72.86856,44.24236],[-72.86834,44.24224],[-72.86827,44.24199],[-72.86804,44.24189],[-72.86767,44.24157],[-72.86636,44.24092],[-72.86532,44.24079]],[[-72.83495,44.23915],[-72.83474,44.23917],[-72.83457,44.23912],[-72.83371,44.23859],[-72.83256,44.23805],[-72.83223,44.23794],[-72.83204,44.23792],[-72.83175,44.23795],[-72.83138,44.23808],[-72.83128,44.23825],[-72.8313,44.23851],[-72.83127,44.2387],[-72.83106,44.23878],[-72.83002,44.23862],[-72.82948,44.23845],[-72.82925,44.23823]],[[-72.86532,44.24079],[-72.86411,44.24042],[-72.86347,44.24016],[-72.86338,44.23994],[-72.8634,44.23969],[-72.86317,44.23944],[-72.8627,44.2392],[-72.86195,44.23872],[-72.86083,44.2378],[-72.86061,44.23777]],[[-72.85839,44.23748],[-72.85789,44.23746],[-72.85704,44.23766],[-72.8568,44.2378],[-72.85671,44.23796],[-72.85643,44.2381],[-72.85587,44.23809],[-72.85511,44.2383],[-72.85469,44.23837],[-72.85325,44.23842],[-72.85281,44.23858]],[[-72.85281,44.23858],[-72.85194,44.23875],[-72.85129,44.23895]],[[-72.83846,44.23824],[-72.83798,44.23801],[-72.83774,44.23801],[-72.8366,44.23864],[-72.8365,44.23865],[-72.83639,44.23862],[-72.83628,44.23849],[-72.83618,44.23812],[-72.83587,44.23797],[-72.83515,44.23781],[-72.83479,44.2378],[-72.83421,44.23795],[-72.83406,44.23817],[-72.83411,44.23829],[-72.83442,44.23848],[-72.83454,44.2385],[-72.83499,44.23871],[-72.83517,44.23885],[-72.83519,44.23891],[-72.83513,44.23908],[-72.83495,44.23915]],[[-72.85129,44.23895],[-72.85062,44.23917],[-72.8504,44.23913],[-72.85035,44.23904],[-72.85039,44.23895],[-72.85064,44.23875],[-72.85069,44.23863],[-72.85054,44.23845],[-72.85052,44.23826],[-72.85039,44.23808],[-72.85031,44.23806],[-72.85019,44.23807],[-72.85,44.23822],[-72.84977,44.23832],[-72.84911,44.23837],[-72.84857,44.23833],[-72.84813,44.23805],[-72.84797,44.238],[-72.84735,44.23806],[-72.84673,44.23806],[-72.84628,44.23794],[-72.84566,44.23789],[-72.8455,44.23782],[-72.84503,44.23774],[-72.84473,44.23785],[-72.84459,44.23839],[-72.84447,44.23862],[-72.84423,44.2389],[-72.84416,44.23893],[-72.84391,44.23895],[-72.84365,44.2389],[-72.84306,44.23865],[-72.8426,44.23857],[-72.84212,44.23868],[-72.84156,44.23891],[-72.84114,44.23898]],[[-72.82652,44.23778],[-72.82553,44.23785],[-72.82458,44.23777]],[[-72.86061,44.23777],[-72.86042,44.23788],[-72.8603,44.23788],[-72.85974,44.23781],[-72.85906,44.23759],[-72.85839,44.23748]],[[-72.82458,44.23777],[-72.82422,44.23771],[-72.82395,44.23761],[-72.8235,44.23737],[-72.82296,44.23701],[-72.82255,44.2368],[-72.82222,44.23669],[-72.82175,44.23663],[-72.82148,44.23665],[-72.82112,44.23674],[-72.82068,44.23693],[-72.82024,44.23702],[-72.81969,44.23685],[-72.81928,44.23688],[-72.81901,44.23661],[-72.8186,44.23645],[-72.81835,44.23646],[-72.81819,44.23653],[-72.81801,44.23669],[-72.81793,44.23682],[-72.81799,44.23731],[-72.81833,44.23771],[-72.81838,44.2379],[-72.81834,44.238],[-72.81824,44.23806],[-72.81802,44.23805],[-72.8176,44.23791]],[[-72.8176,44.23791],[-72.81722,44.23785],[-72.81667,44.23762],[-72.81647,44.23735],[-72.81636,44.2368],[-72.81619,44.23668],[-72.81579,44.23656],[-72.81527,44.23628],[-72.81518,44.2362],[-72.81491,44.23549],[-72.81462,44.23526],[-72.81424,44.23516],[-72.81339,44.23515],[-72.81312,44.23509],[-72.81276,44.23497],[-72.81161,44.23435],[-72.81135,44.23426],[-72.8105,44.2341],[-72.80909,44.23402],[-72.80815,44.23377],[-72.80751,44.23379],[-72.80718,44.2337],[-72.80678,44.23355],[-72.80644,44.23336],[-72.80583,44.23283],[-72.80533,44.23255]],[[-72.80533,44.23255],[-72.8046,44.23205],[-72.80414,44.23192],[-72.80387,44.23191],[-72.80349,44.23204],[-72.80294,44.23248],[-72.80265,44.23254],[-72.80236,44.23242],[-72.80215,44.23215],[-72.80181,44.23182],[-72.80063,44.23124],[-72.80019,44.23116],[-72.79994,44.23124],[-72.79974,44.23136]],[[-72.87377,44.26351],[-72.87394,44.2634],[-72.87403,44.2625],[-72.87394,44.26232],[-72.87364,44.26218],[-72.87335,44.26193],[-72.87322,44.26167],[-72.87323,44.26157],[-72.87395,44.26138],[-72.87411,44.26126],[-72.87423,44.26104],[-72.87422,44.26066],[-72.87408,44.26039],[-72.87359,44.25987],[-72.87356,44.25968],[-72.87316,44.25902],[-72.87318,44.25882],[-72.87329,44.25878],[-72.87336,44.25867],[-72.87342,44.25796],[-72.87351,44.25766],[-72.8736,44.2575],[-72.87363,44.25704],[-72.87355,44.2568],[-72.87338,44.25664],[-72.87338,44.25652],[-72.87312,44.25639],[-72.8731,44.25633]],[[-72.87249,44.25578],[-72.87236,44.25543],[-72.87254,44.25511],[-72.87256,44.25474],[-72.8725,44.25451],[-72.87225,44.2542],[-72.87222,44.25402],[-72.8723,44.25387],[-72.87232,44.25373],[-72.87266,44.25337],[-72.87284,44.25311],[-72.87284,44.25303]],[[-72.87284,44.25303],[-72.87278,44.25288],[-72.87261,44.25273],[-72.87253,44.25257],[-72.87255,44.25241],[-72.87265,44.25229],[-72.87305,44.25205],[-72.87387,44.25174],[-72.87396,44.25161],[-72.87395,44.25141],[-72.8742,44.25119]],[[-72.8742,44.25119],[-72.87425,44.25104],[-72.87418,44.2508],[-72.87385,44.2503],[-72.87383,44.24995],[-72.8741,44.24966],[-72.87425,44.24937],[-72.8743,44.24916]],[[-72.79701,44.23174],[-72.79586,44.23136],[-72.79529,44.23128],[-72.79525,44.23101],[-72.79529,44.2307],[-72.79516,44.23054],[-72.79498,44.23045],[-72.79446,44.23031],[-72.79318,44.23013],[-72.79297,44.23005],[-72.79285,44.22986],[-72.79226,44.22975],[-72.79169,44.22973],[-72.79143,44.22964],[-72.79092,44.2296],[-72.79073,44.22952],[-72.79057,44.22944],[-72.79037,44.22918],[-72.78986,44.22878],[-72.78977,44.22858],[-72.78974,44.22822],[-72.7896,44.22788],[-72.78921,44.22773],[-72.78862,44.22766],[-72.78839,44.22767],[-72.78813,44.22775],[-72.78798,44.22785],[-72.7879,44.22805],[-72.78776,44.22816],[-72.78719,44.22841],[-72.78707,44.22872],[-72.78685,44.22908],[-72.78675,44.22922],[-72.78657,44.22928],[-72.78525,44.22919],[-72.78456,44.22904],[-72.7842,44.22891]],[[-72.7842,44.22891],[-72.78386,44.22876],[-72.78359,44.22836],[-72.78346,44.22796],[-72.78327,44.22763],[-72.7823,44.22673]],[[-72.79974,44.23136],[-72.79863,44.23191],[-72.7983,44.23203],[-72.79754,44.23193],[-72.79701,44.23174]],[[-72.7823,44.22673],[-72.78217,44.22669]]]}},{"type":"Feature","properties":{"stream_id":"dowsville-brook","stream":"Dowsville Brook","name":"Dowsville Brook","order":3,"role":"matched"},"geometry":{"type":"MultiLineString","coordinates":[[[-72.85694,44.28969],[-72.85691,44.28946],[-72.85679,44.28921],[-72.85675,44.2888],[-72.8564,44.28859],[-72.85628,44.28856],[-72.85611,44.28861],[-72.85556,44.28847],[-72.85523,44.28854],[-72.85467,44.28844],[-72.85438,44.28849],[-72.85429,44.28844],[-72.85413,44.28845]],[[-72.85319,44.28832],[-72.85287,44.28813]],[[-72.8531,44.28449],[-72.85316,44.28442],[-72.85316,44.28408],[-72.85324,44.28403],[-72.85318,44.28367],[-72.85304,44.28352],[-72.85256,44.28346],[-72.85243,44.28339],[-72.85238,44.28329],[-72.8521,44.28318]],[[-72.84234,44.28085],[-72.84212,44.28095],[-72.84194,44.28096],[-72.84116,44.28087]],[[-72.83537,44.27706],[-72.83521,44.27681],[-72.83456,44.2767],[-72.8342,44.27657],[-72.83358,44.27647],[-72.83338,44.27649],[-72.83306,44.27662],[-72.83289,44.27657],[-72.83181,44.27594],[-72.83131,44.27556],[-72.8308,44.27553],[-72.83031,44.27496],[-72.8298,44.27479],[-72.82902,44.27475]],[[-72.81812,44.26735],[-72.81795,44.26729]],[[-72.8058,44.26161],[-72.80555,44.26147],[-72.80506,44.26138],[-72.80452,44.26099],[-72.80375,44.26087],[-72.80331,44.26041],[-72.80283,44.26014],[-72.8026,44.26017],[-72.80233,44.26011],[-72.80205,44.25987],[-72.80198,44.25967],[-72.80154,44.25906],[-72.80111,44.25895],[-72.80068,44.25899],[-72.80054,44.2589],[-72.80003,44.25801],[-72.80002,44.25723],[-72.79996,44.25702],[-72.79958,44.25681]],[[-72.8521,44.28318],[-72.85197,44.28308],[-72.85168,44.28268],[-72.85106,44.2824],[-72.85076,44.28235],[-72.85029,44.28236],[-72.85005,44.2822],[-72.8497,44.28183],[-72.84948,44.2818],[-72.84927,44.28167],[-72.84921,44.28153],[-72.84894,44.28133],[-72.84854,44.2812],[-72.84829,44.28122],[-72.8482,44.28119],[-72.84806,44.28101],[-72.84769,44.28107],[-72.847,44.28088],[-72.84667,44.28086],[-72.84618,44.28061],[-72.84562,44.28049],[-72.84549,44.28052],[-72.84494,44.28043],[-72.84474,44.28032],[-72.84412,44.28037],[-72.84332,44.28057],[-72.84279,44.28062],[-72.84234,44.28085]],[[-72.85287,44.28813],[-72.85294,44.28768],[-72.85288,44.28759],[-72.85283,44.28719],[-72.85288,44.28658],[-72.85278,44.28642],[-72.8527,44.28574],[-72.85295,44.28515],[-72.85303,44.28487],[-72.85301,44.28463],[-72.8531,44.28449]],[[-72.84116,44.28087],[-72.84094,44.28074],[-72.84067,44.28068],[-72.84056,44.28054],[-72.84044,44.28025],[-72.84053,44.27996],[-72.84054,44.2798],[-72.84047,44.27967],[-72.84002,44.27942],[-72.83929,44.27921],[-72.83906,44.27918],[-72.8387,44.27925],[-72.83847,44.27923],[-72.83833,44.2791],[-72.83793,44.27893],[-72.83754,44.27856],[-72.83709,44.27847],[-72.83624,44.27774],[-72.83622,44.27742],[-72.83614,44.27731],[-72.83595,44.27722],[-72.83553,44.27717],[-72.83537,44.27706]],[[-72.82902,44.27475],[-72.82877,44.27461],[-72.82828,44.27449],[-72.82817,44.27433],[-72.82811,44.27409],[-72.82771,44.27388],[-72.82768,44.2738],[-72.82752,44.27368],[-72.82737,44.27373],[-72.82726,44.27382],[-72.82678,44.27383],[-72.82655,44.27379],[-72.82634,44.27387],[-72.82619,44.27387],[-72.82594,44.2737],[-72.82569,44.27344],[-72.82541,44.27335],[-72.82482,44.2733],[-72.82466,44.27324],[-72.82458,44.27315]],[[-72.79958,44.25681],[-72.79945,44.25667],[-72.79938,44.25644],[-72.79941,44.25614],[-72.79987,44.25559],[-72.79984,44.25538],[-72.79969,44.25531],[-72.79951,44.25529],[-72.79894,44.25533],[-72.79825,44.25528],[-72.7977,44.25511],[-72.79746,44.25487],[-72.79733,44.25484],[-72.7971,44.25489],[-72.79703,44.2551],[-72.79663,44.25532],[-72.79611,44.25519],[-72.79549,44.2552],[-72.79518,44.25507],[-72.79494,44.25482],[-72.79471,44.25471],[-72.79425,44.25468],[-72.79366,44.25457],[-72.79317,44.25435],[-72.7929,44.25409],[-72.79262,44.2535],[-72.7923,44.2532],[-72.79179,44.25214],[-72.79151,44.25205],[-72.79104,44.25211],[-72.7908,44.25209],[-72.79063,44.25197],[-72.79055,44.25169],[-72.79047,44.25161],[-72.7901,44.25142],[-72.78977,44.25114],[-72.78954,44.25103],[-72.78886,44.25097],[-72.7887,44.25079],[-72.78863,44.25059],[-72.78839,44.25048],[-72.78782,44.25035],[-72.78763,44.25014],[-72.78758,44.24968],[-72.78741,44.24956]],[[-72.78106,44.24618],[-72.78066,44.2463],[-72.78043,44.24632],[-72.78001,44.24633],[-72.7797,44.24626],[-72.77967,44.24611],[-72.7798,44.24599],[-72.77985,44.24588],[-72.7798,44.24566],[-72.77898,44.24485],[-72.77863,44.24483],[-72.77848,44.24489],[-72.77818,44.2452],[-72.77792,44.24538],[-72.77776,44.24538],[-72.77752,44.24517],[-72.77714,44.24517],[-72.77696,44.24506],[-72.77689,44.24483],[-72.77676,44.24461],[-72.77659,44.24452],[-72.77619,44.24444],[-72.77584,44.24443],[-72.77568,44.24438],[-72.77446,44.24364],[-72.77432,44.24346],[-72.77405,44.24328],[-72.77373,44.24322],[-72.77276,44.24346],[-72.77264,44.24345],[-72.7725,44.24334],[-72.77251,44.24276]],[[-72.78741,44.24956],[-72.78705,44.24947],[-72.78667,44.24907],[-72.7865,44.24896],[-72.78555,44.249],[-72.78491,44.24866],[-72.78428,44.24811],[-72.78408,44.24801],[-72.78399,44.2478],[-72.78407,44.24761],[-72.78403,44.24749],[-72.7837,44.24745],[-72.78325,44.24755],[-72.78287,44.24747],[-72.78285,44.24723],[-72.78289,44.24693],[-72.7828,44.24676],[-72.78264,44.24659],[-72.78183,44.24603],[-72.78157,44.24597],[-72.78106,44.24618]],[[-72.82458,44.27315],[-72.82446,44.27286],[-72.82457,44.27238],[-72.82457,44.27231],[-72.82448,44.27224],[-72.82452,44.27188],[-72.82449,44.27167],[-72.82367,44.27097],[-72.82335,44.27055],[-72.82332,44.27044],[-72.82295,44.27014],[-72.8229,44.27004],[-72.82288,44.26971],[-72.82272,44.26931],[-72.82182,44.26882],[-72.82164,44.26843],[-72.82146,44.26823],[-72.8207,44.26814],[-72.82039,44.26783],[-72.82018,44.26772]],[[-72.82018,44.26772],[-72.81979,44.26774],[-72.81905,44.26766],[-72.81857,44.26767],[-72.81812,44.26735]],[[-72.81795,44.26729],[-72.81768,44.26728],[-72.81706,44.26739],[-72.8168,44.26727],[-72.81661,44.26711],[-72.81609,44.26704],[-72.81592,44.26692],[-72.81582,44.26656],[-72.81549,44.26636],[-72.81526,44.26599],[-72.81471,44.2657],[-72.81434,44.26521],[-72.81375,44.26484],[-72.81349,44.26461],[-72.81332,44.26453],[-72.81304,44.26451],[-72.81291,44.2644],[-72.81272,44.26398],[-72.81255,44.26387],[-72.81226,44.26387],[-72.81163,44.26398],[-72.81137,44.26392],[-72.81116,44.26372],[-72.8109,44.26315],[-72.81069,44.26308],[-72.81019,44.26314],[-72.80988,44.26333]],[[-72.80988,44.26333],[-72.80964,44.26336],[-72.80888,44.26331],[-72.80815,44.26299],[-72.80737,44.26283],[-72.80674,44.26208],[-72.80652,44.26195],[-72.80613,44.26188],[-72.8058,44.26161]],[[-72.85413,44.28845],[-72.85378,44.28847],[-72.85319,44.28832]],[[-72.77251,44.24276],[-72.77243,44.24266]]]}},{"type":"Feature","properties":{"stream_id":"little-river-west-branch","stream":"Little River - West Branch","name":"West Branch Little River","order":5,"role":"matched"},"geometry":{"type":"MultiLineString","coordinates":[[[-72.80535,44.54878],[-72.80501,44.54862],[-72.80475,44.54858],[-72.80411,44.54877],[-72.8035,44.54882],[-72.80298,44.54904],[-72.80271,44.54908],[-72.80251,44.54906],[-72.80179,44.54866],[-72.80149,44.54866],[-72.80119,44.54854],[-72.80087,44.5485],[-72.79997,44.54857],[-72.79881,44.54854],[-72.79781,44.54872],[-72.79659,44.54874],[-72.79568,44.54866],[-72.79511,44.54878],[-72.79482,44.54873]],[[-72.76044,44.51268],[-72.76026,44.51264],[-72.76013,44.51238],[-72.7602,44.51218],[-72.76037,44.51195],[-72.76044,44.51157],[-72.76052,44.51142],[-72.76058,44.51112],[-72.76037,44.51088],[-72.75972,44.51079],[-72.75959,44.51063],[-72.75952,44.51045],[-72.75965,44.50997],[-72.75979,44.50983],[-72.75981,44.5097],[-72.7599,44.50961],[-72.76003,44.50934],[-72.76007,44.50905],[-72.75994,44.5087],[-72.75978,44.5085],[-72.75952,44.50832],[-72.75884,44.50739],[-72.75872,44.50685],[-72.75862,44.50663],[-72.75841,44.50647],[-72.75809,44.50632],[-72.75769,44.50638],[-72.75741,44.50636],[-72.75721,44.50626],[-72.75698,44.50601],[-72.75686,44.50567],[-72.7567,44.50541],[-72.75617,44.50504],[-72.75602,44.50477],[-72.75601,44.50438],[-72.75618,44.50377],[-72.75619,44.50335],[-72.75652,44.50295],[-72.75657,44.50251],[-72.75654,44.50232],[-72.75656,44.50208],[-72.75655,44.50194],[-72.75647,44.5018]],[[-72.75647,44.5018],[-72.75612,44.50176],[-72.75504,44.50136],[-72.75453,44.50107],[-72.75351,44.50021],[-72.7524,44.49964],[-72.75201,44.49956],[-72.75135,44.49964]],[[-72.75135,44.49964],[-72.74997,44.49916],[-72.74963,44.49897],[-72.74912,44.49879],[-72.7475,44.4988],[-72.74724,44.49868],[-72.74685,44.49835],[-72.74653,44.49829],[-72.74631,44.49818],[-72.74556,44.49732],[-72.7451,44.49694]],[[-72.74552,44.49491],[-72.74534,44.49436],[-72.74486,44.49403],[-72.74434,44.49356],[-72.74418,44.49273],[-72.74405,44.49251],[-72.74378,44.4923],[-72.74311,44.49197]],[[-72.74575,44.49552],[-72.74557,44.49517],[-72.74552,44.49491]],[[-72.79482,44.54873],[-72.79469,44.54868],[-72.7943,44.54827],[-72.79404,44.54784],[-72.79348,44.54746],[-72.79334,44.54728],[-72.79324,44.54703]],[[-72.79324,44.54703],[-72.79319,44.54648],[-72.79284,44.54621],[-72.79275,44.54602],[-72.79278,44.54586],[-72.79272,44.5457],[-72.79251,44.54541],[-72.79219,44.54474],[-72.79199,44.54461],[-72.79188,44.54421],[-72.79153,44.54391]],[[-72.78789,44.53635],[-72.78769,44.53599],[-72.78748,44.53576],[-72.78719,44.53497],[-72.78711,44.53481],[-72.78683,44.53449],[-72.78674,44.53419],[-72.78644,44.5339],[-72.78635,44.53364],[-72.78594,44.53304],[-72.78593,44.53292],[-72.7856,44.53263],[-72.78562,44.53236],[-72.78559,44.53228]],[[-72.78334,44.52992],[-72.78281,44.52937],[-72.78254,44.52884],[-72.78235,44.52817],[-72.78226,44.52808],[-72.78212,44.52777],[-72.78152,44.5275],[-72.78107,44.52713],[-72.78084,44.52703],[-72.78052,44.52702],[-72.77991,44.52689],[-72.77913,44.52646]],[[-72.79153,44.54391],[-72.7915,44.54386],[-72.79158,44.54357],[-72.792,44.54321],[-72.79217,44.543],[-72.79237,44.54237],[-72.79232,44.54214],[-72.79209,44.54178],[-72.79202,44.5416]],[[-72.78559,44.53228],[-72.78552,44.53226],[-72.78543,44.53205],[-72.78533,44.53162],[-72.78513,44.53143]],[[-72.77913,44.52646],[-72.77867,44.52603],[-72.77844,44.5259],[-72.77731,44.52559],[-72.77703,44.52545],[-72.77656,44.52488],[-72.77624,44.52463],[-72.77598,44.52452],[-72.7756,44.52447]],[[-72.76712,44.51969],[-72.76718,44.5195],[-72.76752,44.51922],[-72.76758,44.51903],[-72.76756,44.51877],[-72.76732,44.51844],[-72.76692,44.51829],[-72.76635,44.518],[-72.7661,44.51787],[-72.766,44.51775],[-72.766,44.51764],[-72.76593,44.51754],[-72.76595,44.51704],[-72.76619,44.5164],[-72.76618,44.51618],[-72.76598,44.51597],[-72.76583,44.51588],[-72.76518,44.51563],[-72.76419,44.51534],[-72.7639,44.51509],[-72.76381,44.51507],[-72.76377,44.51495]],[[-72.76377,44.51495],[-72.76358,44.51442],[-72.76315,44.51358],[-72.76284,44.51336],[-72.76258,44.5131],[-72.76239,44.51229],[-72.76217,44.51194],[-72.76201,44.51186],[-72.76165,44.51193],[-72.76149,44.51203],[-72.76122,44.51238],[-72.76098,44.5126],[-72.76069,44.5127],[-72.76044,44.51268]],[[-72.79202,44.5416],[-72.79206,44.54118],[-72.792,44.54107],[-72.79191,44.54096],[-72.79138,44.54068],[-72.7913,44.54052],[-72.79088,44.54007],[-72.79085,44.5398],[-72.79081,44.53974],[-72.79042,44.53955],[-72.79018,44.53924],[-72.7902,44.5389],[-72.79001,44.53836],[-72.7898,44.53815],[-72.78976,44.53799],[-72.78948,44.53771],[-72.78944,44.53751],[-72.78905,44.53719],[-72.7888,44.53707],[-72.78838,44.53695],[-72.78804,44.53662],[-72.78789,44.53635]],[[-72.7756,44.52447],[-72.77545,44.52441],[-72.77497,44.52404],[-72.77479,44.5237],[-72.77452,44.52343],[-72.7743,44.52331],[-72.77394,44.52324],[-72.77344,44.52284],[-72.77317,44.52285],[-72.77285,44.52303],[-72.77206,44.52327],[-72.77113,44.52333],[-72.76986,44.52301],[-72.7695,44.52272],[-72.76946,44.52232],[-72.76921,44.52211],[-72.76883,44.52209],[-72.76864,44.52224],[-72.76851,44.52226],[-72.76817,44.52223],[-72.76785,44.52202],[-72.76758,44.52148],[-72.76748,44.52084],[-72.76731,44.52045],[-72.76712,44.51969]],[[-72.78513,44.53143],[-72.78461,44.53094],[-72.78389,44.53058],[-72.78373,44.53042],[-72.78355,44.53013],[-72.78334,44.52992]],[[-72.7451,44.49694],[-72.74482,44.49674],[-72.74463,44.49654],[-72.74464,44.49628],[-72.7447,44.49614],[-72.74495,44.49595],[-72.74569,44.49577],[-72.74576,44.49568],[-72.74575,44.49552]],[[-72.7028,44.4765],[-72.70263,44.47663],[-72.70121,44.47674],[-72.70092,44.47688],[-72.70028,44.47706],[-72.69973,44.47733],[-72.69922,44.47747],[-72.69874,44.47741],[-72.69862,44.47731],[-72.6984,44.47689],[-72.69746,44.47667]],[[-72.72377,44.47894],[-72.72345,44.4787],[-72.72341,44.47859],[-72.72344,44.47848],[-72.72354,44.47841],[-72.72382,44.4779],[-72.72382,44.47734],[-72.72291,44.47654],[-72.72272,44.47582],[-72.72275,44.4756],[-72.72326,44.47497]],[[-72.72326,44.47497],[-72.72338,44.47484],[-72.72341,44.47471],[-72.72334,44.4744],[-72.72326,44.47435],[-72.72307,44.4743],[-72.72214,44.47434],[-72.72181,44.47431],[-72.72147,44.47421],[-72.72069,44.47393],[-72.71974,44.47338],[-72.71907,44.47306],[-72.71872,44.47298],[-72.71767,44.4732],[-72.7164,44.4736],[-72.71588,44.47357],[-72.71467,44.47329]],[[-72.68628,44.47528],[-72.68601,44.4751],[-72.68574,44.47467],[-72.68556,44.47455],[-72.68514,44.4741],[-72.68493,44.4737],[-72.68478,44.47354],[-72.68463,44.47341],[-72.6844,44.47331],[-72.68411,44.47302],[-72.68408,44.47286],[-72.6842,44.47271],[-72.6842,44.47249],[-72.68433,44.47226],[-72.68461,44.47199],[-72.68468,44.4718],[-72.68465,44.47171],[-72.68436,44.47149],[-72.68359,44.47131],[-72.6835,44.47123],[-72.68344,44.4711],[-72.68364,44.47083],[-72.68487,44.47063],[-72.68503,44.47054],[-72.68511,44.47034],[-72.68512,44.46987],[-72.68527,44.46933],[-72.68549,44.4691],[-72.6859,44.46887],[-72.68676,44.46825],[-72.68688,44.46808],[-72.68688,44.46766],[-72.68658,44.46735]],[[-72.68658,44.46735],[-72.68653,44.46727]],[[-72.74311,44.49197],[-72.74278,44.49158]],[[-72.74278,44.49158],[-72.74233,44.49076],[-72.74203,44.4905],[-72.74145,44.49028],[-72.74076,44.48993],[-72.74022,44.48958],[-72.73956,44.48923],[-72.73831,44.48875],[-72.73762,44.48829],[-72.7374,44.48822],[-72.73672,44.48819],[-72.73461,44.48851],[-72.73312,44.48863],[-72.73213,44.48857]],[[-72.73053,44.48755],[-72.73047,44.48742],[-72.73016,44.48706],[-72.72931,44.4866],[-72.72917,44.48645],[-72.7291,44.48622],[-72.7288,44.48567],[-72.72875,44.48539],[-72.72898,44.4849],[-72.72899,44.48475],[-72.72892,44.4846],[-72.72869,44.48432],[-72.7284,44.48418],[-72.72799,44.48411],[-72.72786,44.48402],[-72.7278,44.48387],[-72.72767,44.4833],[-72.72751,44.48289],[-72.72746,44.48222],[-72.72753,44.48164],[-72.72778,44.481],[-72.72811,44.48062],[-72.72822,44.4803],[-72.7282,44.47999],[-72.72807,44.47975],[-72.72782,44.47954],[-72.72738,44.47938]],[[-72.72738,44.47938],[-72.72667,44.47936],[-72.72597,44.47956],[-72.72573,44.47956],[-72.72446,44.47926],[-72.72405,44.47913],[-72.72377,44.47894]],[[-72.6914,44.47678],[-72.691,44.47681],[-72.69016,44.4766],[-72.68862,44.47667],[-72.68807,44.47657],[-72.68779,44.47642],[-72.68764,44.47626],[-72.68746,44.47605],[-72.68738,44.47578],[-72.68727,44.47567],[-72.68628,44.47528]],[[-72.69746,44.47667],[-72.69729,44.47663],[-72.69678,44.47621],[-72.69643,44.47566],[-72.69631,44.47561],[-72.69606,44.47561],[-72.69588,44.47567],[-72.69566,44.47578],[-72.69548,44.47601],[-72.69529,44.47617],[-72.69494,44.47622],[-72.6943,44.47594],[-72.69408,44.47575],[-72.6937,44.47528],[-72.69355,44.47521],[-72.69326,44.47517],[-72.69298,44.47521],[-72.69285,44.47531],[-72.69227,44.4759],[-72.69184,44.47658],[-72.6914,44.47678]],[[-72.71467,44.47329],[-72.71389,44.47305],[-72.71266,44.47257],[-72.71222,44.47233],[-72.71178,44.47227],[-72.71133,44.47227],[-72.71096,44.47235],[-72.71049,44.47232],[-72.71027,44.47222],[-72.70929,44.47161],[-72.709,44.47149],[-72.70829,44.47148],[-72.70731,44.47194],[-72.7069,44.47226],[-72.70651,44.47267],[-72.7059,44.47317],[-72.70573,44.47346],[-72.70569,44.47379],[-72.70562,44.47398],[-72.70543,44.47412],[-72.70516,44.47422],[-72.70418,44.47429],[-72.70395,44.47436],[-72.70373,44.47451],[-72.70312,44.4753],[-72.70293,44.47591],[-72.70287,44.4764],[-72.7028,44.4765]],[[-72.73213,44.48857],[-72.73173,44.48845],[-72.7314,44.48828],[-72.73116,44.48812],[-72.73053,44.48755]]]}},{"type":"Feature","properties":{"stream_id":"ranch-brook","stream":"Ranch Brook","name":"Ranch Brook","order":4,"role":"matched"},"geometry":{"type":"MultiLineString","coordinates":[[[-72.82105,44.50002],[-72.8206,44.50019],[-72.82022,44.5005],[-72.81993,44.50049],[-72.81967,44.50062],[-72.81963,44.50071],[-72.81951,44.50078],[-72.81894,44.50092],[-72.8188,44.50091],[-72.81848,44.5007],[-72.81786,44.50057],[-72.81727,44.50061],[-72.81645,44.50074],[-72.81629,44.50081],[-72.81604,44.50107],[-72.81555,44.50125],[-72.81535,44.50143],[-72.81517,44.50185],[-72.81479,44.50222],[-72.81351,44.50256],[-72.81317,44.50274],[-72.81282,44.50276],[-72.81166,44.50259],[-72.81115,44.50269],[-72.81102,44.50267],[-72.81071,44.50254],[-72.8106,44.5026],[-72.81032,44.50261],[-72.8099,44.50275],[-72.80952,44.50276]],[[-72.77201,44.5041],[-72.77162,44.50409],[-72.77145,44.50415],[-72.7711,44.50442],[-72.7708,44.5044],[-72.7706,44.50432]],[[-72.78682,44.50331],[-72.78665,44.50341],[-72.78617,44.50345],[-72.78453,44.50338],[-72.78411,44.50349],[-72.78362,44.50388],[-72.78322,44.5041],[-72.78266,44.50415],[-72.78219,44.50396],[-72.78199,44.50366],[-72.78187,44.50356],[-72.78158,44.50345],[-72.78128,44.50342],[-72.78045,44.50359],[-72.7802,44.5037],[-72.77967,44.50375],[-72.77807,44.50432],[-72.77755,44.50444],[-72.77716,44.50447],[-72.77662,44.5044],[-72.77641,44.50429],[-72.77432,44.50419],[-72.77292,44.50442],[-72.77267,44.50441],[-72.7723,44.50435],[-72.7721,44.50423],[-72.77201,44.5041]],[[-72.80952,44.50276],[-72.80946,44.50268],[-72.8093,44.50262],[-72.80873,44.50277],[-72.80751,44.5027],[-72.80705,44.50278],[-72.80676,44.50277],[-72.80622,44.50294],[-72.8058,44.50281],[-72.80504,44.50279],[-72.80406,44.50299],[-72.80336,44.5028]],[[-72.76409,44.50276],[-72.76311,44.50288],[-72.76287,44.50286],[-72.76223,44.50272],[-72.76113,44.50266],[-72.76065,44.50259]],[[-72.80336,44.5028],[-72.80312,44.50271],[-72.80249,44.50269],[-72.80182,44.50286],[-72.80124,44.50289],[-72.80103,44.50299],[-72.80085,44.50303],[-72.80044,44.50298],[-72.79987,44.50284],[-72.79895,44.50294],[-72.79786,44.50297],[-72.79748,44.50288],[-72.79647,44.50235],[-72.7961,44.50223],[-72.79563,44.50218],[-72.79497,44.50192],[-72.79407,44.50182],[-72.79383,44.50168],[-72.79357,44.50166]],[[-72.79357,44.50166],[-72.7934,44.50164],[-72.79306,44.50174],[-72.79284,44.50188],[-72.79266,44.50209],[-72.79243,44.50227],[-72.79231,44.50232],[-72.79217,44.50231]],[[-72.78916,44.50179],[-72.78835,44.50203],[-72.78818,44.50219],[-72.78814,44.50241],[-72.78808,44.5025],[-72.78777,44.50269],[-72.78719,44.50284],[-72.78699,44.50295],[-72.78691,44.50303],[-72.78682,44.50331]],[[-72.79217,44.50231],[-72.79143,44.50236],[-72.79073,44.50219],[-72.79031,44.50196],[-72.7896,44.50174],[-72.78916,44.50179]],[[-72.7706,44.50432],[-72.77035,44.50428],[-72.77018,44.5043],[-72.76981,44.50445],[-72.76968,44.50463],[-72.76956,44.5047],[-72.76921,44.50478],[-72.76896,44.50476],[-72.76796,44.50422],[-72.76763,44.50409],[-72.76695,44.504],[-72.76621,44.50381],[-72.76535,44.50366],[-72.76501,44.50347],[-72.76487,44.5032],[-72.76482,44.50299],[-72.76471,44.5029],[-72.76448,44.5028],[-72.76409,44.50276]],[[-72.76065,44.50259],[-72.76004,44.50212],[-72.75983,44.50205],[-72.75748,44.50214],[-72.75719,44.5021],[-72.75683,44.50185],[-72.75675,44.50184]]]}},{"type":"Feature","properties":{"stream_id":"austin-brook","stream":"Austin Brook","name":"Austin Brook","order":4,"role":"matched"},"geometry":{"type":"MultiLineString","coordinates":[[[-72.90198,44.04542],[-72.90189,44.04539],[-72.90172,44.04516],[-72.90159,44.0451],[-72.90111,44.04499],[-72.90059,44.04479],[-72.90017,44.04475],[-72.89948,44.04458]],[[-72.8631,44.05947],[-72.86283,44.05954],[-72.86254,44.05968],[-72.86199,44.06012],[-72.86162,44.06032],[-72.86104,44.06047],[-72.86057,44.06066],[-72.86004,44.06078],[-72.85956,44.06129],[-72.85919,44.06154],[-72.85876,44.06161],[-72.85829,44.06162],[-72.85767,44.06122],[-72.85705,44.06107],[-72.85692,44.0611],[-72.85676,44.06118],[-72.85664,44.06137],[-72.85622,44.06173],[-72.85607,44.06196],[-72.85546,44.06199],[-72.85508,44.06212],[-72.85478,44.06242],[-72.85475,44.06264]],[[-72.85475,44.06264],[-72.85482,44.06278],[-72.85498,44.06291],[-72.85519,44.06342]],[[-72.8679,44.05927],[-72.86736,44.05925],[-72.86666,44.05913],[-72.8662,44.05924],[-72.86567,44.05945],[-72.86521,44.05953],[-72.86497,44.05952],[-72.86485,44.05946],[-72.86466,44.05926],[-72.86454,44.05926],[-72.86435,44.05927],[-72.86411,44.05938],[-72.8631,44.05947]],[[-72.87648,44.05515],[-72.87588,44.05537],[-72.87567,44.05567],[-72.87539,44.05586],[-72.87418,44.05587],[-72.87375,44.0558],[-72.87354,44.0559],[-72.87243,44.0561],[-72.87185,44.05635],[-72.87159,44.05652]],[[-72.88101,44.04825],[-72.88075,44.04857],[-72.88041,44.04876],[-72.88029,44.04911],[-72.88014,44.04931],[-72.87918,44.05003],[-72.87902,44.05025],[-72.87829,44.05043],[-72.8778,44.05067]],[[-72.88219,44.04573],[-72.88206,44.04584],[-72.88208,44.04613],[-72.88192,44.04642],[-72.88157,44.04664],[-72.88147,44.04679],[-72.88152,44.04705],[-72.88153,44.04746],[-72.8815,44.04755],[-72.8812,44.04773],[-72.88101,44.04825]],[[-72.88841,44.04143],[-72.88792,44.0416],[-72.88744,44.04206],[-72.88672,44.04207],[-72.88611,44.04227],[-72.88578,44.04214]],[[-72.89768,44.04454],[-72.89705,44.0444],[-72.89668,44.04424],[-72.89614,44.04418],[-72.89491,44.04354],[-72.89399,44.04321],[-72.89335,44.0429],[-72.89271,44.04293],[-72.89195,44.04279],[-72.89187,44.04274],[-72.89144,44.04264],[-72.89106,44.0425],[-72.89094,44.04234],[-72.8907,44.04227],[-72.89051,44.04212],[-72.8902,44.04205],[-72.8901,44.04197],[-72.88961,44.04182],[-72.88947,44.04161],[-72.8892,44.04168],[-72.88889,44.04146],[-72.88841,44.04143]],[[-72.87159,44.05652],[-72.87011,44.05716],[-72.86998,44.05729],[-72.86989,44.05755],[-72.86904,44.05814],[-72.86889,44.05835],[-72.86872,44.05876],[-72.8685,44.05906],[-72.86821,44.0592],[-72.8679,44.05927]],[[-72.88578,44.04214],[-72.88531,44.0422],[-72.88508,44.04239],[-72.88447,44.0427],[-72.88426,44.04288],[-72.8841,44.04339],[-72.88386,44.04381],[-72.88397,44.04406],[-72.88397,44.04422],[-72.88381,44.04445],[-72.88376,44.04476],[-72.88368,44.04488],[-72.88332,44.04498],[-72.88274,44.04549],[-72.88219,44.04573]],[[-72.8778,44.05067],[-72.87757,44.0508],[-72.87734,44.05104],[-72.87721,44.0513],[-72.87716,44.05162],[-72.87721,44.05178],[-72.87751,44.05212],[-72.87756,44.05228],[-72.87753,44.05239],[-72.87722,44.05277],[-72.8772,44.05286],[-72.87728,44.05304],[-72.87758,44.05325],[-72.87766,44.05356],[-72.87759,44.0537],[-72.8771,44.05404],[-72.87681,44.05456],[-72.87666,44.05504],[-72.87648,44.05515]],[[-72.89948,44.04458],[-72.89836,44.04451],[-72.89808,44.04443],[-72.89791,44.04445],[-72.89768,44.04454]]]}},{"type":"Feature","properties":{"stream_id":"stetson-brook","stream":"Stetson Brook","name":"Stetson Brook","order":4,"role":"matched"},"geometry":{"type":"MultiLineString","coordinates":[[[-72.92167,44.05971],[-72.92134,44.05973],[-72.92077,44.05966],[-72.92053,44.05982],[-72.92023,44.0599],[-72.91977,44.05994],[-72.91936,44.05991],[-72.91899,44.05996],[-72.91743,44.06038]],[[-72.87004,44.07721],[-72.86965,44.07732],[-72.86922,44.07731],[-72.8685,44.07702],[-72.86802,44.07662],[-72.86765,44.07659],[-72.867,44.07674],[-72.86691,44.07684],[-72.86681,44.07711],[-72.86658,44.07722],[-72.86629,44.07724],[-72.86597,44.0774],[-72.86533,44.07752],[-72.86433,44.07742],[-72.86399,44.07729],[-72.8637,44.07724],[-72.86221,44.07719],[-72.86043,44.07698],[-72.86028,44.07711],[-72.86022,44.07723],[-72.86027,44.07746],[-72.86041,44.07762],[-72.86037,44.0778],[-72.86021,44.07792],[-72.85989,44.07793],[-72.85954,44.07806],[-72.85936,44.07832],[-72.85914,44.08029],[-72.85915,44.08084]],[[-72.877,44.07664],[-72.87641,44.07685],[-72.87603,44.07688],[-72.87568,44.07672],[-72.87537,44.07645],[-72.87522,44.07643],[-72.87304,44.07702],[-72.87131,44.07697],[-72.87052,44.07701],[-72.87017,44.0771],[-72.87004,44.07721]],[[-72.90537,44.06392],[-72.90514,44.06407],[-72.90422,44.06438],[-72.90403,44.06452],[-72.90375,44.06464],[-72.90336,44.06471],[-72.90279,44.06471]],[[-72.88186,44.07223],[-72.88162,44.07289],[-72.88156,44.07297],[-72.8813,44.07309],[-72.88079,44.0732],[-72.88041,44.07356],[-72.88019,44.0736],[-72.87971,44.07347],[-72.87936,44.07351],[-72.87922,44.07358],[-72.87886,44.07419],[-72.8786,44.07439]],[[-72.88749,44.07057],[-72.88725,44.0708],[-72.88709,44.07087],[-72.88658,44.07092],[-72.88629,44.07116],[-72.886,44.0713],[-72.88552,44.0713],[-72.88507,44.07118],[-72.88475,44.07117],[-72.88469,44.0712],[-72.88462,44.07142],[-72.88446,44.07149],[-72.88384,44.07135],[-72.88367,44.07136],[-72.88345,44.07157],[-72.88341,44.07202],[-72.88328,44.07221],[-72.88256,44.07234],[-72.88205,44.07221],[-72.88186,44.07223]],[[-72.89035,44.06936],[-72.88972,44.06957],[-72.88933,44.06961],[-72.8886,44.07014],[-72.88804,44.07015],[-72.88762,44.07042],[-72.88749,44.07057]],[[-72.90279,44.06471],[-72.90262,44.06473],[-72.90252,44.06483],[-72.90218,44.06529],[-72.90208,44.06557],[-72.90186,44.06573],[-72.90174,44.06594]],[[-72.8786,44.07439],[-72.87805,44.07473],[-72.8776,44.07512],[-72.87769,44.07558],[-72.87743,44.07572],[-72.87722,44.07608],[-72.87712,44.07652],[-72.877,44.07664]],[[-72.89666,44.06901],[-72.89633,44.06946],[-72.89597,44.06963],[-72.8957,44.06965],[-72.89508,44.06962],[-72.89468,44.06967],[-72.89439,44.0696],[-72.89432,44.06953],[-72.89397,44.06938],[-72.89375,44.06937],[-72.89351,44.06931],[-72.89334,44.0692],[-72.89301,44.06915],[-72.89215,44.06925],[-72.89132,44.06963],[-72.8911,44.06958],[-72.89082,44.06932],[-72.89063,44.06929],[-72.89035,44.06936]],[[-72.90174,44.06594],[-72.90168,44.06619],[-72.90117,44.0665],[-72.9008,44.06665],[-72.90032,44.06677],[-72.89986,44.06672],[-72.89924,44.06703],[-72.89878,44.06689],[-72.89834,44.06726],[-72.89824,44.06741],[-72.89807,44.06747],[-72.89767,44.06746],[-72.89749,44.06753],[-72.89738,44.06767],[-72.89714,44.06813],[-72.8971,44.06841],[-72.89696,44.06873],[-72.89666,44.06901]],[[-72.91243,44.06239],[-72.91109,44.06239],[-72.91049,44.06234],[-72.91013,44.06225],[-72.90932,44.06228],[-72.9091,44.06235],[-72.90886,44.06255],[-72.90867,44.0626],[-72.90821,44.06302],[-72.90752,44.06328],[-72.90716,44.06371],[-72.90684,44.06383],[-72.90653,44.06388],[-72.90572,44.06387],[-72.90537,44.06392]],[[-72.9159,44.06097],[-72.91538,44.06147],[-72.91492,44.06153],[-72.91415,44.06192],[-72.91349,44.06209],[-72.91309,44.06214],[-72.91243,44.06239]],[[-72.91743,44.06038],[-72.9159,44.06097]]]}},{"type":"Feature","properties":{"stream_id":"freeman-brook","stream":"Freeman Brook","name":"Freeman Brook","order":4,"role":"matched"},"geometry":{"type":"MultiLineString","coordinates":[[[-72.79447,44.08935],[-72.79462,44.08927],[-72.79483,44.08927],[-72.79518,44.08942],[-72.79544,44.08962],[-72.79563,44.08988],[-72.7965,44.08995],[-72.79677,44.09007],[-72.7971,44.09015],[-72.79721,44.09025],[-72.79757,44.09034],[-72.79772,44.09037],[-72.79826,44.0903],[-72.79846,44.09036],[-72.79863,44.09047]],[[-72.84319,44.11004],[-72.84359,44.11032],[-72.84377,44.11069],[-72.84389,44.1108],[-72.84436,44.11103],[-72.84502,44.11121],[-72.84667,44.1113],[-72.84759,44.1115],[-72.84824,44.11172],[-72.84885,44.11202],[-72.84917,44.11225],[-72.84958,44.1124],[-72.85047,44.1125],[-72.85074,44.11259],[-72.851,44.11279],[-72.85145,44.11296],[-72.85161,44.11312],[-72.85174,44.11352],[-72.85199,44.11375],[-72.85198,44.11426],[-72.85228,44.11496],[-72.8524,44.11512],[-72.85266,44.11528]],[[-72.83463,44.10637],[-72.83482,44.10631],[-72.83548,44.10629],[-72.83574,44.10623],[-72.83594,44.10609],[-72.83597,44.10601],[-72.83585,44.10569],[-72.83598,44.10557],[-72.83631,44.10567],[-72.83726,44.10621],[-72.83757,44.10629],[-72.83792,44.1063],[-72.83824,44.10624],[-72.83851,44.10631],[-72.83875,44.10649],[-72.8389,44.10652],[-72.83924,44.10645],[-72.83958,44.10645],[-72.83983,44.10667],[-72.83985,44.10689],[-72.83994,44.10703],[-72.84086,44.10783],[-72.84139,44.10818],[-72.84177,44.10874],[-72.84213,44.10911],[-72.84237,44.10926],[-72.84274,44.10937],[-72.84297,44.10956],[-72.84305,44.10989],[-72.84319,44.11004]],[[-72.82226,44.09614],[-72.82247,44.09648],[-72.82277,44.0966],[-72.82284,44.09668],[-72.82271,44.0969]],[[-72.8087,44.09222],[-72.80964,44.0921],[-72.81025,44.09185],[-72.8111,44.0917],[-72.81221,44.09171],[-72.81245,44.09164],[-72.81263,44.09173],[-72.81271,44.0919],[-72.81347,44.09256],[-72.81456,44.09275],[-72.81524,44.09327],[-72.81578,44.09334],[-72.81595,44.09331],[-72.81619,44.09334],[-72.81648,44.09323],[-72.81705,44.09335],[-72.81714,44.09343],[-72.81737,44.09335],[-72.81781,44.09341],[-72.8181,44.09365],[-72.81834,44.09374],[-72.81829,44.09385],[-72.81833,44.09396],[-72.81867,44.09415],[-72.81899,44.09453],[-72.81915,44.09457],[-72.81952,44.09486],[-72.82003,44.09514],[-72.82044,44.09529],[-72.82069,44.09566],[-72.82099,44.09594]],[[-72.85266,44.11528],[-72.85295,44.11527],[-72.85343,44.11492],[-72.85443,44.11446],[-72.85461,44.11446],[-72.85468,44.11466],[-72.85488,44.11491],[-72.85501,44.11496],[-72.85526,44.11454],[-72.85541,44.11449],[-72.85564,44.11433],[-72.85582,44.11431],[-72.85596,44.11435],[-72.8565,44.11421],[-72.8567,44.11421]],[[-72.83128,44.10182],[-72.83173,44.102],[-72.83215,44.10208],[-72.83238,44.10224]],[[-72.82271,44.0969],[-72.8227,44.09706],[-72.82282,44.09725],[-72.82322,44.09756]],[[-72.82099,44.09594],[-72.82115,44.09604],[-72.82166,44.09615],[-72.82189,44.09611],[-72.82226,44.09614]],[[-72.83238,44.10224],[-72.83242,44.10246],[-72.83229,44.10286],[-72.83235,44.10304],[-72.83262,44.10326],[-72.83266,44.10346],[-72.83296,44.10394],[-72.8329,44.10412],[-72.83273,44.10427],[-72.83263,44.10445],[-72.83267,44.10466],[-72.83258,44.10495],[-72.83271,44.10498],[-72.83288,44.10491],[-72.83331,44.10485],[-72.83348,44.10492],[-72.83353,44.10501],[-72.83351,44.10537],[-72.83366,44.10587],[-72.83395,44.10609],[-72.83463,44.10637]],[[-72.82733,44.10036],[-72.82761,44.10038],[-72.82764,44.10043],[-72.82764,44.10048],[-72.82755,44.10053],[-72.82738,44.10077],[-72.82741,44.10095],[-72.82749,44.10106],[-72.82772,44.10116],[-72.82793,44.10115],[-72.82852,44.10135],[-72.82873,44.10138],[-72.82934,44.10127],[-72.82966,44.10135],[-72.82995,44.10136],[-72.83013,44.10146],[-72.83032,44.10168],[-72.83048,44.10175],[-72.83079,44.10182],[-72.83128,44.10182]],[[-72.79863,44.09047],[-72.79884,44.09061],[-72.79936,44.09074],[-72.80018,44.09057],[-72.8013,44.09068],[-72.80148,44.09066],[-72.80241,44.09087],[-72.80283,44.09114],[-72.80296,44.09116],[-72.80343,44.09111],[-72.80364,44.09114],[-72.80375,44.09124],[-72.80406,44.09135],[-72.80428,44.09153],[-72.80442,44.09157],[-72.80499,44.09154],[-72.80533,44.09161],[-72.8059,44.09187],[-72.80608,44.09205],[-72.80648,44.09219],[-72.80705,44.09232],[-72.80837,44.0922],[-72.8087,44.09222]],[[-72.82322,44.09756],[-72.82345,44.09764],[-72.82386,44.09765],[-72.82431,44.09816],[-72.82449,44.09855],[-72.82462,44.09869],[-72.82506,44.099],[-72.8256,44.09925],[-72.82563,44.09945],[-72.82549,44.09957],[-72.82551,44.09969],[-72.82608,44.09992],[-72.82634,44.09998],[-72.82662,44.09999],[-72.82674,44.10018],[-72.82687,44.10027],[-72.82714,44.10036],[-72.82733,44.10036]],[[-72.8567,44.11421],[-72.85682,44.11423]]]}},{"type":"Feature","properties":{"stream_id":"lincoln-brook","stream":"Lincoln Brook","name":"Lincoln Brook","order":4,"role":"matched"},"geometry":{"type":"MultiLineString","coordinates":[[[-72.93663,44.11012],[-72.93501,44.10955],[-72.93449,44.10927],[-72.93356,44.10865],[-72.93287,44.10835],[-72.93254,44.10813],[-72.93227,44.1078],[-72.93174,44.10754],[-72.93112,44.10739],[-72.93082,44.1072],[-72.93029,44.1067],[-72.93001,44.10653],[-72.92992,44.10652],[-72.92959,44.10628],[-72.92939,44.10598],[-72.92886,44.10545],[-72.92881,44.1052],[-72.92824,44.10473],[-72.92803,44.10442],[-72.92779,44.10419],[-72.92773,44.10407],[-72.92696,44.10356],[-72.92599,44.10343],[-72.92573,44.10329],[-72.92552,44.10308],[-72.92533,44.10302],[-72.92507,44.10286],[-72.92481,44.10258],[-72.9248,44.10204],[-72.92472,44.10187],[-72.92421,44.10151],[-72.92413,44.10141],[-72.92409,44.10118]],[[-72.87311,44.10246],[-72.87274,44.10247],[-72.87186,44.10235],[-72.87112,44.10241],[-72.87095,44.10246],[-72.87073,44.10275],[-72.87037,44.10287],[-72.86966,44.10285],[-72.86923,44.10295],[-72.86814,44.10257],[-72.867,44.10274],[-72.86626,44.10293],[-72.86534,44.10326]],[[-72.92409,44.10118],[-72.92375,44.10091],[-72.92336,44.10091],[-72.92309,44.10068],[-72.92298,44.10064],[-72.92286,44.10065],[-72.92232,44.10049],[-72.92197,44.10046],[-72.92138,44.10047],[-72.92117,44.10039],[-72.92086,44.10034]],[[-72.87926,44.1003],[-72.8787,44.10058],[-72.87791,44.10054],[-72.87765,44.10061],[-72.8775,44.10071],[-72.87733,44.10094],[-72.87726,44.10114]],[[-72.88567,44.09855],[-72.88553,44.09866],[-72.8855,44.09899],[-72.88534,44.09918],[-72.88495,44.09921],[-72.88431,44.09895],[-72.88371,44.0988],[-72.88347,44.09879],[-72.88311,44.09897],[-72.88297,44.09912],[-72.8827,44.09921],[-72.88166,44.09918],[-72.88151,44.09935],[-72.88152,44.09958],[-72.88147,44.09971],[-72.88089,44.09993],[-72.88073,44.09993],[-72.88042,44.09976],[-72.88008,44.09976],[-72.87987,44.09984],[-72.87926,44.1003]],[[-72.88648,44.0985],[-72.88609,44.09844],[-72.88576,44.09849],[-72.88567,44.09855]],[[-72.88942,44.09869],[-72.88919,44.09885],[-72.88881,44.09882],[-72.8885,44.09866],[-72.88829,44.09829],[-72.88811,44.09822]],[[-72.90705,44.09749],[-72.90672,44.09757],[-72.90552,44.09742],[-72.90497,44.0975],[-72.90446,44.09747],[-72.90361,44.09727],[-72.90285,44.09729],[-72.90252,44.09738],[-72.90232,44.09754],[-72.90215,44.09787],[-72.90212,44.09862],[-72.90207,44.0987],[-72.90182,44.0988],[-72.90164,44.09897],[-72.90148,44.09904],[-72.9012,44.09892],[-72.90088,44.09862],[-72.90064,44.09857],[-72.90024,44.09865],[-72.89999,44.09878],[-72.89986,44.09876],[-72.89944,44.09858],[-72.89928,44.09858],[-72.89888,44.09884],[-72.89871,44.09887],[-72.89758,44.09871]],[[-72.87726,44.10114],[-72.87709,44.10144],[-72.87683,44.10155],[-72.87587,44.10161],[-72.8755,44.10161],[-72.87528,44.10155],[-72.87498,44.10159],[-72.87475,44.10184],[-72.87441,44.10242],[-72.87415,44.10247],[-72.87363,44.10229],[-72.87311,44.10246]],[[-72.92086,44.10034],[-72.92037,44.09995],[-72.92027,44.09981],[-72.92025,44.09964],[-72.92011,44.09948],[-72.91954,44.09932],[-72.91943,44.0992],[-72.91942,44.09882],[-72.9193,44.09876],[-72.91876,44.09875],[-72.9179,44.09864]],[[-72.88811,44.09822],[-72.888,44.0982],[-72.88777,44.09827],[-72.88749,44.09844],[-72.88716,44.09857],[-72.88648,44.0985]],[[-72.89758,44.09871],[-72.89703,44.09863],[-72.89652,44.09831],[-72.89621,44.09826],[-72.8953,44.09824],[-72.89417,44.09808],[-72.89386,44.09808],[-72.89322,44.09823],[-72.89196,44.09878],[-72.89183,44.09871],[-72.89181,44.09854],[-72.89163,44.09834],[-72.89129,44.09819],[-72.89078,44.09816],[-72.88979,44.09823],[-72.88954,44.0983],[-72.88942,44.09869]],[[-72.90708,44.09734],[-72.90709,44.09745],[-72.90705,44.09749]],[[-72.9179,44.09864],[-72.91738,44.09862],[-72.91676,44.09845],[-72.91621,44.09837],[-72.91547,44.09835],[-72.91526,44.09803],[-72.91511,44.09793],[-72.91426,44.09767],[-72.91372,44.09744],[-72.91135,44.09702],[-72.91099,44.09701],[-72.91029,44.0971],[-72.90959,44.09751],[-72.90929,44.0974],[-72.90905,44.09739],[-72.9087,44.09724],[-72.9081,44.09736],[-72.90775,44.09725],[-72.90746,44.09723],[-72.90708,44.09734]],[[-72.86534,44.10326],[-72.86469,44.1033],[-72.86441,44.10337],[-72.86399,44.10341],[-72.86375,44.1035],[-72.86362,44.10373],[-72.86339,44.10379],[-72.86316,44.1037],[-72.86279,44.10377],[-72.86249,44.10358],[-72.86229,44.10359],[-72.86109,44.10341]],[[-72.86109,44.10341],[-72.86099,44.10343]]]}},{"type":"Feature","properties":{"stream_id":"folsom-brook","stream":"Folsom Brook","name":"Folsom Brook","order":4,"role":"matched"},"geometry":{"type":"MultiLineString","coordinates":[[[-72.78476,44.12686],[-72.78489,44.12706],[-72.78489,44.1272],[-72.78506,44.12737],[-72.7853,44.12756],[-72.78583,44.12781],[-72.78681,44.12778],[-72.78714,44.12784],[-72.78761,44.1278],[-72.78817,44.12786],[-72.78871,44.128],[-72.78903,44.1278],[-72.7896,44.12771]],[[-72.81219,44.12724],[-72.81202,44.12727],[-72.81207,44.12747],[-72.81224,44.12762],[-72.81224,44.12772],[-72.81217,44.12776],[-72.8121,44.128],[-72.81214,44.12806],[-72.81251,44.12823],[-72.8125,44.12834],[-72.81245,44.12841],[-72.81226,44.12848],[-72.8122,44.12862],[-72.81177,44.12881],[-72.81172,44.12901],[-72.81161,44.12912],[-72.81157,44.12924],[-72.81144,44.12933],[-72.81146,44.12945],[-72.81155,44.12951],[-72.81177,44.12994],[-72.81183,44.13014],[-72.81178,44.13023],[-72.8118,44.13046],[-72.81175,44.1306],[-72.81162,44.13075],[-72.81152,44.13079],[-72.81134,44.13074],[-72.81114,44.13093],[-72.81122,44.13102],[-72.81119,44.13116],[-72.81126,44.13122],[-72.81129,44.13135],[-72.81165,44.13143],[-72.81164,44.13152],[-72.81155,44.13157],[-72.81154,44.13165],[-72.81169,44.13183],[-72.81172,44.13204],[-72.81168,44.13225],[-72.81156,44.13235],[-72.81182,44.13296],[-72.81176,44.13311],[-72.81178,44.13372],[-72.81186,44.13393],[-72.81219,44.13421],[-72.81224,44.13443],[-72.8122,44.13456],[-72.81213,44.13459],[-72.81158,44.13448],[-72.8113,44.13464],[-72.81123,44.13475],[-72.81125,44.13484],[-72.81158,44.13512],[-72.8117,44.13548],[-72.8116,44.13572],[-72.81127,44.13617],[-72.81118,44.13642],[-72.81121,44.13656],[-72.81128,44.13665],[-72.81122,44.13681],[-72.81126,44.13696],[-72.81123,44.1375],[-72.8113,44.13771],[-72.81137,44.13774],[-72.8115,44.13802],[-72.81128,44.13821],[-72.81103,44.13944]],[[-72.79747,44.12601],[-72.79764,44.12588],[-72.79802,44.12592],[-72.79832,44.12574],[-72.79858,44.12569],[-72.79873,44.12559],[-72.79902,44.12555],[-72.79933,44.12544],[-72.79947,44.12544],[-72.79963,44.12556]],[[-72.7896,44.12771],[-72.78994,44.12762],[-72.79095,44.12772],[-72.79123,44.12752],[-72.79184,44.1275],[-72.79207,44.12752],[-72.79224,44.12762],[-72.79248,44.1276],[-72.79281,44.12771],[-72.79301,44.1277],[-72.79319,44.12765],[-72.79356,44.12728],[-72.79409,44.12718],[-72.79485,44.12695],[-72.79547,44.12667],[-72.7959,44.12671],[-72.7961,44.12678],[-72.79622,44.12676],[-72.79719,44.12637],[-72.79732,44.12622]],[[-72.82334,44.14555],[-72.82353,44.1457],[-72.82356,44.14579],[-72.82352,44.14599],[-72.82354,44.14613],[-72.82372,44.1463],[-72.82391,44.1464],[-72.82422,44.14649],[-72.82496,44.14657],[-72.82536,44.14672],[-72.82682,44.14681],[-72.82707,44.14695],[-72.82721,44.14695],[-72.82768,44.14713],[-72.82814,44.14749],[-72.82865,44.14777],[-72.82891,44.14781],[-72.82911,44.1479],[-72.82925,44.14803],[-72.82935,44.14846],[-72.82966,44.14868],[-72.82987,44.14895],[-72.83009,44.14904],[-72.83043,44.14904],[-72.83062,44.14939],[-72.83114,44.14958],[-72.83167,44.14968],[-72.83216,44.14991],[-72.83232,44.15005],[-72.83246,44.15027],[-72.83263,44.15036],[-72.83271,44.15051],[-72.83267,44.1511],[-72.83272,44.15126],[-72.83325,44.15142],[-72.83348,44.15155],[-72.8337,44.15178],[-72.83456,44.15216],[-72.83457,44.15231],[-72.83494,44.15286],[-72.83536,44.15322],[-72.83601,44.15358],[-72.83606,44.1537],[-72.83625,44.15382],[-72.83639,44.15388],[-72.83674,44.1539],[-72.83701,44.15381],[-72.83703,44.15377],[-72.83687,44.15346],[-72.83686,44.15336],[-72.83724,44.15312],[-72.83785,44.15332],[-72.83804,44.15353],[-72.83828,44.1537],[-72.83881,44.15384]],[[-72.81103,44.13944],[-72.81099,44.13985],[-72.81073,44.14078],[-72.81071,44.14132],[-72.81059,44.1416],[-72.81052,44.14209]],[[-72.81519,44.14622],[-72.81571,44.14635],[-72.81633,44.14634],[-72.81696,44.14622],[-72.81805,44.14619],[-72.81875,44.14595],[-72.81938,44.14594],[-72.81952,44.14582],[-72.81995,44.14565],[-72.82007,44.14565],[-72.82066,44.14594],[-72.82163,44.14603],[-72.82286,44.14549],[-72.8231,44.14546],[-72.82334,44.14555]],[[-72.81052,44.14209],[-72.81048,44.14226],[-72.81055,44.1424],[-72.8106,44.14299],[-72.81067,44.14321],[-72.81105,44.14339],[-72.81124,44.1437],[-72.81176,44.14371],[-72.81199,44.14378],[-72.81253,44.14412],[-72.81259,44.1443],[-72.81257,44.14439],[-72.81244,44.14455],[-72.8123,44.14461],[-72.8123,44.14468],[-72.81256,44.14519],[-72.8127,44.14534],[-72.81333,44.14558],[-72.81387,44.14613],[-72.81416,44.14626],[-72.81473,44.14626],[-72.81519,44.14622]],[[-72.79984,44.12567],[-72.80002,44.12566],[-72.80036,44.12579],[-72.80121,44.12583],[-72.80151,44.12578],[-72.802,44.12557],[-72.80229,44.12556],[-72.80248,44.12548],[-72.80309,44.12545],[-72.80335,44.12537],[-72.80373,44.12538],[-72.80409,44.12517],[-72.80414,44.12499],[-72.80412,44.12466]],[[-72.80412,44.12466],[-72.80454,44.12466],[-72.80473,44.12459],[-72.80497,44.12463],[-72.80551,44.12428],[-72.8061,44.12411],[-72.80651,44.12419],[-72.80745,44.12415],[-72.80792,44.12433],[-72.80886,44.12443],[-72.8092,44.12455],[-72.80968,44.12488],[-72.80996,44.125],[-72.81003,44.12517],[-72.81059,44.12561],[-72.81077,44.12566],[-72.81088,44.1258],[-72.81151,44.12605],[-72.81172,44.12654],[-72.81197,44.1269],[-72.81206,44.12698],[-72.81231,44.12705],[-72.8123,44.12715],[-72.81219,44.12724]],[[-72.83881,44.15384],[-72.83893,44.15388]],[[-72.79732,44.12622],[-72.79747,44.12601]],[[-72.79963,44.12556],[-72.79984,44.12567]]]}},{"type":"Feature","properties":{"stream_id":"high-bridge-brook","stream":"High Bridge Brook","name":"High Bridge Brook","order":3,"role":"matched"},"geometry":{"type":"MultiLineString","coordinates":[[[-72.78136,44.16908],[-72.78131,44.16913],[-72.78119,44.16957],[-72.78098,44.16981],[-72.78083,44.17014],[-72.78051,44.17051],[-72.77969,44.1712],[-72.77958,44.17163],[-72.77949,44.17175],[-72.77927,44.17189],[-72.77894,44.17199],[-72.77869,44.17224],[-72.77851,44.17268],[-72.77845,44.17275],[-72.77833,44.17323],[-72.77824,44.17335],[-72.77829,44.17368],[-72.77825,44.17413],[-72.77815,44.17435],[-72.7782,44.17509],[-72.77818,44.17535],[-72.77824,44.17549],[-72.77826,44.17603],[-72.77836,44.17618],[-72.77851,44.1763]],[[-72.81312,44.18102],[-72.81353,44.18127],[-72.81348,44.18178],[-72.81351,44.18195],[-72.81355,44.18207],[-72.8139,44.18258],[-72.81426,44.1829],[-72.81453,44.18301],[-72.81476,44.18326],[-72.81536,44.18345],[-72.81548,44.18381],[-72.8155,44.18408],[-72.81538,44.1847],[-72.81551,44.18521],[-72.81536,44.18555],[-72.81544,44.18638],[-72.81565,44.18662],[-72.81576,44.18668],[-72.81613,44.18727],[-72.81628,44.1874],[-72.81644,44.18743],[-72.81662,44.18767],[-72.81691,44.18783],[-72.81718,44.18782],[-72.81779,44.18792],[-72.8179,44.18797],[-72.818,44.18836],[-72.81817,44.18853],[-72.81867,44.18856],[-72.81892,44.18866]],[[-72.77869,44.17659],[-72.77885,44.17694],[-72.77925,44.17724],[-72.77951,44.17737],[-72.77977,44.17742],[-72.77988,44.17762],[-72.78009,44.17773],[-72.78012,44.17783],[-72.78007,44.17792],[-72.78016,44.17814],[-72.78037,44.17836],[-72.78057,44.17847],[-72.78068,44.17875],[-72.78118,44.17918],[-72.78151,44.1796],[-72.78155,44.17971],[-72.78197,44.18],[-72.78224,44.18009],[-72.78235,44.18023],[-72.78253,44.18031],[-72.78271,44.18049],[-72.78294,44.18052]],[[-72.81281,44.18095],[-72.81312,44.18102]],[[-72.78294,44.18052],[-72.7835,44.18094],[-72.78385,44.18108],[-72.78465,44.18112],[-72.78553,44.18163],[-72.78612,44.18162],[-72.78635,44.18153],[-72.78663,44.18149],[-72.78729,44.18149],[-72.78752,44.18163],[-72.78813,44.18169],[-72.78894,44.18196],[-72.79042,44.18283],[-72.79046,44.18291],[-72.79109,44.18344],[-72.79158,44.18363],[-72.79203,44.1837],[-72.79251,44.18367],[-72.79276,44.18358],[-72.79299,44.18325],[-72.79327,44.18314],[-72.79331,44.18305],[-72.79329,44.18279],[-72.79343,44.18265],[-72.79354,44.18265],[-72.79358,44.1828],[-72.79375,44.18283],[-72.79416,44.18272],[-72.79451,44.18271],[-72.79484,44.18264],[-72.79494,44.18257],[-72.79515,44.18253],[-72.79563,44.18226],[-72.79649,44.18204],[-72.79651,44.18193],[-72.79665,44.1818],[-72.79658,44.18169],[-72.79666,44.18145],[-72.79706,44.18135],[-72.79787,44.18138],[-72.79808,44.18121],[-72.79846,44.18115],[-72.79872,44.18105],[-72.79877,44.181],[-72.79877,44.18077],[-72.79883,44.18063],[-72.7994,44.18064],[-72.79962,44.18058],[-72.79993,44.1804],[-72.80018,44.18037]],[[-72.80018,44.18037],[-72.80066,44.18026],[-72.80114,44.18032],[-72.80223,44.18033],[-72.8036,44.18057],[-72.80397,44.18071],[-72.80455,44.18083],[-72.80617,44.1808],[-72.80706,44.18123],[-72.80764,44.18123],[-72.80778,44.18131],[-72.80832,44.18136],[-72.80863,44.18149],[-72.80936,44.18131],[-72.81034,44.1809],[-72.81064,44.18086],[-72.81173,44.18095],[-72.81214,44.18091],[-72.81281,44.18095]],[[-72.77851,44.1763],[-72.77869,44.17659]],[[-72.81892,44.18866],[-72.81901,44.18874]]]}},{"type":"Feature","properties":{"stream_id":"pine-brook","stream":"Pine Brook","name":"Pine Brook","order":4,"role":"matched"},"geometry":{"type":"MultiLineString","coordinates":[[[-72.77705,44.15882],[-72.77681,44.15903],[-72.77655,44.15937],[-72.7765,44.15962],[-72.77648,44.16008],[-72.77573,44.16108],[-72.77566,44.16129],[-72.77579,44.16157],[-72.77572,44.16171]],[[-72.77536,44.19864],[-72.77567,44.19861],[-72.7758,44.19851],[-72.7761,44.19841],[-72.77647,44.19851],[-72.77663,44.19848],[-72.77669,44.19842],[-72.77668,44.1982],[-72.77685,44.19811],[-72.77703,44.19811],[-72.77714,44.19818],[-72.77722,44.19834],[-72.77736,44.19841]],[[-72.77051,44.19202],[-72.77062,44.19221],[-72.77098,44.19233],[-72.7712,44.19264],[-72.7714,44.19281],[-72.77137,44.19296],[-72.77101,44.19335],[-72.77103,44.19342],[-72.77121,44.1935],[-72.77136,44.19367],[-72.77137,44.1938],[-72.77114,44.19407],[-72.77119,44.19419]],[[-72.77044,44.18703],[-72.77046,44.18715],[-72.7702,44.18731],[-72.77002,44.18773],[-72.77004,44.18801],[-72.7701,44.18806],[-72.77019,44.18839],[-72.77016,44.18856],[-72.76989,44.18892],[-72.77,44.18959],[-72.77026,44.19008],[-72.77023,44.19021],[-72.77028,44.19043],[-72.77036,44.19051],[-72.7706,44.19059],[-72.77092,44.19105],[-72.77083,44.19148],[-72.77056,44.19184],[-72.77051,44.19202]],[[-72.77736,44.19841],[-72.77832,44.19856],[-72.77866,44.19871],[-72.77888,44.19876],[-72.77921,44.19869],[-72.77947,44.19837],[-72.7798,44.1983],[-72.77999,44.19836],[-72.78019,44.19857],[-72.78045,44.19918],[-72.78072,44.19938],[-72.78098,44.19942],[-72.78158,44.19939],[-72.78235,44.19945],[-72.78253,44.1995],[-72.78299,44.19993],[-72.78328,44.20002],[-72.78346,44.20004],[-72.78378,44.19998],[-72.78395,44.19988],[-72.78407,44.19971],[-72.7843,44.19964],[-72.78453,44.19972],[-72.78494,44.20011],[-72.78514,44.20023],[-72.78536,44.20022],[-72.78567,44.20008],[-72.78593,44.20005],[-72.78621,44.20009],[-72.7865,44.20021],[-72.78686,44.20053],[-72.7874,44.20072],[-72.78769,44.20092],[-72.7882,44.20144],[-72.7882,44.20179],[-72.7884,44.20201],[-72.78875,44.20217],[-72.78958,44.20234],[-72.7898,44.20248],[-72.78986,44.20263],[-72.7897,44.20295],[-72.78969,44.20327],[-72.79006,44.20384],[-72.79026,44.20455],[-72.79037,44.2047],[-72.79081,44.20481],[-72.79121,44.2052],[-72.79183,44.20549],[-72.79199,44.20562],[-72.79228,44.20605],[-72.79252,44.20624],[-72.7929,44.20635],[-72.79336,44.20622],[-72.79361,44.20629],[-72.79367,44.20634],[-72.79366,44.20651],[-72.7937,44.2066],[-72.79394,44.20663],[-72.79407,44.20678],[-72.79403,44.20713],[-72.7941,44.20729],[-72.79428,44.2074],[-72.79455,44.2074],[-72.79479,44.20748]],[[-72.77119,44.19419],[-72.77175,44.19457],[-72.77212,44.19468],[-72.77239,44.19491],[-72.77295,44.19527],[-72.77371,44.19556],[-72.77443,44.19617],[-72.77444,44.1963],[-72.77418,44.19668],[-72.77421,44.19705],[-72.77449,44.19728],[-72.77472,44.19734],[-72.77499,44.19757],[-72.77525,44.19834],[-72.77526,44.19855],[-72.77536,44.19864]],[[-72.77181,44.17629],[-72.77173,44.17631],[-72.77171,44.17638],[-72.77181,44.17657],[-72.77179,44.17693],[-72.77171,44.17707],[-72.77149,44.17724],[-72.77147,44.17757],[-72.77131,44.17772],[-72.7714,44.17818],[-72.77134,44.17843],[-72.77135,44.17878],[-72.77149,44.17897],[-72.77143,44.17929],[-72.77156,44.17981],[-72.77143,44.18049],[-72.77132,44.18062],[-72.77124,44.18101]],[[-72.77281,44.18292],[-72.77264,44.18307],[-72.77265,44.1833],[-72.77253,44.18334],[-72.77234,44.1835],[-72.77227,44.18429],[-72.77208,44.18456],[-72.77199,44.18482],[-72.77172,44.18495],[-72.77145,44.18515],[-72.7712,44.18544]],[[-72.77434,44.16553],[-72.77415,44.16601],[-72.77369,44.16626],[-72.77343,44.16656],[-72.77318,44.16737],[-72.77307,44.16761],[-72.77294,44.16774],[-72.77294,44.16791],[-72.77299,44.16799],[-72.77296,44.16825],[-72.77309,44.16872],[-72.77304,44.16913],[-72.77293,44.16928],[-72.7729,44.16951]],[[-72.77572,44.16171],[-72.77559,44.16187],[-72.77543,44.16256],[-72.77521,44.16292],[-72.77522,44.16337],[-72.77505,44.16394],[-72.7749,44.16421],[-72.77485,44.16444],[-72.77467,44.16479],[-72.77425,44.1653],[-72.77434,44.16553]],[[-72.7712,44.18544],[-72.77105,44.18567],[-72.77101,44.18587],[-72.77114,44.18616],[-72.77117,44.18631],[-72.77107,44.18647],[-72.77094,44.18653],[-72.77087,44.18683],[-72.77049,44.18697],[-72.77044,44.18703]],[[-72.77124,44.18101],[-72.77121,44.18117],[-72.77125,44.18142],[-72.77113,44.18162],[-72.77113,44.18175],[-72.77148,44.18205],[-72.77151,44.18249],[-72.77246,44.18267],[-72.77281,44.18292]],[[-72.77184,44.17331],[-72.77182,44.17378],[-72.77174,44.17391],[-72.77164,44.17394],[-72.77152,44.17407],[-72.7715,44.17434],[-72.77176,44.17477],[-72.77173,44.17508],[-72.77162,44.17519],[-72.77162,44.17529],[-72.77165,44.17555],[-72.77192,44.17586],[-72.77181,44.17629]],[[-72.7729,44.16951],[-72.77281,44.16983],[-72.77281,44.16997],[-72.7729,44.17017],[-72.77289,44.17027],[-72.77276,44.17049],[-72.77269,44.17073],[-72.77254,44.17087],[-72.77245,44.17108],[-72.77247,44.17122],[-72.77265,44.1715],[-72.7726,44.17208],[-72.77237,44.17258],[-72.77201,44.17298],[-72.77184,44.17331]],[[-72.79479,44.20748],[-72.79498,44.20753]]]}},{"type":"Feature","properties":{"stream_id":"welder-brook","stream":"Welder Brook","name":"Welder Brook","order":3,"role":"matched"},"geometry":{"type":"MultiLineString","coordinates":[[[-72.80791,44.28724],[-72.807,44.28704],[-72.80659,44.28705],[-72.8064,44.28693],[-72.80631,44.28683],[-72.8062,44.28679],[-72.80578,44.28689],[-72.80554,44.28671],[-72.80511,44.28668],[-72.80426,44.28674],[-72.80381,44.2867],[-72.80321,44.28682],[-72.80304,44.28691],[-72.80226,44.28694],[-72.80178,44.28711],[-72.80032,44.2873]],[[-72.78693,44.28406],[-72.78677,44.28396],[-72.78607,44.28383],[-72.78582,44.28372],[-72.78547,44.2838],[-72.78512,44.28378],[-72.78466,44.2836],[-72.78447,44.28344],[-72.78414,44.28343],[-72.78385,44.28332]],[[-72.77381,44.281],[-72.77353,44.2808],[-72.77329,44.28044],[-72.77289,44.2801],[-72.77288,44.27995],[-72.7728,44.27987],[-72.77219,44.27963],[-72.77183,44.27935],[-72.77161,44.27929],[-72.771,44.27879],[-72.7702,44.27853],[-72.76999,44.27833],[-72.76995,44.27795],[-72.7697,44.27777],[-72.76947,44.27768],[-72.76908,44.2776],[-72.76875,44.27744],[-72.76826,44.27686],[-72.76799,44.27699],[-72.76773,44.27694],[-72.76739,44.27672],[-72.76692,44.2765],[-72.76652,44.27653],[-72.76628,44.27659],[-72.76531,44.27651],[-72.76493,44.27653]],[[-72.75966,44.27616],[-72.7593,44.27607],[-72.75903,44.27612],[-72.7587,44.27598],[-72.7583,44.27589]],[[-72.78111,44.28171],[-72.78085,44.28165],[-72.78068,44.28137],[-72.78004,44.2813],[-72.77964,44.28067],[-72.77925,44.28041],[-72.77838,44.28033],[-72.77766,44.2801],[-72.77678,44.28001],[-72.77605,44.28007],[-72.77551,44.28029],[-72.77532,44.28042]],[[-72.7583,44.27589],[-72.75751,44.27561]],[[-72.76493,44.27653],[-72.76449,44.27662],[-72.76406,44.27665],[-72.76368,44.27658],[-72.76339,44.27649],[-72.76308,44.27604],[-72.76294,44.27596],[-72.76246,44.27582],[-72.76223,44.27571],[-72.76181,44.27569],[-72.76118,44.27558],[-72.76075,44.27571],[-72.76067,44.27578],[-72.76057,44.27591],[-72.76063,44.2762],[-72.76051,44.27632],[-72.76028,44.27625]],[[-72.75751,44.27561],[-72.75734,44.27562],[-72.75674,44.27549],[-72.75626,44.27527],[-72.75598,44.27524],[-72.75583,44.27528]],[[-72.80032,44.2873],[-72.80004,44.28726],[-72.79952,44.28665],[-72.79941,44.28661],[-72.79905,44.28666],[-72.79893,44.28662]],[[-72.79893,44.28662],[-72.79832,44.28668],[-72.79817,44.28663],[-72.79804,44.28643],[-72.79785,44.28633],[-72.79766,44.28638],[-72.79696,44.28643],[-72.79657,44.28635],[-72.79634,44.28636],[-72.79513,44.28653],[-72.7945,44.28653],[-72.79438,44.28641],[-72.79439,44.28628],[-72.79426,44.2862],[-72.79276,44.28593],[-72.79245,44.28592],[-72.79213,44.28578],[-72.79178,44.28576],[-72.7916,44.28582],[-72.79095,44.28588],[-72.79079,44.28583]],[[-72.79079,44.28583],[-72.79059,44.28563],[-72.79035,44.28553],[-72.78997,44.28547],[-72.78982,44.28536],[-72.78951,44.28535],[-72.78908,44.2852],[-72.78872,44.28489],[-72.78856,44.28483],[-72.7882,44.28486],[-72.78804,44.28473],[-72.78802,44.28458],[-72.78791,44.28449],[-72.78719,44.28428],[-72.78693,44.28406]],[[-72.78385,44.28332],[-72.78322,44.28303],[-72.78272,44.28302],[-72.7826,44.28308],[-72.78235,44.28309]],[[-72.78235,44.28309],[-72.78194,44.28309],[-72.78171,44.28295],[-72.78152,44.28259],[-72.78156,44.28238],[-72.78151,44.28217],[-72.7814,44.28198],[-72.78125,44.28189],[-72.78122,44.28176],[-72.78111,44.28171]],[[-72.75583,44.27528],[-72.75559,44.27531],[-72.75539,44.27525]],[[-72.77532,44.28042],[-72.77523,44.28056],[-72.77509,44.28061],[-72.77447,44.2805],[-72.77409,44.2809],[-72.77389,44.28101],[-72.77381,44.281]],[[-72.75539,44.27525],[-72.75514,44.27524],[-72.75504,44.2753],[-72.75498,44.27523],[-72.75486,44.2752],[-72.75472,44.27526],[-72.75446,44.27526],[-72.75445,44.27511],[-72.75421,44.275],[-72.75413,44.27486],[-72.75386,44.27485],[-72.75363,44.27475],[-72.75312,44.27479],[-72.75267,44.27496],[-72.75244,44.27501],[-72.75217,44.275],[-72.75142,44.27466],[-72.75109,44.27464],[-72.75079,44.27453],[-72.75007,44.27436],[-72.74949,44.27408],[-72.74878,44.27356],[-72.74828,44.2733],[-72.74793,44.27318],[-72.74709,44.27265],[-72.74646,44.27234],[-72.74631,44.27221],[-72.74626,44.27203],[-72.74599,44.27162],[-72.74571,44.27155]],[[-72.74571,44.27155],[-72.74553,44.27152]],[[-72.76028,44.27625],[-72.76009,44.27618],[-72.75966,44.27616]]]}},{"type":"Feature","properties":{"stream_id":"mills-brook","stream":"Mills Brook","name":"Mills Brook","order":3,"role":"matched"},"geometry":{"type":"MultiLineString","coordinates":[[[-72.83459,44.07164],[-72.83465,44.07178],[-72.83425,44.07203]],[[-72.84435,44.07959],[-72.84446,44.07966],[-72.84489,44.07975],[-72.8454,44.07966],[-72.84618,44.07963],[-72.84639,44.07948],[-72.84678,44.07931],[-72.84719,44.07924],[-72.84742,44.07924],[-72.84813,44.0794],[-72.84857,44.07938],[-72.84901,44.07924],[-72.84914,44.07915],[-72.8494,44.07878],[-72.84954,44.07823],[-72.84964,44.07808],[-72.85024,44.0777],[-72.85045,44.07734],[-72.85052,44.07701],[-72.85092,44.07653],[-72.85157,44.07598],[-72.85257,44.07546],[-72.85291,44.07514]],[[-72.85291,44.07514],[-72.85333,44.07491],[-72.85377,44.07483],[-72.85433,44.07496],[-72.85482,44.07492],[-72.85528,44.075],[-72.85597,44.07501],[-72.85733,44.07493],[-72.85787,44.07485],[-72.85798,44.07481],[-72.85835,44.07454],[-72.85896,44.0744],[-72.85951,44.07437],[-72.85971,44.07448],[-72.85988,44.07451]],[[-72.83297,44.07416],[-72.83297,44.07422]],[[-72.83425,44.07203],[-72.83351,44.07242],[-72.83289,44.07326],[-72.83292,44.07348],[-72.83309,44.07363],[-72.83308,44.07386]],[[-72.83815,44.0793],[-72.83885,44.07929],[-72.83931,44.07937],[-72.83986,44.07925],[-72.84063,44.07934],[-72.84085,44.0792],[-72.84109,44.07912],[-72.84196,44.0791],[-72.8422,44.07914],[-72.84244,44.07937],[-72.84286,44.07949],[-72.84314,44.07955],[-72.84355,44.0795]],[[-72.84355,44.0795],[-72.84403,44.07951]],[[-72.84403,44.07951],[-72.84435,44.07959]],[[-72.83479,44.07815],[-72.83704,44.07917],[-72.83796,44.07931],[-72.83815,44.0793]],[[-72.83308,44.07386],[-72.83297,44.07416]],[[-72.83473,44.07812],[-72.83479,44.07815]],[[-72.83297,44.07422],[-72.83271,44.07559],[-72.83268,44.07659],[-72.83296,44.077],[-72.83413,44.07788],[-72.83473,44.07812]],[[-72.83459,44.0714],[-72.83459,44.07164]]]}},{"type":"Feature","properties":{"stream_id":"cox-brook","stream":"Cox Brook","name":"Cox Brook","order":4,"role":"matched"},"geometry":{"type":"MultiLineString","coordinates":[[[-72.71786,44.2361],[-72.71727,44.23576],[-72.71659,44.23521],[-72.71601,44.23492]],[[-72.71046,44.23364],[-72.7101,44.23363],[-72.71001,44.23358]],[[-72.71601,44.23492],[-72.71568,44.23466],[-72.71506,44.23433],[-72.71422,44.23436],[-72.7134,44.23432],[-72.71246,44.23412],[-72.71211,44.23411],[-72.71172,44.23403],[-72.71062,44.23364]],[[-72.70377,44.2253],[-72.70361,44.22505],[-72.70364,44.22485],[-72.70345,44.22471],[-72.70336,44.2247],[-72.70326,44.2248],[-72.70305,44.22481],[-72.70241,44.22457],[-72.70228,44.22419],[-72.70229,44.22406],[-72.70242,44.22395],[-72.70245,44.22382],[-72.70238,44.22374],[-72.70232,44.22348]],[[-72.70104,44.21129],[-72.70048,44.21128],[-72.70033,44.21116]],[[-72.70386,44.21368],[-72.70376,44.21366],[-72.70365,44.21353],[-72.70351,44.21346],[-72.70352,44.21327],[-72.70318,44.21259],[-72.70246,44.21149],[-72.70212,44.21126],[-72.702,44.21111],[-72.70178,44.21107],[-72.70142,44.2111],[-72.70104,44.21129]],[[-72.70834,44.23218],[-72.70755,44.23181],[-72.70729,44.23149],[-72.70664,44.23131],[-72.70638,44.23113],[-72.70642,44.23097],[-72.70634,44.23082],[-72.70647,44.23071],[-72.70644,44.23065],[-72.70609,44.23054],[-72.70603,44.23044],[-72.70581,44.23033],[-72.70564,44.23016],[-72.70546,44.2299],[-72.70524,44.22954],[-72.70527,44.22933],[-72.70516,44.22911],[-72.70458,44.22827],[-72.70454,44.2279],[-72.70448,44.22776],[-72.70451,44.22758],[-72.70433,44.22711],[-72.70418,44.22699]],[[-72.70363,44.22624],[-72.70368,44.22586],[-72.70363,44.22568],[-72.70367,44.22565]],[[-72.70232,44.22348],[-72.7024,44.22332],[-72.70254,44.22324],[-72.7026,44.22305],[-72.70264,44.22283],[-72.70258,44.22232],[-72.70262,44.22207],[-72.70283,44.22183],[-72.70291,44.22162],[-72.70315,44.2214],[-72.70307,44.22125],[-72.70321,44.22122],[-72.70335,44.22103],[-72.70347,44.22073],[-72.70342,44.22036],[-72.70349,44.22024],[-72.70361,44.22022],[-72.70364,44.2201],[-72.70359,44.21967],[-72.70333,44.21894],[-72.70366,44.21871],[-72.70364,44.21867],[-72.70318,44.21831],[-72.703,44.21805],[-72.70295,44.21784],[-72.70323,44.21751],[-72.70351,44.21731],[-72.70348,44.21677],[-72.70373,44.21645],[-72.70408,44.21568],[-72.70447,44.21518],[-72.70445,44.21491],[-72.70438,44.21475],[-72.70389,44.21421],[-72.70381,44.21393],[-72.70386,44.21368]],[[-72.70033,44.21116],[-72.70032,44.21098],[-72.70046,44.21093],[-72.70048,44.21085],[-72.70031,44.21074],[-72.70029,44.2107],[-72.70039,44.21057],[-72.70025,44.21053],[-72.70025,44.21033],[-72.70001,44.20983],[-72.69934,44.20981],[-72.69921,44.20975],[-72.69892,44.20934],[-72.6987,44.20922],[-72.69844,44.20878],[-72.69812,44.20862],[-72.69795,44.20839],[-72.69767,44.20765],[-72.69754,44.20741],[-72.69766,44.20704],[-72.69719,44.20668],[-72.69672,44.20623],[-72.69639,44.20601],[-72.69598,44.20582],[-72.69526,44.20535],[-72.69505,44.20513],[-72.69491,44.20482],[-72.69473,44.20471],[-72.69451,44.20474],[-72.69414,44.2046],[-72.69396,44.20448],[-72.69379,44.20448]],[[-72.69379,44.20448],[-72.69335,44.20444],[-72.69243,44.20392],[-72.69235,44.20383]],[[-72.68154,44.19419],[-72.6813,44.19408],[-72.68095,44.1938],[-72.67953,44.19296]],[[-72.69235,44.20383],[-72.69186,44.20343],[-72.69116,44.20257],[-72.69077,44.2022],[-72.69056,44.20202],[-72.6901,44.20179],[-72.68992,44.20165],[-72.68972,44.20136],[-72.68907,44.20125],[-72.68876,44.20106],[-72.68829,44.20039],[-72.68833,44.19997],[-72.68821,44.19989],[-72.68781,44.19979],[-72.68758,44.19936],[-72.68724,44.19905],[-72.68717,44.19875],[-72.68707,44.19861],[-72.68667,44.19828],[-72.68655,44.19805],[-72.6863,44.19788],[-72.6857,44.1977],[-72.68555,44.19761]],[[-72.68555,44.19761],[-72.68546,44.19739],[-72.6854,44.19704],[-72.68542,44.19681],[-72.68533,44.19658],[-72.68512,44.19633],[-72.68493,44.19592],[-72.68472,44.19577],[-72.68436,44.19576],[-72.68398,44.19555],[-72.68375,44.19532],[-72.68338,44.19515],[-72.68316,44.19511],[-72.68241,44.19475],[-72.68154,44.19419]],[[-72.67953,44.19296],[-72.67827,44.1922],[-72.67797,44.1921],[-72.6779,44.19195],[-72.67723,44.19173],[-72.67701,44.19147],[-72.67654,44.19123],[-72.67634,44.19094],[-72.67607,44.19082],[-72.67561,44.19075],[-72.67545,44.19055],[-72.67518,44.19044],[-72.67511,44.19038],[-72.67515,44.19019],[-72.67532,44.19005],[-72.67532,44.18986],[-72.6751,44.18961],[-72.67493,44.18949],[-72.67436,44.18937],[-72.67356,44.18908],[-72.67322,44.18881],[-72.6731,44.18859],[-72.67317,44.18809],[-72.67324,44.18794],[-72.6734,44.18786],[-72.67356,44.18785],[-72.67376,44.18791],[-72.67384,44.18781],[-72.67378,44.18764],[-72.67354,44.18731],[-72.67351,44.18717],[-72.67356,44.18709],[-72.67352,44.18699],[-72.67284,44.18607],[-72.67278,44.18586],[-72.67283,44.18547],[-72.6728,44.18534],[-72.67236,44.18487]],[[-72.67236,44.18487],[-72.67197,44.18432],[-72.67169,44.18417],[-72.67109,44.1842],[-72.67098,44.18414],[-72.67098,44.18404],[-72.67116,44.18394],[-72.67136,44.18361],[-72.67131,44.18313],[-72.67124,44.18303],[-72.6707,44.18266]],[[-72.6707,44.18266],[-72.67054,44.18255],[-72.67032,44.18205],[-72.66958,44.18144],[-72.66941,44.18085],[-72.66906,44.18074],[-72.66899,44.18054],[-72.66891,44.18049],[-72.66872,44.18053],[-72.66843,44.18083],[-72.66827,44.18088],[-72.66796,44.18081],[-72.66764,44.18051],[-72.66756,44.18038],[-72.6673,44.18011],[-72.66726,44.17957],[-72.66695,44.17895],[-72.66684,44.17879],[-72.66648,44.17851],[-72.6658,44.17842],[-72.66487,44.17853],[-72.66411,44.1785],[-72.66358,44.17834],[-72.66329,44.17809],[-72.66255,44.17763],[-72.6622,44.17729],[-72.66161,44.17665],[-72.66119,44.17605],[-72.66111,44.17576],[-72.66077,44.17554],[-72.65931,44.17506],[-72.65818,44.17489],[-72.65733,44.17466],[-72.65682,44.17442],[-72.65602,44.17385],[-72.65547,44.17372],[-72.65505,44.17372],[-72.65434,44.17321],[-72.6542,44.17321],[-72.65378,44.17338],[-72.65332,44.17322],[-72.65292,44.17268],[-72.65297,44.17243],[-72.65318,44.1722],[-72.65318,44.17214],[-72.65304,44.17202],[-72.65289,44.17198],[-72.65257,44.172],[-72.65223,44.17211],[-72.65198,44.17229],[-72.65162,44.17226]],[[-72.70986,44.23339],[-72.70977,44.23331],[-72.70964,44.2333],[-72.70958,44.23322]],[[-72.70936,44.23305],[-72.70921,44.23302]],[[-72.71062,44.23364],[-72.71046,44.23364]],[[-72.71001,44.23358],[-72.70986,44.23339]],[[-72.70958,44.23322],[-72.70936,44.23305]],[[-72.70418,44.22699],[-72.70406,44.22675],[-72.70363,44.22624]],[[-72.70921,44.23302],[-72.70905,44.23296],[-72.70885,44.23278],[-72.70846,44.23226],[-72.70834,44.23218]],[[-72.70367,44.22565],[-72.70377,44.22559],[-72.70381,44.22543],[-72.70377,44.2253]],[[-72.65162,44.17226],[-72.65153,44.17225]]]}},{"type":"Feature","properties":{"stream_id":null,"stream":"Winooski River","name":"Winooski River","order":7,"role":"mainstem"},"geometry":{"type":"MultiLineString","coordinates":[[[-72.47813,44.27143],[-72.47916,44.27155],[-72.48252,44.27154],[-72.48311,44.27147],[-72.48345,44.27133]],[[-73.05899,44.47497],[-73.05976,44.47637],[-73.0609,44.47806]],[[-72.45971,44.2715],[-72.46093,44.27093],[-72.46281,44.27029],[-72.46373,44.2698],[-72.46404,44.26951],[-72.46456,44.26852],[-72.46615,44.26764],[-72.46667,44.26742]],[[-72.48893,44.26793],[-72.48903,44.2679],[-72.48921,44.26757],[-72.48975,44.26684],[-72.49144,44.26546]],[[-73.09981,44.47178],[-73.10038,44.47178],[-73.10118,44.47195],[-73.10181,44.47263],[-73.10229,44.47396],[-73.10247,44.4755],[-73.10257,44.47586],[-73.10278,44.47634],[-73.10322,44.47691],[-73.10474,44.47808],[-73.10797,44.47963]],[[-72.47115,44.26681],[-72.47153,44.26681],[-72.47212,44.26671],[-72.47233,44.26671],[-72.47271,44.2668],[-72.47323,44.26715],[-72.47377,44.26727],[-72.4748,44.26732],[-72.47586,44.26713],[-72.47637,44.26688],[-72.4767,44.26649],[-72.47677,44.26638],[-72.4768,44.26614],[-72.47679,44.26604],[-72.47662,44.26579],[-72.47587,44.2652],[-72.47578,44.26506],[-72.47577,44.26488],[-72.47601,44.26481],[-72.47773,44.26464],[-72.47856,44.26448],[-72.47901,44.26444]],[[-72.62054,44.2613],[-72.62208,44.26211],[-72.62319,44.26254],[-72.62422,44.26281],[-72.62456,44.263],[-72.62521,44.26324]],[[-73.0266,44.46598],[-73.02658,44.46659],[-73.02682,44.46706],[-73.02709,44.46732]],[[-72.49805,44.26143],[-72.49874,44.26155],[-72.49923,44.26156],[-72.49941,44.26149],[-72.49964,44.26113]],[[-72.57848,44.25914],[-72.57856,44.25927],[-72.57923,44.2595],[-72.5798,44.25959],[-72.58032,44.25974],[-72.58175,44.26036],[-72.58239,44.26058],[-72.58265,44.26073],[-72.58327,44.26089],[-72.5848,44.26147],[-72.58639,44.2619],[-72.58702,44.26191]],[[-73.02108,44.45964],[-73.02115,44.45994],[-73.02126,44.46007],[-73.0219,44.46047],[-73.02459,44.46101],[-73.02527,44.46134],[-73.02605,44.4621],[-73.0262,44.4625],[-73.02623,44.46276],[-73.02618,44.46318],[-73.02628,44.46342],[-73.02637,44.46406],[-73.0265,44.4645],[-73.0266,44.46598]],[[-72.67299,44.28999],[-72.67305,44.29001],[-72.67358,44.29079],[-72.6741,44.2914],[-72.67435,44.2915],[-72.67555,44.29176],[-72.67598,44.29179],[-72.67648,44.29167],[-72.67712,44.29133],[-72.67762,44.29092],[-72.67828,44.29076],[-72.67931,44.29109],[-72.67951,44.29122],[-72.68012,44.29124],[-72.68063,44.29134],[-72.68119,44.2917],[-72.68139,44.29191],[-72.68195,44.29211],[-72.68242,44.29221],[-72.68314,44.29259],[-72.68348,44.29272],[-72.68412,44.29293],[-72.68457,44.29301],[-72.68487,44.29312]],[[-72.66966,44.28933],[-72.67039,44.28979],[-72.67054,44.28983],[-72.67157,44.28987],[-72.67232,44.28976],[-72.67276,44.28991]],[[-72.66436,44.28344],[-72.6647,44.28358],[-72.66494,44.28381],[-72.6651,44.2841],[-72.66556,44.28467],[-72.66604,44.28486],[-72.66761,44.28577],[-72.66785,44.28596],[-72.6685,44.28616]],[[-72.45346,44.28349],[-72.45366,44.28333],[-72.4537,44.28321]],[[-72.40807,44.28758],[-72.40825,44.28755],[-72.40845,44.28731],[-72.40877,44.28665],[-72.40907,44.28625],[-72.4092,44.28599],[-72.40927,44.28549],[-72.40936,44.2854],[-72.40971,44.28536],[-72.41051,44.28568],[-72.41075,44.2857],[-72.41094,44.28565],[-72.41096,44.28556],[-72.41089,44.28538],[-72.41078,44.28529],[-72.41074,44.28511],[-72.4108,44.28506],[-72.41096,44.28505],[-72.41116,44.28516],[-72.41177,44.28579],[-72.41213,44.28599],[-72.41248,44.28606],[-72.41359,44.28542],[-72.41405,44.28505],[-72.41437,44.28467],[-72.41499,44.28359],[-72.41542,44.28306]],[[-72.45419,44.28105],[-72.45423,44.28052],[-72.45411,44.2799],[-72.45413,44.27945]],[[-72.65529,44.27521],[-72.65551,44.27515],[-72.65643,44.27512]],[[-72.65643,44.27512],[-72.65731,44.27516],[-72.65836,44.27505],[-72.65892,44.2751],[-72.65926,44.27518],[-72.66037,44.27569],[-72.6605,44.27585],[-72.66062,44.27617],[-72.66066,44.27677],[-72.66061,44.27741],[-72.66029,44.27819],[-72.66012,44.27874],[-72.66012,44.2794],[-72.66032,44.28016],[-72.66069,44.28098],[-72.66094,44.28143],[-72.66134,44.28197],[-72.66189,44.28258],[-72.6626,44.28294],[-72.66388,44.28324],[-72.66436,44.28344]],[[-72.9851,44.39947],[-72.98546,44.39968],[-72.98625,44.3999],[-72.98663,44.39992],[-72.98799,44.3994],[-72.98881,44.39925],[-72.98964,44.39899],[-72.99045,44.39905],[-72.99102,44.39901],[-72.99143,44.3989],[-72.99195,44.39864],[-72.99245,44.39851],[-72.99298,44.39844],[-72.99359,44.39845],[-72.99478,44.39875],[-72.99571,44.39911],[-72.99636,44.39955],[-72.99673,44.40007],[-72.99669,44.40083],[-72.99675,44.40096]],[[-72.99675,44.40096],[-72.99701,44.40114],[-72.99779,44.40138],[-73.00019,44.40193],[-73.00151,44.40235]],[[-72.45382,44.27522],[-72.45395,44.27498],[-72.45449,44.27443],[-72.45488,44.27388],[-72.45508,44.27367],[-72.45524,44.2736]],[[-72.63788,44.27167],[-72.64176,44.27288],[-72.64293,44.27335],[-72.64324,44.27344],[-72.64357,44.27345],[-72.64456,44.27385],[-72.64505,44.27396]],[[-73.01727,44.42509],[-73.01717,44.42722],[-73.01728,44.4277],[-73.01763,44.4288],[-73.01773,44.42902],[-73.01803,44.42943],[-73.01847,44.42988],[-73.01925,44.43086]],[[-72.97237,44.39427],[-72.97326,44.39563]],[[-73.01566,44.4217],[-73.01576,44.42212],[-73.01598,44.42246],[-73.01636,44.42281],[-73.01654,44.42305],[-73.01683,44.42374],[-73.01718,44.42411],[-73.01727,44.42509]],[[-72.98137,44.39745],[-72.9817,44.39751],[-72.98217,44.39772],[-72.9851,44.39947]],[[-72.97822,44.39743],[-72.98137,44.39745]],[[-73.02706,44.44266],[-73.02599,44.44275],[-73.02495,44.4427],[-73.02459,44.44265],[-73.02431,44.44254],[-73.02393,44.44254],[-73.0235,44.44241],[-73.0229,44.44232],[-73.02216,44.44206],[-73.02159,44.44196],[-73.02092,44.44196]],[[-73.03317,44.43945],[-73.03316,44.43972],[-73.03302,44.43998],[-73.03246,44.44038],[-73.03046,44.44118],[-73.02971,44.44168],[-73.02922,44.44191],[-73.02872,44.44222],[-73.02842,44.44233],[-73.02706,44.44266]],[[-72.31677,44.40087],[-72.31713,44.40051],[-72.31741,44.40037],[-72.31786,44.40026],[-72.31825,44.40027],[-72.31843,44.40022],[-72.31898,44.39996],[-72.31968,44.39952],[-72.32037,44.39925],[-72.32106,44.39888],[-72.32149,44.39875],[-72.32169,44.39876],[-72.32179,44.39886],[-72.32208,44.39891],[-72.32213,44.39904],[-72.32209,44.39922],[-72.32185,44.3994],[-72.32179,44.39951],[-72.32181,44.3996],[-72.32198,44.39972],[-72.32203,44.39985],[-72.32176,44.40026],[-72.32179,44.40041],[-72.32199,44.40049],[-72.32253,44.40051],[-72.32368,44.40097],[-72.32387,44.40094],[-72.3239,44.40078],[-72.32352,44.39982],[-72.3235,44.39948],[-72.32358,44.39931],[-72.3245,44.39842],[-72.32505,44.39807],[-72.32507,44.39792],[-72.32497,44.39769],[-72.32485,44.39758],[-72.3247,44.39758],[-72.32453,44.39753],[-72.3245,44.39741],[-72.32459,44.39734],[-72.32505,44.39725],[-72.32511,44.39708],[-72.32561,44.39707],[-72.32561,44.39694],[-72.32555,44.39686],[-72.3252,44.39673],[-72.32511,44.39665],[-72.32523,44.39644],[-72.32574,44.39604],[-72.32573,44.39592]],[[-72.32573,44.39592],[-72.3257,44.39587]],[[-72.3257,44.39587],[-72.3257,44.39576],[-72.32586,44.39569],[-72.32612,44.39566],[-72.32621,44.39552],[-72.32656,44.39536],[-72.32715,44.3954],[-72.3272,44.39531],[-72.32711,44.3951],[-72.32714,44.39497],[-72.32738,44.39475],[-72.32726,44.39461],[-72.32711,44.39462],[-72.32693,44.3947],[-72.32683,44.39468],[-72.32697,44.39435],[-72.32697,44.39419],[-72.32703,44.39414],[-72.32713,44.39416],[-72.32722,44.39426],[-72.32734,44.39428],[-72.32742,44.39405],[-72.32751,44.39394],[-72.32777,44.39391],[-72.32797,44.39397]],[[-72.97038,44.39323],[-72.97172,44.39379],[-72.97237,44.39427]],[[-72.48345,44.27133],[-72.48367,44.2711],[-72.48408,44.27047],[-72.48414,44.27027],[-72.48406,44.26936],[-72.48409,44.26912],[-72.48413,44.26884],[-72.48436,44.26824],[-72.48487,44.26754],[-72.48556,44.26689],[-72.48604,44.26665],[-72.48621,44.26663],[-72.48652,44.26671],[-72.48659,44.26725],[-72.4867,44.26747],[-72.48691,44.26774],[-72.48727,44.26804],[-72.48788,44.26809],[-72.48893,44.26793]],[[-72.46667,44.26742],[-72.46752,44.267],[-72.46811,44.26662],[-72.4685,44.26648],[-72.46893,44.26646],[-72.46948,44.26651],[-72.47115,44.26681]],[[-72.49144,44.26546],[-72.49165,44.26537],[-72.49193,44.26534],[-72.49239,44.2657],[-72.49281,44.26581]],[[-72.49281,44.26581],[-72.4932,44.26574],[-72.49334,44.26558],[-72.49348,44.26485],[-72.49408,44.26382],[-72.49414,44.26349]],[[-72.32797,44.39397],[-72.32802,44.39396],[-72.32803,44.39385],[-72.32788,44.39367],[-72.32755,44.39346],[-72.32762,44.3934],[-72.32777,44.39337],[-72.32834,44.39341],[-72.32873,44.39334],[-72.32881,44.39323],[-72.32875,44.39295],[-72.32889,44.39271],[-72.32891,44.39243],[-72.32905,44.39238],[-72.3293,44.39242],[-72.3295,44.39238],[-72.32983,44.39228],[-72.3302,44.39209]],[[-72.95463,44.39006],[-72.95566,44.39008],[-72.95774,44.38985],[-72.95871,44.38994],[-72.95924,44.38994],[-72.96155,44.39023],[-72.96278,44.3903],[-72.96378,44.39048],[-72.96424,44.39048],[-72.96512,44.39074],[-72.96614,44.39134],[-72.96681,44.39217],[-72.96737,44.3926],[-72.96845,44.393],[-72.96935,44.39319],[-72.97006,44.39326],[-72.97038,44.39323]],[[-72.69612,44.30303],[-72.69622,44.30381],[-72.69642,44.30434],[-72.6965,44.30506],[-72.69646,44.30535],[-72.69631,44.30558],[-72.69626,44.30584],[-72.69608,44.30615],[-72.69603,44.30639],[-72.69588,44.30662],[-72.6959,44.30774],[-72.6958,44.30795],[-72.69576,44.30825],[-72.6957,44.30834],[-72.69569,44.30859],[-72.69549,44.30904],[-72.69541,44.30986],[-72.69549,44.31023],[-72.69564,44.31052],[-72.69608,44.31102],[-72.69747,44.31167],[-72.69866,44.31253]],[[-72.67276,44.28991],[-72.67299,44.28999]],[[-72.95034,44.3892],[-72.95127,44.38945],[-72.95189,44.38949],[-72.95276,44.38944],[-72.953,44.38946],[-72.95376,44.38982],[-72.95463,44.39006]],[[-72.40546,44.28911],[-72.40573,44.28885],[-72.40604,44.28829],[-72.40618,44.28813],[-72.40767,44.28758],[-72.40807,44.28758]],[[-72.3302,44.39209],[-72.33035,44.39199],[-72.33062,44.39166],[-72.33091,44.3912],[-72.33097,44.39101],[-72.33073,44.39054],[-72.33067,44.39013],[-72.3305,44.3898],[-72.32976,44.38911],[-72.32973,44.38898],[-72.32977,44.38891],[-72.33012,44.38874],[-72.33105,44.38843],[-72.3316,44.38819],[-72.33232,44.38826],[-72.33247,44.38826],[-72.33261,44.3882],[-72.3329,44.3879],[-72.33294,44.38781],[-72.33292,44.38767],[-72.33235,44.38747],[-72.33229,44.3874],[-72.33234,44.38719]],[[-72.41542,44.28306],[-72.41559,44.28289]],[[-72.93921,44.38398],[-72.93938,44.3841]],[[-73.07616,44.48258],[-73.07777,44.48242],[-73.0802,44.48191],[-73.08094,44.48161]],[[-72.42418,44.27833],[-72.42444,44.27829],[-72.42494,44.27808],[-72.42545,44.27763],[-72.42584,44.27757],[-72.42685,44.27754]],[[-72.64505,44.27396],[-72.64529,44.27399],[-72.64582,44.27392],[-72.64626,44.27394],[-72.64735,44.27412],[-72.64849,44.27452],[-72.65026,44.27491],[-72.65077,44.27511],[-72.65132,44.27552],[-72.6523,44.27591],[-72.65254,44.27594],[-72.65312,44.27592],[-72.6537,44.27579],[-72.65479,44.27532],[-72.65529,44.27521]],[[-72.6304,44.26739],[-72.63177,44.26907],[-72.6325,44.2697],[-72.63308,44.26999],[-72.63405,44.27039],[-72.63788,44.27167]],[[-72.47901,44.26444],[-72.47938,44.26447],[-72.47991,44.26469],[-72.48005,44.26496],[-72.48003,44.26519],[-72.47987,44.26545],[-72.47914,44.2661],[-72.47851,44.26682],[-72.47824,44.26706],[-72.47645,44.26795],[-72.47625,44.26812],[-72.47574,44.26877],[-72.47568,44.26899],[-72.47569,44.26917],[-72.47586,44.26965],[-72.47627,44.27034],[-72.47647,44.27056],[-72.47685,44.27089],[-72.47729,44.27116],[-72.47813,44.27143]],[[-72.49414,44.26349],[-72.49413,44.26255],[-72.49424,44.26219],[-72.49451,44.26183],[-72.49522,44.26151],[-72.49564,44.26143],[-72.49711,44.26135],[-72.49805,44.26143]],[[-73.08094,44.48161],[-73.08122,44.48149],[-73.0817,44.48104],[-73.08215,44.48029],[-73.08255,44.4798],[-73.08311,44.47927],[-73.08392,44.47892],[-73.08449,44.47874],[-73.08525,44.47865],[-73.08657,44.47866],[-73.08719,44.47877],[-73.08774,44.47898],[-73.08853,44.47962],[-73.08905,44.48041],[-73.0903,44.48097]],[[-73.0686,44.47902],[-73.07054,44.48012],[-73.07126,44.48071],[-73.07258,44.482],[-73.07367,44.48247],[-73.07416,44.48259],[-73.07549,44.48265],[-73.07616,44.48258]],[[-72.55592,44.25073],[-72.55692,44.25084],[-72.55864,44.2508],[-72.5598,44.2506],[-72.56137,44.25044],[-72.56223,44.25024],[-72.56232,44.25018],[-72.56298,44.24997]],[[-72.54859,44.24724],[-72.54893,44.2481],[-72.54924,44.24853],[-72.54952,44.2488]],[[-73.0903,44.48097],[-73.09146,44.48105],[-73.09293,44.48037],[-73.09393,44.47949],[-73.0942,44.47882],[-73.09425,44.47854],[-73.09443,44.4782],[-73.09464,44.4775]],[[-72.97326,44.39563],[-72.97373,44.39623],[-72.97438,44.39655],[-72.97589,44.39699],[-72.97634,44.39718],[-72.97647,44.39716],[-72.97669,44.39724],[-72.97779,44.39744],[-72.97822,44.39743]],[[-72.50808,44.24314],[-72.50882,44.24308],[-72.50946,44.24309],[-72.51113,44.24293],[-72.51177,44.24296],[-72.51537,44.24256],[-72.51624,44.24261],[-72.51636,44.24268],[-72.51654,44.2427]],[[-72.5369,44.2418],[-72.53858,44.24194],[-72.53907,44.24208],[-72.5398,44.24239],[-72.5402,44.24251],[-72.54096,44.24256],[-72.54173,44.2425]],[[-72.54388,44.24158],[-72.54452,44.24134],[-72.54523,44.2413],[-72.54602,44.24148],[-72.54639,44.2417],[-72.54662,44.24177],[-72.54683,44.24182],[-72.54714,44.24177],[-72.54744,44.24159],[-72.54762,44.24138],[-72.548,44.24074],[-72.54817,44.24027]],[[-72.91842,44.38006],[-72.91968,44.38045],[-72.92217,44.3811],[-72.92679,44.38159],[-72.92723,44.3814]],[[-73.0609,44.47806],[-73.0614,44.47862],[-73.06289,44.47911],[-73.0636,44.47915],[-73.064,44.4791],[-73.06529,44.47871],[-73.06631,44.47831],[-73.06688,44.47818],[-73.06745,44.47823],[-73.06796,44.4785],[-73.0686,44.47902]],[[-72.93938,44.3841],[-72.94177,44.38575],[-72.94337,44.38658],[-72.94404,44.38679],[-72.94631,44.38772],[-72.94878,44.38847],[-72.94956,44.38882],[-72.94978,44.38902],[-72.95034,44.3892]],[[-72.9097,44.37792],[-72.91023,44.37794],[-72.91391,44.37764],[-72.91573,44.37779],[-72.91621,44.378]],[[-73.09464,44.4775],[-73.09523,44.47636],[-73.09557,44.47546],[-73.09637,44.47421],[-73.09666,44.47386],[-73.09758,44.47292],[-73.0985,44.47236],[-73.09981,44.47178]],[[-72.33328,44.37976],[-72.33339,44.37936],[-72.33335,44.37924],[-72.33338,44.37913],[-72.3337,44.37893],[-72.33395,44.37842],[-72.33396,44.37835],[-72.33385,44.37823],[-72.33392,44.37804],[-72.33387,44.37779],[-72.33412,44.37749]],[[-72.89561,44.37261],[-72.89715,44.37337],[-72.8999,44.37501],[-72.90155,44.37583],[-72.9028,44.37619],[-72.90352,44.37653],[-72.90408,44.37693],[-72.90453,44.37714],[-72.90504,44.37723]],[[-73.05026,44.47615],[-73.05071,44.47631],[-73.05134,44.47628],[-73.0535,44.47549],[-73.05463,44.4749],[-73.05514,44.4743],[-73.05574,44.47378],[-73.05644,44.47348],[-73.05678,44.4734],[-73.0572,44.47338],[-73.05746,44.47345],[-73.05865,44.47456],[-73.05899,44.47497]],[[-72.6141,44.25872],[-72.61487,44.25884],[-72.61572,44.25904],[-72.61609,44.25917],[-72.61669,44.25961],[-72.61798,44.26029],[-72.6186,44.26057],[-72.61995,44.26102],[-72.62033,44.26121]],[[-72.6118,44.25841],[-72.6141,44.25872]],[[-72.33412,44.37749],[-72.33418,44.37737],[-72.33418,44.37713],[-72.33426,44.37696],[-72.33445,44.37676],[-72.33444,44.37663],[-72.33412,44.37651],[-72.33385,44.37668],[-72.33365,44.3767],[-72.33351,44.37664],[-72.33327,44.37642],[-72.33357,44.37585],[-72.33345,44.37559],[-72.33346,44.37546],[-72.33359,44.37533],[-72.33394,44.37532],[-72.33391,44.37518]],[[-72.61106,44.25821],[-72.6118,44.25841]],[[-73.04368,44.47107],[-73.04528,44.47083],[-73.04628,44.47077],[-73.04678,44.47081],[-73.04782,44.47102],[-73.04889,44.47158],[-73.04926,44.47197],[-73.0494,44.47235],[-73.04937,44.4729],[-73.04915,44.47404],[-73.0492,44.4747],[-73.04927,44.475],[-73.04945,44.47548],[-73.04981,44.47602],[-73.05026,44.47615]],[[-72.50075,44.25903],[-72.50089,44.25851],[-72.50085,44.25781]],[[-72.58702,44.26191],[-72.58764,44.26185],[-72.58803,44.26176],[-72.58901,44.26136],[-72.59127,44.25989],[-72.5918,44.25944],[-72.59226,44.2588],[-72.59249,44.25823],[-72.59265,44.25745],[-72.59276,44.25712],[-72.59329,44.25624]],[[-73.02818,44.46769],[-73.02951,44.46796],[-73.03074,44.46806],[-73.03242,44.46853],[-73.0331,44.46887],[-73.03414,44.4697],[-73.03518,44.47045],[-73.03626,44.47093],[-73.03729,44.47123],[-73.03958,44.47151],[-73.04158,44.47151],[-73.0429,44.47133],[-73.04351,44.47116],[-73.04368,44.47107]],[[-72.85592,44.36589],[-72.85706,44.36602],[-72.85809,44.36625],[-72.85918,44.36628],[-72.85954,44.36639],[-72.86021,44.36669],[-72.86089,44.36692],[-72.86116,44.36696],[-72.86163,44.36715],[-72.86254,44.36725]],[[-72.56298,44.24997],[-72.56385,44.24972],[-72.56491,44.24966]],[[-72.56491,44.24966],[-72.56588,44.24972],[-72.56625,44.24981],[-72.56689,44.24986],[-72.56715,44.24995],[-72.56967,44.25102],[-72.5704,44.25139],[-72.57106,44.2518],[-72.572,44.25271],[-72.57328,44.25408],[-72.57398,44.25471],[-72.57545,44.2562],[-72.57715,44.2577],[-72.57774,44.25812],[-72.57848,44.25914]],[[-72.33391,44.37518],[-72.33364,44.37508],[-72.33355,44.37491],[-72.33321,44.37485],[-72.33309,44.37464],[-72.33289,44.3745],[-72.33265,44.37401],[-72.33273,44.3736],[-72.33297,44.37353],[-72.33339,44.37328],[-72.33355,44.37329],[-72.33381,44.37318],[-72.33389,44.37305],[-72.33385,44.37298]],[[-73.02709,44.46732],[-73.02723,44.46745],[-73.02818,44.46769]],[[-72.92723,44.3814],[-72.92818,44.381],[-72.93032,44.38044],[-72.93272,44.38054],[-72.93363,44.38096],[-72.93452,44.3818],[-72.93655,44.38263],[-72.93859,44.38354],[-72.93921,44.38398]],[[-72.33234,44.38719],[-72.3318,44.38706],[-72.33173,44.38697],[-72.33152,44.38654],[-72.33142,44.3858],[-72.33105,44.38543],[-72.3311,44.38537],[-72.3315,44.38526],[-72.332,44.38523],[-72.33227,44.38505],[-72.33245,44.38483],[-72.3331,44.38431],[-72.33306,44.38417],[-72.33275,44.38368],[-72.33231,44.38337],[-72.33234,44.38329],[-72.33259,44.38316],[-72.33284,44.38278],[-72.33287,44.38259],[-72.33283,44.38243],[-72.33247,44.3822],[-72.33227,44.38194],[-72.33157,44.38176],[-72.33137,44.38177],[-72.33126,44.38187],[-72.33119,44.38187],[-72.33109,44.3818],[-72.33107,44.38173],[-72.33118,44.38154],[-72.33137,44.38141],[-72.33135,44.38105],[-72.33168,44.38088],[-72.33178,44.38058],[-72.33178,44.3804],[-72.33187,44.38027],[-72.33208,44.38022],[-72.33226,44.3801],[-72.33301,44.38008],[-72.33322,44.37995],[-72.33328,44.37976]],[[-72.50247,44.25634],[-72.50249,44.25621],[-72.50234,44.2558],[-72.50227,44.2554],[-72.50229,44.255],[-72.5024,44.25431],[-72.50261,44.2537],[-72.50273,44.25306],[-72.50257,44.25153],[-72.50252,44.25115],[-72.50241,44.25084],[-72.50162,44.24968],[-72.50152,44.24936],[-72.50152,44.24894],[-72.50172,44.24856],[-72.50265,44.24818],[-72.50405,44.24792],[-72.50425,44.24771],[-72.50428,44.24765],[-72.50423,44.24747],[-72.50389,44.24657],[-72.50392,44.24625],[-72.50398,44.24607],[-72.50417,44.24583],[-72.50539,44.24517],[-72.50578,44.24466],[-72.5062,44.24388],[-72.50642,44.24358]],[[-72.50642,44.24358],[-72.50682,44.24319],[-72.5072,44.2431],[-72.50808,44.24314]],[[-72.54952,44.2488],[-72.55039,44.24927],[-72.55289,44.25022],[-72.55356,44.25037],[-72.55592,44.25073]],[[-72.87974,44.37041],[-72.88059,44.37058],[-72.88124,44.37061],[-72.88168,44.37071],[-72.88394,44.37069],[-72.88754,44.37042],[-72.88881,44.37058],[-72.89013,44.37097],[-72.89099,44.37141],[-72.89475,44.37225],[-72.89561,44.37261]],[[-72.54961,44.24029],[-72.55016,44.24044],[-72.55073,44.24115],[-72.55051,44.2416],[-72.55049,44.24182],[-72.55081,44.24261],[-72.55106,44.24298],[-72.55113,44.24331],[-72.55101,44.24393],[-72.55084,44.24421],[-72.55065,44.24441],[-72.54985,44.24493],[-72.54952,44.24509],[-72.54873,44.24586],[-72.54844,44.24627],[-72.5484,44.24647],[-72.54847,44.24689],[-72.54859,44.24724]],[[-72.86254,44.36725],[-72.86308,44.36731],[-72.86508,44.36708],[-72.8655,44.36711],[-72.86579,44.36722],[-72.86625,44.36727]],[[-72.54173,44.2425],[-72.54254,44.24242],[-72.54289,44.24229],[-72.54323,44.24205],[-72.54358,44.24171],[-72.54388,44.24158]],[[-72.84531,44.36275],[-72.84586,44.36297],[-72.84761,44.36293],[-72.84869,44.36297],[-72.85031,44.36327],[-72.85056,44.36335],[-72.8526,44.36444],[-72.85301,44.36461],[-72.85325,44.36486]],[[-72.54817,44.24027],[-72.5482,44.24018],[-72.54856,44.24009],[-72.54887,44.24014],[-72.54908,44.24012],[-72.54961,44.24029]],[[-72.84423,44.36233],[-72.84488,44.3625],[-72.84531,44.36275]],[[-72.52406,44.23791],[-72.52429,44.23783],[-72.52451,44.23783],[-72.52538,44.23839],[-72.52551,44.23843],[-72.52741,44.23848],[-72.52891,44.23873],[-72.52978,44.23894],[-72.53042,44.23922],[-72.5311,44.23976],[-72.53191,44.24062],[-72.53233,44.24091],[-72.53271,44.24107],[-72.53351,44.24131],[-72.53495,44.24148],[-72.53611,44.24174],[-72.5369,44.2418]],[[-73.0245,44.45626],[-73.02369,44.45735],[-73.02319,44.4575],[-73.02256,44.45757],[-73.02182,44.45804],[-73.02124,44.45902],[-73.02108,44.45964]],[[-72.51654,44.2427],[-72.5172,44.2425],[-72.51783,44.24208],[-72.51793,44.24165],[-72.518,44.24154],[-72.51934,44.24117],[-72.52035,44.24114],[-72.5217,44.2409],[-72.52264,44.24053],[-72.52266,44.24028],[-72.5228,44.23999],[-72.52305,44.23966],[-72.523,44.23918],[-72.52322,44.23866],[-72.5235,44.23817],[-72.52406,44.23791]],[[-72.8026,44.3592],[-72.80313,44.35994],[-72.80389,44.36011],[-72.80431,44.36007],[-72.80634,44.35943],[-72.80793,44.35826],[-72.80871,44.35811]],[[-72.33699,44.35958],[-72.3375,44.35929],[-72.33794,44.35894],[-72.33823,44.35867],[-72.33838,44.35844],[-72.33875,44.35813],[-72.33899,44.35802],[-72.3395,44.35793],[-72.34015,44.35766],[-72.34126,44.35728],[-72.34246,44.35674]],[[-72.34246,44.35674],[-72.34354,44.35639],[-72.34418,44.35601],[-72.34474,44.3555],[-72.34501,44.35514],[-72.34498,44.35452]],[[-72.79136,44.35344],[-72.79161,44.3536],[-72.79303,44.35418],[-72.79521,44.35474],[-72.79634,44.35495],[-72.79805,44.35507],[-72.79858,44.35518],[-72.79895,44.35532],[-72.79999,44.35591],[-72.80092,44.35636],[-72.80191,44.35677],[-72.80246,44.35739],[-72.8026,44.3578],[-72.80254,44.35859],[-72.8026,44.3592]],[[-72.77883,44.35183],[-72.78105,44.35194],[-72.78141,44.35186],[-72.78191,44.35184],[-72.78241,44.35175],[-72.78329,44.35171],[-72.78395,44.35162],[-72.78517,44.3516],[-72.78565,44.35163],[-72.78674,44.35183],[-72.78812,44.35222],[-72.78998,44.35266],[-72.79085,44.35311],[-72.79136,44.35344]],[[-72.76383,44.34303],[-72.76577,44.34399],[-72.76672,44.34405],[-72.76766,44.34406],[-72.76822,44.34396],[-72.76952,44.34358],[-72.76968,44.34347],[-72.77044,44.34317],[-72.77117,44.34307],[-72.77214,44.3431],[-72.77277,44.34338],[-72.77327,44.34401],[-72.77329,44.34472],[-72.77331,44.34485],[-72.7734,44.34494],[-72.77347,44.34541],[-72.77371,44.34616],[-72.77377,44.34713],[-72.77373,44.34737],[-72.77385,44.3477],[-72.77503,44.3487],[-72.77532,44.34976],[-72.77565,44.35032],[-72.77604,44.35068]],[[-73.01966,44.44466],[-73.01963,44.44546],[-73.01969,44.44595],[-73.01968,44.44675],[-73.01951,44.44781],[-73.01904,44.44994],[-73.01893,44.45065],[-73.01891,44.45147],[-73.01902,44.45217]],[[-72.34498,44.35452],[-72.34507,44.35408],[-72.3459,44.35336],[-72.34639,44.35282],[-72.34667,44.35271],[-72.34714,44.35267],[-72.34737,44.35254],[-72.34749,44.35242],[-72.34751,44.35232],[-72.34747,44.35225],[-72.34703,44.35195],[-72.34706,44.35175],[-72.34723,44.35156],[-72.34784,44.35112],[-72.34823,44.35107],[-72.34964,44.35114],[-72.35043,44.35106],[-72.35073,44.35098],[-72.35158,44.3506],[-72.35244,44.35035],[-72.35337,44.34987],[-72.35362,44.34984],[-72.35397,44.34986],[-72.35431,44.35],[-72.35436,44.35015],[-72.35417,44.35068],[-72.35427,44.35091],[-72.35457,44.35104],[-72.35492,44.35103]],[[-73.02105,44.45385],[-73.02218,44.45404],[-73.02398,44.45424],[-73.02448,44.45446],[-73.02505,44.45487],[-73.02502,44.45516],[-73.02479,44.45586],[-73.0245,44.45626]],[[-72.91621,44.378],[-72.9166,44.37818],[-72.91753,44.3796],[-72.91842,44.38006]],[[-72.35708,44.3499],[-72.35749,44.34952],[-72.35803,44.3492],[-72.35828,44.34888],[-72.35863,44.34869],[-72.35867,44.34856],[-72.35866,44.34831],[-72.35845,44.3479]],[[-72.35845,44.3479],[-72.35854,44.34767],[-72.35962,44.34752],[-72.36002,44.34737],[-72.3606,44.34707],[-72.36069,44.34689],[-72.36069,44.34677],[-72.36058,44.34662],[-72.36039,44.34647]],[[-72.90504,44.37723],[-72.90561,44.37733],[-72.9061,44.37734],[-72.90627,44.37745],[-72.907,44.37755],[-72.90831,44.37786],[-72.9097,44.37792]],[[-72.36874,44.34193],[-72.36862,44.34171],[-72.36846,44.34173],[-72.3684,44.34196],[-72.36829,44.34209],[-72.36725,44.34229],[-72.36684,44.34219],[-72.3667,44.34201],[-72.36664,44.34164],[-72.36671,44.34149],[-72.36749,44.34077],[-72.36786,44.34054],[-72.36814,44.34029],[-72.36826,44.3401],[-72.3683,44.33986],[-72.36826,44.33962],[-72.36802,44.33935],[-72.36798,44.33921],[-72.36801,44.33913],[-72.36844,44.33876],[-72.36861,44.33821],[-72.36876,44.33801],[-72.36923,44.33789],[-72.36934,44.33774],[-72.3693,44.3375],[-72.36901,44.33714],[-72.36901,44.33698],[-72.36948,44.33633],[-72.36989,44.33624],[-72.37048,44.33629],[-72.3707,44.33621],[-72.37105,44.336],[-72.37122,44.33599],[-72.37132,44.33602],[-72.37141,44.33615],[-72.37141,44.33627],[-72.37133,44.33637],[-72.37092,44.33646],[-72.37086,44.33661],[-72.37092,44.3367],[-72.37141,44.33698],[-72.37168,44.33711],[-72.37197,44.33713],[-72.37239,44.3367],[-72.3725,44.33668],[-72.37265,44.33669],[-72.37292,44.33697],[-72.37314,44.33704],[-72.37323,44.33701],[-72.37335,44.33687],[-72.37351,44.3366],[-72.37371,44.33577],[-72.37402,44.3354],[-72.37401,44.33523],[-72.37395,44.3351],[-72.3738,44.33504],[-72.37361,44.33503],[-72.37332,44.33523],[-72.3731,44.33519],[-72.37302,44.33508],[-72.373,44.33494],[-72.37303,44.33466],[-72.37292,44.33452],[-72.37261,44.33448],[-72.37195,44.33462],[-72.37109,44.33457],[-72.37081,44.33447],[-72.37076,44.33434],[-72.37077,44.33425],[-72.37103,44.33406],[-72.37128,44.33397],[-72.37143,44.33382],[-72.37127,44.33369],[-72.37116,44.33367],[-72.37075,44.33378],[-72.37058,44.33378],[-72.3706,44.33349],[-72.37065,44.33338],[-72.37109,44.33291],[-72.37138,44.33275],[-72.3717,44.33262],[-72.37221,44.33254],[-72.3724,44.33247],[-72.37249,44.33234],[-72.37253,44.33209],[-72.37263,44.33201]],[[-73.01902,44.45217],[-73.01919,44.45256],[-73.01952,44.453],[-73.02003,44.45342],[-73.02105,44.45385]],[[-72.36591,44.34416],[-72.36622,44.34405],[-72.36693,44.34394],[-72.36728,44.34383],[-72.36805,44.34331],[-72.36842,44.343],[-72.36872,44.34255],[-72.36876,44.34233],[-72.36874,44.34193]],[[-72.87775,44.37052],[-72.87906,44.37037],[-72.87946,44.37036],[-72.87974,44.37041]],[[-73.03155,44.43752],[-73.03245,44.43796],[-73.03278,44.43837],[-73.03305,44.43881],[-73.03317,44.43945]],[[-72.74636,44.32845],[-72.74792,44.32881],[-72.7489,44.32894],[-72.74977,44.32888],[-72.75126,44.32852],[-72.75218,44.32841],[-72.75327,44.32841],[-72.75389,44.32849],[-72.75483,44.32871],[-72.75714,44.32989],[-72.75783,44.33031],[-72.75806,44.33065],[-72.75836,44.33125],[-72.75854,44.3317],[-72.75855,44.33194],[-72.75861,44.33214],[-72.75888,44.33254],[-72.75986,44.3328],[-72.76083,44.33289],[-72.76215,44.33316],[-72.76282,44.33344],[-72.76288,44.33351]],[[-72.86625,44.36727],[-72.8667,44.36738],[-72.86737,44.36769],[-72.869,44.36883],[-72.86978,44.36922],[-72.87022,44.36942],[-72.87114,44.36973],[-72.87444,44.37045],[-72.87586,44.37071],[-72.8765,44.37073],[-72.87775,44.37052]],[[-72.8427,44.36187],[-72.84423,44.36233]],[[-72.85325,44.36486],[-72.85335,44.36496],[-72.85424,44.36545],[-72.85592,44.36589]],[[-72.8266,44.35965],[-72.82757,44.36014],[-72.82851,44.36047],[-72.82869,44.36048],[-72.82892,44.36045],[-72.82911,44.36035],[-72.82979,44.35974],[-72.83049,44.35942]],[[-73.02092,44.44196],[-73.02053,44.44204],[-73.01999,44.44269],[-73.01986,44.44292],[-73.01978,44.4431],[-73.01967,44.44378],[-73.01966,44.44466]],[[-72.33385,44.37298],[-72.33362,44.37274],[-72.33339,44.37226],[-72.33358,44.37205],[-72.33359,44.37199],[-72.33348,44.37184],[-72.3334,44.37153],[-72.3333,44.37136],[-72.3333,44.37117],[-72.33379,44.37058],[-72.33433,44.37046],[-72.33469,44.37046],[-72.3347,44.37025],[-72.33407,44.36996],[-72.33394,44.36982],[-72.33393,44.3697],[-72.33431,44.3694],[-72.33434,44.36931],[-72.33427,44.36911],[-72.3343,44.36898],[-72.33451,44.36868],[-72.33476,44.36794],[-72.33506,44.36763],[-72.33532,44.36715],[-72.33539,44.36674],[-72.33536,44.36653],[-72.33507,44.36616],[-72.33495,44.36578],[-72.33461,44.36572],[-72.33453,44.36568],[-72.3345,44.3656],[-72.33449,44.36532],[-72.33462,44.36512],[-72.33479,44.36515],[-72.33489,44.36527],[-72.33508,44.36529],[-72.3353,44.36481],[-72.33529,44.36473],[-72.33481,44.36464],[-72.33479,44.36458],[-72.33483,44.36448],[-72.33506,44.36428],[-72.3351,44.36416],[-72.33508,44.36409],[-72.33494,44.36403],[-72.33461,44.36403],[-72.33455,44.36397],[-72.33461,44.36388],[-72.33471,44.36386],[-72.33544,44.36386],[-72.33574,44.36376],[-72.33577,44.36366],[-72.33564,44.36337],[-72.33588,44.36321],[-72.33594,44.36309],[-72.33588,44.36297],[-72.33516,44.3626],[-72.33491,44.36253],[-72.33485,44.36242],[-72.33492,44.36228],[-72.33512,44.36211],[-72.33523,44.36174],[-72.33556,44.36131],[-72.33554,44.36107],[-72.33531,44.36073],[-72.33526,44.36049],[-72.33534,44.36033],[-72.33561,44.3601],[-72.3365,44.35988],[-72.33699,44.35958]],[[-72.83049,44.35942],[-72.83237,44.35894],[-72.83314,44.35901],[-72.83351,44.35913],[-72.83397,44.35951],[-72.83647,44.36024],[-72.8377,44.36066],[-72.8388,44.36124],[-72.83973,44.3616],[-72.84067,44.36175],[-72.84251,44.36181],[-72.8427,44.36187]],[[-72.80871,44.35811],[-72.80889,44.35807],[-72.80962,44.35813],[-72.81066,44.35842],[-72.81112,44.35875],[-72.81157,44.35961],[-72.81212,44.36005],[-72.81228,44.36009],[-72.81236,44.36017],[-72.81299,44.36035],[-72.81333,44.36037],[-72.81401,44.36026],[-72.81448,44.36011],[-72.81543,44.36013],[-72.81588,44.35996],[-72.81685,44.35945],[-72.8172,44.35904],[-72.81802,44.35832],[-72.81896,44.35793],[-72.82155,44.35757]],[[-73.01925,44.43086],[-73.02034,44.43202],[-73.02246,44.43408],[-73.02321,44.43499],[-73.0238,44.43527],[-73.02477,44.43583],[-73.02553,44.43607],[-73.02817,44.43677],[-73.02875,44.43684],[-73.0292,44.43702],[-73.03014,44.43715],[-73.03119,44.43738],[-73.03155,44.43752]],[[-72.35492,44.35103],[-72.35515,44.35078],[-72.35708,44.3499]],[[-72.72341,44.31424],[-72.72429,44.31437],[-72.72479,44.31458],[-72.72494,44.31493],[-72.72495,44.31602],[-72.72521,44.31648],[-72.72586,44.31722],[-72.72627,44.31782],[-72.72693,44.3185],[-72.72832,44.3193]],[[-72.82155,44.35757],[-72.82356,44.35749],[-72.82416,44.35763],[-72.82507,44.35823],[-72.82557,44.35892],[-72.82601,44.35925],[-72.82612,44.35943],[-72.8266,44.35965]],[[-72.38397,44.31494],[-72.38423,44.315],[-72.3845,44.31519],[-72.38472,44.31562],[-72.38473,44.31577],[-72.38461,44.31602],[-72.38462,44.31608],[-72.38481,44.31616],[-72.38489,44.31614],[-72.3856,44.31547],[-72.38581,44.31536],[-72.38646,44.31522],[-72.38686,44.31502],[-72.38729,44.3149],[-72.38799,44.31476],[-72.38811,44.31462],[-72.38815,44.31423],[-72.38834,44.31421],[-72.38903,44.31427],[-72.3892,44.31421],[-72.38949,44.31386],[-72.38969,44.31339],[-72.38971,44.31322],[-72.38966,44.31307],[-72.38927,44.31286],[-72.38929,44.31277],[-72.38938,44.3127],[-72.3898,44.31273],[-72.39012,44.31268],[-72.39024,44.31234],[-72.39037,44.31228],[-72.39077,44.31226],[-72.39095,44.3123],[-72.3912,44.31252],[-72.39176,44.31265],[-72.39191,44.31274],[-72.39202,44.31287],[-72.39225,44.3129],[-72.39241,44.31276],[-72.39246,44.31259],[-72.39227,44.31208],[-72.39229,44.31198],[-72.39249,44.3118]],[[-72.36039,44.34647],[-72.36039,44.34636],[-72.36059,44.34619],[-72.36163,44.34563],[-72.36228,44.3451],[-72.36252,44.34497],[-72.36295,44.34482],[-72.36463,44.34452],[-72.36591,44.34416]],[[-72.39721,44.30099],[-72.3975,44.29911]],[[-72.69597,44.29895],[-72.69607,44.29927],[-72.69604,44.30034],[-72.69613,44.30069],[-72.69616,44.30113],[-72.69611,44.3022],[-72.69612,44.30303]],[[-72.37447,44.33087],[-72.37417,44.3304],[-72.37393,44.33015],[-72.37391,44.32997],[-72.37397,44.3298],[-72.37407,44.32968],[-72.37433,44.32962],[-72.37458,44.32971],[-72.37478,44.32994],[-72.37488,44.32998],[-72.37515,44.32998],[-72.37538,44.32991],[-72.37543,44.32984],[-72.37529,44.32927],[-72.37507,44.32891],[-72.37504,44.32867],[-72.37517,44.32836],[-72.37535,44.32827],[-72.37552,44.32827],[-72.3758,44.32841],[-72.37599,44.32838],[-72.37603,44.32781],[-72.376,44.3275],[-72.37593,44.32733],[-72.37563,44.32698],[-72.37565,44.3268],[-72.3758,44.3267],[-72.37593,44.32653],[-72.37673,44.32615],[-72.37711,44.32577],[-72.37716,44.32565],[-72.37714,44.32551],[-72.37693,44.32527],[-72.3769,44.32508],[-72.37706,44.32493],[-72.37721,44.32487],[-72.37788,44.32481],[-72.3782,44.324],[-72.37821,44.32366],[-72.37849,44.32343]],[[-72.73324,44.32223],[-72.73385,44.32243],[-72.73489,44.32261],[-72.73614,44.32261],[-72.73695,44.32249]],[[-72.72946,44.3199],[-72.73013,44.32026],[-72.73142,44.32083],[-72.73205,44.32134],[-72.73226,44.32166],[-72.73291,44.32209],[-72.73324,44.32223]],[[-72.77604,44.35068],[-72.77625,44.35089],[-72.77704,44.35119],[-72.77741,44.35141],[-72.77817,44.35173],[-72.77883,44.35183]],[[-72.68487,44.29312],[-72.6851,44.29319],[-72.68573,44.29351],[-72.68667,44.29409],[-72.68731,44.29434],[-72.68798,44.29472],[-72.68818,44.29511],[-72.68832,44.29581],[-72.68877,44.29621],[-72.68942,44.29668],[-72.69063,44.29731],[-72.69284,44.29839],[-72.69335,44.29846],[-72.69395,44.29839],[-72.69423,44.29829],[-72.69488,44.2983]],[[-73.00281,44.40968],[-73.00241,44.40978],[-73.0017,44.41005],[-73.00151,44.41062],[-73.00151,44.41086],[-73.00172,44.41141],[-73.0027,44.41245],[-73.00343,44.41298],[-73.00475,44.4138],[-73.00518,44.41432],[-73.0052,44.41443],[-73.00547,44.41461]],[[-72.76288,44.33351],[-72.76305,44.33373],[-72.7632,44.33402],[-72.76339,44.33423],[-72.76355,44.33467],[-72.76368,44.33546],[-72.76378,44.3358],[-72.76384,44.33634],[-72.76404,44.33702],[-72.76406,44.33748],[-72.76356,44.33891],[-72.76332,44.33929],[-72.76309,44.33989],[-72.76286,44.34028],[-72.76269,44.3407],[-72.7623,44.34132],[-72.76229,44.34145]],[[-72.37492,44.3314],[-72.37447,44.33087]],[[-72.70368,44.31405],[-72.70573,44.31385],[-72.70673,44.31396],[-72.70876,44.31433],[-72.70971,44.31439],[-72.71065,44.31425],[-72.71135,44.31398],[-72.71189,44.31389],[-72.71295,44.31362],[-72.71328,44.31333],[-72.71353,44.31302]],[[-72.73695,44.32249],[-72.73751,44.32246],[-72.73838,44.32259],[-72.73948,44.32283],[-72.74031,44.32311],[-72.74063,44.32347],[-72.74086,44.32442],[-72.74213,44.32657],[-72.74344,44.32747],[-72.74423,44.32771],[-72.7447,44.32793],[-72.74636,44.32845]],[[-72.69866,44.31253],[-72.70008,44.31315],[-72.70135,44.31364],[-72.70209,44.31384],[-72.70282,44.3139],[-72.70368,44.31405]],[[-72.37849,44.32343],[-72.37867,44.32338],[-72.37907,44.32337],[-72.37932,44.32303],[-72.37968,44.32272],[-72.37972,44.32256],[-72.37968,44.32231],[-72.3798,44.32202],[-72.38007,44.32177],[-72.3804,44.32157],[-72.38079,44.32115],[-72.38091,44.32087],[-72.38095,44.32045]],[[-72.38095,44.32045],[-72.38094,44.32017]],[[-72.76229,44.34145],[-72.76224,44.34199],[-72.76252,44.34248],[-72.7632,44.34273],[-72.76383,44.34303]],[[-72.4537,44.28321],[-72.45376,44.28272],[-72.45417,44.28146],[-72.45419,44.28105]],[[-72.41559,44.28289],[-72.41588,44.28256],[-72.41626,44.28222],[-72.41694,44.28181],[-72.41771,44.28142],[-72.41785,44.28128],[-72.41795,44.28117],[-72.41813,44.28054],[-72.41828,44.28025],[-72.41855,44.27992]],[[-73.00151,44.40235],[-73.00308,44.40277],[-73.00586,44.40406],[-73.00835,44.40583],[-73.00887,44.40634]],[[-72.41855,44.27992],[-72.4188,44.27964],[-72.41909,44.27944],[-72.42022,44.27933],[-72.42173,44.27874],[-72.42264,44.27855],[-72.42418,44.27833]],[[-72.45413,44.27945],[-72.45431,44.279],[-72.45433,44.27849],[-72.45422,44.27833],[-72.45412,44.27795],[-72.45373,44.27732],[-72.45372,44.27701],[-72.45398,44.27657],[-72.45402,44.27642],[-72.454,44.27623],[-72.45376,44.27558],[-72.45382,44.27522]],[[-73.00547,44.41461],[-73.00637,44.41501],[-73.00754,44.41545],[-73.00815,44.41578],[-73.00845,44.41596],[-73.00893,44.41652],[-73.00934,44.41687],[-73.00984,44.41706],[-73.01076,44.41725],[-73.01164,44.41733],[-73.01205,44.41726],[-73.01229,44.41676],[-73.01293,44.41658],[-73.0138,44.41664],[-73.01439,44.41698],[-73.01459,44.41742],[-73.01446,44.41786],[-73.01443,44.41828],[-73.01472,44.42025],[-73.01487,44.42054],[-73.01519,44.42088],[-73.01543,44.42124],[-73.01566,44.4217]],[[-72.39225,44.31141],[-72.39246,44.31118],[-72.39314,44.31076],[-72.39381,44.3105],[-72.39418,44.31042],[-72.39432,44.31043],[-72.39455,44.31056],[-72.39463,44.31077],[-72.39461,44.31092],[-72.39451,44.31107],[-72.39433,44.31111],[-72.39419,44.31109],[-72.39391,44.31095],[-72.39378,44.31097],[-72.39363,44.31105],[-72.39365,44.3112],[-72.39373,44.3113],[-72.39402,44.31139],[-72.39457,44.31137],[-72.39481,44.3113],[-72.39491,44.31117],[-72.39489,44.31096],[-72.39492,44.31085],[-72.39516,44.31038],[-72.39506,44.30996],[-72.39509,44.30986],[-72.39522,44.30975],[-72.39537,44.30976],[-72.39565,44.30996],[-72.3958,44.30996],[-72.3959,44.30986],[-72.39586,44.30974],[-72.39552,44.30947],[-72.39549,44.3093],[-72.39553,44.3092],[-72.39564,44.30917],[-72.39599,44.30916],[-72.39607,44.30907],[-72.39607,44.30898],[-72.39596,44.30881],[-72.39556,44.30866],[-72.39553,44.30856],[-72.39556,44.30845],[-72.39615,44.30823],[-72.39654,44.30798],[-72.39665,44.30785],[-72.39664,44.30776],[-72.39634,44.3074],[-72.39628,44.30711],[-72.39635,44.30687],[-72.39678,44.30654],[-72.39692,44.30629],[-72.3968,44.30609],[-72.39616,44.30612],[-72.39599,44.3061],[-72.39594,44.306],[-72.39593,44.30589],[-72.39633,44.30534],[-72.39638,44.3052],[-72.3963,44.30469],[-72.39613,44.30441],[-72.39623,44.30427],[-72.39731,44.30324],[-72.39744,44.30307],[-72.39708,44.3018],[-72.39722,44.30141],[-72.39721,44.30099]],[[-72.38094,44.32017],[-72.38071,44.31941],[-72.38052,44.31916],[-72.38042,44.31891],[-72.38049,44.31867],[-72.38082,44.31806],[-72.38125,44.31758],[-72.38126,44.31747],[-72.38118,44.31737],[-72.38064,44.31732],[-72.38033,44.31717]],[[-72.38033,44.31717],[-72.38023,44.31699],[-72.38023,44.31688],[-72.38032,44.31679],[-72.3806,44.31668],[-72.3811,44.31668],[-72.38196,44.31627],[-72.38198,44.31612],[-72.38187,44.316],[-72.38161,44.31601],[-72.38067,44.31632],[-72.38002,44.31659],[-72.3797,44.31662],[-72.37958,44.31658],[-72.37953,44.31633],[-72.37953,44.31593],[-72.37964,44.31568],[-72.37992,44.31542],[-72.38016,44.31541],[-72.3803,44.31553],[-72.38039,44.31577],[-72.38048,44.31587],[-72.38077,44.31601],[-72.3811,44.31599],[-72.38162,44.31573],[-72.38178,44.31554],[-72.38195,44.31519],[-72.38218,44.31502]],[[-72.44616,44.27353],[-72.4465,44.27379],[-72.44688,44.27399],[-72.44712,44.27399],[-72.44726,44.2739],[-72.44739,44.27388],[-72.44754,44.27396],[-72.44794,44.27479],[-72.44791,44.27517],[-72.44774,44.27538],[-72.44761,44.2754],[-72.44716,44.27539],[-72.4461,44.27519],[-72.44582,44.27522],[-72.44549,44.27532],[-72.44531,44.27547],[-72.44509,44.27585],[-72.44503,44.27602],[-72.44504,44.27637],[-72.44537,44.27655],[-72.44554,44.27685],[-72.44574,44.2769],[-72.4461,44.27686],[-72.44638,44.27691],[-72.44663,44.27723],[-72.44665,44.27738],[-72.44654,44.27763],[-72.44654,44.27791],[-72.44665,44.27806],[-72.44684,44.27816],[-72.44722,44.27819],[-72.44751,44.27809],[-72.44791,44.27805],[-72.44854,44.27812],[-72.44901,44.27807],[-72.44934,44.27815],[-72.44938,44.2784],[-72.44924,44.27855],[-72.4492,44.27892],[-72.44851,44.27891],[-72.44826,44.27876],[-72.44789,44.27871],[-72.44765,44.27887],[-72.44761,44.27904],[-72.44765,44.27946],[-72.44744,44.27969],[-72.44734,44.27989],[-72.44735,44.27995],[-72.44747,44.28006],[-72.44788,44.28033],[-72.44838,44.28051],[-72.44867,44.28071],[-72.44864,44.28084],[-72.44787,44.28102],[-72.44784,44.2811],[-72.4479,44.28131],[-72.44844,44.28173],[-72.44855,44.28186],[-72.44852,44.28229],[-72.44857,44.28237],[-72.44885,44.28245],[-72.44946,44.28236],[-72.4502,44.28247],[-72.45033,44.28243],[-72.45047,44.28227],[-72.45036,44.28204],[-72.45022,44.28189],[-72.44995,44.28174],[-72.44967,44.28136],[-72.44918,44.281],[-72.44915,44.28088],[-72.44925,44.28067],[-72.44981,44.28045],[-72.45026,44.28044],[-72.45072,44.28054],[-72.45085,44.28086],[-72.45071,44.28184],[-72.45078,44.28197],[-72.45106,44.28225],[-72.45127,44.28261],[-72.45141,44.28264],[-72.45183,44.28261],[-72.45248,44.28242],[-72.45289,44.28248],[-72.45311,44.28275],[-72.45315,44.28342],[-72.45329,44.28349],[-72.45346,44.28349]],[[-72.37263,44.33201],[-72.37274,44.33201],[-72.3729,44.33212],[-72.37335,44.33261],[-72.37413,44.33311],[-72.37424,44.33315],[-72.3746,44.33308],[-72.37485,44.3328],[-72.37518,44.33253],[-72.37539,44.33225],[-72.37534,44.33206],[-72.37485,44.33203],[-72.37486,44.33189],[-72.37504,44.3316],[-72.37492,44.3314]],[[-73.00887,44.40634],[-73.00897,44.40642],[-73.00902,44.40658],[-73.00904,44.40705],[-73.00894,44.40783],[-73.00855,44.40831],[-73.00766,44.40896],[-73.00671,44.40939],[-73.00607,44.40962],[-73.00585,44.40966],[-73.00436,44.40952],[-73.00373,44.40954],[-73.00281,44.40968]],[[-72.45524,44.2736],[-72.45905,44.27186],[-72.45971,44.2715]],[[-72.71862,44.31348],[-72.71884,44.31381],[-72.7195,44.31418],[-72.7201,44.31436],[-72.72068,44.31445],[-72.72161,44.31432],[-72.72341,44.31424]],[[-72.71353,44.31302],[-72.71361,44.31291],[-72.71395,44.31271],[-72.7142,44.31265],[-72.71519,44.31257],[-72.71567,44.31243],[-72.71608,44.31242],[-72.71749,44.31256],[-72.71838,44.31313],[-72.71862,44.31348]],[[-72.39249,44.3118],[-72.39253,44.31168],[-72.39225,44.31141]],[[-72.39761,44.29523],[-72.3977,44.29498],[-72.39736,44.29467],[-72.39726,44.29448]],[[-72.62521,44.26324],[-72.62561,44.26343],[-72.62691,44.26437],[-72.62738,44.26462],[-72.62879,44.26517],[-72.62893,44.26548],[-72.62901,44.26578],[-72.62919,44.26614],[-72.62969,44.26674],[-72.6304,44.26739]],[[-72.62033,44.26121],[-72.62054,44.2613]],[[-72.39726,44.29448],[-72.39734,44.29426],[-72.39795,44.29382],[-72.39831,44.29342],[-72.39853,44.29301],[-72.39859,44.29264],[-72.3986,44.29218],[-72.39874,44.29137],[-72.3987,44.29112],[-72.39848,44.29084],[-72.39841,44.29046],[-72.39857,44.29012],[-72.39897,44.28969]],[[-72.49964,44.26113],[-72.50012,44.26009],[-72.50075,44.25903]],[[-72.60101,44.25648],[-72.60216,44.25753],[-72.60269,44.25775],[-72.60317,44.25787],[-72.60475,44.25807],[-72.60745,44.2583],[-72.60927,44.25827],[-72.61043,44.25815],[-72.61106,44.25821]],[[-72.39897,44.28969],[-72.39971,44.28927],[-72.40024,44.28915],[-72.40055,44.28921],[-72.40061,44.28936],[-72.40062,44.28962],[-72.40081,44.28982],[-72.40101,44.2902],[-72.40115,44.29035],[-72.4014,44.2904],[-72.40166,44.29033],[-72.40205,44.2901],[-72.40302,44.28973],[-72.40377,44.28954],[-72.40477,44.28946],[-72.40503,44.28937],[-72.40546,44.28911]],[[-72.6685,44.28616],[-72.66973,44.28658],[-72.66978,44.28701],[-72.66967,44.28727],[-72.66967,44.28749],[-72.66947,44.28862],[-72.66948,44.28889],[-72.66956,44.28916],[-72.66966,44.28933]],[[-72.72832,44.3193],[-72.72946,44.3199]],[[-72.50085,44.25781],[-72.50057,44.25666],[-72.50061,44.25619],[-72.50104,44.256],[-72.50129,44.25597],[-72.50139,44.25599],[-72.50172,44.25637],[-72.50215,44.25642],[-72.50247,44.25634]],[[-72.59329,44.25624],[-72.59366,44.25605],[-72.59442,44.25588],[-72.59557,44.25595],[-72.59698,44.25623],[-72.59794,44.25633],[-72.60033,44.25621],[-72.60053,44.25625],[-72.60101,44.25648]],[[-72.38218,44.31502],[-72.38228,44.31497],[-72.38269,44.31493],[-72.38357,44.315],[-72.38397,44.31494]],[[-72.69488,44.2983],[-72.69535,44.29838],[-72.69553,44.29856],[-72.6957,44.29861],[-72.69597,44.29895]],[[-72.42685,44.27754],[-72.42724,44.27753],[-72.4278,44.27745],[-72.42821,44.27733],[-72.42853,44.27716],[-72.42873,44.27693],[-72.42884,44.27662],[-72.42885,44.27638],[-72.42867,44.27584],[-72.42861,44.27549],[-72.42848,44.27527],[-72.42848,44.27503],[-72.42866,44.27469],[-72.42895,44.27433],[-72.42928,44.2742],[-72.43044,44.27401],[-72.43084,44.27389],[-72.43112,44.2736],[-72.4315,44.27337],[-72.43237,44.27306],[-72.43265,44.27308],[-72.43352,44.27341],[-72.43331,44.27381],[-72.4333,44.27392],[-72.43345,44.2741],[-72.43376,44.2741],[-72.43468,44.27383],[-72.43487,44.27389],[-72.43511,44.27404],[-72.43522,44.27422],[-72.4352,44.27435],[-72.43489,44.27446],[-72.43433,44.27478],[-72.43283,44.27515],[-72.43268,44.27539],[-72.43275,44.27558],[-72.43328,44.27577],[-72.43453,44.27611],[-72.43504,44.27633],[-72.43554,44.2766],[-72.43611,44.27714],[-72.43635,44.27727],[-72.43681,44.27736],[-72.43704,44.27736],[-72.43724,44.27728],[-72.43747,44.2769],[-72.43748,44.27651],[-72.43763,44.27627],[-72.43872,44.27587],[-72.43958,44.27537],[-72.44044,44.27478],[-72.44092,44.27405],[-72.44145,44.27377],[-72.44258,44.2735],[-72.44415,44.27327],[-72.44616,44.27353]],[[-72.3975,44.29911],[-72.39744,44.29798],[-72.39753,44.29711],[-72.39748,44.29691],[-72.39714,44.29664],[-72.39707,44.29634],[-72.39693,44.29606],[-72.39693,44.29565],[-72.39714,44.29549],[-72.39743,44.29538],[-72.39761,44.29523]]]}},{"type":"Feature","properties":{"stream_id":null,"stream":"Mad River","name":"Mad River","order":5,"role":"mainstem"},"geometry":{"type":"MultiLineString","coordinates":[[[-72.84455,44.13726],[-72.84469,44.13847],[-72.84461,44.13911],[-72.84471,44.13962],[-72.84477,44.1407],[-72.84438,44.1426],[-72.84454,44.14316],[-72.84507,44.14368]],[[-72.8422,44.14901],[-72.84182,44.14906],[-72.84151,44.14918],[-72.84115,44.14951],[-72.84104,44.1498],[-72.84128,44.15074],[-72.84119,44.15108],[-72.8409,44.15122],[-72.84055,44.15126],[-72.84034,44.15123],[-72.84002,44.15095],[-72.83988,44.15095],[-72.83983,44.15099],[-72.83981,44.1511],[-72.83989,44.15133],[-72.8398,44.15153],[-72.83973,44.15204],[-72.83922,44.15296]],[[-72.85193,44.12549],[-72.85174,44.12566],[-72.85099,44.12605],[-72.85088,44.12618],[-72.85065,44.12661],[-72.85064,44.12725],[-72.8505,44.12776],[-72.85034,44.12796],[-72.84957,44.12806],[-72.84918,44.12802],[-72.84871,44.12804],[-72.84846,44.12816]],[[-72.7221,44.29044],[-72.72168,44.29044],[-72.72071,44.2902],[-72.71852,44.28947],[-72.71625,44.28883],[-72.71583,44.28875],[-72.71513,44.28847],[-72.71497,44.28838],[-72.71473,44.28813]],[[-72.70429,44.28551],[-72.70399,44.28566],[-72.70357,44.28604],[-72.70351,44.28622],[-72.7035,44.28642],[-72.7034,44.28661],[-72.70268,44.28718],[-72.70227,44.28742],[-72.70211,44.2877],[-72.70186,44.28848],[-72.70178,44.28897],[-72.70148,44.28971],[-72.70153,44.28993],[-72.70172,44.29022],[-72.70182,44.29049],[-72.70199,44.29133],[-72.70208,44.29147],[-72.7022,44.29238],[-72.70239,44.2926],[-72.7024,44.29272]],[[-72.74553,44.27152],[-72.74513,44.27244],[-72.74476,44.27292],[-72.74425,44.27321],[-72.74397,44.27349],[-72.74382,44.27396],[-72.74388,44.27452],[-72.74385,44.27468],[-72.74306,44.27552],[-72.74285,44.27584],[-72.74234,44.27689],[-72.74232,44.27737]],[[-72.72823,44.28885],[-72.72815,44.28897],[-72.72749,44.28938],[-72.72644,44.28975],[-72.72611,44.28981]],[[-72.74821,44.26216],[-72.74675,44.26234],[-72.74576,44.26256],[-72.74515,44.26284],[-72.74494,44.26308],[-72.74483,44.26339],[-72.74486,44.26401],[-72.7448,44.26453],[-72.74467,44.2651],[-72.7446,44.26581],[-72.7447,44.26623],[-72.74491,44.26674]],[[-72.7783,44.23003],[-72.77805,44.23044],[-72.77809,44.23057],[-72.77837,44.2308],[-72.77879,44.23103],[-72.77963,44.23177],[-72.77983,44.23212],[-72.77993,44.23242],[-72.77993,44.23267],[-72.77953,44.23311],[-72.77824,44.23382],[-72.7767,44.23503],[-72.77613,44.23571],[-72.77606,44.23571],[-72.77514,44.23686]],[[-72.78217,44.22669],[-72.78155,44.22703],[-72.78038,44.22797],[-72.77882,44.22937],[-72.7784,44.22985],[-72.7783,44.23003]],[[-72.79446,44.21148],[-72.79413,44.212]],[[-72.80614,44.20592],[-72.80531,44.20612],[-72.80234,44.20626],[-72.80167,44.20642],[-72.80104,44.20664],[-72.80061,44.20673],[-72.80022,44.20667],[-72.79957,44.20638],[-72.79894,44.20629]],[[-72.81318,44.19851],[-72.81115,44.1985],[-72.80986,44.19821],[-72.80948,44.1982]],[[-72.81901,44.18874],[-72.81887,44.1889],[-72.81881,44.18908],[-72.81888,44.1899],[-72.81894,44.19004],[-72.81876,44.19052],[-72.81859,44.19079],[-72.81851,44.19112],[-72.81852,44.19245],[-72.81786,44.19369],[-72.81717,44.19416],[-72.81695,44.19444],[-72.81686,44.19462],[-72.81676,44.19525],[-72.8169,44.19604],[-72.81687,44.19614]],[[-72.82708,44.18846],[-72.82688,44.18857],[-72.8266,44.18854],[-72.82637,44.18838],[-72.82622,44.18838],[-72.82584,44.18826],[-72.82515,44.18798],[-72.82485,44.1878],[-72.82459,44.18782],[-72.82399,44.18803],[-72.82396,44.18836],[-72.8241,44.18874],[-72.82402,44.18903],[-72.82385,44.18932],[-72.82303,44.18952],[-72.82261,44.18949],[-72.82161,44.18931],[-72.81993,44.18861],[-72.81968,44.18855],[-72.81938,44.18855],[-72.81911,44.18861],[-72.81901,44.18874]],[[-72.75718,44.2562],[-72.75693,44.2564],[-72.75598,44.25688],[-72.75562,44.25692],[-72.75532,44.25689],[-72.75518,44.25683],[-72.75464,44.25686],[-72.75335,44.25683],[-72.7529,44.25688],[-72.75257,44.25697],[-72.75176,44.25742],[-72.75127,44.25789],[-72.75094,44.25812],[-72.75047,44.25871],[-72.75048,44.25926],[-72.75056,44.25969],[-72.75074,44.25997],[-72.75114,44.26023],[-72.75128,44.26041],[-72.75126,44.26063],[-72.75113,44.26084],[-72.75102,44.26117],[-72.75079,44.26152],[-72.75047,44.26162],[-72.74907,44.26189],[-72.74883,44.262],[-72.74821,44.26216]],[[-72.765,44.24777],[-72.76463,44.24836],[-72.76437,44.24861],[-72.76389,44.24881],[-72.76354,44.24888],[-72.76339,44.24901],[-72.76296,44.24919],[-72.76267,44.24952],[-72.76235,44.25015]],[[-72.76235,44.25015],[-72.76232,44.25047],[-72.76222,44.25086],[-72.76188,44.25159],[-72.76144,44.25189],[-72.76031,44.25357],[-72.75924,44.25405],[-72.75823,44.2552],[-72.75718,44.2562]],[[-72.83219,44.17431],[-72.83234,44.17449],[-72.8325,44.17459],[-72.83262,44.17482],[-72.83279,44.17539],[-72.83285,44.17581],[-72.833,44.17624],[-72.83297,44.17665],[-72.83311,44.17679],[-72.83423,44.17738],[-72.83441,44.1776],[-72.83453,44.17786],[-72.83455,44.17814],[-72.83438,44.17836],[-72.83418,44.17891],[-72.83395,44.17904],[-72.83353,44.17915],[-72.83349,44.17926],[-72.83368,44.1796]],[[-72.83328,44.17079],[-72.83322,44.17083],[-72.83323,44.17121],[-72.8334,44.17161],[-72.83365,44.17182],[-72.83369,44.17211],[-72.83315,44.17273],[-72.83281,44.17305],[-72.83248,44.17327],[-72.8322,44.17357],[-72.83207,44.1738],[-72.83202,44.17404],[-72.83219,44.17431]],[[-72.77072,44.24531],[-72.77046,44.24538],[-72.76987,44.24537],[-72.76963,44.24543],[-72.76913,44.24572],[-72.76829,44.24586],[-72.76767,44.24616],[-72.76701,44.24668],[-72.76646,44.24673],[-72.76603,44.24671],[-72.7654,44.24694],[-72.76527,44.24745],[-72.765,44.24777]],[[-72.84507,44.14368],[-72.84519,44.14385],[-72.84517,44.14399],[-72.84495,44.14419],[-72.84462,44.1443],[-72.84402,44.14457],[-72.84351,44.14485],[-72.8435,44.14492],[-72.84341,44.14496]],[[-72.77243,44.24266],[-72.77195,44.24268],[-72.77125,44.24283],[-72.77115,44.24307],[-72.77113,44.24326],[-72.77146,44.24367],[-72.77171,44.24387],[-72.77189,44.24413],[-72.77192,44.24427],[-72.77184,44.24444],[-72.77125,44.24459],[-72.77091,44.24477],[-72.77083,44.24491],[-72.77081,44.24515],[-72.77072,44.24531]],[[-72.76931,44.24259],[-72.76974,44.24283],[-72.77001,44.24283],[-72.77039,44.24238],[-72.77108,44.24202],[-72.77188,44.24174],[-72.77249,44.24168],[-72.77272,44.24175],[-72.77323,44.24207],[-72.77326,44.2424]],[[-72.84588,44.13501],[-72.84569,44.13505],[-72.84496,44.13499],[-72.84456,44.13506]],[[-72.77326,44.2424],[-72.77312,44.24256],[-72.77272,44.24265],[-72.77243,44.24266]],[[-72.77514,44.23686],[-72.77505,44.23695]],[[-72.77505,44.23695],[-72.77498,44.23701],[-72.77403,44.23733],[-72.77367,44.23737],[-72.77224,44.2373],[-72.77172,44.23743],[-72.77164,44.23757]],[[-72.77164,44.23757],[-72.77151,44.23799],[-72.77072,44.23919],[-72.77036,44.23952],[-72.77011,44.23966],[-72.76965,44.2398],[-72.7693,44.2402],[-72.76905,44.24108],[-72.76898,44.24213],[-72.76903,44.24238],[-72.76931,44.24259]],[[-72.78639,44.22588],[-72.7862,44.22609],[-72.78584,44.22612],[-72.7856,44.22607],[-72.78416,44.22599],[-72.78342,44.22599],[-72.78306,44.22608],[-72.78271,44.22625],[-72.78232,44.22652],[-72.78217,44.22669]],[[-72.78797,44.22197],[-72.78785,44.22247],[-72.78781,44.22324],[-72.78764,44.22392],[-72.78741,44.22427],[-72.7865,44.22519],[-72.78641,44.2254],[-72.78639,44.22588]],[[-72.79413,44.212],[-72.79385,44.21226],[-72.79374,44.21228],[-72.79352,44.21225],[-72.79341,44.21219],[-72.79337,44.2121]],[[-72.70346,44.2952],[-72.70344,44.29527],[-72.70306,44.2956],[-72.70294,44.29584],[-72.70238,44.29623],[-72.70221,44.29652],[-72.70105,44.29733],[-72.70079,44.29742],[-72.7006,44.29762],[-72.7002,44.29768],[-72.69984,44.2976],[-72.69957,44.29764],[-72.69913,44.29759],[-72.69819,44.29767],[-72.697,44.29832],[-72.69651,44.29869],[-72.69631,44.29879]],[[-72.72611,44.28981],[-72.72579,44.28981],[-72.72534,44.29004],[-72.72513,44.29005],[-72.72466,44.28983],[-72.72421,44.28977],[-72.72383,44.28985],[-72.72247,44.29039],[-72.7221,44.29044]],[[-72.72917,44.28804],[-72.72873,44.28826],[-72.72846,44.28851],[-72.72823,44.28885]],[[-72.78775,44.21811],[-72.78772,44.21838],[-72.78778,44.21859],[-72.78787,44.2187],[-72.78863,44.21905],[-72.78919,44.2195],[-72.78933,44.21975],[-72.78931,44.21989],[-72.78912,44.22021],[-72.78845,44.22092],[-72.78829,44.22116],[-72.78797,44.22197]],[[-72.70826,44.28504],[-72.70789,44.28492],[-72.70751,44.28489],[-72.707,44.28478],[-72.70598,44.28472],[-72.70568,44.28481],[-72.70521,44.28513],[-72.70466,44.28533],[-72.70429,44.28551]],[[-72.73269,44.28293],[-72.73287,44.28328],[-72.73295,44.28356],[-72.73318,44.28498],[-72.73304,44.28567],[-72.73288,44.28602],[-72.73247,44.28643]],[[-72.79064,44.21553],[-72.79082,44.2157],[-72.79096,44.21602],[-72.79091,44.21643],[-72.79074,44.21651],[-72.79055,44.21652],[-72.79033,44.21646],[-72.7899,44.21647],[-72.78869,44.21688],[-72.78784,44.21785],[-72.78775,44.21811]],[[-72.79894,44.20629],[-72.7975,44.20646],[-72.79687,44.20647],[-72.7965,44.20643],[-72.7955,44.2061],[-72.79502,44.20604]],[[-72.80787,44.20178],[-72.80787,44.20207],[-72.80772,44.20247],[-72.80756,44.20316],[-72.8076,44.20323],[-72.80757,44.20341],[-72.80724,44.20392],[-72.80708,44.2043],[-72.80683,44.20472],[-72.80654,44.20568],[-72.80644,44.20582],[-72.80614,44.20592]],[[-72.7382,44.27912],[-72.73666,44.27918],[-72.73526,44.27941],[-72.7348,44.27953],[-72.73381,44.27989],[-72.7325,44.28045],[-72.73146,44.28132],[-72.73134,44.28165],[-72.73161,44.28214],[-72.7321,44.2823],[-72.73248,44.28252],[-72.73269,44.28293]],[[-72.79337,44.2121],[-72.79334,44.21148],[-72.79312,44.2113],[-72.79255,44.21104],[-72.79193,44.21083],[-72.79059,44.21055]],[[-72.79059,44.21055],[-72.79024,44.21057],[-72.78953,44.21077],[-72.78924,44.21126],[-72.78892,44.21157],[-72.78843,44.21225],[-72.78831,44.21256],[-72.78831,44.21272],[-72.78844,44.21294],[-72.7889,44.21331],[-72.78923,44.21366],[-72.78979,44.21479],[-72.79014,44.2152],[-72.79064,44.21553]],[[-72.79498,44.20753],[-72.79506,44.20784],[-72.79501,44.20863],[-72.79476,44.20951],[-72.79469,44.21086],[-72.79462,44.21118],[-72.79446,44.21148]],[[-72.79482,44.20611],[-72.79462,44.20638],[-72.79461,44.20647],[-72.79479,44.20687],[-72.79498,44.20753]],[[-72.79502,44.20604],[-72.79482,44.20611]],[[-72.74576,44.26977],[-72.74566,44.2703],[-72.74561,44.27117],[-72.74553,44.27152]],[[-72.80724,44.2013],[-72.80736,44.20141],[-72.80767,44.20144],[-72.80783,44.20151],[-72.80787,44.20178]],[[-72.74491,44.26674],[-72.7452,44.26702],[-72.74524,44.26716],[-72.74572,44.26788],[-72.74588,44.26824],[-72.74597,44.26862],[-72.74594,44.26912],[-72.74573,44.26966],[-72.74576,44.26977]],[[-72.80948,44.1982],[-72.80889,44.19838],[-72.8084,44.19884],[-72.80815,44.19938],[-72.8073,44.20088],[-72.80724,44.2013]],[[-72.7024,44.29272],[-72.70356,44.29391],[-72.70365,44.29417],[-72.70362,44.29435],[-72.70371,44.29461],[-72.70354,44.29489],[-72.70346,44.2952]],[[-72.81687,44.19614],[-72.81664,44.19645],[-72.81566,44.19723],[-72.81531,44.19779],[-72.81503,44.19811],[-72.81463,44.19826],[-72.81318,44.19851]],[[-72.73247,44.28643],[-72.73112,44.28719],[-72.73068,44.28758],[-72.73043,44.28772],[-72.72995,44.28789],[-72.72917,44.28804]],[[-72.83368,44.1796],[-72.83378,44.17983],[-72.83385,44.18022],[-72.83378,44.18144],[-72.83339,44.18229],[-72.83323,44.18275],[-72.83292,44.18325],[-72.83274,44.18348],[-72.83168,44.18444],[-72.8311,44.18468],[-72.83054,44.18473],[-72.83,44.18486],[-72.82885,44.1861],[-72.82735,44.18817],[-72.82708,44.18846]],[[-72.71473,44.28813],[-72.71231,44.28699],[-72.71067,44.28609],[-72.71043,44.28599],[-72.71025,44.28581],[-72.70939,44.28536],[-72.70826,44.28504]],[[-72.74077,44.27888],[-72.74019,44.27916],[-72.73985,44.27927],[-72.73949,44.27927],[-72.73894,44.27914],[-72.7382,44.27912]],[[-72.74232,44.27737],[-72.74228,44.2777],[-72.74217,44.27803],[-72.74187,44.2783],[-72.74077,44.27888]],[[-72.83922,44.15996],[-72.83886,44.16048],[-72.83825,44.16167],[-72.83754,44.16272],[-72.83682,44.16335],[-72.8362,44.1641],[-72.83537,44.16487],[-72.83529,44.1651],[-72.83526,44.16546],[-72.83488,44.16677],[-72.8349,44.16701],[-72.83499,44.16719],[-72.83526,44.16746],[-72.8355,44.16779],[-72.83549,44.16804],[-72.83532,44.16828],[-72.8347,44.16961],[-72.83449,44.16985],[-72.83407,44.1702],[-72.83372,44.17041],[-72.83328,44.17079]],[[-72.69631,44.29879],[-72.69597,44.29895]],[[-72.83893,44.15388],[-72.83889,44.15433],[-72.83861,44.15491],[-72.8384,44.15573],[-72.83825,44.15604],[-72.83815,44.15644],[-72.83807,44.15655],[-72.83804,44.1573],[-72.83824,44.15764],[-72.83841,44.1583],[-72.83869,44.15859],[-72.83882,44.15863],[-72.83921,44.15839],[-72.83947,44.15837],[-72.83979,44.15844],[-72.84002,44.15855],[-72.84005,44.15861]],[[-72.84341,44.14496],[-72.84319,44.14501],[-72.84259,44.14528],[-72.8421,44.14564],[-72.84184,44.14597],[-72.84169,44.14649],[-72.84167,44.14677],[-72.84142,44.14724],[-72.84116,44.14752],[-72.84103,44.14778],[-72.84103,44.14802],[-72.84108,44.14814],[-72.84122,44.14828],[-72.84157,44.14839],[-72.84189,44.14837],[-72.84211,44.14826],[-72.84233,44.1484],[-72.8423,44.14892],[-72.8422,44.14901]],[[-72.83922,44.15296],[-72.83901,44.1534],[-72.83893,44.15388]],[[-72.84456,44.13506],[-72.84444,44.13522],[-72.84439,44.13546],[-72.84444,44.13576],[-72.84471,44.13623],[-72.8447,44.13637],[-72.84456,44.1366],[-72.84453,44.13676],[-72.84455,44.13726]],[[-72.85682,44.11423],[-72.85672,44.1149],[-72.85673,44.1153],[-72.85693,44.11566],[-72.85714,44.11654],[-72.8571,44.11695],[-72.85694,44.11726],[-72.85695,44.11805],[-72.85709,44.11841],[-72.85708,44.11865]],[[-72.84005,44.15861],[-72.84008,44.15878],[-72.83999,44.15915],[-72.83942,44.15968],[-72.83922,44.15996]],[[-72.84846,44.12816],[-72.84829,44.1284],[-72.84826,44.12861],[-72.84832,44.12887],[-72.84852,44.12929],[-72.84904,44.12983],[-72.84907,44.13005],[-72.84884,44.13016],[-72.84838,44.13017],[-72.84801,44.13025],[-72.84789,44.13087],[-72.84796,44.13184],[-72.84787,44.13228],[-72.84754,44.1329],[-72.84682,44.13343],[-72.84662,44.13369],[-72.84648,44.13402],[-72.84641,44.13444],[-72.84629,44.13469],[-72.84612,44.13488],[-72.84588,44.13501]],[[-72.85708,44.11865],[-72.85677,44.11899],[-72.85607,44.11924],[-72.85517,44.11984],[-72.8541,44.12074],[-72.85336,44.12107],[-72.85245,44.12128],[-72.85182,44.12165],[-72.85096,44.1218],[-72.85065,44.12194],[-72.85056,44.12207],[-72.85061,44.12228],[-72.85075,44.1224],[-72.85133,44.12265],[-72.85134,44.12384],[-72.85142,44.1243],[-72.85161,44.12463],[-72.85213,44.12495],[-72.85217,44.12509],[-72.8521,44.1253],[-72.85193,44.12549]]]}}]}