<?xml version="1.0" encoding="UTF-8"?>
<kml xmlns="http://www.opengis.net/kml/2.2">
<Document>
  <name>Upper Winooski / Mad River brook trout waters</name>
  <description><![CDATA[Ladago, B. (2017). 2017 Upper Winooski Fisheries Assessment. Vermont Fish &amp; Wildlife Department, 2017-12-15. Built 2026-09-24. Stream lines: Vermont Open Geodata Portal - VT Hydrography Dataset, cartographic extract lines (VCGI)]]></description>
  <Style id="ln-00897b"><LineStyle><color>e67b8900</color><width>4</width></LineStyle></Style>
  <Style id="ln-1565c0"><LineStyle><color>e6c06515</color><width>4</width></LineStyle></Style>
  <Style id="ln-2e7d32"><LineStyle><color>e6327d2e</color><width>4</width></LineStyle></Style>
  <Style id="ln-827717"><LineStyle><color>e6177782</color><width>4</width></LineStyle></Style>
  <Style id="ln-9e9e9e"><LineStyle><color>e69e9e9e</color><width>4</width></LineStyle></Style>
  <Style id="pt-00897b"><IconStyle><color>ff7b8900</color><scale>1.1</scale><Icon><href>http://maps.google.com/mapfiles/kml/shapes/placemark_circle.png</href></Icon></IconStyle><LabelStyle><scale>0.8</scale></LabelStyle></Style>
  <Style id="pt-00897b-hollow"><IconStyle><color>ff7b8900</color><scale>0.9</scale><Icon><href>http://maps.google.com/mapfiles/kml/shapes/open-diamond.png</href></Icon></IconStyle><LabelStyle><scale>0.8</scale></LabelStyle></Style>
  <Style id="pt-039be5"><IconStyle><color>ffe59b03</color><scale>1.1</scale><Icon><href>http://maps.google.com/mapfiles/kml/shapes/placemark_circle.png</href></Icon></IconStyle><LabelStyle><scale>0.8</scale></LabelStyle></Style>
  <Style id="pt-1565c0"><IconStyle><color>ffc06515</color><scale>1.1</scale><Icon><href>http://maps.google.com/mapfiles/kml/shapes/placemark_circle.png</href></Icon></IconStyle><LabelStyle><scale>0.8</scale></LabelStyle></Style>
  <Style id="pt-1565c0-hollow"><IconStyle><color>ffc06515</color><scale>0.9</scale><Icon><href>http://maps.google.com/mapfiles/kml/shapes/open-diamond.png</href></Icon></IconStyle><LabelStyle><scale>0.8</scale></LabelStyle></Style>
  <Style id="pt-1e88e5"><IconStyle><color>ffe5881e</color><scale>1.1</scale><Icon><href>http://maps.google.com/mapfiles/kml/shapes/placemark_circle.png</href></Icon></IconStyle><LabelStyle><scale>0.8</scale></LabelStyle></Style>
  <Style id="pt-263238"><IconStyle><color>ff383226</color><scale>1.1</scale><Icon><href>http://maps.google.com/mapfiles/kml/shapes/placemark_circle.png</href></Icon></IconStyle><LabelStyle><scale>0.8</scale></LabelStyle></Style>
  <Style id="pt-2e7d32"><IconStyle><color>ff327d2e</color><scale>1.1</scale><Icon><href>http://maps.google.com/mapfiles/kml/shapes/placemark_circle.png</href></Icon></IconStyle><LabelStyle><scale>0.8</scale></LabelStyle></Style>
  <Style id="pt-2e7d32-hollow"><IconStyle><color>ff327d2e</color><scale>0.9</scale><Icon><href>http://maps.google.com/mapfiles/kml/shapes/open-diamond.png</href></Icon></IconStyle><LabelStyle><scale>0.8</scale></LabelStyle></Style>
  <Style id="pt-546e7a"><IconStyle><color>ff7a6e54</color><scale>1.1</scale><Icon><href>http://maps.google.com/mapfiles/kml/shapes/placemark_circle.png</href></Icon></IconStyle><LabelStyle><scale>0.8</scale></LabelStyle></Style>
  <Style id="pt-6d4c41"><IconStyle><color>ff414c6d</color><scale>1.1</scale><Icon><href>http://maps.google.com/mapfiles/kml/shapes/placemark_circle.png</href></Icon></IconStyle><LabelStyle><scale>0.8</scale></LabelStyle></Style>
  <Style id="pt-827717"><IconStyle><color>ff177782</color><scale>1.1</scale><Icon><href>http://maps.google.com/mapfiles/kml/shapes/placemark_circle.png</href></Icon></IconStyle><LabelStyle><scale>0.8</scale></LabelStyle></Style>
  <Style id="pt-9e9e9e-hollow"><IconStyle><color>ff9e9e9e</color><scale>0.9</scale><Icon><href>http://maps.google.com/mapfiles/kml/shapes/open-diamond.png</href></Icon></IconStyle><LabelStyle><scale>0.8</scale></LabelStyle></Style>
  <Style id="pt-c62828"><IconStyle><color>ff2828c6</color><scale>1.1</scale><Icon><href>http://maps.google.com/mapfiles/kml/shapes/placemark_circle.png</href></Icon></IconStyle><LabelStyle><scale>0.8</scale></LabelStyle></Style>
  <Style id="pt-ef6c00"><IconStyle><color>ff006cef</color><scale>1.1</scale><Icon><href>http://maps.google.com/mapfiles/kml/shapes/placemark_circle.png</href></Icon></IconStyle><LabelStyle><scale>0.8</scale></LabelStyle></Style>
  <Folder>
    <name>B1 wild trout waters</name>
    <Placemark>
      <name>Winooski River (above Lower Cabot)</name>
      <description><![CDATA[<b>Species:</b> BKT &mdash; <b>B1</b><br/><b>Watershed:</b> Winooski mainstem &amp; direct tributaries<br/>Wild brookies abundant in the mainstem above Cabot village; habitat deteriorates below the village where riparian cover is thin.<br/><b>Nearest access:</b><ul><li>Coits Pond (state fishing access) &mdash; 552 m as the crow flies, 79.9 min drive</li><li>West Hill Pond (state fishing access) &mdash; 2175 m as the crow flies, 73.9 min drive</li></ul><br/><b>Drive from inn:</b> 68.9 min<br/><b>Source:</b> <a href="https://dec.vermont.gov/sites/dec/files/wsm/mapp/docs/mp_UpperWinooskiWatershedFisheriesSummary_2017-12-15.pdf#page=6">VFWD 2017, Table 6 p.6</a><br/><b>Confidence:</b> high (VFWD 2017 Table 6)]]></description>
      <styleUrl>#pt-2e7d32</styleUrl>
      <ExtendedData>
        <Data name="b1"><value>true</value></Data>
        <Data name="color"><value>#2e7d32</value></Data>
        <Data name="confidence"><value>high</value></Data>
        <Data name="coord_source"><value>VFWD 2017 Table 6</value></Data>
        <Data name="drive_km"><value>69.5</value></Data>
        <Data name="drive_min"><value>68.9</value></Data>
        <Data name="drive_src"><value>OSRM</value></Data>
        <Data name="has_line"><value>true</value></Data>
        <Data name="huc10"><value>Headwaters Winooski River</value></Data>
        <Data name="id"><value>s-winooski-river-above-lower-cabot</value></Data>
        <Data name="layer"><value>b1_water</value></Data>
        <Data name="name"><value>Winooski River (above Lower Cabot)</value></Data>
        <Data name="notes"><value>Wild brookies abundant in the mainstem above Cabot village; habitat deteriorates below the village where riparian cover is thin.</value></Data>
        <Data name="private_flag"><value>false</value></Data>
        <Data name="source_label"><value>VFWD 2017, Table 6 p.6</value></Data>
        <Data name="source_ref"><value>Table 6 p.6; narrative p.1</value></Data>
        <Data name="source_url"><value>https://dec.vermont.gov/sites/dec/files/wsm/mapp/docs/mp_UpperWinooskiWatershedFisheriesSummary_2017-12-15.pdf#page=6</value></Data>
        <Data name="spawning_trib"><value>false</value></Data>
        <Data name="species"><value>BKT</value></Data>
        <Data name="species_key"><value>BKT</value></Data>
        <Data name="species_label"><value>brook trout only</value></Data>
        <Data name="watershed"><value>Winooski mainstem &amp; direct tributaries</value></Data>
        <Data name="nearest_access"><value>Coits Pond (state fishing access) (552 m, 79.9 min); West Hill Pond (state fishing access) (2175 m, 73.9 min)</value></Data>
      </ExtendedData>
      <Point><coordinates>-72.313661,44.401532,0</coordinates></Point>
    </Placemark>
    <Placemark>
      <name>Molly's Brook (above Marshfield Dam)</name>
      <description><![CDATA[<b>Species:</b> BKT, BNT &mdash; <b>B1</b><br/><b>Watershed:</b> Winooski mainstem &amp; direct tributaries<br/>B1 above Molly's Falls Reservoir; wild brook and brown trout, occasional rainbows.<br/><b>Nearest access:</b><ul><li>Joe's Pond (state fishing access) &mdash; 1401 m as the crow flies, 70.7 min drive</li><li>Marshfield Dam (state fishing access) &mdash; 2569 m as the crow flies, 64.2 min drive</li></ul><br/><b>Drive from inn:</b> 65.8 min<br/><b>Source:</b> <a href="https://dec.vermont.gov/sites/dec/files/wsm/mapp/docs/mp_UpperWinooskiWatershedFisheriesSummary_2017-12-15.pdf#page=6">VFWD 2017, Table 6 p.6</a><br/><b>Confidence:</b> high (VFWD 2017 Table 6)]]></description>
      <styleUrl>#pt-827717</styleUrl>
      <ExtendedData>
        <Data name="b1"><value>true</value></Data>
        <Data name="color"><value>#827717</value></Data>
        <Data name="confidence"><value>high</value></Data>
        <Data name="coord_source"><value>VFWD 2017 Table 6</value></Data>
        <Data name="drive_km"><value>69.4</value></Data>
        <Data name="drive_min"><value>65.8</value></Data>
        <Data name="drive_src"><value>OSRM</value></Data>
        <Data name="has_line"><value>true</value></Data>
        <Data name="huc10"><value>Headwaters Winooski River</value></Data>
        <Data name="id"><value>s-molly-s-brook-above-marshfield-dam</value></Data>
        <Data name="layer"><value>b1_water</value></Data>
        <Data name="name"><value>Molly's Brook (above Marshfield Dam)</value></Data>
        <Data name="notes"><value>B1 above Molly's Falls Reservoir; wild brook and brown trout, occasional rainbows.</value></Data>
        <Data name="private_flag"><value>false</value></Data>
        <Data name="source_label"><value>VFWD 2017, Table 6 p.6</value></Data>
        <Data name="source_ref"><value>Table 6 p.6; narrative p.16</value></Data>
        <Data name="source_url"><value>https://dec.vermont.gov/sites/dec/files/wsm/mapp/docs/mp_UpperWinooskiWatershedFisheriesSummary_2017-12-15.pdf#page=6</value></Data>
        <Data name="spawning_trib"><value>false</value></Data>
        <Data name="species"><value>BKT; BNT</value></Data>
        <Data name="species_key"><value>BKT+BNT</value></Data>
        <Data name="species_label"><value>brook + brown</value></Data>
        <Data name="watershed"><value>Winooski mainstem &amp; direct tributaries</value></Data>
        <Data name="nearest_access"><value>Joe's Pond (state fishing access) (1401 m, 70.7 min); Marshfield Dam (state fishing access) (2569 m, 64.2 min)</value></Data>
      </ExtendedData>
      <Point><coordinates>-72.270039,44.370495,0</coordinates></Point>
    </Placemark>
    <Placemark>
      <name>Kidders (Hooker) Brook</name>
      <description><![CDATA[<b>Species:</b> BKT, BNT &mdash; <b>B1</b><br/><b>Watershed:</b> Winooski mainstem &amp; direct tributaries<br/>Enters Molly's Brook in South Cabot; wild brook and brown trout.<br/><b>Drive from inn:</b> 66.3 min<br/><b>Source:</b> <a href="https://dec.vermont.gov/sites/dec/files/wsm/mapp/docs/mp_UpperWinooskiWatershedFisheriesSummary_2017-12-15.pdf#page=6">VFWD 2017, Table 6 p.6</a><br/><b>Confidence:</b> high (VFWD 2017 Table 6)]]></description>
      <styleUrl>#pt-827717</styleUrl>
      <ExtendedData>
        <Data name="b1"><value>true</value></Data>
        <Data name="color"><value>#827717</value></Data>
        <Data name="confidence"><value>high</value></Data>
        <Data name="coord_source"><value>VFWD 2017 Table 6</value></Data>
        <Data name="drive_km"><value>70.2</value></Data>
        <Data name="drive_min"><value>66.3</value></Data>
        <Data name="drive_src"><value>OSRM</value></Data>
        <Data name="has_line"><value>true</value></Data>
        <Data name="huc10"><value>Headwaters Winooski River</value></Data>
        <Data name="id"><value>s-kidders-hooker-brook</value></Data>
        <Data name="layer"><value>b1_water</value></Data>
        <Data name="name"><value>Kidders (Hooker) Brook</value></Data>
        <Data name="notes"><value>Enters Molly's Brook in South Cabot; wild brook and brown trout.</value></Data>
        <Data name="private_flag"><value>false</value></Data>
        <Data name="source_label"><value>VFWD 2017, Table 6 p.6</value></Data>
        <Data name="source_ref"><value>Table 6 p.6; narrative p.16</value></Data>
        <Data name="source_url"><value>https://dec.vermont.gov/sites/dec/files/wsm/mapp/docs/mp_UpperWinooskiWatershedFisheriesSummary_2017-12-15.pdf#page=6</value></Data>
        <Data name="spawning_trib"><value>false</value></Data>
        <Data name="species"><value>BKT; BNT</value></Data>
        <Data name="species_key"><value>BKT+BNT</value></Data>
        <Data name="species_label"><value>brook + brown</value></Data>
        <Data name="watershed"><value>Winooski mainstem &amp; direct tributaries</value></Data>
        <Data name="nearest_access"><value></value></Data>
      </ExtendedData>
      <Point><coordinates>-72.261009,44.373920,0</coordinates></Point>
    </Placemark>
    <Placemark>
      <name>Nasmith Brook</name>
      <description><![CDATA[<b>Species:</b> BKT, BNT, RBT &mdash; <b>B1</b><br/><b>Watershed:</b> Winooski mainstem &amp; direct tributaries<br/>Enters the mainstem in Marshfield; important spawning tributary for mainstem trout.<br/><b>Drive from inn:</b> 57.6 min<br/><b>Source:</b> <a href="https://dec.vermont.gov/sites/dec/files/wsm/mapp/docs/mp_UpperWinooskiWatershedFisheriesSummary_2017-12-15.pdf#page=6">VFWD 2017, Table 6 p.6</a><br/><b>Confidence:</b> high (VFWD 2017 Table 6)]]></description>
      <styleUrl>#pt-1565c0</styleUrl>
      <ExtendedData>
        <Data name="b1"><value>true</value></Data>
        <Data name="color"><value>#1565c0</value></Data>
        <Data name="confidence"><value>high</value></Data>
        <Data name="coord_source"><value>VFWD 2017 Table 6</value></Data>
        <Data name="drive_km"><value>55.6</value></Data>
        <Data name="drive_min"><value>57.6</value></Data>
        <Data name="drive_src"><value>OSRM</value></Data>
        <Data name="has_line"><value>true</value></Data>
        <Data name="huc10"><value>Headwaters Winooski River</value></Data>
        <Data name="id"><value>s-nasmith-brook</value></Data>
        <Data name="layer"><value>b1_water</value></Data>
        <Data name="name"><value>Nasmith Brook</value></Data>
        <Data name="notes"><value>Enters the mainstem in Marshfield; important spawning tributary for mainstem trout.</value></Data>
        <Data name="private_flag"><value>false</value></Data>
        <Data name="source_label"><value>VFWD 2017, Table 6 p.6</value></Data>
        <Data name="source_ref"><value>Table 6 p.6; narrative p.16</value></Data>
        <Data name="source_url"><value>https://dec.vermont.gov/sites/dec/files/wsm/mapp/docs/mp_UpperWinooskiWatershedFisheriesSummary_2017-12-15.pdf#page=6</value></Data>
        <Data name="spawning_trib"><value>true</value></Data>
        <Data name="species"><value>BKT; BNT; RBT</value></Data>
        <Data name="species_key"><value>BKT+BNT+RBT</value></Data>
        <Data name="species_label"><value>brook + brown + rainbow</value></Data>
        <Data name="watershed"><value>Winooski mainstem &amp; direct tributaries</value></Data>
        <Data name="nearest_access"><value></value></Data>
      </ExtendedData>
      <Point><coordinates>-72.387648,44.299742,0</coordinates></Point>
    </Placemark>
    <Placemark>
      <name>Great Brook (Plainfield)</name>
      <description><![CDATA[<b>Species:</b> BKT, BNT, RBT &mdash; <b>B1</b><br/><b>Watershed:</b> Winooski mainstem &amp; direct tributaries<br/>Enters the mainstem in Plainfield; important spawning tributary.<br/><b>Drive from inn:</b> 61.7 min<br/><b>Source:</b> <a href="https://dec.vermont.gov/sites/dec/files/wsm/mapp/docs/mp_UpperWinooskiWatershedFisheriesSummary_2017-12-15.pdf#page=6">VFWD 2017, Table 6 p.6</a><br/><b>Confidence:</b> high (VFWD 2017 Table 6)]]></description>
      <styleUrl>#pt-1565c0</styleUrl>
      <ExtendedData>
        <Data name="b1"><value>true</value></Data>
        <Data name="color"><value>#1565c0</value></Data>
        <Data name="confidence"><value>high</value></Data>
        <Data name="coord_source"><value>VFWD 2017 Table 6</value></Data>
        <Data name="drive_km"><value>57</value></Data>
        <Data name="drive_min"><value>61.7</value></Data>
        <Data name="drive_src"><value>OSRM</value></Data>
        <Data name="has_line"><value>true</value></Data>
        <Data name="huc10"><value>Headwaters Winooski River</value></Data>
        <Data name="id"><value>s-great-brook-plainfield</value></Data>
        <Data name="layer"><value>b1_water</value></Data>
        <Data name="name"><value>Great Brook (Plainfield)</value></Data>
        <Data name="notes"><value>Enters the mainstem in Plainfield; important spawning tributary.</value></Data>
        <Data name="private_flag"><value>false</value></Data>
        <Data name="source_label"><value>VFWD 2017, Table 6 p.6</value></Data>
        <Data name="source_ref"><value>Table 6 p.6; narrative p.17</value></Data>
        <Data name="source_url"><value>https://dec.vermont.gov/sites/dec/files/wsm/mapp/docs/mp_UpperWinooskiWatershedFisheriesSummary_2017-12-15.pdf#page=6</value></Data>
        <Data name="spawning_trib"><value>true</value></Data>
        <Data name="species"><value>BKT; BNT; RBT</value></Data>
        <Data name="species_key"><value>BKT+BNT+RBT</value></Data>
        <Data name="species_label"><value>brook + brown + rainbow</value></Data>
        <Data name="watershed"><value>Winooski mainstem &amp; direct tributaries</value></Data>
        <Data name="nearest_access"><value></value></Data>
      </ExtendedData>
      <Point><coordinates>-72.406267,44.231992,0</coordinates></Point>
    </Placemark>
    <Placemark>
      <name>Jones Brook</name>
      <description><![CDATA[<b>Species:</b> BKT, RBT &mdash; <b>B1</b><br/><b>Watershed:</b> Winooski mainstem &amp; direct tributaries<br/>Enters the mainstem in Montpelier; important spawning tributary; occasional browns.<br/><b>Drive from inn:</b> 37.3 min<br/><b>Source:</b> <a href="https://dec.vermont.gov/sites/dec/files/wsm/mapp/docs/mp_UpperWinooskiWatershedFisheriesSummary_2017-12-15.pdf#page=6">VFWD 2017, Table 6 p.6</a><br/><b>Confidence:</b> high (VFWD 2017 Table 6)]]></description>
      <styleUrl>#pt-00897b</styleUrl>
      <ExtendedData>
        <Data name="b1"><value>true</value></Data>
        <Data name="color"><value>#00897b</value></Data>
        <Data name="confidence"><value>high</value></Data>
        <Data name="coord_source"><value>VFWD 2017 Table 6</value></Data>
        <Data name="drive_km"><value>29.4</value></Data>
        <Data name="drive_min"><value>37.3</value></Data>
        <Data name="drive_src"><value>OSRM</value></Data>
        <Data name="has_line"><value>true</value></Data>
        <Data name="huc10"><value>Dog River-Winooski River</value></Data>
        <Data name="id"><value>s-jones-brook</value></Data>
        <Data name="layer"><value>b1_water</value></Data>
        <Data name="name"><value>Jones Brook</value></Data>
        <Data name="notes"><value>Enters the mainstem in Montpelier; important spawning tributary; occasional browns.</value></Data>
        <Data name="private_flag"><value>false</value></Data>
        <Data name="source_label"><value>VFWD 2017, Table 6 p.6</value></Data>
        <Data name="source_ref"><value>Table 6 p.6; narrative p.17</value></Data>
        <Data name="source_url"><value>https://dec.vermont.gov/sites/dec/files/wsm/mapp/docs/mp_UpperWinooskiWatershedFisheriesSummary_2017-12-15.pdf#page=6</value></Data>
        <Data name="spawning_trib"><value>true</value></Data>
        <Data name="species"><value>BKT; RBT</value></Data>
        <Data name="species_key"><value>BKT+RBT</value></Data>
        <Data name="species_label"><value>brook + rainbow</value></Data>
        <Data name="watershed"><value>Winooski mainstem &amp; direct tributaries</value></Data>
        <Data name="nearest_access"><value></value></Data>
      </ExtendedData>
      <Point><coordinates>-72.654826,44.248972,0</coordinates></Point>
    </Placemark>
    <Placemark>
      <name>Crossett Brook</name>
      <description><![CDATA[<b>Species:</b> BKT, BNT, RBT &mdash; <b>B1</b><br/><b>Watershed:</b> Winooski mainstem &amp; direct tributaries<br/>Enters the mainstem in Waterbury; important spawning tributary.<br/><b>Drive from inn:</b> 23.1 min<br/><b>Source:</b> <a href="https://dec.vermont.gov/sites/dec/files/wsm/mapp/docs/mp_UpperWinooskiWatershedFisheriesSummary_2017-12-15.pdf#page=6">VFWD 2017, Table 6 p.6</a><br/><b>Confidence:</b> high (VFWD 2017 Table 6)]]></description>
      <styleUrl>#pt-1565c0</styleUrl>
      <ExtendedData>
        <Data name="b1"><value>true</value></Data>
        <Data name="color"><value>#1565c0</value></Data>
        <Data name="confidence"><value>high</value></Data>
        <Data name="coord_source"><value>VFWD 2017 Table 6</value></Data>
        <Data name="drive_km"><value>21.3</value></Data>
        <Data name="drive_min"><value>23.1</value></Data>
        <Data name="drive_src"><value>OSRM</value></Data>
        <Data name="has_line"><value>true</value></Data>
        <Data name="huc10"><value>Little River-Winooski River</value></Data>
        <Data name="id"><value>s-crossett-brook</value></Data>
        <Data name="layer"><value>b1_water</value></Data>
        <Data name="name"><value>Crossett Brook</value></Data>
        <Data name="notes"><value>Enters the mainstem in Waterbury; important spawning tributary.</value></Data>
        <Data name="private_flag"><value>false</value></Data>
        <Data name="source_label"><value>VFWD 2017, Table 6 p.6</value></Data>
        <Data name="source_ref"><value>Table 6 p.6; narrative p.17</value></Data>
        <Data name="source_url"><value>https://dec.vermont.gov/sites/dec/files/wsm/mapp/docs/mp_UpperWinooskiWatershedFisheriesSummary_2017-12-15.pdf#page=6</value></Data>
        <Data name="spawning_trib"><value>true</value></Data>
        <Data name="species"><value>BKT; BNT; RBT</value></Data>
        <Data name="species_key"><value>BKT+BNT+RBT</value></Data>
        <Data name="species_label"><value>brook + brown + rainbow</value></Data>
        <Data name="watershed"><value>Winooski mainstem &amp; direct tributaries</value></Data>
        <Data name="nearest_access"><value></value></Data>
      </ExtendedData>
      <Point><coordinates>-72.747014,44.328050,0</coordinates></Point>
    </Placemark>
    <Placemark>
      <name>Thatcher Brook</name>
      <description><![CDATA[<b>Species:</b> BKT, BNT, RBT &mdash; <b>B1</b><br/><b>Watershed:</b> Winooski mainstem &amp; direct tributaries<br/>Enters the mainstem in Waterbury; the narrative calls it an important spawning tributary.<br/><b>Drive from inn:</b> 26.5 min<br/><b>Source:</b> <a href="https://dec.vermont.gov/sites/dec/files/wsm/mapp/docs/mp_UpperWinooskiWatershedFisheriesSummary_2017-12-15.pdf#page=6">VFWD 2017, Table 6 p.6</a><br/><b>Confidence:</b> high (VFWD 2017 Table 6)]]></description>
      <styleUrl>#pt-1565c0</styleUrl>
      <ExtendedData>
        <Data name="b1"><value>true</value></Data>
        <Data name="color"><value>#1565c0</value></Data>
        <Data name="confidence"><value>high</value></Data>
        <Data name="coord_source"><value>VFWD 2017 Table 6</value></Data>
        <Data name="drive_km"><value>23.2</value></Data>
        <Data name="drive_min"><value>26.5</value></Data>
        <Data name="drive_src"><value>OSRM</value></Data>
        <Data name="has_line"><value>true</value></Data>
        <Data name="huc10"><value>Little River-Winooski River</value></Data>
        <Data name="id"><value>s-thatcher-brook</value></Data>
        <Data name="layer"><value>b1_water</value></Data>
        <Data name="name"><value>Thatcher Brook</value></Data>
        <Data name="notes"><value>Enters the mainstem in Waterbury; the narrative calls it an important spawning tributary.</value></Data>
        <Data name="private_flag"><value>false</value></Data>
        <Data name="source_label"><value>VFWD 2017, Table 6 p.6</value></Data>
        <Data name="source_ref"><value>Table 6 p.6; narrative p.17</value></Data>
        <Data name="source_url"><value>https://dec.vermont.gov/sites/dec/files/wsm/mapp/docs/mp_UpperWinooskiWatershedFisheriesSummary_2017-12-15.pdf#page=6</value></Data>
        <Data name="spawning_trib"><value>true</value></Data>
        <Data name="species"><value>BKT; BNT; RBT</value></Data>
        <Data name="species_key"><value>BKT+BNT+RBT</value></Data>
        <Data name="species_label"><value>brook + brown + rainbow</value></Data>
        <Data name="watershed"><value>Winooski mainstem &amp; direct tributaries</value></Data>
        <Data name="nearest_access"><value></value></Data>
      </ExtendedData>
      <Point><coordinates>-72.751390,44.340900,0</coordinates></Point>
    </Placemark>
    <Placemark>
      <name>Dugar Brook</name>
      <description><![CDATA[<b>Species:</b> BKT &mdash; <b>B1</b><br/><b>Watershed:</b> Kingsbury Branch<br/>Enters Pekin Brook in North Calais; brook trout and burbot.<br/><b>Nearest access:</b><ul><li>Mirror Lake (state fishing access) &mdash; 1277 m as the crow flies, 66.9 min drive</li><li>Nelson Pond (state fishing access) &mdash; 2090 m as the crow flies, 72.5 min drive</li></ul><br/><b>Drive from inn:</b> 67.6 min<br/><b>Source:</b> <a href="https://dec.vermont.gov/sites/dec/files/wsm/mapp/docs/mp_UpperWinooskiWatershedFisheriesSummary_2017-12-15.pdf#page=6">VFWD 2017, Table 7 p.6</a><br/><b>Confidence:</b> high (VFWD 2017 Table 7)]]></description>
      <styleUrl>#pt-2e7d32</styleUrl>
      <ExtendedData>
        <Data name="b1"><value>true</value></Data>
        <Data name="color"><value>#2e7d32</value></Data>
        <Data name="confidence"><value>high</value></Data>
        <Data name="coord_source"><value>VFWD 2017 Table 7</value></Data>
        <Data name="drive_km"><value>55.1</value></Data>
        <Data name="drive_min"><value>67.6</value></Data>
        <Data name="drive_src"><value>OSRM</value></Data>
        <Data name="has_line"><value>true</value></Data>
        <Data name="huc10"><value>Headwaters Winooski River</value></Data>
        <Data name="id"><value>s-dugar-brook</value></Data>
        <Data name="layer"><value>b1_water</value></Data>
        <Data name="name"><value>Dugar Brook</value></Data>
        <Data name="notes"><value>Enters Pekin Brook in North Calais; brook trout and burbot.</value></Data>
        <Data name="private_flag"><value>false</value></Data>
        <Data name="source_label"><value>VFWD 2017, Table 7 p.6</value></Data>
        <Data name="source_ref"><value>Table 7 p.6; narrative p.9</value></Data>
        <Data name="source_url"><value>https://dec.vermont.gov/sites/dec/files/wsm/mapp/docs/mp_UpperWinooskiWatershedFisheriesSummary_2017-12-15.pdf#page=6</value></Data>
        <Data name="spawning_trib"><value>false</value></Data>
        <Data name="species"><value>BKT</value></Data>
        <Data name="species_key"><value>BKT</value></Data>
        <Data name="species_label"><value>brook trout only</value></Data>
        <Data name="watershed"><value>Kingsbury Branch</value></Data>
        <Data name="nearest_access"><value>Mirror Lake (state fishing access) (1277 m, 66.9 min); Nelson Pond (state fishing access) (2090 m, 72.5 min)</value></Data>
      </ExtendedData>
      <Point><coordinates>-72.467825,44.393344,0</coordinates></Point>
    </Placemark>
    <Placemark>
      <name>Jail Branch</name>
      <description><![CDATA[<b>Species:</b> BKT &mdash; <b>B1</b><br/><b>Watershed:</b> Stevens Branch<br/>B1 above Washington; brookies only in the upper reaches, mixed with relatively large wild browns lower down toward East Barre.<br/><b>Drive from inn:</b> 60.5 min<br/><b>Source:</b> <a href="https://dec.vermont.gov/sites/dec/files/wsm/mapp/docs/mp_UpperWinooskiWatershedFisheriesSummary_2017-12-15.pdf#page=6">VFWD 2017, Table 8 p.6</a><br/><b>Confidence:</b> high (VFWD 2017 Table 8)]]></description>
      <styleUrl>#pt-2e7d32</styleUrl>
      <ExtendedData>
        <Data name="b1"><value>true</value></Data>
        <Data name="color"><value>#2e7d32</value></Data>
        <Data name="confidence"><value>high</value></Data>
        <Data name="coord_source"><value>VFWD 2017 Table 8</value></Data>
        <Data name="drive_km"><value>58.4</value></Data>
        <Data name="drive_min"><value>60.5</value></Data>
        <Data name="drive_src"><value>OSRM</value></Data>
        <Data name="has_line"><value>true</value></Data>
        <Data name="huc10"><value>Stevens Branch</value></Data>
        <Data name="id"><value>s-jail-branch</value></Data>
        <Data name="layer"><value>b1_water</value></Data>
        <Data name="name"><value>Jail Branch</value></Data>
        <Data name="notes"><value>B1 above Washington; brookies only in the upper reaches, mixed with relatively large wild browns lower down toward East Barre.</value></Data>
        <Data name="private_flag"><value>false</value></Data>
        <Data name="source_label"><value>VFWD 2017, Table 8 p.6</value></Data>
        <Data name="source_ref"><value>Table 8 p.6; narrative p.10</value></Data>
        <Data name="source_url"><value>https://dec.vermont.gov/sites/dec/files/wsm/mapp/docs/mp_UpperWinooskiWatershedFisheriesSummary_2017-12-15.pdf#page=6</value></Data>
        <Data name="spawning_trib"><value>false</value></Data>
        <Data name="species"><value>BKT</value></Data>
        <Data name="species_key"><value>BKT</value></Data>
        <Data name="species_label"><value>brook trout only</value></Data>
        <Data name="watershed"><value>Stevens Branch</value></Data>
        <Data name="nearest_access"><value></value></Data>
      </ExtendedData>
      <Point><coordinates>-72.430317,44.105767,0</coordinates></Point>
    </Placemark>
    <Placemark>
      <name>Gunners Brook</name>
      <description><![CDATA[<b>Species:</b> BKT, BNT, RBT &mdash; <b>B1</b><br/><b>Watershed:</b> Stevens Branch<br/>Important spawning tributary for Stevens Branch trout.<br/><b>Drive from inn:</b> 44.3 min<br/><b>Source:</b> <a href="https://dec.vermont.gov/sites/dec/files/wsm/mapp/docs/mp_UpperWinooskiWatershedFisheriesSummary_2017-12-15.pdf#page=6">VFWD 2017, Table 8 p.6</a><br/><b>Confidence:</b> high (VFWD 2017 Table 8)]]></description>
      <styleUrl>#pt-1565c0</styleUrl>
      <ExtendedData>
        <Data name="b1"><value>true</value></Data>
        <Data name="color"><value>#1565c0</value></Data>
        <Data name="confidence"><value>high</value></Data>
        <Data name="coord_source"><value>VFWD 2017 Table 8</value></Data>
        <Data name="drive_km"><value>45</value></Data>
        <Data name="drive_min"><value>44.3</value></Data>
        <Data name="drive_src"><value>OSRM</value></Data>
        <Data name="has_line"><value>true</value></Data>
        <Data name="huc10"><value>Stevens Branch</value></Data>
        <Data name="id"><value>s-gunners-brook</value></Data>
        <Data name="layer"><value>b1_water</value></Data>
        <Data name="name"><value>Gunners Brook</value></Data>
        <Data name="notes"><value>Important spawning tributary for Stevens Branch trout.</value></Data>
        <Data name="private_flag"><value>false</value></Data>
        <Data name="source_label"><value>VFWD 2017, Table 8 p.6</value></Data>
        <Data name="source_ref"><value>Table 8 p.6; narrative p.10</value></Data>
        <Data name="source_url"><value>https://dec.vermont.gov/sites/dec/files/wsm/mapp/docs/mp_UpperWinooskiWatershedFisheriesSummary_2017-12-15.pdf#page=6</value></Data>
        <Data name="spawning_trib"><value>true</value></Data>
        <Data name="species"><value>BKT; BNT; RBT</value></Data>
        <Data name="species_key"><value>BKT+BNT+RBT</value></Data>
        <Data name="species_label"><value>brook + brown + rainbow</value></Data>
        <Data name="watershed"><value>Stevens Branch</value></Data>
        <Data name="nearest_access"><value></value></Data>
      </ExtendedData>
      <Point><coordinates>-72.506175,44.205447,0</coordinates></Point>
    </Placemark>
    <Placemark>
      <name>Stevens Branch</name>
      <description><![CDATA[<b>Species:</b> BKT &mdash; <b>B1</b><br/><b>Watershed:</b> Stevens Branch<br/>B1 from Williamstown upstream; brookies only above Route 63 in South Barre, mixed below.<br/><b>Drive from inn:</b> 44.5 min<br/><b>Source:</b> <a href="https://dec.vermont.gov/sites/dec/files/wsm/mapp/docs/mp_UpperWinooskiWatershedFisheriesSummary_2017-12-15.pdf#page=6">VFWD 2017, Table 8 p.6</a><br/><b>Confidence:</b> high (VFWD 2017 Table 8)]]></description>
      <styleUrl>#pt-2e7d32</styleUrl>
      <ExtendedData>
        <Data name="b1"><value>true</value></Data>
        <Data name="color"><value>#2e7d32</value></Data>
        <Data name="confidence"><value>high</value></Data>
        <Data name="coord_source"><value>VFWD 2017 Table 8</value></Data>
        <Data name="drive_km"><value>37.9</value></Data>
        <Data name="drive_min"><value>44.5</value></Data>
        <Data name="drive_src"><value>OSRM</value></Data>
        <Data name="has_line"><value>true</value></Data>
        <Data name="huc10"><value>Stevens Branch</value></Data>
        <Data name="id"><value>s-stevens-branch</value></Data>
        <Data name="layer"><value>b1_water</value></Data>
        <Data name="name"><value>Stevens Branch</value></Data>
        <Data name="notes"><value>B1 from Williamstown upstream; brookies only above Route 63 in South Barre, mixed below.</value></Data>
        <Data name="private_flag"><value>false</value></Data>
        <Data name="source_label"><value>VFWD 2017, Table 8 p.6</value></Data>
        <Data name="source_ref"><value>Table 8 p.6; narrative p.10</value></Data>
        <Data name="source_url"><value>https://dec.vermont.gov/sites/dec/files/wsm/mapp/docs/mp_UpperWinooskiWatershedFisheriesSummary_2017-12-15.pdf#page=6</value></Data>
        <Data name="spawning_trib"><value>false</value></Data>
        <Data name="species"><value>BKT</value></Data>
        <Data name="species_key"><value>BKT</value></Data>
        <Data name="species_label"><value>brook trout only</value></Data>
        <Data name="watershed"><value>Stevens Branch</value></Data>
        <Data name="nearest_access"><value></value></Data>
      </ExtendedData>
      <Point><coordinates>-72.533325,44.132939,0</coordinates></Point>
    </Placemark>
    <Placemark>
      <name>Martins Brook</name>
      <description><![CDATA[<b>Species:</b> BKT, BNT &mdash; <b>B1</b><br/><b>Watershed:</b> North Branch<br/>Wild brook and brown trout.<br/><b>Drive from inn:</b> 43.3 min<br/><b>Source:</b> <a href="https://dec.vermont.gov/sites/dec/files/wsm/mapp/docs/mp_UpperWinooskiWatershedFisheriesSummary_2017-12-15.pdf#page=6">VFWD 2017, Table 9 p.6</a><br/><b>Confidence:</b> high (VFWD 2017 Table 9)]]></description>
      <styleUrl>#pt-827717</styleUrl>
      <ExtendedData>
        <Data name="b1"><value>true</value></Data>
        <Data name="color"><value>#827717</value></Data>
        <Data name="confidence"><value>high</value></Data>
        <Data name="coord_source"><value>VFWD 2017 Table 9</value></Data>
        <Data name="drive_km"><value>34.8</value></Data>
        <Data name="drive_min"><value>43.3</value></Data>
        <Data name="drive_src"><value>OSRM</value></Data>
        <Data name="has_line"><value>true</value></Data>
        <Data name="huc10"><value>North Branch Winooski River</value></Data>
        <Data name="id"><value>s-martins-brook</value></Data>
        <Data name="layer"><value>b1_water</value></Data>
        <Data name="name"><value>Martins Brook</value></Data>
        <Data name="notes"><value>Wild brook and brown trout.</value></Data>
        <Data name="private_flag"><value>false</value></Data>
        <Data name="source_label"><value>VFWD 2017, Table 9 p.6</value></Data>
        <Data name="source_ref"><value>Table 9 p.6; narrative p.12</value></Data>
        <Data name="source_url"><value>https://dec.vermont.gov/sites/dec/files/wsm/mapp/docs/mp_UpperWinooskiWatershedFisheriesSummary_2017-12-15.pdf#page=6</value></Data>
        <Data name="spawning_trib"><value>false</value></Data>
        <Data name="species"><value>BKT; BNT</value></Data>
        <Data name="species_key"><value>BKT+BNT</value></Data>
        <Data name="species_label"><value>brook + brown</value></Data>
        <Data name="watershed"><value>North Branch</value></Data>
        <Data name="nearest_access"><value></value></Data>
      </ExtendedData>
      <Point><coordinates>-72.606703,44.353128,0</coordinates></Point>
    </Placemark>
    <Placemark>
      <name>Herrick Brook</name>
      <description><![CDATA[<b>Species:</b> BKT, BNT &mdash; <b>B1</b><br/><b>Watershed:</b> North Branch<br/>Wild brook and brown trout.<br/><b>Drive from inn:</b> 41.7 min<br/><b>Source:</b> <a href="https://dec.vermont.gov/sites/dec/files/wsm/mapp/docs/mp_UpperWinooskiWatershedFisheriesSummary_2017-12-15.pdf#page=6">VFWD 2017, Table 9 p.6</a><br/><b>Confidence:</b> high (VFWD 2017 Table 9)]]></description>
      <styleUrl>#pt-827717</styleUrl>
      <ExtendedData>
        <Data name="b1"><value>true</value></Data>
        <Data name="color"><value>#827717</value></Data>
        <Data name="confidence"><value>high</value></Data>
        <Data name="coord_source"><value>VFWD 2017 Table 9</value></Data>
        <Data name="drive_km"><value>34</value></Data>
        <Data name="drive_min"><value>41.7</value></Data>
        <Data name="drive_src"><value>OSRM</value></Data>
        <Data name="has_line"><value>true</value></Data>
        <Data name="huc10"><value>North Branch Winooski River</value></Data>
        <Data name="id"><value>s-herrick-brook</value></Data>
        <Data name="layer"><value>b1_water</value></Data>
        <Data name="name"><value>Herrick Brook</value></Data>
        <Data name="notes"><value>Wild brook and brown trout.</value></Data>
        <Data name="private_flag"><value>false</value></Data>
        <Data name="source_label"><value>VFWD 2017, Table 9 p.6</value></Data>
        <Data name="source_ref"><value>Table 9 p.6; narrative p.12</value></Data>
        <Data name="source_url"><value>https://dec.vermont.gov/sites/dec/files/wsm/mapp/docs/mp_UpperWinooskiWatershedFisheriesSummary_2017-12-15.pdf#page=6</value></Data>
        <Data name="spawning_trib"><value>false</value></Data>
        <Data name="species"><value>BKT; BNT</value></Data>
        <Data name="species_key"><value>BKT+BNT</value></Data>
        <Data name="species_label"><value>brook + brown</value></Data>
        <Data name="watershed"><value>North Branch</value></Data>
        <Data name="nearest_access"><value></value></Data>
      </ExtendedData>
      <Point><coordinates>-72.609164,44.346283,0</coordinates></Point>
    </Placemark>
    <Placemark>
      <name>Dog River mainstem</name>
      <description><![CDATA[<b>Species:</b> BKT, BNT, RBT &mdash; <b>B1</b><br/><b>Watershed:</b> Dog River<br/>Whole mainstem is B1 and managed as wild trout water; brookies only above Route 12A in Roxbury, mixed below, browns/rainbows dominate below Northfield Falls. Reduced-harvest regs on a 4.3-mile stretch in Berlin (verify current regs). Point is near the mouth.<br/><b>Nearest access:</b><ul><li>Dog River Jacuzzi Natural Area - Berlin VFD lot (2095 VT-12) &mdash; 69 m as the crow flies, 39.2 min drive</li><li>Roxbury Gap Rd / Warren Mountain Rd (the gap) &mdash; 1057 m as the crow flies, 13.1 min drive</li><li>Berlin Pond (state fishing access) &mdash; 2694 m as the crow flies, 39.8 min drive</li></ul><br/><b>Drive from inn:</b> 38.2 min<br/><b>Source:</b> <a href="https://dec.vermont.gov/sites/dec/files/wsm/mapp/docs/mp_UpperWinooskiWatershedFisheriesSummary_2017-12-15.pdf#page=7">VFWD 2017, Table 10 p.7</a><br/><b>Confidence:</b> high (VFWD 2017 Table 10)]]></description>
      <styleUrl>#pt-1565c0</styleUrl>
      <ExtendedData>
        <Data name="b1"><value>true</value></Data>
        <Data name="color"><value>#1565c0</value></Data>
        <Data name="confidence"><value>high</value></Data>
        <Data name="coord_source"><value>VFWD 2017 Table 10</value></Data>
        <Data name="drive_km"><value>35.6</value></Data>
        <Data name="drive_min"><value>38.2</value></Data>
        <Data name="drive_src"><value>OSRM</value></Data>
        <Data name="has_line"><value>true</value></Data>
        <Data name="huc10"><value>Dog River-Winooski River</value></Data>
        <Data name="id"><value>s-dog-river-mainstem</value></Data>
        <Data name="layer"><value>b1_water</value></Data>
        <Data name="name"><value>Dog River mainstem</value></Data>
        <Data name="notes"><value>Whole mainstem is B1 and managed as wild trout water; brookies only above Route 12A in Roxbury, mixed below, browns/rainbows dominate below Northfield Falls. Reduced-harvest regs on a 4.3-mile stretch in Berlin (verify current regs). Point is near the mouth.</value></Data>
        <Data name="private_flag"><value>false</value></Data>
        <Data name="source_label"><value>VFWD 2017, Table 10 p.7</value></Data>
        <Data name="source_ref"><value>Table 10 p.7; narrative p.13</value></Data>
        <Data name="source_url"><value>https://dec.vermont.gov/sites/dec/files/wsm/mapp/docs/mp_UpperWinooskiWatershedFisheriesSummary_2017-12-15.pdf#page=7</value></Data>
        <Data name="spawning_trib"><value>false</value></Data>
        <Data name="species"><value>BKT; BNT; RBT</value></Data>
        <Data name="species_key"><value>BKT+BNT+RBT</value></Data>
        <Data name="species_label"><value>brook + brown + rainbow</value></Data>
        <Data name="watershed"><value>Dog River</value></Data>
        <Data name="nearest_access"><value>Dog River Jacuzzi Natural Area - Berlin VFD lot (2095 VT-12) (69 m, 39.2 min); Roxbury Gap Rd / Warren Mountain Rd (the gap) (1057 m, 13.1 min); Berlin Pond (state fishing access) (2694 m, 39.8 min)</value></Data>
      </ExtendedData>
      <Point><coordinates>-72.599111,44.246156,0</coordinates></Point>
    </Placemark>
    <Placemark>
      <name>Felchner Brook</name>
      <description><![CDATA[<b>Species:</b> BKT &mdash; <b>B1</b><br/><b>Watershed:</b> Dog River<br/>Brookies only above the falls; browns join below.<br/><b>Nearest access:</b><ul><li>Roxbury Gap Rd / Warren Mountain Rd (the gap) &mdash; 3922 m as the crow flies, 13.1 min drive</li></ul><br/><b>Drive from inn:</b> 28.1 min<br/><b>Source:</b> <a href="https://dec.vermont.gov/sites/dec/files/wsm/mapp/docs/mp_UpperWinooskiWatershedFisheriesSummary_2017-12-15.pdf#page=7">VFWD 2017, Table 10 p.7</a><br/><b>Confidence:</b> high (VFWD 2017 Table 10)]]></description>
      <styleUrl>#pt-2e7d32</styleUrl>
      <ExtendedData>
        <Data name="b1"><value>true</value></Data>
        <Data name="color"><value>#2e7d32</value></Data>
        <Data name="confidence"><value>high</value></Data>
        <Data name="coord_source"><value>VFWD 2017 Table 10</value></Data>
        <Data name="drive_km"><value>22.4</value></Data>
        <Data name="drive_min"><value>28.1</value></Data>
        <Data name="drive_src"><value>OSRM</value></Data>
        <Data name="has_line"><value>true</value></Data>
        <Data name="huc10"><value>Dog River-Winooski River</value></Data>
        <Data name="id"><value>s-felchner-brook</value></Data>
        <Data name="layer"><value>b1_water</value></Data>
        <Data name="name"><value>Felchner Brook</value></Data>
        <Data name="notes"><value>Brookies only above the falls; browns join below.</value></Data>
        <Data name="private_flag"><value>false</value></Data>
        <Data name="source_label"><value>VFWD 2017, Table 10 p.7</value></Data>
        <Data name="source_ref"><value>Table 10 p.7; narrative p.13</value></Data>
        <Data name="source_url"><value>https://dec.vermont.gov/sites/dec/files/wsm/mapp/docs/mp_UpperWinooskiWatershedFisheriesSummary_2017-12-15.pdf#page=7</value></Data>
        <Data name="spawning_trib"><value>false</value></Data>
        <Data name="species"><value>BKT</value></Data>
        <Data name="species_key"><value>BKT</value></Data>
        <Data name="species_label"><value>brook trout only</value></Data>
        <Data name="watershed"><value>Dog River</value></Data>
        <Data name="nearest_access"><value>Roxbury Gap Rd / Warren Mountain Rd (the gap) (3922 m, 13.1 min)</value></Data>
      </ExtendedData>
      <Point><coordinates>-72.715756,44.125128,0</coordinates></Point>
    </Placemark>
    <Placemark>
      <name>Stony Brook (Roxbury)</name>
      <description><![CDATA[<b>Species:</b> BKT, BNT, RBT &mdash; <b>B1</b><br/><b>Watershed:</b> Dog River<br/>Wild trout; upper Dog River valley.<br/><b>Drive from inn:</b> 29.5 min<br/><b>Source:</b> <a href="https://dec.vermont.gov/sites/dec/files/wsm/mapp/docs/mp_UpperWinooskiWatershedFisheriesSummary_2017-12-15.pdf#page=7">VFWD 2017, Table 10 p.7</a><br/><b>Confidence:</b> high (VFWD 2017 Table 10)]]></description>
      <styleUrl>#pt-1565c0</styleUrl>
      <ExtendedData>
        <Data name="b1"><value>true</value></Data>
        <Data name="color"><value>#1565c0</value></Data>
        <Data name="confidence"><value>high</value></Data>
        <Data name="coord_source"><value>VFWD 2017 Table 10</value></Data>
        <Data name="drive_km"><value>24</value></Data>
        <Data name="drive_min"><value>29.5</value></Data>
        <Data name="drive_src"><value>OSRM</value></Data>
        <Data name="has_line"><value>true</value></Data>
        <Data name="huc10"><value>Dog River-Winooski River</value></Data>
        <Data name="id"><value>s-stony-brook-roxbury</value></Data>
        <Data name="layer"><value>b1_water</value></Data>
        <Data name="name"><value>Stony Brook (Roxbury)</value></Data>
        <Data name="notes"><value>Wild trout; upper Dog River valley.</value></Data>
        <Data name="private_flag"><value>false</value></Data>
        <Data name="source_label"><value>VFWD 2017, Table 10 p.7</value></Data>
        <Data name="source_ref"><value>Table 10 p.7; narrative p.13</value></Data>
        <Data name="source_url"><value>https://dec.vermont.gov/sites/dec/files/wsm/mapp/docs/mp_UpperWinooskiWatershedFisheriesSummary_2017-12-15.pdf#page=7</value></Data>
        <Data name="spawning_trib"><value>false</value></Data>
        <Data name="species"><value>BKT; BNT; RBT</value></Data>
        <Data name="species_key"><value>BKT+BNT+RBT</value></Data>
        <Data name="species_label"><value>brook + brown + rainbow</value></Data>
        <Data name="watershed"><value>Dog River</value></Data>
        <Data name="nearest_access"><value></value></Data>
      </ExtendedData>
      <Point><coordinates>-72.681664,44.119219,0</coordinates></Point>
    </Placemark>
    <Placemark>
      <name>Bull Run</name>
      <description><![CDATA[<b>Species:</b> BKT, BNT, RBT &mdash; <b>B1</b><br/><b>Watershed:</b> Dog River<br/>Wild brook, brown and rainbow trout.<br/><b>Drive from inn:</b> 28.1 min<br/><b>Source:</b> <a href="https://dec.vermont.gov/sites/dec/files/wsm/mapp/docs/mp_UpperWinooskiWatershedFisheriesSummary_2017-12-15.pdf#page=7">VFWD 2017, Table 10 p.7</a><br/><b>Confidence:</b> high (VFWD 2017 Table 10)]]></description>
      <styleUrl>#pt-1565c0</styleUrl>
      <ExtendedData>
        <Data name="b1"><value>true</value></Data>
        <Data name="color"><value>#1565c0</value></Data>
        <Data name="confidence"><value>high</value></Data>
        <Data name="coord_source"><value>VFWD 2017 Table 10</value></Data>
        <Data name="drive_km"><value>23.6</value></Data>
        <Data name="drive_min"><value>28.1</value></Data>
        <Data name="drive_src"><value>OSRM</value></Data>
        <Data name="has_line"><value>true</value></Data>
        <Data name="huc10"><value>Dog River-Winooski River</value></Data>
        <Data name="id"><value>s-bull-run</value></Data>
        <Data name="layer"><value>b1_water</value></Data>
        <Data name="name"><value>Bull Run</value></Data>
        <Data name="notes"><value>Wild brook, brown and rainbow trout.</value></Data>
        <Data name="private_flag"><value>false</value></Data>
        <Data name="source_label"><value>VFWD 2017, Table 10 p.7</value></Data>
        <Data name="source_ref"><value>Table 10 p.7; narrative p.13</value></Data>
        <Data name="source_url"><value>https://dec.vermont.gov/sites/dec/files/wsm/mapp/docs/mp_UpperWinooskiWatershedFisheriesSummary_2017-12-15.pdf#page=7</value></Data>
        <Data name="spawning_trib"><value>false</value></Data>
        <Data name="species"><value>BKT; BNT; RBT</value></Data>
        <Data name="species_key"><value>BKT+BNT+RBT</value></Data>
        <Data name="species_label"><value>brook + brown + rainbow</value></Data>
        <Data name="watershed"><value>Dog River</value></Data>
        <Data name="nearest_access"><value></value></Data>
      </ExtendedData>
      <Point><coordinates>-72.672956,44.117139,0</coordinates></Point>
    </Placemark>
    <Placemark>
      <name>Sunny Brook (Roxbury)</name>
      <description><![CDATA[<b>Species:</b> BKT, BNT, RBT &mdash; <b>B1</b><br/><b>Watershed:</b> Dog River<br/>Wild brook, brown and rainbow trout.<br/><b>Nearest access:</b><ul><li>Baker Pond (Brookfield) (state fishing access) &mdash; 152 m as the crow flies, 39.3 min drive</li></ul><br/><b>Drive from inn:</b> 30.9 min<br/><b>Source:</b> <a href="https://dec.vermont.gov/sites/dec/files/wsm/mapp/docs/mp_UpperWinooskiWatershedFisheriesSummary_2017-12-15.pdf#page=7">VFWD 2017, Table 10 p.7</a><br/><b>Confidence:</b> high (VFWD 2017 Table 10)]]></description>
      <styleUrl>#pt-1565c0</styleUrl>
      <ExtendedData>
        <Data name="b1"><value>true</value></Data>
        <Data name="color"><value>#1565c0</value></Data>
        <Data name="confidence"><value>high</value></Data>
        <Data name="coord_source"><value>VFWD 2017 Table 10</value></Data>
        <Data name="drive_km"><value>25.2</value></Data>
        <Data name="drive_min"><value>30.9</value></Data>
        <Data name="drive_src"><value>OSRM</value></Data>
        <Data name="has_line"><value>true</value></Data>
        <Data name="huc10"><value>Dog River-Winooski River</value></Data>
        <Data name="id"><value>s-sunny-brook-roxbury</value></Data>
        <Data name="layer"><value>b1_water</value></Data>
        <Data name="name"><value>Sunny Brook (Roxbury)</value></Data>
        <Data name="notes"><value>Wild brook, brown and rainbow trout.</value></Data>
        <Data name="private_flag"><value>false</value></Data>
        <Data name="source_label"><value>VFWD 2017, Table 10 p.7</value></Data>
        <Data name="source_ref"><value>Table 10 p.7; narrative p.13</value></Data>
        <Data name="source_url"><value>https://dec.vermont.gov/sites/dec/files/wsm/mapp/docs/mp_UpperWinooskiWatershedFisheriesSummary_2017-12-15.pdf#page=7</value></Data>
        <Data name="spawning_trib"><value>false</value></Data>
        <Data name="species"><value>BKT; BNT; RBT</value></Data>
        <Data name="species_key"><value>BKT+BNT+RBT</value></Data>
        <Data name="species_label"><value>brook + brown + rainbow</value></Data>
        <Data name="watershed"><value>Dog River</value></Data>
        <Data name="nearest_access"><value>Baker Pond (Brookfield) (state fishing access) (152 m, 39.3 min)</value></Data>
      </ExtendedData>
      <Point><coordinates>-72.658308,44.120875,0</coordinates></Point>
    </Placemark>
    <Placemark>
      <name>Robinson Brook</name>
      <description><![CDATA[<b>Species:</b> BKT, BNT, RBT &mdash; <b>B1</b><br/><b>Watershed:</b> Dog River<br/>Wild brook, brown and rainbow trout.<br/><b>Drive from inn:</b> 34.5 min<br/><b>Source:</b> <a href="https://dec.vermont.gov/sites/dec/files/wsm/mapp/docs/mp_UpperWinooskiWatershedFisheriesSummary_2017-12-15.pdf#page=7">VFWD 2017, Table 10 p.7</a><br/><b>Confidence:</b> high (VFWD 2017 Table 10)]]></description>
      <styleUrl>#pt-1565c0</styleUrl>
      <ExtendedData>
        <Data name="b1"><value>true</value></Data>
        <Data name="color"><value>#1565c0</value></Data>
        <Data name="confidence"><value>high</value></Data>
        <Data name="coord_source"><value>VFWD 2017 Table 10</value></Data>
        <Data name="drive_km"><value>26.9</value></Data>
        <Data name="drive_min"><value>34.5</value></Data>
        <Data name="drive_src"><value>OSRM</value></Data>
        <Data name="has_line"><value>true</value></Data>
        <Data name="huc10"><value>Dog River-Winooski River</value></Data>
        <Data name="id"><value>s-robinson-brook</value></Data>
        <Data name="layer"><value>b1_water</value></Data>
        <Data name="name"><value>Robinson Brook</value></Data>
        <Data name="notes"><value>Wild brook, brown and rainbow trout.</value></Data>
        <Data name="private_flag"><value>false</value></Data>
        <Data name="source_label"><value>VFWD 2017, Table 10 p.7</value></Data>
        <Data name="source_ref"><value>Table 10 p.7; narrative p.13</value></Data>
        <Data name="source_url"><value>https://dec.vermont.gov/sites/dec/files/wsm/mapp/docs/mp_UpperWinooskiWatershedFisheriesSummary_2017-12-15.pdf#page=7</value></Data>
        <Data name="spawning_trib"><value>false</value></Data>
        <Data name="species"><value>BKT; BNT; RBT</value></Data>
        <Data name="species_key"><value>BKT+BNT+RBT</value></Data>
        <Data name="species_label"><value>brook + brown + rainbow</value></Data>
        <Data name="watershed"><value>Dog River</value></Data>
        <Data name="nearest_access"><value></value></Data>
      </ExtendedData>
      <Point><coordinates>-72.642978,44.116064,0</coordinates></Point>
    </Placemark>
    <Placemark>
      <name>Union Brook</name>
      <description><![CDATA[<b>Species:</b> BKT &mdash; <b>B1</b><br/><b>Watershed:</b> Dog River<br/>Wild brook trout; Northfield.<br/><b>Drive from inn:</b> 38.6 min<br/><b>Source:</b> <a href="https://dec.vermont.gov/sites/dec/files/wsm/mapp/docs/mp_UpperWinooskiWatershedFisheriesSummary_2017-12-15.pdf#page=7">VFWD 2017, Table 10 p.7</a><br/><b>Confidence:</b> high (VFWD 2017 Table 10)]]></description>
      <styleUrl>#pt-2e7d32</styleUrl>
      <ExtendedData>
        <Data name="b1"><value>true</value></Data>
        <Data name="color"><value>#2e7d32</value></Data>
        <Data name="confidence"><value>high</value></Data>
        <Data name="coord_source"><value>VFWD 2017 Table 10</value></Data>
        <Data name="drive_km"><value>29.7</value></Data>
        <Data name="drive_min"><value>38.6</value></Data>
        <Data name="drive_src"><value>OSRM</value></Data>
        <Data name="has_line"><value>true</value></Data>
        <Data name="huc10"><value>Dog River-Winooski River</value></Data>
        <Data name="id"><value>s-union-brook</value></Data>
        <Data name="layer"><value>b1_water</value></Data>
        <Data name="name"><value>Union Brook</value></Data>
        <Data name="notes"><value>Wild brook trout; Northfield.</value></Data>
        <Data name="private_flag"><value>false</value></Data>
        <Data name="source_label"><value>VFWD 2017, Table 10 p.7</value></Data>
        <Data name="source_ref"><value>Table 10 p.7; narrative p.13</value></Data>
        <Data name="source_url"><value>https://dec.vermont.gov/sites/dec/files/wsm/mapp/docs/mp_UpperWinooskiWatershedFisheriesSummary_2017-12-15.pdf#page=7</value></Data>
        <Data name="spawning_trib"><value>false</value></Data>
        <Data name="species"><value>BKT</value></Data>
        <Data name="species_key"><value>BKT</value></Data>
        <Data name="species_label"><value>brook trout only</value></Data>
        <Data name="watershed"><value>Dog River</value></Data>
        <Data name="nearest_access"><value></value></Data>
      </ExtendedData>
      <Point><coordinates>-72.677042,44.157722,0</coordinates></Point>
    </Placemark>
    <Placemark>
      <name>Chase Brook (Dog River)</name>
      <description><![CDATA[<b>Species:</b> BKT, BNT, RBT &mdash; <b>B1</b><br/><b>Watershed:</b> Dog River<br/>Managed as rainbow spawning water; closed to fishing until June 1 under special regs (verify current regs). Not the Fayston Chase Brook.<br/><b>Nearest access:</b><ul><li>Dog River Jacuzzi Natural Area - Berlin VFD lot (2095 VT-12) &mdash; 691 m as the crow flies, 39.2 min drive</li></ul><br/><b>Drive from inn:</b> 40.9 min<br/><b>Source:</b> <a href="https://dec.vermont.gov/sites/dec/files/wsm/mapp/docs/mp_UpperWinooskiWatershedFisheriesSummary_2017-12-15.pdf#page=7">VFWD 2017, Table 10 p.7</a><br/><b>Confidence:</b> high (VFWD 2017 Table 10)]]></description>
      <styleUrl>#pt-1565c0</styleUrl>
      <ExtendedData>
        <Data name="b1"><value>true</value></Data>
        <Data name="color"><value>#1565c0</value></Data>
        <Data name="confidence"><value>high</value></Data>
        <Data name="coord_source"><value>VFWD 2017 Table 10</value></Data>
        <Data name="drive_km"><value>30.4</value></Data>
        <Data name="drive_min"><value>40.9</value></Data>
        <Data name="drive_src"><value>OSRM</value></Data>
        <Data name="has_line"><value>true</value></Data>
        <Data name="huc10"><value>Dog River-Winooski River</value></Data>
        <Data name="id"><value>s-chase-brook-dog-river</value></Data>
        <Data name="layer"><value>b1_water</value></Data>
        <Data name="name"><value>Chase Brook (Dog River)</value></Data>
        <Data name="notes"><value>Managed as rainbow spawning water; closed to fishing until June 1 under special regs (verify current regs). Not the Fayston Chase Brook.</value></Data>
        <Data name="private_flag"><value>false</value></Data>
        <Data name="source_label"><value>VFWD 2017, Table 10 p.7</value></Data>
        <Data name="source_ref"><value>Table 10 p.7; narrative p.13-14</value></Data>
        <Data name="source_url"><value>https://dec.vermont.gov/sites/dec/files/wsm/mapp/docs/mp_UpperWinooskiWatershedFisheriesSummary_2017-12-15.pdf#page=7</value></Data>
        <Data name="spawning_trib"><value>true</value></Data>
        <Data name="species"><value>BKT; BNT; RBT</value></Data>
        <Data name="species_key"><value>BKT+BNT+RBT</value></Data>
        <Data name="species_label"><value>brook + brown + rainbow</value></Data>
        <Data name="watershed"><value>Dog River</value></Data>
        <Data name="nearest_access"><value>Dog River Jacuzzi Natural Area - Berlin VFD lot (2095 VT-12) (691 m, 39.2 min)</value></Data>
      </ExtendedData>
      <Point><coordinates>-72.636622,44.206727,0</coordinates></Point>
    </Placemark>
    <Placemark>
      <name>Mad River (above Warren Village)</name>
      <description><![CDATA[<b>Species:</b> BKT &mdash; <b>B1</b><br/><b>Watershed:</b> Mad River<br/>REPORT COORDINATE PROBLEM: Table 11 gives 44.175722, -72.661631, which lands in the Dog River valley about 10 miles east — almost certainly a transcription error. Plotted at Warren village instead; say this in the popup. Report: the upper Mad above Warren Village has excellent high-gradient forested habitat and some of the highest trout numbers in the watershed, mostly wild brookies with occasional rainbows, managed for wild trout. Below Warren, warmer water and habitat limit trout to big pools and tributary mouths; rainbows stocked from Warren to the Moretown 8 dam; dams in Warren and Moretown fragment habitat.<br/><b>Nearest access:</b><ul><li>Warren village - covered bridge / Main St &mdash; 31 m as the crow flies, 13.8 min drive</li><li>Warren Falls lot (3919 Rte 100) &mdash; 38 m as the crow flies, 15.9 min drive</li><li>Moss Glen Falls pull-off (Granville Gulf, Rte 100) &mdash; 2316 m as the crow flies, 25.8 min drive</li></ul><br/><b>Drive from inn:</b> 13.6 min<br/><b>Source:</b> <a href="https://dec.vermont.gov/sites/dec/files/wsm/mapp/docs/mp_UpperWinooskiWatershedFisheriesSummary_2017-12-15.pdf#page=7">VFWD 2017, Table 11 p.7</a><br/><b>Confidence:</b> low (Google Places (Warren village) — report coordinate rejected)]]></description>
      <styleUrl>#pt-2e7d32</styleUrl>
      <ExtendedData>
        <Data name="b1"><value>true</value></Data>
        <Data name="color"><value>#2e7d32</value></Data>
        <Data name="confidence"><value>low</value></Data>
        <Data name="coord_source"><value>Google Places (Warren village) — report coordinate rejected</value></Data>
        <Data name="drive_km"><value>10.9</value></Data>
        <Data name="drive_min"><value>13.6</value></Data>
        <Data name="drive_src"><value>OSRM</value></Data>
        <Data name="has_line"><value>true</value></Data>
        <Data name="huc10"><value>Mad River</value></Data>
        <Data name="id"><value>s-mad-river-above-warren-village</value></Data>
        <Data name="layer"><value>b1_water</value></Data>
        <Data name="name"><value>Mad River (above Warren Village)</value></Data>
        <Data name="notes"><value>REPORT COORDINATE PROBLEM: Table 11 gives 44.175722, -72.661631, which lands in the Dog River valley about 10 miles east — almost certainly a transcription error. Plotted at Warren village instead; say this in the popup. Report: the upper Mad above Warren Village has excellent high-gradient forested habitat and some of the highest trout numbers in the watershed, mostly wild brookies with occasional rainbows, managed for wild trout. Below Warren, warmer water and habitat limit trout to big pools and tributary mouths; rainbows stocked from Warren to the Moretown 8 dam; dams in Warren and Moretown fragment habitat.</value></Data>
        <Data name="private_flag"><value>false</value></Data>
        <Data name="source_label"><value>VFWD 2017, Table 11 p.7</value></Data>
        <Data name="source_ref"><value>Table 11 p.7; narrative p.14-15</value></Data>
        <Data name="source_url"><value>https://dec.vermont.gov/sites/dec/files/wsm/mapp/docs/mp_UpperWinooskiWatershedFisheriesSummary_2017-12-15.pdf#page=7</value></Data>
        <Data name="spawning_trib"><value>false</value></Data>
        <Data name="species"><value>BKT</value></Data>
        <Data name="species_key"><value>BKT</value></Data>
        <Data name="species_label"><value>brook trout only</value></Data>
        <Data name="watershed"><value>Mad River</value></Data>
        <Data name="nearest_access"><value>Warren village - covered bridge / Main St (31 m, 13.8 min); Warren Falls lot (3919 Rte 100) (38 m, 15.9 min); Moss Glen Falls pull-off (Granville Gulf, Rte 100) (2316 m, 25.8 min)</value></Data>
      </ExtendedData>
      <Point><coordinates>-72.855947,44.112005,0</coordinates></Point>
    </Placemark>
    <Placemark>
      <name>Bradley Brook</name>
      <description><![CDATA[<b>Species:</b> BKT &mdash; <b>B1</b><br/><b>Watershed:</b> Mad River<br/>Wild brook trout; enters the Mad near Warren village.<br/><b>Nearest access:</b><ul><li>Warren village - covered bridge / Main St &mdash; 838 m as the crow flies, 13.8 min drive</li><li>Sugarbush - Lincoln Peak base lots (Gate House Ln) &mdash; 1576 m as the crow flies, 21.7 min drive</li><li>Riverside Park (Warren, Rte 100) &mdash; 2034 m as the crow flies, 10.6 min drive</li></ul><br/><b>Drive from inn:</b> 12.9 min<br/><b>Source:</b> <a href="https://dec.vermont.gov/sites/dec/files/wsm/mapp/docs/mp_UpperWinooskiWatershedFisheriesSummary_2017-12-15.pdf#page=7">VFWD 2017, Table 11 p.7</a><br/><b>Confidence:</b> high (VFWD 2017 Table 11)]]></description>
      <styleUrl>#pt-2e7d32</styleUrl>
      <ExtendedData>
        <Data name="b1"><value>true</value></Data>
        <Data name="color"><value>#2e7d32</value></Data>
        <Data name="confidence"><value>high</value></Data>
        <Data name="coord_source"><value>VFWD 2017 Table 11</value></Data>
        <Data name="drive_km"><value>9</value></Data>
        <Data name="drive_min"><value>12.9</value></Data>
        <Data name="drive_src"><value>OSRM</value></Data>
        <Data name="has_line"><value>true</value></Data>
        <Data name="huc10"><value>Mad River</value></Data>
        <Data name="id"><value>s-bradley-brook</value></Data>
        <Data name="layer"><value>b1_water</value></Data>
        <Data name="name"><value>Bradley Brook</value></Data>
        <Data name="notes"><value>Wild brook trout; enters the Mad near Warren village.</value></Data>
        <Data name="private_flag"><value>false</value></Data>
        <Data name="source_label"><value>VFWD 2017, Table 11 p.7</value></Data>
        <Data name="source_ref"><value>Table 11 p.7; narrative p.15</value></Data>
        <Data name="source_url"><value>https://dec.vermont.gov/sites/dec/files/wsm/mapp/docs/mp_UpperWinooskiWatershedFisheriesSummary_2017-12-15.pdf#page=7</value></Data>
        <Data name="spawning_trib"><value>false</value></Data>
        <Data name="species"><value>BKT</value></Data>
        <Data name="species_key"><value>BKT</value></Data>
        <Data name="species_label"><value>brook trout only</value></Data>
        <Data name="watershed"><value>Mad River</value></Data>
        <Data name="nearest_access"><value>Warren village - covered bridge / Main St (838 m, 13.8 min); Sugarbush - Lincoln Peak base lots (Gate House Ln) (1576 m, 21.7 min); Riverside Park (Warren, Rte 100) (2034 m, 10.6 min)</value></Data>
      </ExtendedData>
      <Point><coordinates>-72.857950,44.119490,0</coordinates></Point>
    </Placemark>
    <Placemark>
      <name>Clay Brook</name>
      <description><![CDATA[<b>Species:</b> BKT &mdash; <b>B1</b><br/><b>Watershed:</b> Mad River<br/>Wild brook trout. Crashed after a 1998 flood, recovered by 2000, then over 1,000 trout/mile every year 2001-2016 (had once been listed as impaired). Point is up near the Sugarbush base; brook follows Sugarbush Access Rd.<br/><b>Nearest access:</b><ul><li>Sugarbush - Lincoln Peak base lots (Gate House Ln) &mdash; 96 m as the crow flies, 21.7 min drive</li><li>Riverside Park (Warren, Rte 100) &mdash; 125 m as the crow flies, 10.6 min drive</li><li>Kingsbury Greenway - Wabanaki Conservation Area parking (500 Rte 100) &mdash; 415 m as the crow flies, 10.4 min drive</li></ul><br/><b>Drive from inn:</b> 20.9 min<br/><b>Source:</b> <a href="https://dec.vermont.gov/sites/dec/files/wsm/mapp/docs/mp_UpperWinooskiWatershedFisheriesSummary_2017-12-15.pdf#page=7">VFWD 2017, Table 11 p.7</a><br/><b>Confidence:</b> high (VFWD 2017 Table 11)]]></description>
      <styleUrl>#pt-2e7d32</styleUrl>
      <ExtendedData>
        <Data name="b1"><value>true</value></Data>
        <Data name="color"><value>#2e7d32</value></Data>
        <Data name="confidence"><value>high</value></Data>
        <Data name="coord_source"><value>VFWD 2017 Table 11</value></Data>
        <Data name="drive_km"><value>11.8</value></Data>
        <Data name="drive_min"><value>20.9</value></Data>
        <Data name="drive_src"><value>OSRM</value></Data>
        <Data name="has_line"><value>true</value></Data>
        <Data name="huc10"><value>Mad River</value></Data>
        <Data name="id"><value>s-clay-brook</value></Data>
        <Data name="layer"><value>b1_water</value></Data>
        <Data name="name"><value>Clay Brook</value></Data>
        <Data name="notes"><value>Wild brook trout. Crashed after a 1998 flood, recovered by 2000, then over 1,000 trout/mile every year 2001-2016 (had once been listed as impaired). Point is up near the Sugarbush base; brook follows Sugarbush Access Rd.</value></Data>
        <Data name="private_flag"><value>false</value></Data>
        <Data name="source_label"><value>VFWD 2017, Table 11 p.7</value></Data>
        <Data name="source_ref"><value>Table 11 p.7; narrative p.15</value></Data>
        <Data name="source_url"><value>https://dec.vermont.gov/sites/dec/files/wsm/mapp/docs/mp_UpperWinooskiWatershedFisheriesSummary_2017-12-15.pdf#page=7</value></Data>
        <Data name="spawning_trib"><value>false</value></Data>
        <Data name="species"><value>BKT</value></Data>
        <Data name="species_key"><value>BKT</value></Data>
        <Data name="species_label"><value>brook trout only</value></Data>
        <Data name="watershed"><value>Mad River</value></Data>
        <Data name="nearest_access"><value>Sugarbush - Lincoln Peak base lots (Gate House Ln) (96 m, 21.7 min); Riverside Park (Warren, Rte 100) (125 m, 10.6 min); Kingsbury Greenway - Wabanaki Conservation Area parking (500 Rte 100) (415 m, 10.4 min)</value></Data>
      </ExtendedData>
      <Point><coordinates>-72.895369,44.135150,0</coordinates></Point>
    </Placemark>
    <Placemark>
      <name>Rice Brook</name>
      <description><![CDATA[<b>Species:</b> BKT &mdash; <b>B1</b><br/><b>Watershed:</b> Mad River<br/>Wild brook trout; Sugarbush area.<br/><b>Nearest access:</b><ul><li>Sugarbush - Lincoln Peak base lots (Gate House Ln) &mdash; 858 m as the crow flies, 21.7 min drive</li><li>Riverside Park (Warren, Rte 100) &mdash; 2709 m as the crow flies, 10.6 min drive</li><li>Kingsbury Greenway - Wabanaki Conservation Area parking (500 Rte 100) &mdash; 2805 m as the crow flies, 10.4 min drive</li></ul><br/><b>Drive from inn:</b> 18.2 min<br/><b>Source:</b> <a href="https://dec.vermont.gov/sites/dec/files/wsm/mapp/docs/mp_UpperWinooskiWatershedFisheriesSummary_2017-12-15.pdf#page=7">VFWD 2017, Table 11 p.7</a><br/><b>Confidence:</b> high (VFWD 2017 Table 11)]]></description>
      <styleUrl>#pt-2e7d32</styleUrl>
      <ExtendedData>
        <Data name="b1"><value>true</value></Data>
        <Data name="color"><value>#2e7d32</value></Data>
        <Data name="confidence"><value>high</value></Data>
        <Data name="coord_source"><value>VFWD 2017 Table 11</value></Data>
        <Data name="drive_km"><value>11.5</value></Data>
        <Data name="drive_min"><value>18.2</value></Data>
        <Data name="drive_src"><value>OSRM</value></Data>
        <Data name="has_line"><value>true</value></Data>
        <Data name="huc10"><value>Mad River</value></Data>
        <Data name="id"><value>s-rice-brook</value></Data>
        <Data name="layer"><value>b1_water</value></Data>
        <Data name="name"><value>Rice Brook</value></Data>
        <Data name="notes"><value>Wild brook trout; Sugarbush area.</value></Data>
        <Data name="private_flag"><value>false</value></Data>
        <Data name="source_label"><value>VFWD 2017, Table 11 p.7</value></Data>
        <Data name="source_ref"><value>Table 11 p.7; narrative p.15</value></Data>
        <Data name="source_url"><value>https://dec.vermont.gov/sites/dec/files/wsm/mapp/docs/mp_UpperWinooskiWatershedFisheriesSummary_2017-12-15.pdf#page=7</value></Data>
        <Data name="spawning_trib"><value>false</value></Data>
        <Data name="species"><value>BKT</value></Data>
        <Data name="species_key"><value>BKT</value></Data>
        <Data name="species_label"><value>brook trout only</value></Data>
        <Data name="watershed"><value>Mad River</value></Data>
        <Data name="nearest_access"><value>Sugarbush - Lincoln Peak base lots (Gate House Ln) (858 m, 21.7 min); Riverside Park (Warren, Rte 100) (2709 m, 10.6 min); Kingsbury Greenway - Wabanaki Conservation Area parking (500 Rte 100) (2805 m, 10.4 min)</value></Data>
      </ExtendedData>
      <Point><coordinates>-72.891653,44.138231,0</coordinates></Point>
    </Placemark>
    <Placemark>
      <name>Mill Brook (Fayston)</name>
      <description><![CDATA[<b>Species:</b> BKT, RBT &mdash; <b>B1</b><br/><b>Watershed:</b> Mad River<br/>Wild brook and rainbow trout; parallels Route 17 toward Mad River Glen.<br/><b>Nearest access:</b><ul><li>Phen Basin Trailhead (Battleground Rd, Fayston) &mdash; 20 m as the crow flies, 13.4 min drive</li><li>Appalachian Gap - Long Trail parking (Rte 17) &mdash; 132 m as the crow flies, 18.5 min drive</li><li>Mad River Path - Millbrook Trailhead (Harris Hill Rd) &mdash; 415 m as the crow flies, 11.2 min drive</li></ul><br/><b>Drive from inn:</b> 12.1 min<br/><b>Source:</b> <a href="https://dec.vermont.gov/sites/dec/files/wsm/mapp/docs/mp_UpperWinooskiWatershedFisheriesSummary_2017-12-15.pdf#page=7">VFWD 2017, Table 11 p.7</a><br/><b>Confidence:</b> high (VFWD 2017 Table 11)]]></description>
      <styleUrl>#pt-00897b</styleUrl>
      <ExtendedData>
        <Data name="b1"><value>true</value></Data>
        <Data name="color"><value>#00897b</value></Data>
        <Data name="confidence"><value>high</value></Data>
        <Data name="coord_source"><value>VFWD 2017 Table 11</value></Data>
        <Data name="drive_km"><value>9.1</value></Data>
        <Data name="drive_min"><value>12.1</value></Data>
        <Data name="drive_src"><value>OSRM</value></Data>
        <Data name="has_line"><value>true</value></Data>
        <Data name="huc10"><value>Mad River</value></Data>
        <Data name="id"><value>s-mill-brook-fayston</value></Data>
        <Data name="layer"><value>b1_water</value></Data>
        <Data name="name"><value>Mill Brook (Fayston)</value></Data>
        <Data name="notes"><value>Wild brook and rainbow trout; parallels Route 17 toward Mad River Glen.</value></Data>
        <Data name="private_flag"><value>false</value></Data>
        <Data name="source_label"><value>VFWD 2017, Table 11 p.7</value></Data>
        <Data name="source_ref"><value>Table 11 p.7; narrative p.15</value></Data>
        <Data name="source_url"><value>https://dec.vermont.gov/sites/dec/files/wsm/mapp/docs/mp_UpperWinooskiWatershedFisheriesSummary_2017-12-15.pdf#page=7</value></Data>
        <Data name="spawning_trib"><value>false</value></Data>
        <Data name="species"><value>BKT; RBT</value></Data>
        <Data name="species_key"><value>BKT+RBT</value></Data>
        <Data name="species_label"><value>brook + rainbow</value></Data>
        <Data name="watershed"><value>Mad River</value></Data>
        <Data name="nearest_access"><value>Phen Basin Trailhead (Battleground Rd, Fayston) (20 m, 13.4 min); Appalachian Gap - Long Trail parking (Rte 17) (132 m, 18.5 min); Mad River Path - Millbrook Trailhead (Harris Hill Rd) (415 m, 11.2 min)</value></Data>
      </ExtendedData>
      <Point><coordinates>-72.889842,44.194164,0</coordinates></Point>
    </Placemark>
    <Placemark>
      <name>Chase Brook (Fayston)</name>
      <description><![CDATA[<b>Species:</b> BKT &mdash; <b>B1</b><br/><b>Watershed:</b> Mad River<br/>Wild brook trout; German Flats Rd area / Chase Brook Town Forest. Not the Dog River Chase Brook.<br/><b>Nearest access:</b><ul><li>Fayston Elementary School lot (German Flats Rd) &mdash; 95 m as the crow flies, 12.4 min drive</li><li>Sugarbush - Mt Ellen base (Mt Ellen Rd / German Flats Rd) &mdash; 95 m as the crow flies, 15.5 min drive</li><li>Mad River Path - Millbrook Trailhead (Harris Hill Rd) &mdash; 314 m as the crow flies, 11.2 min drive</li></ul><br/><b>Drive from inn:</b> 12 min<br/><b>Source:</b> <a href="https://dec.vermont.gov/sites/dec/files/wsm/mapp/docs/mp_UpperWinooskiWatershedFisheriesSummary_2017-12-15.pdf#page=7">VFWD 2017, Table 11 p.7</a><br/><b>Confidence:</b> high (VFWD 2017 Table 11)]]></description>
      <styleUrl>#pt-2e7d32</styleUrl>
      <ExtendedData>
        <Data name="b1"><value>true</value></Data>
        <Data name="color"><value>#2e7d32</value></Data>
        <Data name="confidence"><value>high</value></Data>
        <Data name="coord_source"><value>VFWD 2017 Table 11</value></Data>
        <Data name="drive_km"><value>8.6</value></Data>
        <Data name="drive_min"><value>12</value></Data>
        <Data name="drive_src"><value>OSRM</value></Data>
        <Data name="has_line"><value>true</value></Data>
        <Data name="huc10"><value>Mad River</value></Data>
        <Data name="id"><value>s-chase-brook-fayston</value></Data>
        <Data name="layer"><value>b1_water</value></Data>
        <Data name="name"><value>Chase Brook (Fayston)</value></Data>
        <Data name="notes"><value>Wild brook trout; German Flats Rd area / Chase Brook Town Forest. Not the Dog River Chase Brook.</value></Data>
        <Data name="private_flag"><value>false</value></Data>
        <Data name="source_label"><value>VFWD 2017, Table 11 p.7</value></Data>
        <Data name="source_ref"><value>Table 11 p.7; narrative p.15</value></Data>
        <Data name="source_url"><value>https://dec.vermont.gov/sites/dec/files/wsm/mapp/docs/mp_UpperWinooskiWatershedFisheriesSummary_2017-12-15.pdf#page=7</value></Data>
        <Data name="spawning_trib"><value>false</value></Data>
        <Data name="species"><value>BKT</value></Data>
        <Data name="species_key"><value>BKT</value></Data>
        <Data name="species_label"><value>brook trout only</value></Data>
        <Data name="watershed"><value>Mad River</value></Data>
        <Data name="nearest_access"><value>Fayston Elementary School lot (German Flats Rd) (95 m, 12.4 min); Sugarbush - Mt Ellen base (Mt Ellen Rd / German Flats Rd) (95 m, 15.5 min); Mad River Path - Millbrook Trailhead (Harris Hill Rd) (314 m, 11.2 min)</value></Data>
      </ExtendedData>
      <Point><coordinates>-72.884308,44.178856,0</coordinates></Point>
    </Placemark>
    <Placemark>
      <name>Slide Brook</name>
      <description><![CDATA[<b>Species:</b> BKT &mdash; <b>B1</b><br/><b>Watershed:</b> Mad River<br/>Wild brook trout; the basin between Lincoln Peak and Mt Ellen.<br/><b>Nearest access:</b><ul><li>Sugarbush - Mt Ellen base (Mt Ellen Rd / German Flats Rd) &mdash; 1263 m as the crow flies, 15.5 min drive</li><li>Fayston Elementary School lot (German Flats Rd) &mdash; 196 m as the crow flies, 12.4 min drive</li><li>Mad River Path - Millbrook Trailhead (Harris Hill Rd) &mdash; 774 m as the crow flies, 11.2 min drive</li></ul><br/><b>Drive from inn:</b> 14.4 min<br/><b>Source:</b> <a href="https://dec.vermont.gov/sites/dec/files/wsm/mapp/docs/mp_UpperWinooskiWatershedFisheriesSummary_2017-12-15.pdf#page=7">VFWD 2017, Table 11 p.7</a><br/><b>Confidence:</b> high (VFWD 2017 Table 11)]]></description>
      <styleUrl>#pt-2e7d32</styleUrl>
      <ExtendedData>
        <Data name="b1"><value>true</value></Data>
        <Data name="color"><value>#2e7d32</value></Data>
        <Data name="confidence"><value>high</value></Data>
        <Data name="coord_source"><value>VFWD 2017 Table 11</value></Data>
        <Data name="drive_km"><value>10.2</value></Data>
        <Data name="drive_min"><value>14.4</value></Data>
        <Data name="drive_src"><value>OSRM</value></Data>
        <Data name="has_line"><value>true</value></Data>
        <Data name="huc10"><value>Mad River</value></Data>
        <Data name="id"><value>s-slide-brook</value></Data>
        <Data name="layer"><value>b1_water</value></Data>
        <Data name="name"><value>Slide Brook</value></Data>
        <Data name="notes"><value>Wild brook trout; the basin between Lincoln Peak and Mt Ellen.</value></Data>
        <Data name="private_flag"><value>false</value></Data>
        <Data name="source_label"><value>VFWD 2017, Table 11 p.7</value></Data>
        <Data name="source_ref"><value>Table 11 p.7; narrative p.15</value></Data>
        <Data name="source_url"><value>https://dec.vermont.gov/sites/dec/files/wsm/mapp/docs/mp_UpperWinooskiWatershedFisheriesSummary_2017-12-15.pdf#page=7</value></Data>
        <Data name="spawning_trib"><value>false</value></Data>
        <Data name="species"><value>BKT</value></Data>
        <Data name="species_key"><value>BKT</value></Data>
        <Data name="species_label"><value>brook trout only</value></Data>
        <Data name="watershed"><value>Mad River</value></Data>
        <Data name="nearest_access"><value>Sugarbush - Mt Ellen base (Mt Ellen Rd / German Flats Rd) (1263 m, 15.5 min); Fayston Elementary School lot (German Flats Rd) (196 m, 12.4 min); Mad River Path - Millbrook Trailhead (Harris Hill Rd) (774 m, 11.2 min)</value></Data>
      </ExtendedData>
      <Point><coordinates>-72.887525,44.167197,0</coordinates></Point>
    </Placemark>
    <Placemark>
      <name>Shepard Brook</name>
      <description><![CDATA[<b>Species:</b> BKT, BNT, RBT &mdash; <b>B1</b><br/><b>Watershed:</b> Mad River<br/>Wild brook, brown and rainbow trout; northern Fayston, enters the Mad between Waitsfield and Moretown. Upper brook is crossed by the Hedgehog Brook Trail at the Big Basin Rd trailhead.<br/><b>Nearest access:</b><ul><li>Hedgehog Brook Trailhead (end of Big Basin Rd, North Fayston) &mdash; 73 m as the crow flies, 27.9 min drive</li><li>Mad River Greenway - Meadow Rd trailhead (Waitsfield) &mdash; 842 m as the crow flies, 8.8 min drive</li><li>Mad River Greenway - Tremblay Rd parking (Waitsfield) &mdash; 2973 m as the crow flies, 6.5 min drive</li></ul><br/><b>Drive from inn:</b> 16.2 min<br/><b>Source:</b> <a href="https://dec.vermont.gov/sites/dec/files/wsm/mapp/docs/mp_UpperWinooskiWatershedFisheriesSummary_2017-12-15.pdf#page=7">VFWD 2017, Table 11 p.7</a><br/><b>Confidence:</b> high (VFWD 2017 Table 11)]]></description>
      <styleUrl>#pt-1565c0</styleUrl>
      <ExtendedData>
        <Data name="b1"><value>true</value></Data>
        <Data name="color"><value>#1565c0</value></Data>
        <Data name="confidence"><value>high</value></Data>
        <Data name="coord_source"><value>VFWD 2017 Table 11</value></Data>
        <Data name="drive_km"><value>10.6</value></Data>
        <Data name="drive_min"><value>16.2</value></Data>
        <Data name="drive_src"><value>OSRM</value></Data>
        <Data name="has_line"><value>true</value></Data>
        <Data name="huc10"><value>Mad River</value></Data>
        <Data name="id"><value>s-shepard-brook</value></Data>
        <Data name="layer"><value>b1_water</value></Data>
        <Data name="name"><value>Shepard Brook</value></Data>
        <Data name="notes"><value>Wild brook, brown and rainbow trout; northern Fayston, enters the Mad between Waitsfield and Moretown. Upper brook is crossed by the Hedgehog Brook Trail at the Big Basin Rd trailhead.</value></Data>
        <Data name="private_flag"><value>false</value></Data>
        <Data name="source_label"><value>VFWD 2017, Table 11 p.7</value></Data>
        <Data name="source_ref"><value>Table 11 p.7; narrative p.15</value></Data>
        <Data name="source_url"><value>https://dec.vermont.gov/sites/dec/files/wsm/mapp/docs/mp_UpperWinooskiWatershedFisheriesSummary_2017-12-15.pdf#page=7</value></Data>
        <Data name="spawning_trib"><value>false</value></Data>
        <Data name="species"><value>BKT; BNT; RBT</value></Data>
        <Data name="species_key"><value>BKT+BNT+RBT</value></Data>
        <Data name="species_label"><value>brook + brown + rainbow</value></Data>
        <Data name="watershed"><value>Mad River</value></Data>
        <Data name="nearest_access"><value>Hedgehog Brook Trailhead (end of Big Basin Rd, North Fayston) (73 m, 27.9 min); Mad River Greenway - Meadow Rd trailhead (Waitsfield) (842 m, 8.8 min); Mad River Greenway - Tremblay Rd parking (Waitsfield) (2973 m, 6.5 min)</value></Data>
      </ExtendedData>
      <Point><coordinates>-72.821114,44.236758,0</coordinates></Point>
    </Placemark>
    <Placemark>
      <name>Dowsville Brook</name>
      <description><![CDATA[<b>Species:</b> BKT, BNT, RBT &mdash; <b>B1</b><br/><b>Watershed:</b> Mad River<br/>Wild brook, brown and rainbow trout; Duxbury/Moretown, along Dowsville Rd.<br/><b>Nearest access:</b><ul><li>Mad River Greenway - Meadow Rd trailhead (Waitsfield) &mdash; 2852 m as the crow flies, 8.8 min drive</li></ul><br/><b>Drive from inn:</b> 18.5 min<br/><b>Source:</b> <a href="https://dec.vermont.gov/sites/dec/files/wsm/mapp/docs/mp_UpperWinooskiWatershedFisheriesSummary_2017-12-15.pdf#page=7">VFWD 2017, Table 11 p.7</a><br/><b>Confidence:</b> high (VFWD 2017 Table 11)]]></description>
      <styleUrl>#pt-1565c0</styleUrl>
      <ExtendedData>
        <Data name="b1"><value>true</value></Data>
        <Data name="color"><value>#1565c0</value></Data>
        <Data name="confidence"><value>high</value></Data>
        <Data name="coord_source"><value>VFWD 2017 Table 11</value></Data>
        <Data name="drive_km"><value>15.5</value></Data>
        <Data name="drive_min"><value>18.5</value></Data>
        <Data name="drive_src"><value>OSRM</value></Data>
        <Data name="has_line"><value>true</value></Data>
        <Data name="huc10"><value>Mad River</value></Data>
        <Data name="id"><value>s-dowsville-brook</value></Data>
        <Data name="layer"><value>b1_water</value></Data>
        <Data name="name"><value>Dowsville Brook</value></Data>
        <Data name="notes"><value>Wild brook, brown and rainbow trout; Duxbury/Moretown, along Dowsville Rd.</value></Data>
        <Data name="private_flag"><value>false</value></Data>
        <Data name="source_label"><value>VFWD 2017, Table 11 p.7</value></Data>
        <Data name="source_ref"><value>Table 11 p.7; narrative p.15</value></Data>
        <Data name="source_url"><value>https://dec.vermont.gov/sites/dec/files/wsm/mapp/docs/mp_UpperWinooskiWatershedFisheriesSummary_2017-12-15.pdf#page=7</value></Data>
        <Data name="spawning_trib"><value>false</value></Data>
        <Data name="species"><value>BKT; BNT; RBT</value></Data>
        <Data name="species_key"><value>BKT+BNT+RBT</value></Data>
        <Data name="species_label"><value>brook + brown + rainbow</value></Data>
        <Data name="watershed"><value>Mad River</value></Data>
        <Data name="nearest_access"><value>Mad River Greenway - Meadow Rd trailhead (Waitsfield) (2852 m, 8.8 min)</value></Data>
      </ExtendedData>
      <Point><coordinates>-72.824189,44.273039,0</coordinates></Point>
    </Placemark>
    <Placemark>
      <name>Little River - West Branch</name>
      <description><![CDATA[<b>Species:</b> BKT &mdash; <b>B1</b><br/><b>Watershed:</b> Little River<br/>Brookies above the Ranch Brook confluence, brook + brown below; Stowe Mountain Resort withdraws water for snowmaking.<br/><b>Drive from inn:</b> 57.6 min<br/><b>Source:</b> <a href="https://dec.vermont.gov/sites/dec/files/wsm/mapp/docs/mp_UpperWinooskiWatershedFisheriesSummary_2017-12-15.pdf#page=7">VFWD 2017, Table 12 p.7</a><br/><b>Confidence:</b> high (VFWD 2017 Table 12)]]></description>
      <styleUrl>#pt-2e7d32</styleUrl>
      <ExtendedData>
        <Data name="b1"><value>true</value></Data>
        <Data name="color"><value>#2e7d32</value></Data>
        <Data name="confidence"><value>high</value></Data>
        <Data name="coord_source"><value>VFWD 2017 Table 12</value></Data>
        <Data name="drive_km"><value>49</value></Data>
        <Data name="drive_min"><value>57.6</value></Data>
        <Data name="drive_src"><value>OSRM</value></Data>
        <Data name="has_line"><value>true</value></Data>
        <Data name="huc10"><value>Little River-Winooski River</value></Data>
        <Data name="id"><value>s-little-river-west-branch</value></Data>
        <Data name="layer"><value>b1_water</value></Data>
        <Data name="name"><value>Little River - West Branch</value></Data>
        <Data name="notes"><value>Brookies above the Ranch Brook confluence, brook + brown below; Stowe Mountain Resort withdraws water for snowmaking.</value></Data>
        <Data name="private_flag"><value>false</value></Data>
        <Data name="source_label"><value>VFWD 2017, Table 12 p.7</value></Data>
        <Data name="source_ref"><value>Table 12 p.7; narrative p.16</value></Data>
        <Data name="source_url"><value>https://dec.vermont.gov/sites/dec/files/wsm/mapp/docs/mp_UpperWinooskiWatershedFisheriesSummary_2017-12-15.pdf#page=7</value></Data>
        <Data name="spawning_trib"><value>false</value></Data>
        <Data name="species"><value>BKT</value></Data>
        <Data name="species_key"><value>BKT</value></Data>
        <Data name="species_label"><value>brook trout only</value></Data>
        <Data name="watershed"><value>Little River</value></Data>
        <Data name="nearest_access"><value></value></Data>
      </ExtendedData>
      <Point><coordinates>-72.774686,44.523892,0</coordinates></Point>
    </Placemark>
    <Placemark>
      <name>Ranch Brook</name>
      <description><![CDATA[<b>Species:</b> BKT &mdash; <b>B1</b><br/><b>Watershed:</b> Little River<br/>Wild brook trout.<br/><b>Drive from inn:</b> 54.7 min<br/><b>Source:</b> <a href="https://dec.vermont.gov/sites/dec/files/wsm/mapp/docs/mp_UpperWinooskiWatershedFisheriesSummary_2017-12-15.pdf#page=7">VFWD 2017, Table 12 p.7</a><br/><b>Confidence:</b> high (VFWD 2017 Table 12)]]></description>
      <styleUrl>#pt-2e7d32</styleUrl>
      <ExtendedData>
        <Data name="b1"><value>true</value></Data>
        <Data name="color"><value>#2e7d32</value></Data>
        <Data name="confidence"><value>high</value></Data>
        <Data name="coord_source"><value>VFWD 2017 Table 12</value></Data>
        <Data name="drive_km"><value>46.3</value></Data>
        <Data name="drive_min"><value>54.7</value></Data>
        <Data name="drive_src"><value>OSRM</value></Data>
        <Data name="has_line"><value>true</value></Data>
        <Data name="huc10"><value>Little River-Winooski River</value></Data>
        <Data name="id"><value>s-ranch-brook</value></Data>
        <Data name="layer"><value>b1_water</value></Data>
        <Data name="name"><value>Ranch Brook</value></Data>
        <Data name="notes"><value>Wild brook trout.</value></Data>
        <Data name="private_flag"><value>false</value></Data>
        <Data name="source_label"><value>VFWD 2017, Table 12 p.7</value></Data>
        <Data name="source_ref"><value>Table 12 p.7; narrative p.16</value></Data>
        <Data name="source_url"><value>https://dec.vermont.gov/sites/dec/files/wsm/mapp/docs/mp_UpperWinooskiWatershedFisheriesSummary_2017-12-15.pdf#page=7</value></Data>
        <Data name="spawning_trib"><value>false</value></Data>
        <Data name="species"><value>BKT</value></Data>
        <Data name="species_key"><value>BKT</value></Data>
        <Data name="species_label"><value>brook trout only</value></Data>
        <Data name="watershed"><value>Little River</value></Data>
        <Data name="nearest_access"><value></value></Data>
      </ExtendedData>
      <Point><coordinates>-72.758717,44.502097,0</coordinates></Point>
    </Placemark>
  </Folder>
  <Folder>
    <name>Other tributaries (narrative only)</name>
    <Placemark>
      <name>Austin Brook</name>
      <description><![CDATA[<b>Species:</b> BKT, RBT<br/><b>Watershed:</b> Mad River<br/>Wild brook and rainbow trout (report gives no coordinate). Headwater brook off Route 100 south of Warren; the USFS Austin Brook Trail follows Forest Road 25 up the brook for about 2 miles.<br/><b>Nearest access:</b><ul><li>Austin Brook Trail / Forest Road 25 gate &mdash; 0 m as the crow flies, 19.8 min drive</li><li>Blueberry Lake Trails parking (1825 Plunkton Rd, East Warren) &mdash; 2315 m as the crow flies, 16.6 min drive</li></ul><br/><b>Drive from inn:</b> 21.4 min<br/><b>Source:</b> <a href="https://dec.vermont.gov/sites/dec/files/wsm/mapp/docs/mp_UpperWinooskiWatershedFisheriesSummary_2017-12-15.pdf#page=15">VFWD 2017, narrative p.15</a><br/><b>Confidence:</b> medium (Google Places 2026-09-23)]]></description>
      <styleUrl>#pt-00897b-hollow</styleUrl>
      <ExtendedData>
        <Data name="b1"><value>false</value></Data>
        <Data name="color"><value>#00897b</value></Data>
        <Data name="confidence"><value>medium</value></Data>
        <Data name="coord_source"><value>Google Places 2026-09-23</value></Data>
        <Data name="drive_km"><value>16</value></Data>
        <Data name="drive_min"><value>21.4</value></Data>
        <Data name="drive_src"><value>OSRM</value></Data>
        <Data name="has_line"><value>true</value></Data>
        <Data name="huc10"><value>Mad River</value></Data>
        <Data name="id"><value>s-austin-brook</value></Data>
        <Data name="layer"><value>narrative_only</value></Data>
        <Data name="name"><value>Austin Brook</value></Data>
        <Data name="notes"><value>Wild brook and rainbow trout (report gives no coordinate). Headwater brook off Route 100 south of Warren; the USFS Austin Brook Trail follows Forest Road 25 up the brook for about 2 miles.</value></Data>
        <Data name="private_flag"><value>false</value></Data>
        <Data name="source_label"><value>VFWD 2017, narrative p.15</value></Data>
        <Data name="source_ref"><value>narrative p.15</value></Data>
        <Data name="source_url"><value>https://dec.vermont.gov/sites/dec/files/wsm/mapp/docs/mp_UpperWinooskiWatershedFisheriesSummary_2017-12-15.pdf#page=15</value></Data>
        <Data name="spawning_trib"><value>false</value></Data>
        <Data name="species"><value>BKT; RBT</value></Data>
        <Data name="species_key"><value>BKT+RBT</value></Data>
        <Data name="species_label"><value>brook + rainbow</value></Data>
        <Data name="watershed"><value>Mad River</value></Data>
        <Data name="nearest_access"><value>Austin Brook Trail / Forest Road 25 gate (0 m, 19.8 min); Blueberry Lake Trails parking (1825 Plunkton Rd, East Warren) (2315 m, 16.6 min)</value></Data>
      </ExtendedData>
      <Point><coordinates>-72.872728,44.055903,0</coordinates></Point>
    </Placemark>
    <Placemark>
      <name>Stetson Brook</name>
      <description><![CDATA[<b>Species:</b> BKT, RBT<br/><b>Watershed:</b> Mad River<br/>Wild brook and rainbow trout. Joins the Mad near Austin Brook (Warren/Granville).<br/><b>Nearest access:</b><ul><li>Austin Brook Trail / Forest Road 25 gate &mdash; 1565 m as the crow flies, 19.8 min drive</li><li>Warren Falls lot (3919 Rte 100) &mdash; 1675 m as the crow flies, 15.9 min drive</li><li>Blueberry Lake Trails parking (1825 Plunkton Rd, East Warren) &mdash; 1698 m as the crow flies, 16.6 min drive</li></ul><br/><b>Drive from inn:</b> 17.4 min<br/><b>Source:</b> <a href="https://dec.vermont.gov/sites/dec/files/wsm/mapp/docs/mp_UpperWinooskiWatershedFisheriesSummary_2017-12-15.pdf#page=15">VFWD 2017, narrative p.15</a><br/><b>Confidence:</b> low (geocoded 2026-09-24: VHD line, downstream end (no Nominatim hit))]]></description>
      <styleUrl>#pt-00897b-hollow</styleUrl>
      <ExtendedData>
        <Data name="b1"><value>false</value></Data>
        <Data name="color"><value>#00897b</value></Data>
        <Data name="confidence"><value>low</value></Data>
        <Data name="coord_source"><value>geocoded 2026-09-24: VHD line, downstream end (no Nominatim hit)</value></Data>
        <Data name="drive_km"><value>13.2</value></Data>
        <Data name="drive_min"><value>17.4</value></Data>
        <Data name="drive_src"><value>OSRM</value></Data>
        <Data name="has_line"><value>true</value></Data>
        <Data name="huc10"><value>Mad River</value></Data>
        <Data name="id"><value>s-stetson-brook</value></Data>
        <Data name="layer"><value>narrative_only</value></Data>
        <Data name="name"><value>Stetson Brook</value></Data>
        <Data name="notes"><value>Wild brook and rainbow trout. Joins the Mad near Austin Brook (Warren/Granville).</value></Data>
        <Data name="private_flag"><value>false</value></Data>
        <Data name="source_label"><value>VFWD 2017, narrative p.15</value></Data>
        <Data name="source_ref"><value>narrative p.15</value></Data>
        <Data name="source_url"><value>https://dec.vermont.gov/sites/dec/files/wsm/mapp/docs/mp_UpperWinooskiWatershedFisheriesSummary_2017-12-15.pdf#page=15</value></Data>
        <Data name="spawning_trib"><value>false</value></Data>
        <Data name="species"><value>BKT; RBT</value></Data>
        <Data name="species_key"><value>BKT+RBT</value></Data>
        <Data name="species_label"><value>brook + rainbow</value></Data>
        <Data name="watershed"><value>Mad River</value></Data>
        <Data name="nearest_access"><value>Austin Brook Trail / Forest Road 25 gate (1565 m, 19.8 min); Warren Falls lot (3919 Rte 100) (1675 m, 15.9 min); Blueberry Lake Trails parking (1825 Plunkton Rd, East Warren) (1698 m, 16.6 min)</value></Data>
      </ExtendedData>
      <Point><coordinates>-72.859153,44.080840,0</coordinates></Point>
    </Placemark>
    <Placemark>
      <name>Freeman Brook</name>
      <description><![CDATA[<b>Species:</b> BKT, RBT<br/><b>Watershed:</b> Mad River<br/>Wild brook and rainbow trout. East side of the valley, closest brook to the inn. A Google review says 'Private' — access unknown, ask first.<br/><b>Nearest access:</b><ul><li>Warren village - covered bridge / Main St &mdash; 342 m as the crow flies, 13.8 min drive</li><li>Warren Falls lot (3919 Rte 100) &mdash; 2174 m as the crow flies, 15.9 min drive</li><li>Blueberry Lake Trails parking (1825 Plunkton Rd, East Warren) &mdash; 2175 m as the crow flies, 16.6 min drive</li></ul><br/><b>Drive from inn:</b> 10.6 min<br/><b>Source:</b> <a href="https://dec.vermont.gov/sites/dec/files/wsm/mapp/docs/mp_UpperWinooskiWatershedFisheriesSummary_2017-12-15.pdf#page=15">VFWD 2017, narrative p.15</a><br/><b>Confidence:</b> medium (Google Places 2026-09-23)]]></description>
      <styleUrl>#pt-00897b-hollow</styleUrl>
      <ExtendedData>
        <Data name="b1"><value>false</value></Data>
        <Data name="color"><value>#00897b</value></Data>
        <Data name="confidence"><value>medium</value></Data>
        <Data name="coord_source"><value>Google Places 2026-09-23</value></Data>
        <Data name="drive_km"><value>8.7</value></Data>
        <Data name="drive_min"><value>10.6</value></Data>
        <Data name="drive_src"><value>OSRM</value></Data>
        <Data name="has_line"><value>true</value></Data>
        <Data name="huc10"><value>Mad River</value></Data>
        <Data name="id"><value>s-freeman-brook</value></Data>
        <Data name="layer"><value>narrative_only</value></Data>
        <Data name="name"><value>Freeman Brook</value></Data>
        <Data name="notes"><value>Wild brook and rainbow trout. East side of the valley, closest brook to the inn. A Google review says 'Private' — access unknown, ask first.</value></Data>
        <Data name="private_flag"><value>true</value></Data>
        <Data name="source_label"><value>VFWD 2017, narrative p.15</value></Data>
        <Data name="source_ref"><value>narrative p.15</value></Data>
        <Data name="source_url"><value>https://dec.vermont.gov/sites/dec/files/wsm/mapp/docs/mp_UpperWinooskiWatershedFisheriesSummary_2017-12-15.pdf#page=15</value></Data>
        <Data name="spawning_trib"><value>false</value></Data>
        <Data name="species"><value>BKT; RBT</value></Data>
        <Data name="species_key"><value>BKT+RBT</value></Data>
        <Data name="species_label"><value>brook + rainbow</value></Data>
        <Data name="watershed"><value>Mad River</value></Data>
        <Data name="nearest_access"><value>Warren village - covered bridge / Main St (342 m, 13.8 min); Warren Falls lot (3919 Rte 100) (2174 m, 15.9 min); Blueberry Lake Trails parking (1825 Plunkton Rd, East Warren) (2175 m, 16.6 min)</value></Data>
      </ExtendedData>
      <Point><coordinates>-72.832765,44.103507,0</coordinates></Point>
    </Placemark>
    <Placemark>
      <name>Lincoln Brook</name>
      <description><![CDATA[<b>Species:</b> BKT<br/><b>Watershed:</b> Mad River<br/>Wild brook trout. Follows Lincoln Gap Rd (unpaved near the top, closed in winter). 2019 culvert replacement on Lincoln Gap Rd reconnected headwater habitat (Valley Reporter 2019-06-28, https://www.valleyreporter.com/index.php/news/local-news/13423-mad-river-watching-and-fishing).<br/><b>Nearest access:</b><ul><li>Lincoln Gap - Long Trail trailhead &mdash; 760 m as the crow flies, 23.2 min drive</li><li>Warren Falls lot (3919 Rte 100) &mdash; 847 m as the crow flies, 15.9 min drive</li><li>Warren village - covered bridge / Main St &mdash; 919 m as the crow flies, 13.8 min drive</li></ul><br/><b>Drive from inn:</b> 21.5 min<br/><b>Source:</b> <a href="https://dec.vermont.gov/sites/dec/files/wsm/mapp/docs/mp_UpperWinooskiWatershedFisheriesSummary_2017-12-15.pdf#page=15">VFWD 2017, narrative p.15</a><br/><b>Confidence:</b> medium (Google Places 2026-09-23)]]></description>
      <styleUrl>#pt-2e7d32-hollow</styleUrl>
      <ExtendedData>
        <Data name="b1"><value>false</value></Data>
        <Data name="color"><value>#2e7d32</value></Data>
        <Data name="confidence"><value>medium</value></Data>
        <Data name="coord_source"><value>Google Places 2026-09-23</value></Data>
        <Data name="drive_km"><value>15.1</value></Data>
        <Data name="drive_min"><value>21.5</value></Data>
        <Data name="drive_src"><value>OSRM</value></Data>
        <Data name="has_line"><value>true</value></Data>
        <Data name="huc10"><value>Mad River</value></Data>
        <Data name="id"><value>s-lincoln-brook</value></Data>
        <Data name="layer"><value>narrative_only</value></Data>
        <Data name="name"><value>Lincoln Brook</value></Data>
        <Data name="notes"><value>Wild brook trout. Follows Lincoln Gap Rd (unpaved near the top, closed in winter). 2019 culvert replacement on Lincoln Gap Rd reconnected headwater habitat (Valley Reporter 2019-06-28, https://www.valleyreporter.com/index.php/news/local-news/13423-mad-river-watching-and-fishing).</value></Data>
        <Data name="private_flag"><value>false</value></Data>
        <Data name="source_label"><value>VFWD 2017, narrative p.15</value></Data>
        <Data name="source_ref"><value>narrative p.15</value></Data>
        <Data name="source_url"><value>https://dec.vermont.gov/sites/dec/files/wsm/mapp/docs/mp_UpperWinooskiWatershedFisheriesSummary_2017-12-15.pdf#page=15</value></Data>
        <Data name="spawning_trib"><value>false</value></Data>
        <Data name="species"><value>BKT</value></Data>
        <Data name="species_key"><value>BKT</value></Data>
        <Data name="species_label"><value>brook trout only</value></Data>
        <Data name="watershed"><value>Mad River</value></Data>
        <Data name="nearest_access"><value>Lincoln Gap - Long Trail trailhead (760 m, 23.2 min); Warren Falls lot (3919 Rte 100) (847 m, 15.9 min); Warren village - covered bridge / Main St (919 m, 13.8 min)</value></Data>
      </ExtendedData>
      <Point><coordinates>-72.912037,44.091263,0</coordinates></Point>
    </Placemark>
    <Placemark>
      <name>Folsom Brook</name>
      <description><![CDATA[<b>Species:</b> BKT, BNT, RBT<br/><b>Watershed:</b> Mad River<br/>Wild brook, brown and rainbow trout; Waitsfield, east side.<br/><b>Nearest access:</b><ul><li>Kingsbury Greenway - Wabanaki Conservation Area parking (500 Rte 100) &mdash; 1471 m as the crow flies, 10.4 min drive</li><li>Riverside Park (Warren, Rte 100) &mdash; 1917 m as the crow flies, 10.6 min drive</li><li>Roxbury Gap Rd / Warren Mountain Rd (the gap) &mdash; 1955 m as the crow flies, 13.1 min drive</li></ul><br/><b>Drive from inn:</b> 10.2 min<br/><b>Source:</b> <a href="https://dec.vermont.gov/sites/dec/files/wsm/mapp/docs/mp_UpperWinooskiWatershedFisheriesSummary_2017-12-15.pdf#page=15">VFWD 2017, narrative p.15</a><br/><b>Confidence:</b> low (geocoded 2026-09-24: VHD line, downstream end (Nominatim OSM waterway agrees))]]></description>
      <styleUrl>#pt-1565c0-hollow</styleUrl>
      <ExtendedData>
        <Data name="b1"><value>false</value></Data>
        <Data name="color"><value>#1565c0</value></Data>
        <Data name="confidence"><value>low</value></Data>
        <Data name="coord_source"><value>geocoded 2026-09-24: VHD line, downstream end (Nominatim OSM waterway agrees)</value></Data>
        <Data name="drive_km"><value>7</value></Data>
        <Data name="drive_min"><value>10.2</value></Data>
        <Data name="drive_src"><value>OSRM</value></Data>
        <Data name="has_line"><value>true</value></Data>
        <Data name="huc10"><value>Mad River</value></Data>
        <Data name="id"><value>s-folsom-brook</value></Data>
        <Data name="layer"><value>narrative_only</value></Data>
        <Data name="name"><value>Folsom Brook</value></Data>
        <Data name="notes"><value>Wild brook, brown and rainbow trout; Waitsfield, east side.</value></Data>
        <Data name="private_flag"><value>false</value></Data>
        <Data name="source_label"><value>VFWD 2017, narrative p.15</value></Data>
        <Data name="source_ref"><value>narrative p.15</value></Data>
        <Data name="source_url"><value>https://dec.vermont.gov/sites/dec/files/wsm/mapp/docs/mp_UpperWinooskiWatershedFisheriesSummary_2017-12-15.pdf#page=15</value></Data>
        <Data name="spawning_trib"><value>false</value></Data>
        <Data name="species"><value>BKT; BNT; RBT</value></Data>
        <Data name="species_key"><value>BKT+BNT+RBT</value></Data>
        <Data name="species_label"><value>brook + brown + rainbow</value></Data>
        <Data name="watershed"><value>Mad River</value></Data>
        <Data name="nearest_access"><value>Kingsbury Greenway - Wabanaki Conservation Area parking (500 Rte 100) (1471 m, 10.4 min); Riverside Park (Warren, Rte 100) (1917 m, 10.6 min); Roxbury Gap Rd / Warren Mountain Rd (the gap) (1955 m, 13.1 min)</value></Data>
      </ExtendedData>
      <Point><coordinates>-72.789600,44.127713,0</coordinates></Point>
    </Placemark>
    <Placemark>
      <name>High Bridge Brook</name>
      <description><![CDATA[<b>Species:</b> BKT, BNT, RBT<br/><b>Watershed:</b> Mad River<br/>Wild brook, brown and rainbow trout; last surveyed 1959.<br/><b>Nearest access:</b><ul><li>Waitsfield covered bridge / Bridge St (Great Eddy) &mdash; 372 m as the crow flies, 3.6 min drive</li><li>Lareau swimming hole (Rte 100, Waitsfield) &mdash; 1690 m as the crow flies, 7.8 min drive</li><li>Mad River Greenway - Tremblay Rd parking (Waitsfield) &mdash; 1960 m as the crow flies, 6.5 min drive</li></ul><br/><b>Drive from inn:</b> 10.1 min<br/><b>Source:</b> <a href="https://dec.vermont.gov/sites/dec/files/wsm/mapp/docs/mp_UpperWinooskiWatershedFisheriesSummary_2017-12-15.pdf#page=15">VFWD 2017, narrative p.15</a><br/><b>Confidence:</b> low (geocoded 2026-09-24: VHD line, downstream end (Nominatim OSM waterway agrees))]]></description>
      <styleUrl>#pt-1565c0-hollow</styleUrl>
      <ExtendedData>
        <Data name="b1"><value>false</value></Data>
        <Data name="color"><value>#1565c0</value></Data>
        <Data name="confidence"><value>low</value></Data>
        <Data name="coord_source"><value>geocoded 2026-09-24: VHD line, downstream end (Nominatim OSM waterway agrees)</value></Data>
        <Data name="drive_km"><value>6.3</value></Data>
        <Data name="drive_min"><value>10.1</value></Data>
        <Data name="drive_src"><value>OSRM</value></Data>
        <Data name="has_line"><value>true</value></Data>
        <Data name="huc10"><value>Mad River</value></Data>
        <Data name="id"><value>s-high-bridge-brook</value></Data>
        <Data name="layer"><value>narrative_only</value></Data>
        <Data name="name"><value>High Bridge Brook</value></Data>
        <Data name="notes"><value>Wild brook, brown and rainbow trout; last surveyed 1959.</value></Data>
        <Data name="private_flag"><value>false</value></Data>
        <Data name="source_label"><value>VFWD 2017, narrative p.15</value></Data>
        <Data name="source_ref"><value>narrative p.15</value></Data>
        <Data name="source_url"><value>https://dec.vermont.gov/sites/dec/files/wsm/mapp/docs/mp_UpperWinooskiWatershedFisheriesSummary_2017-12-15.pdf#page=15</value></Data>
        <Data name="spawning_trib"><value>false</value></Data>
        <Data name="species"><value>BKT; BNT; RBT</value></Data>
        <Data name="species_key"><value>BKT+BNT+RBT</value></Data>
        <Data name="species_label"><value>brook + brown + rainbow</value></Data>
        <Data name="watershed"><value>Mad River</value></Data>
        <Data name="nearest_access"><value>Waitsfield covered bridge / Bridge St (Great Eddy) (372 m, 3.6 min); Lareau swimming hole (Rte 100, Waitsfield) (1690 m, 7.8 min); Mad River Greenway - Tremblay Rd parking (Waitsfield) (1960 m, 6.5 min)</value></Data>
      </ExtendedData>
      <Point><coordinates>-72.778510,44.176296,0</coordinates></Point>
    </Placemark>
    <Placemark>
      <name>Pine Brook</name>
      <description><![CDATA[<b>Species:</b> BKT, RBT<br/><b>Watershed:</b> Mad River<br/>Brookies, with rainbows in the lower reaches; last surveyed 1959. Waitsfield, east side.<br/><b>Nearest access:</b><ul><li>Mad River Greenway - Tremblay Rd parking (Waitsfield) &mdash; 1022 m as the crow flies, 6.5 min drive</li><li>Mad River Greenway - Meadow Rd trailhead (Waitsfield) &mdash; 1470 m as the crow flies, 8.8 min drive</li></ul><br/><b>Drive from inn:</b> 12.6 min<br/><b>Source:</b> <a href="https://dec.vermont.gov/sites/dec/files/wsm/mapp/docs/mp_UpperWinooskiWatershedFisheriesSummary_2017-12-15.pdf#page=15">VFWD 2017, narrative p.15</a><br/><b>Confidence:</b> low (geocoded 2026-09-24: VHD line, downstream end (Nominatim OSM waterway agrees))]]></description>
      <styleUrl>#pt-00897b-hollow</styleUrl>
      <ExtendedData>
        <Data name="b1"><value>false</value></Data>
        <Data name="color"><value>#00897b</value></Data>
        <Data name="confidence"><value>low</value></Data>
        <Data name="coord_source"><value>geocoded 2026-09-24: VHD line, downstream end (Nominatim OSM waterway agrees)</value></Data>
        <Data name="drive_km"><value>7.4</value></Data>
        <Data name="drive_min"><value>12.6</value></Data>
        <Data name="drive_src"><value>OSRM</value></Data>
        <Data name="has_line"><value>true</value></Data>
        <Data name="huc10"><value>Mad River</value></Data>
        <Data name="id"><value>s-pine-brook</value></Data>
        <Data name="layer"><value>narrative_only</value></Data>
        <Data name="name"><value>Pine Brook</value></Data>
        <Data name="notes"><value>Brookies, with rainbows in the lower reaches; last surveyed 1959. Waitsfield, east side.</value></Data>
        <Data name="private_flag"><value>false</value></Data>
        <Data name="source_label"><value>VFWD 2017, narrative p.15</value></Data>
        <Data name="source_ref"><value>narrative p.15</value></Data>
        <Data name="source_url"><value>https://dec.vermont.gov/sites/dec/files/wsm/mapp/docs/mp_UpperWinooskiWatershedFisheriesSummary_2017-12-15.pdf#page=15</value></Data>
        <Data name="spawning_trib"><value>false</value></Data>
        <Data name="species"><value>BKT; RBT</value></Data>
        <Data name="species_key"><value>BKT+RBT</value></Data>
        <Data name="species_label"><value>brook + rainbow</value></Data>
        <Data name="watershed"><value>Mad River</value></Data>
        <Data name="nearest_access"><value>Mad River Greenway - Tremblay Rd parking (Waitsfield) (1022 m, 6.5 min); Mad River Greenway - Meadow Rd trailhead (Waitsfield) (1470 m, 8.8 min)</value></Data>
      </ExtendedData>
      <Point><coordinates>-72.775716,44.161712,0</coordinates></Point>
    </Placemark>
    <Placemark>
      <name>Welder Brook</name>
      <description><![CDATA[<b>Species:</b> BKT<br/><b>Watershed:</b> Mad River<br/>Wild brook trout.<br/><b>Nearest access:</b><ul><li>Ward (state fishing access) &mdash; 2668 m as the crow flies, 20.3 min drive</li></ul><br/><b>Drive from inn:</b> 18.9 min<br/><b>Source:</b> <a href="https://dec.vermont.gov/sites/dec/files/wsm/mapp/docs/mp_UpperWinooskiWatershedFisheriesSummary_2017-12-15.pdf#page=15">VFWD 2017, narrative p.15</a><br/><b>Confidence:</b> low (geocoded 2026-09-24: VHD line, downstream end (no Nominatim hit))]]></description>
      <styleUrl>#pt-2e7d32-hollow</styleUrl>
      <ExtendedData>
        <Data name="b1"><value>false</value></Data>
        <Data name="color"><value>#2e7d32</value></Data>
        <Data name="confidence"><value>low</value></Data>
        <Data name="coord_source"><value>geocoded 2026-09-24: VHD line, downstream end (no Nominatim hit)</value></Data>
        <Data name="drive_km"><value>16.1</value></Data>
        <Data name="drive_min"><value>18.9</value></Data>
        <Data name="drive_src"><value>OSRM</value></Data>
        <Data name="has_line"><value>true</value></Data>
        <Data name="huc10"><value>Mad River</value></Data>
        <Data name="id"><value>s-welder-brook</value></Data>
        <Data name="layer"><value>narrative_only</value></Data>
        <Data name="name"><value>Welder Brook</value></Data>
        <Data name="notes"><value>Wild brook trout.</value></Data>
        <Data name="private_flag"><value>false</value></Data>
        <Data name="source_label"><value>VFWD 2017, narrative p.15</value></Data>
        <Data name="source_ref"><value>narrative p.15</value></Data>
        <Data name="source_url"><value>https://dec.vermont.gov/sites/dec/files/wsm/mapp/docs/mp_UpperWinooskiWatershedFisheriesSummary_2017-12-15.pdf#page=15</value></Data>
        <Data name="spawning_trib"><value>false</value></Data>
        <Data name="species"><value>BKT</value></Data>
        <Data name="species_key"><value>BKT</value></Data>
        <Data name="species_label"><value>brook trout only</value></Data>
        <Data name="watershed"><value>Mad River</value></Data>
        <Data name="nearest_access"><value>Ward (state fishing access) (2668 m, 20.3 min)</value></Data>
      </ExtendedData>
      <Point><coordinates>-72.800323,44.287302,0</coordinates></Point>
    </Placemark>
    <Placemark>
      <name>Mills Brook</name>
      <description><![CDATA[<b>Species:</b> no data<br/><b>Watershed:</b> Mad River<br/>Listed in the report with no VFWD data. Blueberry Lake in East Warren is a dam on Mills Brook, so the outlet brook starts at the lake; the lake itself gets stocked brook trout (report p.8, USFS access). Move the pin to the outlet below the dam.<br/><b>Nearest access:</b><ul><li>Blueberry Lake Trails parking (1825 Plunkton Rd, East Warren) &mdash; 0 m as the crow flies, 16.6 min drive</li><li>Austin Brook Trail / Forest Road 25 gate &mdash; 1262 m as the crow flies, 19.8 min drive</li><li>Warren Falls lot (3919 Rte 100) &mdash; 2177 m as the crow flies, 15.9 min drive</li></ul><br/><b>Drive from inn:</b> 16.6 min<br/><b>Source:</b> <a href="https://dec.vermont.gov/sites/dec/files/wsm/mapp/docs/mp_UpperWinooskiWatershedFisheriesSummary_2017-12-15.pdf#page=15">VFWD 2017, narrative p.15</a><br/><b>Confidence:</b> low (Google Places (Blueberry Lake parking) 2026-09-24)]]></description>
      <styleUrl>#pt-9e9e9e-hollow</styleUrl>
      <ExtendedData>
        <Data name="b1"><value>false</value></Data>
        <Data name="color"><value>#9e9e9e</value></Data>
        <Data name="confidence"><value>low</value></Data>
        <Data name="coord_source"><value>Google Places (Blueberry Lake parking) 2026-09-24</value></Data>
        <Data name="drive_km"><value>10.7</value></Data>
        <Data name="drive_min"><value>16.6</value></Data>
        <Data name="drive_src"><value>OSRM</value></Data>
        <Data name="has_line"><value>true</value></Data>
        <Data name="huc10"><value>Mad River</value></Data>
        <Data name="id"><value>s-mills-brook</value></Data>
        <Data name="layer"><value>narrative_only</value></Data>
        <Data name="name"><value>Mills Brook</value></Data>
        <Data name="notes"><value>Listed in the report with no VFWD data. Blueberry Lake in East Warren is a dam on Mills Brook, so the outlet brook starts at the lake; the lake itself gets stocked brook trout (report p.8, USFS access). Move the pin to the outlet below the dam.</value></Data>
        <Data name="private_flag"><value>false</value></Data>
        <Data name="source_label"><value>VFWD 2017, narrative p.15</value></Data>
        <Data name="source_ref"><value>narrative p.15</value></Data>
        <Data name="source_url"><value>https://dec.vermont.gov/sites/dec/files/wsm/mapp/docs/mp_UpperWinooskiWatershedFisheriesSummary_2017-12-15.pdf#page=15</value></Data>
        <Data name="spawning_trib"><value>false</value></Data>
        <Data name="species"><value></value></Data>
        <Data name="species_key"><value>no data</value></Data>
        <Data name="species_label"><value>no survey data</value></Data>
        <Data name="watershed"><value>Mad River</value></Data>
        <Data name="nearest_access"><value>Blueberry Lake Trails parking (1825 Plunkton Rd, East Warren) (0 m, 16.6 min); Austin Brook Trail / Forest Road 25 gate (1262 m, 19.8 min); Warren Falls lot (3919 Rte 100) (2177 m, 15.9 min)</value></Data>
      </ExtendedData>
      <Point><coordinates>-72.837881,44.080122,0</coordinates></Point>
    </Placemark>
    <Placemark>
      <name>Cox Brook</name>
      <description><![CDATA[<b>Species:</b> BKT, RBT<br/><b>Watershed:</b> Dog River<br/>Wild brook and rainbow trout; a dam above the mouth was removed in 2008 for fish passage.<br/><b>Drive from inn:</b> 20.2 min<br/><b>Source:</b> <a href="https://dec.vermont.gov/sites/dec/files/wsm/mapp/docs/mp_UpperWinooskiWatershedFisheriesSummary_2017-12-15.pdf#page=13">VFWD 2017, narrative p.13</a><br/><b>Confidence:</b> low (geocoded 2026-09-24: VHD line, downstream end (Nominatim OSM waterway agrees))]]></description>
      <styleUrl>#pt-00897b-hollow</styleUrl>
      <ExtendedData>
        <Data name="b1"><value>false</value></Data>
        <Data name="color"><value>#00897b</value></Data>
        <Data name="confidence"><value>low</value></Data>
        <Data name="coord_source"><value>geocoded 2026-09-24: VHD line, downstream end (Nominatim OSM waterway agrees)</value></Data>
        <Data name="drive_km"><value>16</value></Data>
        <Data name="drive_min"><value>20.2</value></Data>
        <Data name="drive_src"><value>OSRM</value></Data>
        <Data name="has_line"><value>true</value></Data>
        <Data name="huc10"><value>Dog River-Winooski River</value></Data>
        <Data name="id"><value>s-cox-brook</value></Data>
        <Data name="layer"><value>narrative_only</value></Data>
        <Data name="name"><value>Cox Brook</value></Data>
        <Data name="notes"><value>Wild brook and rainbow trout; a dam above the mouth was removed in 2008 for fish passage.</value></Data>
        <Data name="private_flag"><value>false</value></Data>
        <Data name="source_label"><value>VFWD 2017, narrative p.13</value></Data>
        <Data name="source_ref"><value>narrative p.13</value></Data>
        <Data name="source_url"><value>https://dec.vermont.gov/sites/dec/files/wsm/mapp/docs/mp_UpperWinooskiWatershedFisheriesSummary_2017-12-15.pdf#page=13</value></Data>
        <Data name="spawning_trib"><value>false</value></Data>
        <Data name="species"><value>BKT; RBT</value></Data>
        <Data name="species_key"><value>BKT+RBT</value></Data>
        <Data name="species_label"><value>brook + rainbow</value></Data>
        <Data name="watershed"><value>Dog River</value></Data>
        <Data name="nearest_access"><value></value></Data>
      </ExtendedData>
      <Point><coordinates>-72.716007,44.234920,0</coordinates></Point>
    </Placemark>
  </Folder>
  <Folder>
    <name>Access and parking</name>
    <Placemark>
      <name>Lincoln Gap - Long Trail trailhead</name>
      <description><![CDATA[<b>Type:</b> trailhead<br/><b>Parking:</b> Small lots at the top of Lincoln Gap Rd; fill on fall weekends. Pull-offs on the way up on the Warren side give brook access. Road unpaved near the top and closed in winter.<br/>Lincoln Brook starts just below the gap and follows the road down to Warren village. Long Trail north to Mt Abraham, Sunset Ledge spur.<br/><b>Drive from inn:</b> 23.2 min<br/><b>Source:</b> Google Places; general knowledge (seasonal closure)<br/><b>Confidence:</b> high (GP)]]></description>
      <styleUrl>#pt-6d4c41</styleUrl>
      <ExtendedData>
        <Data name="color"><value>#6d4c41</value></Data>
        <Data name="confidence"><value>high</value></Data>
        <Data name="coord_source"><value>GP</value></Data>
        <Data name="drive_km"><value>16.6</value></Data>
        <Data name="drive_min"><value>23.2</value></Data>
        <Data name="drive_src"><value>OSRM</value></Data>
        <Data name="huc10"><value>Mad River</value></Data>
        <Data name="id"><value>a-lincoln-gap-long-trail-trailhead</value></Data>
        <Data name="layer"><value>access</value></Data>
        <Data name="name"><value>Lincoln Gap - Long Trail trailhead</value></Data>
        <Data name="notes"><value>Lincoln Brook starts just below the gap and follows the road down to Warren village. Long Trail north to Mt Abraham, Sunset Ledge spur.</value></Data>
        <Data name="parking_notes"><value>Small lots at the top of Lincoln Gap Rd; fill on fall weekends. Pull-offs on the way up on the Warren side give brook access. Road unpaved near the top and closed in winter.</value></Data>
        <Data name="serves"><value>Lincoln Brook</value></Data>
        <Data name="source_ref"><value>Google Places; general knowledge (seasonal closure)</value></Data>
        <Data name="state_access"><value>false</value></Data>
        <Data name="type"><value>trailhead</value></Data>
      </ExtendedData>
      <Point><coordinates>-72.928053,44.094859,0</coordinates></Point>
    </Placemark>
    <Placemark>
      <name>Appalachian Gap - Long Trail parking (Rte 17)</name>
      <description><![CDATA[<b>Type:</b> trailhead<br/><b>Parking:</b> Roadside lot at the top of the gap; free.<br/>Mill Brook rises on the Fayston side and follows Rte 17 all the way down past Mad River Glen.<br/><b>Drive from inn:</b> 18.5 min<br/><b>Source:</b> Google Places<br/><b>Confidence:</b> high (GP)]]></description>
      <styleUrl>#pt-6d4c41</styleUrl>
      <ExtendedData>
        <Data name="color"><value>#6d4c41</value></Data>
        <Data name="confidence"><value>high</value></Data>
        <Data name="coord_source"><value>GP</value></Data>
        <Data name="drive_km"><value>14.4</value></Data>
        <Data name="drive_min"><value>18.5</value></Data>
        <Data name="drive_src"><value>OSRM</value></Data>
        <Data name="huc10"><value></value></Data>
        <Data name="id"><value>a-appalachian-gap-long-trail-parking-rte-17</value></Data>
        <Data name="layer"><value>access</value></Data>
        <Data name="name"><value>Appalachian Gap - Long Trail parking (Rte 17)</value></Data>
        <Data name="notes"><value>Mill Brook rises on the Fayston side and follows Rte 17 all the way down past Mad River Glen.</value></Data>
        <Data name="parking_notes"><value>Roadside lot at the top of the gap; free.</value></Data>
        <Data name="serves"><value>Mill Brook (Fayston)</value></Data>
        <Data name="source_ref"><value>Google Places</value></Data>
        <Data name="state_access"><value>false</value></Data>
        <Data name="type"><value>trailhead</value></Data>
      </ExtendedData>
      <Point><coordinates>-72.931507,44.210891,0</coordinates></Point>
    </Placemark>
    <Placemark>
      <name>Mad River Glen base lots (Rte 17)</name>
      <description><![CDATA[<b>Type:</b> parking<br/><b>Parking:</b> Big lots at the base area, 57 Schuss Pass; normally open off-season, check for events.<br/>Mill Brook runs right past the base area along Rte 17.<br/><b>Drive from inn:</b> 16 min<br/><b>Source:</b> Google Places<br/><b>Confidence:</b> high (GP)]]></description>
      <styleUrl>#pt-546e7a</styleUrl>
      <ExtendedData>
        <Data name="color"><value>#546e7a</value></Data>
        <Data name="confidence"><value>high</value></Data>
        <Data name="coord_source"><value>GP</value></Data>
        <Data name="drive_km"><value>12.2</value></Data>
        <Data name="drive_min"><value>16</value></Data>
        <Data name="drive_src"><value>OSRM</value></Data>
        <Data name="huc10"><value>Mad River</value></Data>
        <Data name="id"><value>a-mad-river-glen-base-lots-rte-17</value></Data>
        <Data name="layer"><value>access</value></Data>
        <Data name="name"><value>Mad River Glen base lots (Rte 17)</value></Data>
        <Data name="notes"><value>Mill Brook runs right past the base area along Rte 17.</value></Data>
        <Data name="parking_notes"><value>Big lots at the base area, 57 Schuss Pass; normally open off-season, check for events.</value></Data>
        <Data name="serves"><value>Mill Brook (Fayston)</value></Data>
        <Data name="source_ref"><value>Google Places</value></Data>
        <Data name="state_access"><value>false</value></Data>
        <Data name="type"><value>parking</value></Data>
      </ExtendedData>
      <Point><coordinates>-72.917543,44.202484,0</coordinates></Point>
    </Placemark>
    <Placemark>
      <name>Phen Basin Trailhead (Battleground Rd, Fayston)</name>
      <description><![CDATA[<b>Type:</b> trailhead<br/><b>Parking:</b> Park in the signed visitor parking just before the covered bridge at the Battleground (off Rte 17), parallel to the road; do not drive over the bridge.<br/>Trail climbs about 2 miles up an old logging road beside a small cascading brook that drains to Mill Brook (verify the brook's name against the hydrography layer).<br/><b>Drive from inn:</b> 13.4 min<br/><b>Source:</b> Google Places (reviews describe parking and trail)<br/><b>Confidence:</b> high (GP)]]></description>
      <styleUrl>#pt-6d4c41</styleUrl>
      <ExtendedData>
        <Data name="color"><value>#6d4c41</value></Data>
        <Data name="confidence"><value>high</value></Data>
        <Data name="coord_source"><value>GP</value></Data>
        <Data name="drive_km"><value>10</value></Data>
        <Data name="drive_min"><value>13.4</value></Data>
        <Data name="drive_src"><value>OSRM</value></Data>
        <Data name="huc10"><value>Mad River</value></Data>
        <Data name="id"><value>a-phen-basin-trailhead-battleground-rd-fayston</value></Data>
        <Data name="layer"><value>access</value></Data>
        <Data name="name"><value>Phen Basin Trailhead (Battleground Rd, Fayston)</value></Data>
        <Data name="notes"><value>Trail climbs about 2 miles up an old logging road beside a small cascading brook that drains to Mill Brook (verify the brook's name against the hydrography layer).</value></Data>
        <Data name="parking_notes"><value>Park in the signed visitor parking just before the covered bridge at the Battleground (off Rte 17), parallel to the road; do not drive over the bridge.</value></Data>
        <Data name="serves"><value>Mill Brook (Fayston)</value></Data>
        <Data name="source_ref"><value>Google Places (reviews describe parking and trail)</value></Data>
        <Data name="state_access"><value>false</value></Data>
        <Data name="type"><value>trailhead</value></Data>
      </ExtendedData>
      <Point><coordinates>-72.894670,44.200253,0</coordinates></Point>
    </Placemark>
    <Placemark>
      <name>Mad River Path - Millbrook Trailhead (Harris Hill Rd)</name>
      <description><![CDATA[<b>Type:</b> trailhead<br/><b>Parking:</b> NO PARKING at the trailhead itself (signed). Park across from Fayston Elementary School on German Flats Rd and walk in.<br/>Mill Brook Trail: 1.5 mi with a 200-ft bridge over Mill Brook, co-located with the Catamount Trail through Chase Brook Town Forest toward the Battleground. Serves both the Mill Brook and Chase Brook (Fayston) B1 points.<br/><b>Drive from inn:</b> 11.2 min<br/><b>Source:</b> https://madriverpath.org/maps ; https://www.madriverpath.org/news ; Google Places reviews<br/><b>Confidence:</b> high (GP)]]></description>
      <styleUrl>#pt-6d4c41</styleUrl>
      <ExtendedData>
        <Data name="color"><value>#6d4c41</value></Data>
        <Data name="confidence"><value>high</value></Data>
        <Data name="coord_source"><value>GP</value></Data>
        <Data name="drive_km"><value>7.4</value></Data>
        <Data name="drive_min"><value>11.2</value></Data>
        <Data name="drive_src"><value>OSRM</value></Data>
        <Data name="huc10"><value>Mad River</value></Data>
        <Data name="id"><value>a-mad-river-path-millbrook-trailhead-harris-hill-rd</value></Data>
        <Data name="layer"><value>access</value></Data>
        <Data name="name"><value>Mad River Path - Millbrook Trailhead (Harris Hill Rd)</value></Data>
        <Data name="notes"><value>Mill Brook Trail: 1.5 mi with a 200-ft bridge over Mill Brook, co-located with the Catamount Trail through Chase Brook Town Forest toward the Battleground. Serves both the Mill Brook and Chase Brook (Fayston) B1 points.</value></Data>
        <Data name="parking_notes"><value>NO PARKING at the trailhead itself (signed). Park across from Fayston Elementary School on German Flats Rd and walk in.</value></Data>
        <Data name="serves"><value>Mill Brook (Fayston); Chase Brook (Fayston)</value></Data>
        <Data name="source_ref"><value>https://madriverpath.org/maps ; https://www.madriverpath.org/news ; Google Places reviews</value></Data>
        <Data name="state_access"><value>false</value></Data>
        <Data name="type"><value>trailhead</value></Data>
      </ExtendedData>
      <Point><coordinates>-72.874625,44.180921,0</coordinates></Point>
    </Placemark>
    <Placemark>
      <name>Fayston Elementary School lot (German Flats Rd)</name>
      <description><![CDATA[<b>Type:</b> parking<br/><b>Parking:</b> The sanctioned parking for the Millbrook Trailhead per signage; avoid school hours.<br/>Geocode: Fayston Elementary School, German Flats Rd, Fayston VT.<br/><b>Drive from inn:</b> 12.4 min<br/><b>Source:</b> Google Places reviews on the trailhead listing<br/><b>Confidence:</b> low (geocoded 2026-09-24: Nominatim OSM way/569773662: Fayston Elementary School, 782, German Flats Road, Fayston, Warren, Washington C)]]></description>
      <styleUrl>#pt-546e7a</styleUrl>
      <ExtendedData>
        <Data name="color"><value>#546e7a</value></Data>
        <Data name="confidence"><value>low</value></Data>
        <Data name="coord_source"><value>geocoded 2026-09-24: Nominatim OSM way/569773662: Fayston Elementary School, 782, German Flats Road, Fayston, Warren, Washington C</value></Data>
        <Data name="drive_km"><value>8.6</value></Data>
        <Data name="drive_min"><value>12.4</value></Data>
        <Data name="drive_src"><value>OSRM</value></Data>
        <Data name="huc10"><value>Mad River</value></Data>
        <Data name="id"><value>a-fayston-elementary-school-lot-german-flats-rd</value></Data>
        <Data name="layer"><value>access</value></Data>
        <Data name="name"><value>Fayston Elementary School lot (German Flats Rd)</value></Data>
        <Data name="notes"><value>Geocode: Fayston Elementary School, German Flats Rd, Fayston VT.</value></Data>
        <Data name="parking_notes"><value>The sanctioned parking for the Millbrook Trailhead per signage; avoid school hours.</value></Data>
        <Data name="serves"><value>Mill Brook (Fayston); Chase Brook (Fayston)</value></Data>
        <Data name="source_ref"><value>Google Places reviews on the trailhead listing</value></Data>
        <Data name="state_access"><value>false</value></Data>
        <Data name="type"><value>parking</value></Data>
      </ExtendedData>
      <Point><coordinates>-72.885404,44.179671,0</coordinates></Point>
    </Placemark>
    <Placemark>
      <name>Sugarbush - Lincoln Peak base lots (Gate House Ln)</name>
      <description><![CDATA[<b>Type:</b> parking<br/><b>Parking:</b> Large lots at 62 Gate House Ln off Sugarbush Access Rd; free outside ski season.<br/>Clay Brook's B1 survey point is about 1 km east along the access road; Rice Brook about 1.3 km. Clay Brook follows Sugarbush Access Rd down to the Mad.<br/><b>Drive from inn:</b> 21.7 min<br/><b>Source:</b> Google Places<br/><b>Confidence:</b> high (GP)]]></description>
      <styleUrl>#pt-546e7a</styleUrl>
      <ExtendedData>
        <Data name="color"><value>#546e7a</value></Data>
        <Data name="confidence"><value>high</value></Data>
        <Data name="coord_source"><value>GP</value></Data>
        <Data name="drive_km"><value>12</value></Data>
        <Data name="drive_min"><value>21.7</value></Data>
        <Data name="drive_src"><value>OSRM</value></Data>
        <Data name="huc10"><value>Mad River</value></Data>
        <Data name="id"><value>a-sugarbush-lincoln-peak-base-lots-gate-house-ln</value></Data>
        <Data name="layer"><value>access</value></Data>
        <Data name="name"><value>Sugarbush - Lincoln Peak base lots (Gate House Ln)</value></Data>
        <Data name="notes"><value>Clay Brook's B1 survey point is about 1 km east along the access road; Rice Brook about 1.3 km. Clay Brook follows Sugarbush Access Rd down to the Mad.</value></Data>
        <Data name="parking_notes"><value>Large lots at 62 Gate House Ln off Sugarbush Access Rd; free outside ski season.</value></Data>
        <Data name="serves"><value>Clay Brook; Rice Brook</value></Data>
        <Data name="source_ref"><value>Google Places</value></Data>
        <Data name="state_access"><value>false</value></Data>
        <Data name="type"><value>parking</value></Data>
      </ExtendedData>
      <Point><coordinates>-72.907862,44.136162,0</coordinates></Point>
    </Placemark>
    <Placemark>
      <name>Sugarbush - Mt Ellen base (Mt Ellen Rd / German Flats Rd)</name>
      <description><![CDATA[<b>Type:</b> parking<br/><b>Parking:</b> Lots at 626 Mt Ellen Rd; open off-season. German Flats Rd pull-offs.<br/>Slide Brook basin is about 1.5 km south; the Chase Brook (Fayston) point is about 1.4 km east along German Flats Rd.<br/><b>Drive from inn:</b> 15.5 min<br/><b>Source:</b> Google Places<br/><b>Confidence:</b> high (GP)]]></description>
      <styleUrl>#pt-546e7a</styleUrl>
      <ExtendedData>
        <Data name="color"><value>#546e7a</value></Data>
        <Data name="confidence"><value>high</value></Data>
        <Data name="coord_source"><value>GP</value></Data>
        <Data name="drive_km"><value>10.1</value></Data>
        <Data name="drive_min"><value>15.5</value></Data>
        <Data name="drive_src"><value>OSRM</value></Data>
        <Data name="huc10"><value>Mad River</value></Data>
        <Data name="id"><value>a-sugarbush-mt-ellen-base-mt-ellen-rd-german-flats-rd</value></Data>
        <Data name="layer"><value>access</value></Data>
        <Data name="name"><value>Sugarbush - Mt Ellen base (Mt Ellen Rd / German Flats Rd)</value></Data>
        <Data name="notes"><value>Slide Brook basin is about 1.5 km south; the Chase Brook (Fayston) point is about 1.4 km east along German Flats Rd.</value></Data>
        <Data name="parking_notes"><value>Lots at 626 Mt Ellen Rd; open off-season. German Flats Rd pull-offs.</value></Data>
        <Data name="serves"><value>Slide Brook; Chase Brook (Fayston)</value></Data>
        <Data name="source_ref"><value>Google Places</value></Data>
        <Data name="state_access"><value>false</value></Data>
        <Data name="type"><value>parking</value></Data>
      </ExtendedData>
      <Point><coordinates>-72.901691,44.177398,0</coordinates></Point>
    </Placemark>
    <Placemark>
      <name>Hedgehog Brook Trailhead (end of Big Basin Rd, North Fayston)</name>
      <description><![CDATA[<b>Type:</b> trailhead<br/><b>Parking:</b> Marked lot before the steel gate at the end of the drivable road; trail crosses private land — obey no-parking signs and don't block the gate.<br/>The trail immediately crosses Shepard Brook (ladder + stepping stones; a ford in high water) then climbs beside Hedgehog Brook to the Long Trail / Burnt Rock. Directions: North Fayston Rd west from Rte 100 (4.5 mi north of Rte 17); dirt after 2.5 mi; straight at the 4-way at 4.0 mi onto Big Basin Rd; trailhead at 5.0 mi.<br/><b>Drive from inn:</b> 27.9 min<br/><b>Source:</b> https://www.greenmountainclub.org/hiking/hiking-recommendations/peoples-choice-leaf-peeping-foliage-vermont/ ; https://madrivervalley.com/attraction/burnt-rock-mountain/ ; https://www.pchapin.org/100highest/burnt-rock.html<br/><b>Confidence:</b> high (GP)]]></description>
      <styleUrl>#pt-6d4c41</styleUrl>
      <ExtendedData>
        <Data name="color"><value>#6d4c41</value></Data>
        <Data name="confidence"><value>high</value></Data>
        <Data name="coord_source"><value>GP</value></Data>
        <Data name="drive_km"><value>15.4</value></Data>
        <Data name="drive_min"><value>27.9</value></Data>
        <Data name="drive_src"><value>OSRM</value></Data>
        <Data name="huc10"><value>Mad River</value></Data>
        <Data name="id"><value>a-hedgehog-brook-trailhead-end-of-big-basin-rd-north-fayston</value></Data>
        <Data name="layer"><value>access</value></Data>
        <Data name="name"><value>Hedgehog Brook Trailhead (end of Big Basin Rd, North Fayston)</value></Data>
        <Data name="notes"><value>The trail immediately crosses Shepard Brook (ladder + stepping stones; a ford in high water) then climbs beside Hedgehog Brook to the Long Trail / Burnt Rock. Directions: North Fayston Rd west from Rte 100 (4.5 mi north of Rte 17); dirt after 2.5 mi; straight at the 4-way at 4.0 mi onto Big Basin Rd; trailhead at 5.0 mi.</value></Data>
        <Data name="parking_notes"><value>Marked lot before the steel gate at the end of the drivable road; trail crosses private land — obey no-parking signs and don't block the gate.</value></Data>
        <Data name="serves"><value>Shepard Brook</value></Data>
        <Data name="source_ref"><value>https://www.greenmountainclub.org/hiking/hiking-recommendations/peoples-choice-leaf-peeping-foliage-vermont/ ; https://madrivervalley.com/attraction/burnt-rock-mountain/ ; https://www.pchapin.org/100highest/burnt-rock.html</value></Data>
        <Data name="state_access"><value>false</value></Data>
        <Data name="type"><value>trailhead</value></Data>
      </ExtendedData>
      <Point><coordinates>-72.873399,44.248419,0</coordinates></Point>
    </Placemark>
    <Placemark>
      <name>Blueberry Lake Trails parking (1825 Plunkton Rd, East Warren)</name>
      <description><![CDATA[<b>Type:</b> parking<br/><b>Parking:</b> USFS lot on the east side of Plunkton Rd; trailheads across the road. From Warren Main St: Brook Rd 1.9 mi, right on Plunkton Rd 1.8 mi.<br/>Closest USFS lot to the inn (about 10 min). The lake's dam is on Mills Brook; the lake is stocked with brook trout (report p.8). Gentle multi-use trail loops.<br/><b>Drive from inn:</b> 16.6 min<br/><b>Source:</b> https://www.trailfinder.info/trails/trail/blueberry-lake-gmnf ; https://www.madriverriders.org/trails.html ; https://birdinghotspots.org/hotspot/L751883<br/><b>Confidence:</b> high (GP)]]></description>
      <styleUrl>#pt-546e7a</styleUrl>
      <ExtendedData>
        <Data name="color"><value>#546e7a</value></Data>
        <Data name="confidence"><value>high</value></Data>
        <Data name="coord_source"><value>GP</value></Data>
        <Data name="drive_km"><value>10.7</value></Data>
        <Data name="drive_min"><value>16.6</value></Data>
        <Data name="drive_src"><value>OSRM</value></Data>
        <Data name="huc10"><value>Mad River</value></Data>
        <Data name="id"><value>a-blueberry-lake-trails-parking-1825-plunkton-rd-east-warren</value></Data>
        <Data name="layer"><value>access</value></Data>
        <Data name="name"><value>Blueberry Lake Trails parking (1825 Plunkton Rd, East Warren)</value></Data>
        <Data name="notes"><value>Closest USFS lot to the inn (about 10 min). The lake's dam is on Mills Brook; the lake is stocked with brook trout (report p.8). Gentle multi-use trail loops.</value></Data>
        <Data name="parking_notes"><value>USFS lot on the east side of Plunkton Rd; trailheads across the road. From Warren Main St: Brook Rd 1.9 mi, right on Plunkton Rd 1.8 mi.</value></Data>
        <Data name="serves"><value>Mills Brook</value></Data>
        <Data name="source_ref"><value>https://www.trailfinder.info/trails/trail/blueberry-lake-gmnf ; https://www.madriverriders.org/trails.html ; https://birdinghotspots.org/hotspot/L751883</value></Data>
        <Data name="state_access"><value>false</value></Data>
        <Data name="type"><value>parking</value></Data>
      </ExtendedData>
      <Point><coordinates>-72.837881,44.080122,0</coordinates></Point>
    </Placemark>
    <Placemark>
      <name>Austin Brook Trail / Forest Road 25 gate</name>
      <description><![CDATA[<b>Type:</b> trailhead<br/><b>Parking:</b> USFS gate at the start of unplowed FR 25; roadside parking. Find the gate off Rte 100 south of Warren — verify on the USFS page.<br/>The trail follows FR 25 about 2 miles up along Austin Brook through mixed forest.<br/><b>Drive from inn:</b> 19.8 min<br/><b>Source:</b> https://www.fs.usda.gov/recarea/gmfl/recreation/recarea/?recid=83040&amp;actid=91<br/><b>Confidence:</b> low (geocoded 2026-09-24: Austin Brook VHD line, downstream end (mouth at Rte 100) - FR 25 gate not in OSM, verify on site)]]></description>
      <styleUrl>#pt-6d4c41</styleUrl>
      <ExtendedData>
        <Data name="color"><value>#6d4c41</value></Data>
        <Data name="confidence"><value>low</value></Data>
        <Data name="coord_source"><value>geocoded 2026-09-24: Austin Brook VHD line, downstream end (mouth at Rte 100) - FR 25 gate not in OSM, verify on site</value></Data>
        <Data name="drive_km"><value>15.2</value></Data>
        <Data name="drive_min"><value>19.8</value></Data>
        <Data name="drive_src"><value>OSRM</value></Data>
        <Data name="huc10"><value>Mad River</value></Data>
        <Data name="id"><value>a-austin-brook-trail-forest-road-25-gate</value></Data>
        <Data name="layer"><value>access</value></Data>
        <Data name="name"><value>Austin Brook Trail / Forest Road 25 gate</value></Data>
        <Data name="notes"><value>The trail follows FR 25 about 2 miles up along Austin Brook through mixed forest.</value></Data>
        <Data name="parking_notes"><value>USFS gate at the start of unplowed FR 25; roadside parking. Find the gate off Rte 100 south of Warren — verify on the USFS page.</value></Data>
        <Data name="serves"><value>Austin Brook</value></Data>
        <Data name="source_ref"><value>https://www.fs.usda.gov/recarea/gmfl/recreation/recarea/?recid=83040&amp;actid=91</value></Data>
        <Data name="state_access"><value>false</value></Data>
        <Data name="type"><value>trailhead</value></Data>
      </ExtendedData>
      <Point><coordinates>-72.855194,44.063419,0</coordinates></Point>
    </Placemark>
    <Placemark>
      <name>Warren Falls lot (3919 Rte 100)</name>
      <description><![CDATA[<b>Type:</b> river access<br/><b>Parking:</b> Lot plus roadside spaces; fills on hot afternoons. Short Warren Falls Trail from 3916 Rte 100.<br/>Upstream of the falls toward Granville the Mad is small pocket water and mostly wild brookies.<br/><b>Drive from inn:</b> 15.9 min<br/><b>Source:</b> Google Places<br/><b>Confidence:</b> high (GP)]]></description>
      <styleUrl>#pt-039be5</styleUrl>
      <ExtendedData>
        <Data name="color"><value>#039be5</value></Data>
        <Data name="confidence"><value>high</value></Data>
        <Data name="coord_source"><value>GP</value></Data>
        <Data name="drive_km"><value>11.5</value></Data>
        <Data name="drive_min"><value>15.9</value></Data>
        <Data name="drive_src"><value>OSRM</value></Data>
        <Data name="huc10"><value>Mad River</value></Data>
        <Data name="id"><value>a-warren-falls-lot-3919-rte-100</value></Data>
        <Data name="layer"><value>access</value></Data>
        <Data name="name"><value>Warren Falls lot (3919 Rte 100)</value></Data>
        <Data name="notes"><value>Upstream of the falls toward Granville the Mad is small pocket water and mostly wild brookies.</value></Data>
        <Data name="parking_notes"><value>Lot plus roadside spaces; fills on hot afternoons. Short Warren Falls Trail from 3916 Rte 100.</value></Data>
        <Data name="serves"><value>Mad River</value></Data>
        <Data name="source_ref"><value>Google Places</value></Data>
        <Data name="state_access"><value>false</value></Data>
        <Data name="type"><value>river_access</value></Data>
      </ExtendedData>
      <Point><coordinates>-72.864321,44.095438,0</coordinates></Point>
    </Placemark>
    <Placemark>
      <name>Warren village - covered bridge / Main St</name>
      <description><![CDATA[<b>Type:</b> river access<br/><b>Parking:</b> Street parking in the village; Warren Store.<br/>Geocode 'Warren Covered Bridge, Warren VT'. Village pools on the Mad; the Bradley Brook B1 point is about 1 km northwest.<br/><b>Drive from inn:</b> 13.8 min<br/><b>Source:</b> general knowledge<br/><b>Confidence:</b> low (geocoded 2026-09-24: Nominatim OSM way/1020925958: Warren Covered Bridge, Covered Bridge Road, Warren, Washington County, Vermont, )]]></description>
      <styleUrl>#pt-039be5</styleUrl>
      <ExtendedData>
        <Data name="color"><value>#039be5</value></Data>
        <Data name="confidence"><value>low</value></Data>
        <Data name="coord_source"><value>geocoded 2026-09-24: Nominatim OSM way/1020925958: Warren Covered Bridge, Covered Bridge Road, Warren, Washington County, Vermont, </value></Data>
        <Data name="drive_km"><value>11</value></Data>
        <Data name="drive_min"><value>13.8</value></Data>
        <Data name="drive_src"><value>OSRM</value></Data>
        <Data name="huc10"><value>Mad River</value></Data>
        <Data name="id"><value>a-warren-village-covered-bridge-main-st</value></Data>
        <Data name="layer"><value>access</value></Data>
        <Data name="name"><value>Warren village - covered bridge / Main St</value></Data>
        <Data name="notes"><value>Geocode 'Warren Covered Bridge, Warren VT'. Village pools on the Mad; the Bradley Brook B1 point is about 1 km northwest.</value></Data>
        <Data name="parking_notes"><value>Street parking in the village; Warren Store.</value></Data>
        <Data name="serves"><value>Mad River; Bradley Brook</value></Data>
        <Data name="source_ref"><value>general knowledge</value></Data>
        <Data name="state_access"><value>false</value></Data>
        <Data name="type"><value>river_access</value></Data>
      </ExtendedData>
      <Point><coordinates>-72.857004,44.111141,0</coordinates></Point>
    </Placemark>
    <Placemark>
      <name>Riverside Park (Warren, Rte 100)</name>
      <description><![CDATA[<b>Type:</b> river access<br/><b>Parking:</b> Small lot; a Google review says parking is paid. Swimming hole with a tire swing.<br/>Start of the Kingsbury Greenway (1.3 mi along the Mad to the Sugarbush snowmaking pond).<br/><b>Drive from inn:</b> 10.6 min<br/><b>Source:</b> Google Places; https://westhillbb.com/blog/2025/09/mad-river-path-in-warren-vt/<br/><b>Confidence:</b> high (GP)]]></description>
      <styleUrl>#pt-039be5</styleUrl>
      <ExtendedData>
        <Data name="color"><value>#039be5</value></Data>
        <Data name="confidence"><value>high</value></Data>
        <Data name="coord_source"><value>GP</value></Data>
        <Data name="drive_km"><value>6.7</value></Data>
        <Data name="drive_min"><value>10.6</value></Data>
        <Data name="drive_src"><value>OSRM</value></Data>
        <Data name="huc10"><value>Mad River</value></Data>
        <Data name="id"><value>a-riverside-park-warren-rte-100</value></Data>
        <Data name="layer"><value>access</value></Data>
        <Data name="name"><value>Riverside Park (Warren, Rte 100)</value></Data>
        <Data name="notes"><value>Start of the Kingsbury Greenway (1.3 mi along the Mad to the Sugarbush snowmaking pond).</value></Data>
        <Data name="parking_notes"><value>Small lot; a Google review says parking is paid. Swimming hole with a tire swing.</value></Data>
        <Data name="serves"><value>Mad River</value></Data>
        <Data name="source_ref"><value>Google Places; https://westhillbb.com/blog/2025/09/mad-river-path-in-warren-vt/</value></Data>
        <Data name="state_access"><value>false</value></Data>
        <Data name="type"><value>river_access</value></Data>
      </ExtendedData>
      <Point><coordinates>-72.846533,44.136030,0</coordinates></Point>
    </Placemark>
    <Placemark>
      <name>Kingsbury Greenway - Wabanaki Conservation Area parking (500 Rte 100)</name>
      <description><![CDATA[<b>Type:</b> river access<br/><b>Parking:</b> Flat, easy lot right off Rte 100; open 24h.<br/>Other end of the Kingsbury Greenway; flat short path with river access.<br/><b>Drive from inn:</b> 10.4 min<br/><b>Source:</b> Google Places; https://madrivervalley.com/trails/<br/><b>Confidence:</b> high (GP)]]></description>
      <styleUrl>#pt-039be5</styleUrl>
      <ExtendedData>
        <Data name="color"><value>#039be5</value></Data>
        <Data name="confidence"><value>high</value></Data>
        <Data name="coord_source"><value>GP</value></Data>
        <Data name="drive_km"><value>6.3</value></Data>
        <Data name="drive_min"><value>10.4</value></Data>
        <Data name="drive_src"><value>OSRM</value></Data>
        <Data name="huc10"><value>Mad River</value></Data>
        <Data name="id"><value>a-kingsbury-greenway-wabanaki-conservation-area-parking-500-rte-100</value></Data>
        <Data name="layer"><value>access</value></Data>
        <Data name="name"><value>Kingsbury Greenway - Wabanaki Conservation Area parking (500 Rte 100)</value></Data>
        <Data name="notes"><value>Other end of the Kingsbury Greenway; flat short path with river access.</value></Data>
        <Data name="parking_notes"><value>Flat, easy lot right off Rte 100; open 24h.</value></Data>
        <Data name="serves"><value>Mad River</value></Data>
        <Data name="source_ref"><value>Google Places; https://madrivervalley.com/trails/</value></Data>
        <Data name="state_access"><value>false</value></Data>
        <Data name="type"><value>river_access</value></Data>
      </ExtendedData>
      <Point><coordinates>-72.845880,44.141075,0</coordinates></Point>
    </Placemark>
    <Placemark>
      <name>Lareau swimming hole (Rte 100, Waitsfield)</name>
      <description><![CDATA[<b>Type:</b> river access<br/><b>Parking:</b> Roadside pull-off at 5919 Main St (Rte 100).<br/>Popular swim spot on the Mad between Warren and Waitsfield; fish early.<br/><b>Drive from inn:</b> 7.8 min<br/><b>Source:</b> Google Places<br/><b>Confidence:</b> high (GP)]]></description>
      <styleUrl>#pt-039be5</styleUrl>
      <ExtendedData>
        <Data name="color"><value>#039be5</value></Data>
        <Data name="confidence"><value>high</value></Data>
        <Data name="coord_source"><value>GP</value></Data>
        <Data name="drive_km"><value>5.4</value></Data>
        <Data name="drive_min"><value>7.8</value></Data>
        <Data name="drive_src"><value>OSRM</value></Data>
        <Data name="huc10"><value>Mad River</value></Data>
        <Data name="id"><value>a-lareau-swimming-hole-rte-100-waitsfield</value></Data>
        <Data name="layer"><value>access</value></Data>
        <Data name="name"><value>Lareau swimming hole (Rte 100, Waitsfield)</value></Data>
        <Data name="notes"><value>Popular swim spot on the Mad between Warren and Waitsfield; fish early.</value></Data>
        <Data name="parking_notes"><value>Roadside pull-off at 5919 Main St (Rte 100).</value></Data>
        <Data name="serves"><value>Mad River</value></Data>
        <Data name="source_ref"><value>Google Places</value></Data>
        <Data name="state_access"><value>false</value></Data>
        <Data name="type"><value>river_access</value></Data>
      </ExtendedData>
      <Point><coordinates>-72.832366,44.174311,0</coordinates></Point>
    </Placemark>
    <Placemark>
      <name>Waitsfield covered bridge / Bridge St (Great Eddy)</name>
      <description><![CDATA[<b>Type:</b> river access<br/><b>Parking:</b> On-street parking in the village.<br/>Village reach (stocked). Bridge Street Park beach; The Silver Trout fly shop is next door.<br/><b>Drive from inn:</b> 3.6 min<br/><b>Source:</b> Google Places<br/><b>Confidence:</b> high (GP)]]></description>
      <styleUrl>#pt-039be5</styleUrl>
      <ExtendedData>
        <Data name="color"><value>#039be5</value></Data>
        <Data name="confidence"><value>high</value></Data>
        <Data name="coord_source"><value>GP</value></Data>
        <Data name="drive_km"><value>2.7</value></Data>
        <Data name="drive_min"><value>3.6</value></Data>
        <Data name="drive_src"><value>OSRM</value></Data>
        <Data name="huc10"><value>Mad River</value></Data>
        <Data name="id"><value>a-waitsfield-covered-bridge-bridge-st-great-eddy</value></Data>
        <Data name="layer"><value>access</value></Data>
        <Data name="name"><value>Waitsfield covered bridge / Bridge St (Great Eddy)</value></Data>
        <Data name="notes"><value>Village reach (stocked). Bridge Street Park beach; The Silver Trout fly shop is next door.</value></Data>
        <Data name="parking_notes"><value>On-street parking in the village.</value></Data>
        <Data name="serves"><value>Mad River</value></Data>
        <Data name="source_ref"><value>Google Places</value></Data>
        <Data name="state_access"><value>false</value></Data>
        <Data name="type"><value>river_access</value></Data>
      </ExtendedData>
      <Point><coordinates>-72.823484,44.189368,0</coordinates></Point>
    </Placemark>
    <Placemark>
      <name>Mad River Greenway - Meadow Rd trailhead (Waitsfield)</name>
      <description><![CDATA[<b>Type:</b> river access<br/><b>Parking:</b> Lot on the right just before the Meadow Rd bridge, 3.8 mi north of the Rte 100/17 junction. Don't block the business at the south end of the lot.<br/>West Greenway: 1.2 mi out-and-back along the Mad with several river access points and a gazebo; the East Greenway continues to the Tremblay Rd lot.<br/><b>Drive from inn:</b> 8.8 min<br/><b>Source:</b> https://www.trailfinder.info/trails/trail/mad-river-westside-greenway ; https://madriverpath.org/maps<br/><b>Confidence:</b> high (GP)]]></description>
      <styleUrl>#pt-039be5</styleUrl>
      <ExtendedData>
        <Data name="color"><value>#039be5</value></Data>
        <Data name="confidence"><value>high</value></Data>
        <Data name="coord_source"><value>GP</value></Data>
        <Data name="drive_km"><value>7.3</value></Data>
        <Data name="drive_min"><value>8.8</value></Data>
        <Data name="drive_src"><value>OSRM</value></Data>
        <Data name="huc10"><value>Mad River</value></Data>
        <Data name="id"><value>a-mad-river-greenway-meadow-rd-trailhead-waitsfield</value></Data>
        <Data name="layer"><value>access</value></Data>
        <Data name="name"><value>Mad River Greenway - Meadow Rd trailhead (Waitsfield)</value></Data>
        <Data name="notes"><value>West Greenway: 1.2 mi out-and-back along the Mad with several river access points and a gazebo; the East Greenway continues to the Tremblay Rd lot.</value></Data>
        <Data name="parking_notes"><value>Lot on the right just before the Meadow Rd bridge, 3.8 mi north of the Rte 100/17 junction. Don't block the business at the south end of the lot.</value></Data>
        <Data name="serves"><value>Mad River</value></Data>
        <Data name="source_ref"><value>https://www.trailfinder.info/trails/trail/mad-river-westside-greenway ; https://madriverpath.org/maps</value></Data>
        <Data name="state_access"><value>false</value></Data>
        <Data name="type"><value>river_access</value></Data>
      </ExtendedData>
      <Point><coordinates>-72.789285,44.220106,0</coordinates></Point>
    </Placemark>
    <Placemark>
      <name>Mad River Greenway - Tremblay Rd parking (Waitsfield)</name>
      <description><![CDATA[<b>Type:</b> river access<br/><b>Parking:</b> Mad River Path Association lot on Tremblay Rd.<br/>Geocode 'Tremblay Rd, Waitsfield VT' and put the pin at the river end.<br/><b>Drive from inn:</b> 6.5 min<br/><b>Source:</b> https://madriverpath.org/maps ; https://fpr.vermont.gov/sites/fpr/files/Recreation/Learn_More/Library/Current%20VTS%20Members.pdf<br/><b>Confidence:</b> low (geocoded 2026-09-24: Nominatim OSM way/19728207 (Tremblay Rd), vertex nearest the Mad River VHD line)]]></description>
      <styleUrl>#pt-039be5</styleUrl>
      <ExtendedData>
        <Data name="color"><value>#039be5</value></Data>
        <Data name="confidence"><value>low</value></Data>
        <Data name="coord_source"><value>geocoded 2026-09-24: Nominatim OSM way/19728207 (Tremblay Rd), vertex nearest the Mad River VHD line</value></Data>
        <Data name="drive_km"><value>5</value></Data>
        <Data name="drive_min"><value>6.5</value></Data>
        <Data name="drive_src"><value>OSRM</value></Data>
        <Data name="huc10"><value>Mad River</value></Data>
        <Data name="id"><value>a-mad-river-greenway-tremblay-rd-parking-waitsfield</value></Data>
        <Data name="layer"><value>access</value></Data>
        <Data name="name"><value>Mad River Greenway - Tremblay Rd parking (Waitsfield)</value></Data>
        <Data name="notes"><value>Geocode 'Tremblay Rd, Waitsfield VT' and put the pin at the river end.</value></Data>
        <Data name="parking_notes"><value>Mad River Path Association lot on Tremblay Rd.</value></Data>
        <Data name="serves"><value>Mad River</value></Data>
        <Data name="source_ref"><value>https://madriverpath.org/maps ; https://fpr.vermont.gov/sites/fpr/files/Recreation/Learn_More/Library/Current%20VTS%20Members.pdf</value></Data>
        <Data name="state_access"><value>false</value></Data>
        <Data name="type"><value>river_access</value></Data>
      </ExtendedData>
      <Point><coordinates>-72.806929,44.204202,0</coordinates></Point>
    </Placemark>
    <Placemark>
      <name>Dog River Jacuzzi Natural Area - Berlin VFD lot (2095 VT-12)</name>
      <description><![CDATA[<b>Type:</b> river access<br/><b>Parking:</b> Park in the Berlin Volunteer Fire Department lot just north of the Rte 12 bridge; look for the Dog River Park sign and walk down behind the station.<br/>Vermont River Conservancy access on a premier wild-trout river; this is also the report's 572-ft temperature site. Near the reduced-harvest stretch (verify).<br/><b>Drive from inn:</b> 39.2 min<br/><b>Source:</b> https://vermontriverconservancy.org/sites/dog-river-jacuzzi-natural-area<br/><b>Confidence:</b> high (GP)]]></description>
      <styleUrl>#pt-039be5</styleUrl>
      <ExtendedData>
        <Data name="color"><value>#039be5</value></Data>
        <Data name="confidence"><value>high</value></Data>
        <Data name="coord_source"><value>GP</value></Data>
        <Data name="drive_km"><value>29.5</value></Data>
        <Data name="drive_min"><value>39.2</value></Data>
        <Data name="drive_src"><value>OSRM</value></Data>
        <Data name="huc10"><value>Dog River-Winooski River</value></Data>
        <Data name="id"><value>a-dog-river-jacuzzi-natural-area-berlin-vfd-lot-2095-vt-12</value></Data>
        <Data name="layer"><value>access</value></Data>
        <Data name="name"><value>Dog River Jacuzzi Natural Area - Berlin VFD lot (2095 VT-12)</value></Data>
        <Data name="notes"><value>Vermont River Conservancy access on a premier wild-trout river; this is also the report's 572-ft temperature site. Near the reduced-harvest stretch (verify).</value></Data>
        <Data name="parking_notes"><value>Park in the Berlin Volunteer Fire Department lot just north of the Rte 12 bridge; look for the Dog River Park sign and walk down behind the station.</value></Data>
        <Data name="serves"><value>Dog River mainstem</value></Data>
        <Data name="source_ref"><value>https://vermontriverconservancy.org/sites/dog-river-jacuzzi-natural-area</value></Data>
        <Data name="state_access"><value>false</value></Data>
        <Data name="type"><value>river_access</value></Data>
      </ExtendedData>
      <Point><coordinates>-72.634550,44.199918,0</coordinates></Point>
    </Placemark>
    <Placemark>
      <name>Roxbury Gap Rd / Warren Mountain Rd (the gap)</name>
      <description><![CDATA[<b>Type:</b> landmark<br/><b>Parking:</b> Unpaved road over the Northfield Range from Brook Rd in Warren to Roxbury; pull-offs only.<br/>The direct route from the inn to the Dog River side (~25 min). The Felchner Brook B1 point is on the Roxbury side of the gap — verify which road it's nearest.<br/><b>Drive from inn:</b> 13.1 min<br/><b>Source:</b> general knowledge; https://roxburyvt.org/roxburyvt-attractions/<br/><b>Confidence:</b> low (geocoded 2026-09-24: Nominatim OSM node/205084130: Roxbury Gap, Warren, Washington County, Vermont, United States)]]></description>
      <styleUrl>#pt-ef6c00</styleUrl>
      <ExtendedData>
        <Data name="color"><value>#ef6c00</value></Data>
        <Data name="confidence"><value>low</value></Data>
        <Data name="coord_source"><value>geocoded 2026-09-24: Nominatim OSM node/205084130: Roxbury Gap, Warren, Washington County, Vermont, United States</value></Data>
        <Data name="drive_km"><value>10.5</value></Data>
        <Data name="drive_min"><value>13.1</value></Data>
        <Data name="drive_src"><value>OSRM</value></Data>
        <Data name="huc10"><value>Mad River</value></Data>
        <Data name="id"><value>a-roxbury-gap-rd-warren-mountain-rd-the-gap</value></Data>
        <Data name="layer"><value>access</value></Data>
        <Data name="name"><value>Roxbury Gap Rd / Warren Mountain Rd (the gap)</value></Data>
        <Data name="notes"><value>The direct route from the inn to the Dog River side (~25 min). The Felchner Brook B1 point is on the Roxbury side of the gap — verify which road it's nearest.</value></Data>
        <Data name="parking_notes"><value>Unpaved road over the Northfield Range from Brook Rd in Warren to Roxbury; pull-offs only.</value></Data>
        <Data name="serves"><value>Felchner Brook</value></Data>
        <Data name="source_ref"><value>general knowledge; https://roxburyvt.org/roxburyvt-attractions/</value></Data>
        <Data name="state_access"><value>false</value></Data>
        <Data name="type"><value>landmark</value></Data>
      </ExtendedData>
      <Point><coordinates>-72.787851,44.109423,0</coordinates></Point>
    </Placemark>
    <Placemark>
      <name>Moss Glen Falls pull-off (Granville Gulf, Rte 100)</name>
      <description><![CDATA[<b>Type:</b> landmark<br/><b>Parking:</b> Roadside pull-off on Rte 100 in Granville Gulf.<br/>Geocode 'Moss Glen Falls, Granville VT' (rough estimate 44.0275,-72.858). The Mad rises in the gulf; tiny headwater brookie water.<br/><b>Drive from inn:</b> 25.8 min<br/><b>Source:</b> general knowledge<br/><b>Confidence:</b> low (geocoded 2026-09-24: Nominatim OSM node/1951272330: Moss Glen Falls, Granville, Addison County, Vermont, 05747, United States)]]></description>
      <styleUrl>#pt-ef6c00</styleUrl>
      <ExtendedData>
        <Data name="color"><value>#ef6c00</value></Data>
        <Data name="confidence"><value>low</value></Data>
        <Data name="coord_source"><value>geocoded 2026-09-24: Nominatim OSM node/1951272330: Moss Glen Falls, Granville, Addison County, Vermont, 05747, United States</value></Data>
        <Data name="drive_km"><value>22.2</value></Data>
        <Data name="drive_min"><value>25.8</value></Data>
        <Data name="drive_src"><value>OSRM</value></Data>
        <Data name="huc10"><value></value></Data>
        <Data name="id"><value>a-moss-glen-falls-pull-off-granville-gulf-rte-100</value></Data>
        <Data name="layer"><value>access</value></Data>
        <Data name="name"><value>Moss Glen Falls pull-off (Granville Gulf, Rte 100)</value></Data>
        <Data name="notes"><value>Geocode 'Moss Glen Falls, Granville VT' (rough estimate 44.0275,-72.858). The Mad rises in the gulf; tiny headwater brookie water.</value></Data>
        <Data name="parking_notes"><value>Roadside pull-off on Rte 100 in Granville Gulf.</value></Data>
        <Data name="serves"><value>Mad River</value></Data>
        <Data name="source_ref"><value>general knowledge</value></Data>
        <Data name="state_access"><value>false</value></Data>
        <Data name="type"><value>landmark</value></Data>
      </ExtendedData>
      <Point><coordinates>-72.850075,44.018022,0</coordinates></Point>
    </Placemark>
    <Placemark>
      <name>Coits Pond (state fishing access)</name>
      <description><![CDATA[<b>Type:</b> river access<br/><b>Parking:</b> State fishing access area; parking on site.<br/>Boating/Fishing on Coits Pond, Cabot. Owner: F&amp;W.<br/><b>Drive from inn:</b> 79.9 min<br/><b>Source:</b> Vermont Open Geodata Portal - Fishing Access Areas (VT ANR / Fish &amp; Wildlife)<br/><b>Confidence:</b> high (VT F&amp;W Fishing Access Areas dataset)]]></description>
      <styleUrl>#pt-039be5</styleUrl>
      <ExtendedData>
        <Data name="color"><value>#039be5</value></Data>
        <Data name="confidence"><value>high</value></Data>
        <Data name="coord_source"><value>VT F&amp;W Fishing Access Areas dataset</value></Data>
        <Data name="drive_km"><value>75</value></Data>
        <Data name="drive_min"><value>79.9</value></Data>
        <Data name="drive_src"><value>OSRM</value></Data>
        <Data name="huc10"><value>Headwaters Winooski River</value></Data>
        <Data name="id"><value>fa-coits-pond-cabot</value></Data>
        <Data name="layer"><value>access</value></Data>
        <Data name="name"><value>Coits Pond (state fishing access)</value></Data>
        <Data name="notes"><value>Boating/Fishing on Coits Pond, Cabot. Owner: F&amp;W.</value></Data>
        <Data name="parking_notes"><value>State fishing access area; parking on site.</value></Data>
        <Data name="serves"><value></value></Data>
        <Data name="source_ref"><value>Vermont Open Geodata Portal - Fishing Access Areas (VT ANR / Fish &amp; Wildlife)</value></Data>
        <Data name="state_access"><value>true</value></Data>
        <Data name="type"><value>river_access</value></Data>
      </ExtendedData>
      <Point><coordinates>-72.325300,44.443900,0</coordinates></Point>
    </Placemark>
    <Placemark>
      <name>Curtis Pond (state fishing access)</name>
      <description><![CDATA[<b>Type:</b> river access<br/><b>Parking:</b> State fishing access area; parking on site.<br/>Boating/Fishing on Curtis Pond, Calais. Owner: F&amp;W. Ramp: Gravel.<br/><b>Drive from inn:</b> 60.8 min<br/><b>Source:</b> Vermont Open Geodata Portal - Fishing Access Areas (VT ANR / Fish &amp; Wildlife)<br/><b>Confidence:</b> high (VT F&amp;W Fishing Access Areas dataset)]]></description>
      <styleUrl>#pt-039be5</styleUrl>
      <ExtendedData>
        <Data name="color"><value>#039be5</value></Data>
        <Data name="confidence"><value>high</value></Data>
        <Data name="coord_source"><value>VT F&amp;W Fishing Access Areas dataset</value></Data>
        <Data name="drive_km"><value>52.1</value></Data>
        <Data name="drive_min"><value>60.8</value></Data>
        <Data name="drive_src"><value>OSRM</value></Data>
        <Data name="huc10"><value>Headwaters Winooski River</value></Data>
        <Data name="id"><value>fa-curtis-pond-calais</value></Data>
        <Data name="layer"><value>access</value></Data>
        <Data name="name"><value>Curtis Pond (state fishing access)</value></Data>
        <Data name="notes"><value>Boating/Fishing on Curtis Pond, Calais. Owner: F&amp;W. Ramp: Gravel.</value></Data>
        <Data name="parking_notes"><value>State fishing access area; parking on site.</value></Data>
        <Data name="serves"><value></value></Data>
        <Data name="source_ref"><value>Vermont Open Geodata Portal - Fishing Access Areas (VT ANR / Fish &amp; Wildlife)</value></Data>
        <Data name="state_access"><value>true</value></Data>
        <Data name="type"><value>river_access</value></Data>
      </ExtendedData>
      <Point><coordinates>-72.500700,44.376500,0</coordinates></Point>
    </Placemark>
    <Placemark>
      <name>Fosters Pond (state fishing access)</name>
      <description><![CDATA[<b>Type:</b> river access<br/><b>Parking:</b> State fishing access area; parking on site.<br/>Boating/Fishing on Foster Pond, Peacham. Owner: F&amp;W. Ramp: Concrete Plank.<br/><b>Drive from inn:</b> 86 min<br/><b>Source:</b> Vermont Open Geodata Portal - Fishing Access Areas (VT ANR / Fish &amp; Wildlife)<br/><b>Confidence:</b> high (VT F&amp;W Fishing Access Areas dataset)]]></description>
      <styleUrl>#pt-039be5</styleUrl>
      <ExtendedData>
        <Data name="color"><value>#039be5</value></Data>
        <Data name="confidence"><value>high</value></Data>
        <Data name="coord_source"><value>VT F&amp;W Fishing Access Areas dataset</value></Data>
        <Data name="drive_km"><value>77.8</value></Data>
        <Data name="drive_min"><value>86</value></Data>
        <Data name="drive_src"><value>OSRM</value></Data>
        <Data name="huc10"><value></value></Data>
        <Data name="id"><value>fa-fosters-pond-peacham</value></Data>
        <Data name="layer"><value>access</value></Data>
        <Data name="name"><value>Fosters Pond (state fishing access)</value></Data>
        <Data name="notes"><value>Boating/Fishing on Foster Pond, Peacham. Owner: F&amp;W. Ramp: Concrete Plank.</value></Data>
        <Data name="parking_notes"><value>State fishing access area; parking on site.</value></Data>
        <Data name="serves"><value></value></Data>
        <Data name="source_ref"><value>Vermont Open Geodata Portal - Fishing Access Areas (VT ANR / Fish &amp; Wildlife)</value></Data>
        <Data name="state_access"><value>true</value></Data>
        <Data name="type"><value>river_access</value></Data>
      </ExtendedData>
      <Point><coordinates>-72.214600,44.329400,0</coordinates></Point>
    </Placemark>
    <Placemark>
      <name>Greenwood Lake (state fishing access)</name>
      <description><![CDATA[<b>Type:</b> river access<br/><b>Parking:</b> State fishing access area; parking on site.<br/>Boating/Fishing on Greenwood Lake, Woodbury. Owner: F&amp;W. Ramp: Concrete Plank. State lists brown trout.<br/><b>Drive from inn:</b> 70.7 min<br/><b>Source:</b> Vermont Open Geodata Portal - Fishing Access Areas (VT ANR / Fish &amp; Wildlife)<br/><b>Confidence:</b> high (VT F&amp;W Fishing Access Areas dataset)]]></description>
      <styleUrl>#pt-039be5</styleUrl>
      <ExtendedData>
        <Data name="color"><value>#039be5</value></Data>
        <Data name="confidence"><value>high</value></Data>
        <Data name="coord_source"><value>VT F&amp;W Fishing Access Areas dataset</value></Data>
        <Data name="drive_km"><value>70.1</value></Data>
        <Data name="drive_min"><value>70.7</value></Data>
        <Data name="drive_src"><value>OSRM</value></Data>
        <Data name="huc10"><value>Headwaters Winooski River</value></Data>
        <Data name="id"><value>fa-greenwood-lake-woodbury</value></Data>
        <Data name="layer"><value>access</value></Data>
        <Data name="name"><value>Greenwood Lake (state fishing access)</value></Data>
        <Data name="notes"><value>Boating/Fishing on Greenwood Lake, Woodbury. Owner: F&amp;W. Ramp: Concrete Plank. State lists brown trout.</value></Data>
        <Data name="parking_notes"><value>State fishing access area; parking on site.</value></Data>
        <Data name="serves"><value></value></Data>
        <Data name="source_ref"><value>Vermont Open Geodata Portal - Fishing Access Areas (VT ANR / Fish &amp; Wildlife)</value></Data>
        <Data name="state_access"><value>true</value></Data>
        <Data name="type"><value>river_access</value></Data>
      </ExtendedData>
      <Point><coordinates>-72.420500,44.455100,0</coordinates></Point>
    </Placemark>
    <Placemark>
      <name>Joe's Pond (state fishing access)</name>
      <description><![CDATA[<b>Type:</b> river access<br/><b>Parking:</b> State fishing access area; parking on site.<br/>Boating/Fishing on Joe's Pond, Danville. Owner: F&amp;W. Ramp: Concrete. State lists brown, rainbow trout.<br/><b>Drive from inn:</b> 70.7 min<br/><b>Source:</b> Vermont Open Geodata Portal - Fishing Access Areas (VT ANR / Fish &amp; Wildlife)<br/><b>Confidence:</b> high (VT F&amp;W Fishing Access Areas dataset)]]></description>
      <styleUrl>#pt-039be5</styleUrl>
      <ExtendedData>
        <Data name="color"><value>#039be5</value></Data>
        <Data name="confidence"><value>high</value></Data>
        <Data name="coord_source"><value>VT F&amp;W Fishing Access Areas dataset</value></Data>
        <Data name="drive_km"><value>75.7</value></Data>
        <Data name="drive_min"><value>70.7</value></Data>
        <Data name="drive_src"><value>OSRM</value></Data>
        <Data name="huc10"><value></value></Data>
        <Data name="id"><value>fa-joe-s-pond-danville</value></Data>
        <Data name="layer"><value>access</value></Data>
        <Data name="name"><value>Joe's Pond (state fishing access)</value></Data>
        <Data name="notes"><value>Boating/Fishing on Joe's Pond, Danville. Owner: F&amp;W. Ramp: Concrete. State lists brown, rainbow trout.</value></Data>
        <Data name="parking_notes"><value>State fishing access area; parking on site.</value></Data>
        <Data name="serves"><value></value></Data>
        <Data name="source_ref"><value>Vermont Open Geodata Portal - Fishing Access Areas (VT ANR / Fish &amp; Wildlife)</value></Data>
        <Data name="state_access"><value>true</value></Data>
        <Data name="type"><value>river_access</value></Data>
      </ExtendedData>
      <Point><coordinates>-72.218300,44.403600,0</coordinates></Point>
    </Placemark>
    <Placemark>
      <name>Vaughn M. Douglass (state fishing access)</name>
      <description><![CDATA[<b>Type:</b> river access<br/><b>Parking:</b> State fishing access area; parking on site.<br/>Boating/Fishing on Lake Elmore, Elmore. Owner: F&amp;W. Ramp: Concrete.<br/><b>Drive from inn:</b> 70.6 min<br/><b>Source:</b> Vermont Open Geodata Portal - Fishing Access Areas (VT ANR / Fish &amp; Wildlife)<br/><b>Confidence:</b> high (VT F&amp;W Fishing Access Areas dataset)]]></description>
      <styleUrl>#pt-039be5</styleUrl>
      <ExtendedData>
        <Data name="color"><value>#039be5</value></Data>
        <Data name="confidence"><value>high</value></Data>
        <Data name="coord_source"><value>VT F&amp;W Fishing Access Areas dataset</value></Data>
        <Data name="drive_km"><value>62.7</value></Data>
        <Data name="drive_min"><value>70.6</value></Data>
        <Data name="drive_src"><value>OSRM</value></Data>
        <Data name="huc10"><value></value></Data>
        <Data name="id"><value>fa-vaughn-m-douglass-elmore</value></Data>
        <Data name="layer"><value>access</value></Data>
        <Data name="name"><value>Vaughn M. Douglass (state fishing access)</value></Data>
        <Data name="notes"><value>Boating/Fishing on Lake Elmore, Elmore. Owner: F&amp;W. Ramp: Concrete.</value></Data>
        <Data name="parking_notes"><value>State fishing access area; parking on site.</value></Data>
        <Data name="serves"><value></value></Data>
        <Data name="source_ref"><value>Vermont Open Geodata Portal - Fishing Access Areas (VT ANR / Fish &amp; Wildlife)</value></Data>
        <Data name="state_access"><value>true</value></Data>
        <Data name="type"><value>river_access</value></Data>
      </ExtendedData>
      <Point><coordinates>-72.521300,44.527000,0</coordinates></Point>
    </Placemark>
    <Placemark>
      <name>Lake Iroquois (state fishing access)</name>
      <description><![CDATA[<b>Type:</b> river access<br/><b>Parking:</b> State fishing access area; parking on site.<br/>Boating/Fishing on Lake Iroquois, Williston. Owner: F&amp;W. Ramp: Concrete Plank.<br/><b>Drive from inn:</b> 63.7 min<br/><b>Source:</b> Vermont Open Geodata Portal - Fishing Access Areas (VT ANR / Fish &amp; Wildlife)<br/><b>Confidence:</b> high (VT F&amp;W Fishing Access Areas dataset)]]></description>
      <styleUrl>#pt-039be5</styleUrl>
      <ExtendedData>
        <Data name="color"><value>#039be5</value></Data>
        <Data name="confidence"><value>high</value></Data>
        <Data name="coord_source"><value>VT F&amp;W Fishing Access Areas dataset</value></Data>
        <Data name="drive_km"><value>61</value></Data>
        <Data name="drive_min"><value>63.7</value></Data>
        <Data name="drive_src"><value>OSRM</value></Data>
        <Data name="huc10"><value></value></Data>
        <Data name="id"><value>fa-lake-iroquois-williston</value></Data>
        <Data name="layer"><value>access</value></Data>
        <Data name="name"><value>Lake Iroquois (state fishing access)</value></Data>
        <Data name="notes"><value>Boating/Fishing on Lake Iroquois, Williston. Owner: F&amp;W. Ramp: Concrete Plank.</value></Data>
        <Data name="parking_notes"><value>State fishing access area; parking on site.</value></Data>
        <Data name="serves"><value></value></Data>
        <Data name="source_ref"><value>Vermont Open Geodata Portal - Fishing Access Areas (VT ANR / Fish &amp; Wildlife)</value></Data>
        <Data name="state_access"><value>true</value></Data>
        <Data name="type"><value>river_access</value></Data>
      </ExtendedData>
      <Point><coordinates>-73.090200,44.377100,0</coordinates></Point>
    </Placemark>
    <Placemark>
      <name>Lamoille River - Rotary (state fishing access)</name>
      <description><![CDATA[<b>Type:</b> river access<br/><b>Parking:</b> State fishing access area; parking on site.<br/>Shore Fishing on Lamoille River, Morristown. Owner: F&amp;W. State lists brook, brown, rainbow trout.<br/><b>Drive from inn:</b> 63.8 min<br/><b>Source:</b> Vermont Open Geodata Portal - Fishing Access Areas (VT ANR / Fish &amp; Wildlife)<br/><b>Confidence:</b> high (VT F&amp;W Fishing Access Areas dataset)]]></description>
      <styleUrl>#pt-039be5</styleUrl>
      <ExtendedData>
        <Data name="color"><value>#039be5</value></Data>
        <Data name="confidence"><value>high</value></Data>
        <Data name="coord_source"><value>VT F&amp;W Fishing Access Areas dataset</value></Data>
        <Data name="drive_km"><value>57.4</value></Data>
        <Data name="drive_min"><value>63.8</value></Data>
        <Data name="drive_src"><value>OSRM</value></Data>
        <Data name="huc10"><value></value></Data>
        <Data name="id"><value>fa-lamoille-river-rotary-morristown</value></Data>
        <Data name="layer"><value>access</value></Data>
        <Data name="name"><value>Lamoille River - Rotary (state fishing access)</value></Data>
        <Data name="notes"><value>Shore Fishing on Lamoille River, Morristown. Owner: F&amp;W. State lists brook, brown, rainbow trout.</value></Data>
        <Data name="parking_notes"><value>State fishing access area; parking on site.</value></Data>
        <Data name="serves"><value></value></Data>
        <Data name="source_ref"><value>Vermont Open Geodata Portal - Fishing Access Areas (VT ANR / Fish &amp; Wildlife)</value></Data>
        <Data name="state_access"><value>true</value></Data>
        <Data name="type"><value>river_access</value></Data>
      </ExtendedData>
      <Point><coordinates>-72.549500,44.567400,0</coordinates></Point>
    </Placemark>
    <Placemark>
      <name>Lyford Pond (state fishing access)</name>
      <description><![CDATA[<b>Type:</b> river access<br/><b>Parking:</b> State fishing access area; parking on site.<br/>Boating/Fishing on Lyford Pond, Walden. Owner: F&amp;W.<br/><b>Drive from inn:</b> 78.8 min<br/><b>Source:</b> Vermont Open Geodata Portal - Fishing Access Areas (VT ANR / Fish &amp; Wildlife)<br/><b>Confidence:</b> high (VT F&amp;W Fishing Access Areas dataset)]]></description>
      <styleUrl>#pt-039be5</styleUrl>
      <ExtendedData>
        <Data name="color"><value>#039be5</value></Data>
        <Data name="confidence"><value>high</value></Data>
        <Data name="coord_source"><value>VT F&amp;W Fishing Access Areas dataset</value></Data>
        <Data name="drive_km"><value>78.4</value></Data>
        <Data name="drive_min"><value>78.8</value></Data>
        <Data name="drive_src"><value>OSRM</value></Data>
        <Data name="huc10"><value></value></Data>
        <Data name="id"><value>fa-lyford-pond-walden</value></Data>
        <Data name="layer"><value>access</value></Data>
        <Data name="name"><value>Lyford Pond (state fishing access)</value></Data>
        <Data name="notes"><value>Boating/Fishing on Lyford Pond, Walden. Owner: F&amp;W.</value></Data>
        <Data name="parking_notes"><value>State fishing access area; parking on site.</value></Data>
        <Data name="serves"><value></value></Data>
        <Data name="source_ref"><value>Vermont Open Geodata Portal - Fishing Access Areas (VT ANR / Fish &amp; Wildlife)</value></Data>
        <Data name="state_access"><value>true</value></Data>
        <Data name="type"><value>river_access</value></Data>
      </ExtendedData>
      <Point><coordinates>-72.246900,44.446800,0</coordinates></Point>
    </Placemark>
    <Placemark>
      <name>Marshfield Dam (state fishing access)</name>
      <description><![CDATA[<b>Type:</b> river access<br/><b>Parking:</b> State fishing access area; parking on site.<br/>Boating/Fishing on Mollys Falls Reservoir, Cabot. Owner: Lease. Ramp: Concrete. State lists brown, rainbow trout.<br/><b>Drive from inn:</b> 64.2 min<br/><b>Source:</b> Vermont Open Geodata Portal - Fishing Access Areas (VT ANR / Fish &amp; Wildlife)<br/><b>Confidence:</b> high (VT F&amp;W Fishing Access Areas dataset)]]></description>
      <styleUrl>#pt-039be5</styleUrl>
      <ExtendedData>
        <Data name="color"><value>#039be5</value></Data>
        <Data name="confidence"><value>high</value></Data>
        <Data name="coord_source"><value>VT F&amp;W Fishing Access Areas dataset</value></Data>
        <Data name="drive_km"><value>66.6</value></Data>
        <Data name="drive_min"><value>64.2</value></Data>
        <Data name="drive_src"><value>OSRM</value></Data>
        <Data name="huc10"><value>Headwaters Winooski River</value></Data>
        <Data name="id"><value>fa-marshfield-dam-cabot</value></Data>
        <Data name="layer"><value>access</value></Data>
        <Data name="name"><value>Marshfield Dam (state fishing access)</value></Data>
        <Data name="notes"><value>Boating/Fishing on Mollys Falls Reservoir, Cabot. Owner: Lease. Ramp: Concrete. State lists brown, rainbow trout.</value></Data>
        <Data name="parking_notes"><value>State fishing access area; parking on site.</value></Data>
        <Data name="serves"><value></value></Data>
        <Data name="source_ref"><value>Vermont Open Geodata Portal - Fishing Access Areas (VT ANR / Fish &amp; Wildlife)</value></Data>
        <Data name="state_access"><value>true</value></Data>
        <Data name="type"><value>river_access</value></Data>
      </ExtendedData>
      <Point><coordinates>-72.303200,44.363100,0</coordinates></Point>
    </Placemark>
    <Placemark>
      <name>Hardwick Lake (state fishing access)</name>
      <description><![CDATA[<b>Type:</b> river access<br/><b>Parking:</b> State fishing access area; parking on site.<br/>Boating/Fishing on Hardwick Lake, Hardwick. Owner: F&amp;W. Ramp: Gravel.<br/><b>Drive from inn:</b> 81.5 min<br/><b>Source:</b> Vermont Open Geodata Portal - Fishing Access Areas (VT ANR / Fish &amp; Wildlife)<br/><b>Confidence:</b> high (VT F&amp;W Fishing Access Areas dataset)]]></description>
      <styleUrl>#pt-039be5</styleUrl>
      <ExtendedData>
        <Data name="color"><value>#039be5</value></Data>
        <Data name="confidence"><value>high</value></Data>
        <Data name="coord_source"><value>VT F&amp;W Fishing Access Areas dataset</value></Data>
        <Data name="drive_km"><value>76.2</value></Data>
        <Data name="drive_min"><value>81.5</value></Data>
        <Data name="drive_src"><value>OSRM</value></Data>
        <Data name="huc10"><value></value></Data>
        <Data name="id"><value>fa-hardwick-lake-hardwick</value></Data>
        <Data name="layer"><value>access</value></Data>
        <Data name="name"><value>Hardwick Lake (state fishing access)</value></Data>
        <Data name="notes"><value>Boating/Fishing on Hardwick Lake, Hardwick. Owner: F&amp;W. Ramp: Gravel.</value></Data>
        <Data name="parking_notes"><value>State fishing access area; parking on site.</value></Data>
        <Data name="serves"><value></value></Data>
        <Data name="source_ref"><value>Vermont Open Geodata Portal - Fishing Access Areas (VT ANR / Fish &amp; Wildlife)</value></Data>
        <Data name="state_access"><value>true</value></Data>
        <Data name="type"><value>river_access</value></Data>
      </ExtendedData>
      <Point><coordinates>-72.373600,44.535800,0</coordinates></Point>
    </Placemark>
    <Placemark>
      <name>Martins Pond (state fishing access)</name>
      <description><![CDATA[<b>Type:</b> river access<br/><b>Parking:</b> State fishing access area; parking on site.<br/>Boating/Fishing on Martins Pond, Peacham. Owner: F&amp;W. Ramp: Concrete Plank. State lists brook trout.<br/><b>Drive from inn:</b> 98.4 min<br/><b>Source:</b> Vermont Open Geodata Portal - Fishing Access Areas (VT ANR / Fish &amp; Wildlife)<br/><b>Confidence:</b> high (VT F&amp;W Fishing Access Areas dataset)]]></description>
      <styleUrl>#pt-039be5</styleUrl>
      <ExtendedData>
        <Data name="color"><value>#039be5</value></Data>
        <Data name="confidence"><value>high</value></Data>
        <Data name="coord_source"><value>VT F&amp;W Fishing Access Areas dataset</value></Data>
        <Data name="drive_km"><value>82.9</value></Data>
        <Data name="drive_min"><value>98.4</value></Data>
        <Data name="drive_src"><value>OSRM</value></Data>
        <Data name="huc10"><value></value></Data>
        <Data name="id"><value>fa-martins-pond-peacham</value></Data>
        <Data name="layer"><value>access</value></Data>
        <Data name="name"><value>Martins Pond (state fishing access)</value></Data>
        <Data name="notes"><value>Boating/Fishing on Martins Pond, Peacham. Owner: F&amp;W. Ramp: Concrete Plank. State lists brook trout.</value></Data>
        <Data name="parking_notes"><value>State fishing access area; parking on site.</value></Data>
        <Data name="serves"><value></value></Data>
        <Data name="source_ref"><value>Vermont Open Geodata Portal - Fishing Access Areas (VT ANR / Fish &amp; Wildlife)</value></Data>
        <Data name="state_access"><value>true</value></Data>
        <Data name="type"><value>river_access</value></Data>
      </ExtendedData>
      <Point><coordinates>-72.205600,44.304200,0</coordinates></Point>
    </Placemark>
    <Placemark>
      <name>Mirror Lake (state fishing access)</name>
      <description><![CDATA[<b>Type:</b> river access<br/><b>Parking:</b> State fishing access area; parking on site.<br/>Boating/Fishing on Mirror Lake, Calais. Owner: F&amp;W. Ramp: Concrete Plank. State lists rainbow trout.<br/><b>Drive from inn:</b> 66.9 min<br/><b>Source:</b> Vermont Open Geodata Portal - Fishing Access Areas (VT ANR / Fish &amp; Wildlife)<br/><b>Confidence:</b> high (VT F&amp;W Fishing Access Areas dataset)]]></description>
      <styleUrl>#pt-039be5</styleUrl>
      <ExtendedData>
        <Data name="color"><value>#039be5</value></Data>
        <Data name="confidence"><value>high</value></Data>
        <Data name="coord_source"><value>VT F&amp;W Fishing Access Areas dataset</value></Data>
        <Data name="drive_km"><value>63.1</value></Data>
        <Data name="drive_min"><value>66.9</value></Data>
        <Data name="drive_src"><value>OSRM</value></Data>
        <Data name="huc10"><value>Headwaters Winooski River</value></Data>
        <Data name="id"><value>fa-mirror-lake-calais</value></Data>
        <Data name="layer"><value>access</value></Data>
        <Data name="name"><value>Mirror Lake (state fishing access)</value></Data>
        <Data name="notes"><value>Boating/Fishing on Mirror Lake, Calais. Owner: F&amp;W. Ramp: Concrete Plank. State lists rainbow trout.</value></Data>
        <Data name="parking_notes"><value>State fishing access area; parking on site.</value></Data>
        <Data name="serves"><value></value></Data>
        <Data name="source_ref"><value>Vermont Open Geodata Portal - Fishing Access Areas (VT ANR / Fish &amp; Wildlife)</value></Data>
        <Data name="state_access"><value>true</value></Data>
        <Data name="type"><value>river_access</value></Data>
      </ExtendedData>
      <Point><coordinates>-72.447500,44.391300,0</coordinates></Point>
    </Placemark>
    <Placemark>
      <name>Nelson Pond (state fishing access)</name>
      <description><![CDATA[<b>Type:</b> river access<br/><b>Parking:</b> State fishing access area; parking on site.<br/>Boating/Fishing on Nelson Pond, Woodbury. Owner: F&amp;W. Ramp: Gravel. State lists brown, rainbow trout.<br/><b>Drive from inn:</b> 72.5 min<br/><b>Source:</b> Vermont Open Geodata Portal - Fishing Access Areas (VT ANR / Fish &amp; Wildlife)<br/><b>Confidence:</b> high (VT F&amp;W Fishing Access Areas dataset)]]></description>
      <styleUrl>#pt-039be5</styleUrl>
      <ExtendedData>
        <Data name="color"><value>#039be5</value></Data>
        <Data name="confidence"><value>high</value></Data>
        <Data name="coord_source"><value>VT F&amp;W Fishing Access Areas dataset</value></Data>
        <Data name="drive_km"><value>65.4</value></Data>
        <Data name="drive_min"><value>72.5</value></Data>
        <Data name="drive_src"><value>OSRM</value></Data>
        <Data name="huc10"><value>Headwaters Winooski River</value></Data>
        <Data name="id"><value>fa-nelson-pond-woodbury</value></Data>
        <Data name="layer"><value>access</value></Data>
        <Data name="name"><value>Nelson Pond (state fishing access)</value></Data>
        <Data name="notes"><value>Boating/Fishing on Nelson Pond, Woodbury. Owner: F&amp;W. Ramp: Gravel. State lists brown, rainbow trout.</value></Data>
        <Data name="parking_notes"><value>State fishing access area; parking on site.</value></Data>
        <Data name="serves"><value></value></Data>
        <Data name="source_ref"><value>Vermont Open Geodata Portal - Fishing Access Areas (VT ANR / Fish &amp; Wildlife)</value></Data>
        <Data name="state_access"><value>true</value></Data>
        <Data name="type"><value>river_access</value></Data>
      </ExtendedData>
      <Point><coordinates>-72.446800,44.409800,0</coordinates></Point>
    </Placemark>
    <Placemark>
      <name>North Montpelier Pond (state fishing access)</name>
      <description><![CDATA[<b>Type:</b> river access<br/><b>Parking:</b> State fishing access area; parking on site.<br/>Boating/Fishing on North Montpelier Pond, E. Montpelier. Owner: F&amp;W. Ramp: Gravel.<br/><b>Drive from inn:</b> 53.2 min<br/><b>Source:</b> Vermont Open Geodata Portal - Fishing Access Areas (VT ANR / Fish &amp; Wildlife)<br/><b>Confidence:</b> high (VT F&amp;W Fishing Access Areas dataset)]]></description>
      <styleUrl>#pt-039be5</styleUrl>
      <ExtendedData>
        <Data name="color"><value>#039be5</value></Data>
        <Data name="confidence"><value>high</value></Data>
        <Data name="coord_source"><value>VT F&amp;W Fishing Access Areas dataset</value></Data>
        <Data name="drive_km"><value>51.3</value></Data>
        <Data name="drive_min"><value>53.2</value></Data>
        <Data name="drive_src"><value>OSRM</value></Data>
        <Data name="huc10"><value>Headwaters Winooski River</value></Data>
        <Data name="id"><value>fa-north-montpelier-pond-e-montpelier</value></Data>
        <Data name="layer"><value>access</value></Data>
        <Data name="name"><value>North Montpelier Pond (state fishing access)</value></Data>
        <Data name="notes"><value>Boating/Fishing on North Montpelier Pond, E. Montpelier. Owner: F&amp;W. Ramp: Gravel.</value></Data>
        <Data name="parking_notes"><value>State fishing access area; parking on site.</value></Data>
        <Data name="serves"><value></value></Data>
        <Data name="source_ref"><value>Vermont Open Geodata Portal - Fishing Access Areas (VT ANR / Fish &amp; Wildlife)</value></Data>
        <Data name="state_access"><value>true</value></Data>
        <Data name="type"><value>river_access</value></Data>
      </ExtendedData>
      <Point><coordinates>-72.446400,44.306100,0</coordinates></Point>
    </Placemark>
    <Placemark>
      <name>Peacham Pond (state fishing access)</name>
      <description><![CDATA[<b>Type:</b> river access<br/><b>Parking:</b> State fishing access area; parking on site.<br/>Boating/Fishing on Peacham Pond, Peacham. Owner: F&amp;W. Ramp: Gravel. State lists brown trout.<br/><b>Drive from inn:</b> 71.1 min<br/><b>Source:</b> Vermont Open Geodata Portal - Fishing Access Areas (VT ANR / Fish &amp; Wildlife)<br/><b>Confidence:</b> high (VT F&amp;W Fishing Access Areas dataset)]]></description>
      <styleUrl>#pt-039be5</styleUrl>
      <ExtendedData>
        <Data name="color"><value>#039be5</value></Data>
        <Data name="confidence"><value>high</value></Data>
        <Data name="coord_source"><value>VT F&amp;W Fishing Access Areas dataset</value></Data>
        <Data name="drive_km"><value>70.6</value></Data>
        <Data name="drive_min"><value>71.1</value></Data>
        <Data name="drive_src"><value>OSRM</value></Data>
        <Data name="huc10"><value>Headwaters Winooski River</value></Data>
        <Data name="id"><value>fa-peacham-pond-peacham</value></Data>
        <Data name="layer"><value>access</value></Data>
        <Data name="name"><value>Peacham Pond (state fishing access)</value></Data>
        <Data name="notes"><value>Boating/Fishing on Peacham Pond, Peacham. Owner: F&amp;W. Ramp: Gravel. State lists brown trout.</value></Data>
        <Data name="parking_notes"><value>State fishing access area; parking on site.</value></Data>
        <Data name="serves"><value></value></Data>
        <Data name="source_ref"><value>Vermont Open Geodata Portal - Fishing Access Areas (VT ANR / Fish &amp; Wildlife)</value></Data>
        <Data name="state_access"><value>true</value></Data>
        <Data name="type"><value>river_access</value></Data>
      </ExtendedData>
      <Point><coordinates>-72.265400,44.333600,0</coordinates></Point>
    </Placemark>
    <Placemark>
      <name>Baker Pond (Brookfield) (state fishing access)</name>
      <description><![CDATA[<b>Type:</b> river access<br/><b>Parking:</b> State fishing access area; parking on site.<br/>Boating/Fishing on Baker Pond, Brookfield. Owner: F&amp;W. Ramp: Gravel. State lists brook trout.<br/><b>Drive from inn:</b> 39.3 min<br/><b>Source:</b> Vermont Open Geodata Portal - Fishing Access Areas (VT ANR / Fish &amp; Wildlife)<br/><b>Confidence:</b> high (VT F&amp;W Fishing Access Areas dataset)]]></description>
      <styleUrl>#pt-039be5</styleUrl>
      <ExtendedData>
        <Data name="color"><value>#039be5</value></Data>
        <Data name="confidence"><value>high</value></Data>
        <Data name="coord_source"><value>VT F&amp;W Fishing Access Areas dataset</value></Data>
        <Data name="drive_km"><value>32.3</value></Data>
        <Data name="drive_min"><value>39.3</value></Data>
        <Data name="drive_src"><value>OSRM</value></Data>
        <Data name="huc10"><value>Dog River-Winooski River</value></Data>
        <Data name="id"><value>fa-baker-pond-brookfield-brookfield</value></Data>
        <Data name="layer"><value>access</value></Data>
        <Data name="name"><value>Baker Pond (Brookfield) (state fishing access)</value></Data>
        <Data name="notes"><value>Boating/Fishing on Baker Pond, Brookfield. Owner: F&amp;W. Ramp: Gravel. State lists brook trout.</value></Data>
        <Data name="parking_notes"><value>State fishing access area; parking on site.</value></Data>
        <Data name="serves"><value></value></Data>
        <Data name="source_ref"><value>Vermont Open Geodata Portal - Fishing Access Areas (VT ANR / Fish &amp; Wildlife)</value></Data>
        <Data name="state_access"><value>true</value></Data>
        <Data name="type"><value>river_access</value></Data>
      </ExtendedData>
      <Point><coordinates>-72.634700,44.069800,0</coordinates></Point>
    </Placemark>
    <Placemark>
      <name>Rood Pond (state fishing access)</name>
      <description><![CDATA[<b>Type:</b> river access<br/><b>Parking:</b> State fishing access area; parking on site.<br/>Boating/Fishing on Rood Pond, Williamstown. Owner: F&amp;W. Ramp: Concrete Plank. State lists brook trout.<br/><b>Drive from inn:</b> 49 min<br/><b>Source:</b> Vermont Open Geodata Portal - Fishing Access Areas (VT ANR / Fish &amp; Wildlife)<br/><b>Confidence:</b> high (VT F&amp;W Fishing Access Areas dataset)]]></description>
      <styleUrl>#pt-039be5</styleUrl>
      <ExtendedData>
        <Data name="color"><value>#039be5</value></Data>
        <Data name="confidence"><value>high</value></Data>
        <Data name="coord_source"><value>VT F&amp;W Fishing Access Areas dataset</value></Data>
        <Data name="drive_km"><value>39.6</value></Data>
        <Data name="drive_min"><value>49</value></Data>
        <Data name="drive_src"><value>OSRM</value></Data>
        <Data name="huc10"><value></value></Data>
        <Data name="id"><value>fa-rood-pond-williamstown</value></Data>
        <Data name="layer"><value>access</value></Data>
        <Data name="name"><value>Rood Pond (state fishing access)</value></Data>
        <Data name="notes"><value>Boating/Fishing on Rood Pond, Williamstown. Owner: F&amp;W. Ramp: Concrete Plank. State lists brook trout.</value></Data>
        <Data name="parking_notes"><value>State fishing access area; parking on site.</value></Data>
        <Data name="serves"><value></value></Data>
        <Data name="source_ref"><value>Vermont Open Geodata Portal - Fishing Access Areas (VT ANR / Fish &amp; Wildlife)</value></Data>
        <Data name="state_access"><value>true</value></Data>
        <Data name="type"><value>river_access</value></Data>
      </ExtendedData>
      <Point><coordinates>-72.588200,44.077900,0</coordinates></Point>
    </Placemark>
    <Placemark>
      <name>Valley Lake (state fishing access)</name>
      <description><![CDATA[<b>Type:</b> river access<br/><b>Parking:</b> State fishing access area; parking on site.<br/>Boating/Fishing on Valley Lake, Woodbury. Owner: F&amp;W. Ramp: Gravel.<br/><b>Drive from inn:</b> 75.5 min<br/><b>Source:</b> Vermont Open Geodata Portal - Fishing Access Areas (VT ANR / Fish &amp; Wildlife)<br/><b>Confidence:</b> high (VT F&amp;W Fishing Access Areas dataset)]]></description>
      <styleUrl>#pt-039be5</styleUrl>
      <ExtendedData>
        <Data name="color"><value>#039be5</value></Data>
        <Data name="confidence"><value>high</value></Data>
        <Data name="coord_source"><value>VT F&amp;W Fishing Access Areas dataset</value></Data>
        <Data name="drive_km"><value>61.4</value></Data>
        <Data name="drive_min"><value>75.5</value></Data>
        <Data name="drive_src"><value>OSRM</value></Data>
        <Data name="huc10"><value>Headwaters Winooski River</value></Data>
        <Data name="id"><value>fa-valley-lake-woodbury</value></Data>
        <Data name="layer"><value>access</value></Data>
        <Data name="name"><value>Valley Lake (state fishing access)</value></Data>
        <Data name="notes"><value>Boating/Fishing on Valley Lake, Woodbury. Owner: F&amp;W. Ramp: Gravel.</value></Data>
        <Data name="parking_notes"><value>State fishing access area; parking on site.</value></Data>
        <Data name="serves"><value></value></Data>
        <Data name="source_ref"><value>Vermont Open Geodata Portal - Fishing Access Areas (VT ANR / Fish &amp; Wildlife)</value></Data>
        <Data name="state_access"><value>true</value></Data>
        <Data name="type"><value>river_access</value></Data>
      </ExtendedData>
      <Point><coordinates>-72.447100,44.443600,0</coordinates></Point>
    </Placemark>
    <Placemark>
      <name>Ward (state fishing access)</name>
      <description><![CDATA[<b>Type:</b> river access<br/><b>Parking:</b> State fishing access area; parking on site.<br/>Shore Fishing on Mad River, Moretown. Owner: F&amp;W. State lists brown, rainbow trout.<br/><b>Drive from inn:</b> 20.3 min<br/><b>Source:</b> Vermont Open Geodata Portal - Fishing Access Areas (VT ANR / Fish &amp; Wildlife)<br/><b>Confidence:</b> high (VT F&amp;W Fishing Access Areas dataset)]]></description>
      <styleUrl>#pt-039be5</styleUrl>
      <ExtendedData>
        <Data name="color"><value>#039be5</value></Data>
        <Data name="confidence"><value>high</value></Data>
        <Data name="coord_source"><value>VT F&amp;W Fishing Access Areas dataset</value></Data>
        <Data name="drive_km"><value>17.6</value></Data>
        <Data name="drive_min"><value>20.3</value></Data>
        <Data name="drive_src"><value>OSRM</value></Data>
        <Data name="huc10"><value>Mad River</value></Data>
        <Data name="id"><value>fa-ward-moretown</value></Data>
        <Data name="layer"><value>access</value></Data>
        <Data name="name"><value>Ward (state fishing access)</value></Data>
        <Data name="notes"><value>Shore Fishing on Mad River, Moretown. Owner: F&amp;W. State lists brown, rainbow trout.</value></Data>
        <Data name="parking_notes"><value>State fishing access area; parking on site.</value></Data>
        <Data name="serves"><value></value></Data>
        <Data name="source_ref"><value>Vermont Open Geodata Portal - Fishing Access Areas (VT ANR / Fish &amp; Wildlife)</value></Data>
        <Data name="state_access"><value>true</value></Data>
        <Data name="type"><value>river_access</value></Data>
      </ExtendedData>
      <Point><coordinates>-72.724400,44.290400,0</coordinates></Point>
    </Placemark>
    <Placemark>
      <name>West Hill Pond (state fishing access)</name>
      <description><![CDATA[<b>Type:</b> river access<br/><b>Parking:</b> State fishing access area; parking on site.<br/>Boating/Fishing on West Hill Pond, Cabot. Owner: F&amp;W.<br/><b>Drive from inn:</b> 73.9 min<br/><b>Source:</b> Vermont Open Geodata Portal - Fishing Access Areas (VT ANR / Fish &amp; Wildlife)<br/><b>Confidence:</b> high (VT F&amp;W Fishing Access Areas dataset)]]></description>
      <styleUrl>#pt-039be5</styleUrl>
      <ExtendedData>
        <Data name="color"><value>#039be5</value></Data>
        <Data name="confidence"><value>high</value></Data>
        <Data name="coord_source"><value>VT F&amp;W Fishing Access Areas dataset</value></Data>
        <Data name="drive_km"><value>70.5</value></Data>
        <Data name="drive_min"><value>73.9</value></Data>
        <Data name="drive_src"><value>OSRM</value></Data>
        <Data name="huc10"><value>Headwaters Winooski River</value></Data>
        <Data name="id"><value>fa-west-hill-pond-cabot</value></Data>
        <Data name="layer"><value>access</value></Data>
        <Data name="name"><value>West Hill Pond (state fishing access)</value></Data>
        <Data name="notes"><value>Boating/Fishing on West Hill Pond, Cabot. Owner: F&amp;W.</value></Data>
        <Data name="parking_notes"><value>State fishing access area; parking on site.</value></Data>
        <Data name="serves"><value></value></Data>
        <Data name="source_ref"><value>Vermont Open Geodata Portal - Fishing Access Areas (VT ANR / Fish &amp; Wildlife)</value></Data>
        <Data name="state_access"><value>true</value></Data>
        <Data name="type"><value>river_access</value></Data>
      </ExtendedData>
      <Point><coordinates>-72.342800,44.414200,0</coordinates></Point>
    </Placemark>
    <Placemark>
      <name>Bristol Pond (state fishing access)</name>
      <description><![CDATA[<b>Type:</b> river access<br/><b>Parking:</b> State fishing access area; parking on site.<br/>Boating/Fishing on Bristol Pond, Bristol. Owner: F&amp;W. Ramp: Concrete.<br/><b>Drive from inn:</b> 50.2 min<br/><b>Source:</b> Vermont Open Geodata Portal - Fishing Access Areas (VT ANR / Fish &amp; Wildlife)<br/><b>Confidence:</b> high (VT F&amp;W Fishing Access Areas dataset)]]></description>
      <styleUrl>#pt-039be5</styleUrl>
      <ExtendedData>
        <Data name="color"><value>#039be5</value></Data>
        <Data name="confidence"><value>high</value></Data>
        <Data name="coord_source"><value>VT F&amp;W Fishing Access Areas dataset</value></Data>
        <Data name="drive_km"><value>41.4</value></Data>
        <Data name="drive_min"><value>50.2</value></Data>
        <Data name="drive_src"><value>OSRM</value></Data>
        <Data name="huc10"><value></value></Data>
        <Data name="id"><value>fa-bristol-pond-bristol</value></Data>
        <Data name="layer"><value>access</value></Data>
        <Data name="name"><value>Bristol Pond (state fishing access)</value></Data>
        <Data name="notes"><value>Boating/Fishing on Bristol Pond, Bristol. Owner: F&amp;W. Ramp: Concrete.</value></Data>
        <Data name="parking_notes"><value>State fishing access area; parking on site.</value></Data>
        <Data name="serves"><value></value></Data>
        <Data name="source_ref"><value>Vermont Open Geodata Portal - Fishing Access Areas (VT ANR / Fish &amp; Wildlife)</value></Data>
        <Data name="state_access"><value>true</value></Data>
        <Data name="type"><value>river_access</value></Data>
      </ExtendedData>
      <Point><coordinates>-73.099800,44.181900,0</coordinates></Point>
    </Placemark>
    <Placemark>
      <name>Wolcott Pond (state fishing access)</name>
      <description><![CDATA[<b>Type:</b> river access<br/><b>Parking:</b> State fishing access area; parking on site.<br/>Boating/Fishing on Wolcott Pond, Wolcott. Owner: F&amp;W. Ramp: Concrete Plank.<br/><b>Drive from inn:</b> 82.2 min<br/><b>Source:</b> Vermont Open Geodata Portal - Fishing Access Areas (VT ANR / Fish &amp; Wildlife)<br/><b>Confidence:</b> high (VT F&amp;W Fishing Access Areas dataset)]]></description>
      <styleUrl>#pt-039be5</styleUrl>
      <ExtendedData>
        <Data name="color"><value>#039be5</value></Data>
        <Data name="confidence"><value>high</value></Data>
        <Data name="coord_source"><value>VT F&amp;W Fishing Access Areas dataset</value></Data>
        <Data name="drive_km"><value>70.6</value></Data>
        <Data name="drive_min"><value>82.2</value></Data>
        <Data name="drive_src"><value>OSRM</value></Data>
        <Data name="huc10"><value></value></Data>
        <Data name="id"><value>fa-wolcott-pond-wolcott</value></Data>
        <Data name="layer"><value>access</value></Data>
        <Data name="name"><value>Wolcott Pond (state fishing access)</value></Data>
        <Data name="notes"><value>Boating/Fishing on Wolcott Pond, Wolcott. Owner: F&amp;W. Ramp: Concrete Plank.</value></Data>
        <Data name="parking_notes"><value>State fishing access area; parking on site.</value></Data>
        <Data name="serves"><value></value></Data>
        <Data name="source_ref"><value>Vermont Open Geodata Portal - Fishing Access Areas (VT ANR / Fish &amp; Wildlife)</value></Data>
        <Data name="state_access"><value>true</value></Data>
        <Data name="type"><value>river_access</value></Data>
      </ExtendedData>
      <Point><coordinates>-72.427100,44.566500,0</coordinates></Point>
    </Placemark>
    <Placemark>
      <name>Sabin Pond (state fishing access)</name>
      <description><![CDATA[<b>Type:</b> river access<br/><b>Parking:</b> State fishing access area; parking on site.<br/>Boating/Fishing on Sabin Pond, Woodbury. Owner: F&amp;W. Ramp: Concrete. State lists brown, rainbow trout.<br/><b>Drive from inn:</b> 64.8 min<br/><b>Source:</b> Vermont Open Geodata Portal - Fishing Access Areas (VT ANR / Fish &amp; Wildlife)<br/><b>Confidence:</b> high (VT F&amp;W Fishing Access Areas dataset)]]></description>
      <styleUrl>#pt-039be5</styleUrl>
      <ExtendedData>
        <Data name="color"><value>#039be5</value></Data>
        <Data name="confidence"><value>high</value></Data>
        <Data name="coord_source"><value>VT F&amp;W Fishing Access Areas dataset</value></Data>
        <Data name="drive_km"><value>64</value></Data>
        <Data name="drive_min"><value>64.8</value></Data>
        <Data name="drive_src"><value>OSRM</value></Data>
        <Data name="huc10"><value>Headwaters Winooski River</value></Data>
        <Data name="id"><value>fa-sabin-pond-woodbury</value></Data>
        <Data name="layer"><value>access</value></Data>
        <Data name="name"><value>Sabin Pond (state fishing access)</value></Data>
        <Data name="notes"><value>Boating/Fishing on Sabin Pond, Woodbury. Owner: F&amp;W. Ramp: Concrete. State lists brown, rainbow trout.</value></Data>
        <Data name="parking_notes"><value>State fishing access area; parking on site.</value></Data>
        <Data name="serves"><value></value></Data>
        <Data name="source_ref"><value>Vermont Open Geodata Portal - Fishing Access Areas (VT ANR / Fish &amp; Wildlife)</value></Data>
        <Data name="state_access"><value>true</value></Data>
        <Data name="type"><value>river_access</value></Data>
      </ExtendedData>
      <Point><coordinates>-72.413900,44.407400,0</coordinates></Point>
    </Placemark>
    <Placemark>
      <name>Buck Lake (state fishing access)</name>
      <description><![CDATA[<b>Type:</b> river access<br/><b>Parking:</b> State fishing access area; parking on site.<br/>Boating/Fishing on Buck Lake, Woodbury. Owner: F&amp;W. Ramp: Gravel. State lists brook trout.<br/><b>Drive from inn:</b> 76.6 min<br/><b>Source:</b> Vermont Open Geodata Portal - Fishing Access Areas (VT ANR / Fish &amp; Wildlife)<br/><b>Confidence:</b> high (VT F&amp;W Fishing Access Areas dataset)]]></description>
      <styleUrl>#pt-039be5</styleUrl>
      <ExtendedData>
        <Data name="color"><value>#039be5</value></Data>
        <Data name="confidence"><value>high</value></Data>
        <Data name="coord_source"><value>VT F&amp;W Fishing Access Areas dataset</value></Data>
        <Data name="drive_km"><value>73.1</value></Data>
        <Data name="drive_min"><value>76.6</value></Data>
        <Data name="drive_src"><value>OSRM</value></Data>
        <Data name="huc10"><value>Headwaters Winooski River</value></Data>
        <Data name="id"><value>fa-buck-lake-woodbury</value></Data>
        <Data name="layer"><value>access</value></Data>
        <Data name="name"><value>Buck Lake (state fishing access)</value></Data>
        <Data name="notes"><value>Boating/Fishing on Buck Lake, Woodbury. Owner: F&amp;W. Ramp: Gravel. State lists brook trout.</value></Data>
        <Data name="parking_notes"><value>State fishing access area; parking on site.</value></Data>
        <Data name="serves"><value></value></Data>
        <Data name="source_ref"><value>Vermont Open Geodata Portal - Fishing Access Areas (VT ANR / Fish &amp; Wildlife)</value></Data>
        <Data name="state_access"><value>true</value></Data>
        <Data name="type"><value>river_access</value></Data>
      </ExtendedData>
      <Point><coordinates>-72.396600,44.467100,0</coordinates></Point>
    </Placemark>
    <Placemark>
      <name>Fisher Bridge (state fishing access)</name>
      <description><![CDATA[<b>Type:</b> river access<br/><b>Parking:</b> State fishing access area; parking on site.<br/>Shore Fishing on Lamoille River, Wolcott. Owner: F&amp;W. State lists brown, rainbow trout.<br/><b>Drive from inn:</b> 75 min<br/><b>Source:</b> Vermont Open Geodata Portal - Fishing Access Areas (VT ANR / Fish &amp; Wildlife)<br/><b>Confidence:</b> high (VT F&amp;W Fishing Access Areas dataset)]]></description>
      <styleUrl>#pt-039be5</styleUrl>
      <ExtendedData>
        <Data name="color"><value>#039be5</value></Data>
        <Data name="confidence"><value>high</value></Data>
        <Data name="coord_source"><value>VT F&amp;W Fishing Access Areas dataset</value></Data>
        <Data name="drive_km"><value>69.4</value></Data>
        <Data name="drive_min"><value>75</value></Data>
        <Data name="drive_src"><value>OSRM</value></Data>
        <Data name="huc10"><value></value></Data>
        <Data name="id"><value>fa-fisher-bridge-wolcott</value></Data>
        <Data name="layer"><value>access</value></Data>
        <Data name="name"><value>Fisher Bridge (state fishing access)</value></Data>
        <Data name="notes"><value>Shore Fishing on Lamoille River, Wolcott. Owner: F&amp;W. State lists brown, rainbow trout.</value></Data>
        <Data name="parking_notes"><value>State fishing access area; parking on site.</value></Data>
        <Data name="serves"><value></value></Data>
        <Data name="source_ref"><value>Vermont Open Geodata Portal - Fishing Access Areas (VT ANR / Fish &amp; Wildlife)</value></Data>
        <Data name="state_access"><value>true</value></Data>
        <Data name="type"><value>river_access</value></Data>
      </ExtendedData>
      <Point><coordinates>-72.427800,44.532600,0</coordinates></Point>
    </Placemark>
    <Placemark>
      <name>New Haven Fishing Platform (state fishing access)</name>
      <description><![CDATA[<b>Type:</b> river access<br/><b>Parking:</b> State fishing access area; parking on site.<br/>Shore Fishing on New Haven River, Bristol. Owner: Town. State lists brook, rainbow trout.<br/><b>Drive from inn:</b> 38.7 min<br/><b>Source:</b> Vermont Open Geodata Portal - Fishing Access Areas (VT ANR / Fish &amp; Wildlife)<br/><b>Confidence:</b> high (VT F&amp;W Fishing Access Areas dataset)]]></description>
      <styleUrl>#pt-039be5</styleUrl>
      <ExtendedData>
        <Data name="color"><value>#039be5</value></Data>
        <Data name="confidence"><value>high</value></Data>
        <Data name="coord_source"><value>VT F&amp;W Fishing Access Areas dataset</value></Data>
        <Data name="drive_km"><value>34.1</value></Data>
        <Data name="drive_min"><value>38.7</value></Data>
        <Data name="drive_src"><value>OSRM</value></Data>
        <Data name="huc10"><value></value></Data>
        <Data name="id"><value>fa-new-haven-fishing-platform-bristol</value></Data>
        <Data name="layer"><value>access</value></Data>
        <Data name="name"><value>New Haven Fishing Platform (state fishing access)</value></Data>
        <Data name="notes"><value>Shore Fishing on New Haven River, Bristol. Owner: Town. State lists brook, rainbow trout.</value></Data>
        <Data name="parking_notes"><value>State fishing access area; parking on site.</value></Data>
        <Data name="serves"><value></value></Data>
        <Data name="source_ref"><value>Vermont Open Geodata Portal - Fishing Access Areas (VT ANR / Fish &amp; Wildlife)</value></Data>
        <Data name="state_access"><value>true</value></Data>
        <Data name="type"><value>river_access</value></Data>
      </ExtendedData>
      <Point><coordinates>-73.034200,44.123300,0</coordinates></Point>
    </Placemark>
    <Placemark>
      <name>Lewis Creek at Tyler Bridge (state fishing access)</name>
      <description><![CDATA[<b>Type:</b> river access<br/><b>Parking:</b> State fishing access area; parking on site.<br/>Boating/Fishing on Lewis Creek, Monkton. Owner: F&amp;W.<br/><b>Drive from inn:</b> 50.1 min<br/><b>Source:</b> Vermont Open Geodata Portal - Fishing Access Areas (VT ANR / Fish &amp; Wildlife)<br/><b>Confidence:</b> high (VT F&amp;W Fishing Access Areas dataset)]]></description>
      <styleUrl>#pt-039be5</styleUrl>
      <ExtendedData>
        <Data name="color"><value>#039be5</value></Data>
        <Data name="confidence"><value>high</value></Data>
        <Data name="coord_source"><value>VT F&amp;W Fishing Access Areas dataset</value></Data>
        <Data name="drive_km"><value>46.4</value></Data>
        <Data name="drive_min"><value>50.1</value></Data>
        <Data name="drive_src"><value>OSRM</value></Data>
        <Data name="huc10"><value></value></Data>
        <Data name="id"><value>fa-lewis-creek-at-tyler-bridge-monkton</value></Data>
        <Data name="layer"><value>access</value></Data>
        <Data name="name"><value>Lewis Creek at Tyler Bridge (state fishing access)</value></Data>
        <Data name="notes"><value>Boating/Fishing on Lewis Creek, Monkton. Owner: F&amp;W.</value></Data>
        <Data name="parking_notes"><value>State fishing access area; parking on site.</value></Data>
        <Data name="serves"><value></value></Data>
        <Data name="source_ref"><value>Vermont Open Geodata Portal - Fishing Access Areas (VT ANR / Fish &amp; Wildlife)</value></Data>
        <Data name="state_access"><value>true</value></Data>
        <Data name="type"><value>river_access</value></Data>
      </ExtendedData>
      <Point><coordinates>-73.081400,44.277300,0</coordinates></Point>
    </Placemark>
    <Placemark>
      <name>Upper Lamoille River (state fishing access)</name>
      <description><![CDATA[<b>Type:</b> river access<br/><b>Parking:</b> State fishing access area; parking on site.<br/>Boating/Fishing on Lamoille River, Wolcott. Owner: F&amp;W. Ramp: Steps.<br/><b>Drive from inn:</b> 70.8 min<br/><b>Source:</b> Vermont Open Geodata Portal - Fishing Access Areas (VT ANR / Fish &amp; Wildlife)<br/><b>Confidence:</b> high (VT F&amp;W Fishing Access Areas dataset)]]></description>
      <styleUrl>#pt-039be5</styleUrl>
      <ExtendedData>
        <Data name="color"><value>#039be5</value></Data>
        <Data name="confidence"><value>high</value></Data>
        <Data name="coord_source"><value>VT F&amp;W Fishing Access Areas dataset</value></Data>
        <Data name="drive_km"><value>64.7</value></Data>
        <Data name="drive_min"><value>70.8</value></Data>
        <Data name="drive_src"><value>OSRM</value></Data>
        <Data name="huc10"><value></value></Data>
        <Data name="id"><value>fa-upper-lamoille-river-wolcott</value></Data>
        <Data name="layer"><value>access</value></Data>
        <Data name="name"><value>Upper Lamoille River (state fishing access)</value></Data>
        <Data name="notes"><value>Boating/Fishing on Lamoille River, Wolcott. Owner: F&amp;W. Ramp: Steps.</value></Data>
        <Data name="parking_notes"><value>State fishing access area; parking on site.</value></Data>
        <Data name="serves"><value></value></Data>
        <Data name="source_ref"><value>Vermont Open Geodata Portal - Fishing Access Areas (VT ANR / Fish &amp; Wildlife)</value></Data>
        <Data name="state_access"><value>true</value></Data>
        <Data name="type"><value>river_access</value></Data>
      </ExtendedData>
      <Point><coordinates>-72.478700,44.551600,0</coordinates></Point>
    </Placemark>
    <Placemark>
      <name>Berlin Pond (state fishing access)</name>
      <description><![CDATA[<b>Type:</b> river access<br/><b>Parking:</b> State fishing access area; parking on site.<br/>Boating/Fishing on Berlin Pond, Berlin. Owner: Municipality. Ramp: Steps.<br/><b>Drive from inn:</b> 39.8 min<br/><b>Source:</b> Vermont Open Geodata Portal - Fishing Access Areas (VT ANR / Fish &amp; Wildlife)<br/><b>Confidence:</b> high (VT F&amp;W Fishing Access Areas dataset)]]></description>
      <styleUrl>#pt-039be5</styleUrl>
      <ExtendedData>
        <Data name="color"><value>#039be5</value></Data>
        <Data name="confidence"><value>high</value></Data>
        <Data name="coord_source"><value>VT F&amp;W Fishing Access Areas dataset</value></Data>
        <Data name="drive_km"><value>39.5</value></Data>
        <Data name="drive_min"><value>39.8</value></Data>
        <Data name="drive_src"><value>OSRM</value></Data>
        <Data name="huc10"><value>Stevens Branch</value></Data>
        <Data name="id"><value>fa-berlin-pond-berlin</value></Data>
        <Data name="layer"><value>access</value></Data>
        <Data name="name"><value>Berlin Pond (state fishing access)</value></Data>
        <Data name="notes"><value>Boating/Fishing on Berlin Pond, Berlin. Owner: Municipality. Ramp: Steps.</value></Data>
        <Data name="parking_notes"><value>State fishing access area; parking on site.</value></Data>
        <Data name="serves"><value></value></Data>
        <Data name="source_ref"><value>Vermont Open Geodata Portal - Fishing Access Areas (VT ANR / Fish &amp; Wildlife)</value></Data>
        <Data name="state_access"><value>true</value></Data>
        <Data name="type"><value>river_access</value></Data>
      </ExtendedData>
      <Point><coordinates>-72.582200,44.208800,0</coordinates></Point>
    </Placemark>
  </Folder>
  <Folder>
    <name>Points of interest</name>
    <Placemark>
      <name>The Inn at the Round Barn Farm</name>
      <description><![CDATA[<b>Category:</b> base<br/>Home base, 1661 E Warren Rd, Waitsfield. All drive times measured from here.<br/><b>Drive from inn:</b> 0 min<br/><b>Source:</b> Google Places<br/><b>Confidence:</b> high (Google Places 2026-09-23)]]></description>
      <styleUrl>#pt-263238</styleUrl>
      <ExtendedData>
        <Data name="category"><value>base</value></Data>
        <Data name="color"><value>#263238</value></Data>
        <Data name="confidence"><value>high</value></Data>
        <Data name="coord_source"><value>Google Places 2026-09-23</value></Data>
        <Data name="drive_km"><value>0</value></Data>
        <Data name="drive_min"><value>0</value></Data>
        <Data name="drive_src"><value>OSRM</value></Data>
        <Data name="huc10"><value>Mad River</value></Data>
        <Data name="id"><value>p-the-inn-at-the-round-barn-farm</value></Data>
        <Data name="layer"><value>poi</value></Data>
        <Data name="name"><value>The Inn at the Round Barn Farm</value></Data>
        <Data name="notes"><value>Home base, 1661 E Warren Rd, Waitsfield. All drive times measured from here.</value></Data>
        <Data name="source_ref"><value>Google Places</value></Data>
      </ExtendedData>
      <Point><coordinates>-72.811230,44.167743,0</coordinates></Point>
    </Placemark>
    <Placemark>
      <name>The Silver Trout (fly shop)</name>
      <description><![CDATA[<b>Category:</b> fly shop<br/>40 Bridge St, Unit 4 (upstairs), Waitsfield. Fri-Sat 10-4, Sun 10-3, or by appointment 802-496-3110. Flies and current local advice.<br/><b>Drive from inn:</b> 3.7 min<br/><b>Source:</b> https://thesilvertrout.com/fly-fishing-shop<br/><b>Confidence:</b> high (Google Places 2026-09-23)]]></description>
      <styleUrl>#pt-c62828</styleUrl>
      <ExtendedData>
        <Data name="category"><value>fly_shop</value></Data>
        <Data name="color"><value>#c62828</value></Data>
        <Data name="confidence"><value>high</value></Data>
        <Data name="coord_source"><value>Google Places 2026-09-23</value></Data>
        <Data name="drive_km"><value>2.7</value></Data>
        <Data name="drive_min"><value>3.7</value></Data>
        <Data name="drive_src"><value>OSRM</value></Data>
        <Data name="huc10"><value>Mad River</value></Data>
        <Data name="id"><value>p-the-silver-trout-fly-shop</value></Data>
        <Data name="layer"><value>poi</value></Data>
        <Data name="name"><value>The Silver Trout (fly shop)</value></Data>
        <Data name="notes"><value>40 Bridge St, Unit 4 (upstairs), Waitsfield. Fri-Sat 10-4, Sun 10-3, or by appointment 802-496-3110. Flies and current local advice.</value></Data>
        <Data name="source_ref"><value>https://thesilvertrout.com/fly-fishing-shop</value></Data>
      </ExtendedData>
      <Point><coordinates>-72.823906,44.189633,0</coordinates></Point>
    </Placemark>
    <Placemark>
      <name>Blueberry Lake (stocked brook trout)</name>
      <description><![CDATA[<b>Category:</b> lake<br/>48-acre USFS lake on Plunkton Rd, East Warren: stocked brook trout plus largemouth, bluegill, bullhead (report p.8). Swimming, kayaking, easy trail loops. Move the pin onto the lake; the lot is across the road.<br/><b>Drive from inn:</b> 16.6 min<br/><b>Source:</b> VFWD 2017 p.8; https://www.fs.usda.gov/r09/gmfl/recreation/trails/blueberry-lake-trails<br/><b>Confidence:</b> medium (Google Places (parking lot) 2026-09-24)]]></description>
      <styleUrl>#pt-1e88e5</styleUrl>
      <ExtendedData>
        <Data name="category"><value>lake</value></Data>
        <Data name="color"><value>#1e88e5</value></Data>
        <Data name="confidence"><value>medium</value></Data>
        <Data name="coord_source"><value>Google Places (parking lot) 2026-09-24</value></Data>
        <Data name="drive_km"><value>10.7</value></Data>
        <Data name="drive_min"><value>16.6</value></Data>
        <Data name="drive_src"><value>OSRM</value></Data>
        <Data name="huc10"><value>Mad River</value></Data>
        <Data name="id"><value>p-blueberry-lake-stocked-brook-trout</value></Data>
        <Data name="layer"><value>poi</value></Data>
        <Data name="name"><value>Blueberry Lake (stocked brook trout)</value></Data>
        <Data name="notes"><value>48-acre USFS lake on Plunkton Rd, East Warren: stocked brook trout plus largemouth, bluegill, bullhead (report p.8). Swimming, kayaking, easy trail loops. Move the pin onto the lake; the lot is across the road.</value></Data>
        <Data name="source_ref"><value>VFWD 2017 p.8; https://www.fs.usda.gov/r09/gmfl/recreation/trails/blueberry-lake-trails</value></Data>
      </ExtendedData>
      <Point><coordinates>-72.837881,44.080122,0</coordinates></Point>
    </Placemark>
    <Placemark>
      <name>Roxbury Fish Culture Station</name>
      <description><![CDATA[<b>Category:</b> landmark<br/>3696 Roxbury Rd (Rte 12A). Vermont's oldest hatchery (1891), rebuilt after Irene and open to visitors; raises brook and rainbow trout. Sits on Flint Brook / Third Branch of the White River, not the Dog — but Rte 12A north from here follows the upper Dog River, brookies-only above Rte 12A per the report.<br/><b>Drive from inn:</b> 24.7 min<br/><b>Source:</b> https://vtfishandwildlife.com/fish/fish-stocking/roxbury-fish-culture-station ; https://roxburyvt.org/roxburyvt-attractions/<br/><b>Confidence:</b> high (Google Places 2026-09-24)]]></description>
      <styleUrl>#pt-ef6c00</styleUrl>
      <ExtendedData>
        <Data name="category"><value>landmark</value></Data>
        <Data name="color"><value>#ef6c00</value></Data>
        <Data name="confidence"><value>high</value></Data>
        <Data name="coord_source"><value>Google Places 2026-09-24</value></Data>
        <Data name="drive_km"><value>19.8</value></Data>
        <Data name="drive_min"><value>24.7</value></Data>
        <Data name="drive_src"><value>OSRM</value></Data>
        <Data name="huc10"><value></value></Data>
        <Data name="id"><value>p-roxbury-fish-culture-station</value></Data>
        <Data name="layer"><value>poi</value></Data>
        <Data name="name"><value>Roxbury Fish Culture Station</value></Data>
        <Data name="notes"><value>3696 Roxbury Rd (Rte 12A). Vermont's oldest hatchery (1891), rebuilt after Irene and open to visitors; raises brook and rainbow trout. Sits on Flint Brook / Third Branch of the White River, not the Dog — but Rte 12A north from here follows the upper Dog River, brookies-only above Rte 12A per the report.</value></Data>
        <Data name="source_ref"><value>https://vtfishandwildlife.com/fish/fish-stocking/roxbury-fish-culture-station ; https://roxburyvt.org/roxburyvt-attractions/</value></Data>
      </ExtendedData>
      <Point><coordinates>-72.744200,44.064451,0</coordinates></Point>
    </Placemark>
  </Folder>
  <Folder>
    <name>Streams</name>
    <Placemark>
      <name>Winooski River (above Lower Cabot)</name>
      <description><![CDATA[BKT | B1<br/>Vermont Open Geodata Portal - VT Hydrography Dataset, cartographic extract lines (VCGI)]]></description>
      <styleUrl>#ln-2e7d32</styleUrl>
      <MultiGeometry>
        <LineString><tessellate>1</tessellate><coordinates>-72.31516,44.45768,0 -72.31491,44.45755,0 -72.31465,44.45732,0 -72.31448,44.45680,0</coordinates></LineString>
        <LineString><tessellate>1</tessellate><coordinates>-72.31418,44.45650,0 -72.31412,44.45644,0 -72.31397,44.45581,0 -72.31364,44.45559,0 -72.31352,44.45544,0 -72.31332,44.45535,0 -72.31325,44.45525,0 -72.31305,44.45516,0</coordinates></LineString>
        <LineString><tessellate>1</tessellate><coordinates>-72.31237,44.45147,0 -72.31170,44.45151,0 -72.31120,44.45142,0 -72.31102,44.45130,0 -72.31091,44.45112,0 -72.31088,44.45096,0 -72.31090,44.45078,0 -72.31100,44.45070,0 -72.31107,44.45053,0 -72.31109,44.45017,0 -72.31103,44.45011,0 -72.31100,44.44998,0 -72.31087,44.44989,0 -72.31088,44.44976,0 -72.31064,44.44936,0 -72.31063,44.44919,0 -72.31055,44.44904,0 -72.31057,44.44891,0 -72.31035,44.44849,0 -72.31018,44.44842,0 -72.31011,44.44830,0 -72.30984,44.44826,0</coordinates></LineString>
        <LineString><tessellate>1</tessellate><coordinates>-72.31249,44.45446,0 -72.31233,44.45434,0 -72.31232,44.45412,0 -72.31228,44.45405,0 -72.31218,44.45398,0 -72.31176,44.45385,0 -72.31173,44.45372,0 -72.31164,44.45364,0 -72.31178,44.45335,0 -72.31201,44.45321,0 -72.31201,44.45306,0 -72.31227,44.45264,0 -72.31227,44.45255,0 -72.31242,44.45230,0 -72.31230,44.45186,0 -72.31237,44.45147,0</coordinates></LineString>
        <LineString><tessellate>1</tessellate><coordinates>-72.30984,44.44826,0 -72.30997,44.44815,0 -72.30998,44.44794,0 -72.30991,44.44770,0 -72.31013,44.44740,0 -72.31013,44.44676,0 -72.31030,44.44647,0 -72.31085,44.44610,0 -72.31119,44.44593,0 -72.31154,44.44563,0 -72.31165,44.44540,0 -72.31192,44.44519,0 -72.31224,44.44507,0 -72.31260,44.44504,0 -72.31312,44.44485,0 -72.31401,44.44391,0 -72.31410,44.44363,0 -72.31432,44.44343,0 -72.31451,44.44329,0 -72.31501,44.44320,0 -72.31618,44.44266,0 -72.31744,44.44216,0 -72.31907,44.44169,0</coordinates></LineString>
        <LineString><tessellate>1</tessellate><coordinates>-72.31907,44.44169,0 -72.31906,44.44161,0 -72.31917,44.44149,0 -72.31916,44.44142,0 -72.31912,44.44129,0 -72.31896,44.44123,0 -72.31898,44.44110,0 -72.31918,44.44107,0 -72.31918,44.44099,0 -72.31912,44.44090,0 -72.31914,44.44072,0</coordinates></LineString>
        <LineString><tessellate>1</tessellate><coordinates>-72.31837,44.42523,0 -72.31828,44.42517,0 -72.31809,44.42519,0 -72.31786,44.42492,0 -72.31787,44.42476,0 -72.31779,44.42472,0 -72.31767,44.42449,0 -72.31752,44.42440,0 -72.31732,44.42416,0 -72.31714,44.42410,0 -72.31714,44.42398,0 -72.31724,44.42388,0 -72.31721,44.42377,0 -72.31727,44.42358,0 -72.31728,44.42325,0 -72.31693,44.42307,0 -72.31693,44.42294,0 -72.31686,44.42276,0 -72.31669,44.42263,0 -72.31675,44.42259,0 -72.31674,44.42250,0 -72.31649,44.42234,0 -72.31632,44.42204,0 -72.31635,44.42190,0 -72.31625,44.42183,0</coordinates></LineString>
        <LineString><tessellate>1</tessellate><coordinates>-72.31914,44.44049,0 -72.31907,44.44035,0 -72.31893,44.44032,0 -72.31887,44.44024,0 -72.31886,44.44015,0 -72.31893,44.44007,0 -72.31876,44.43983,0 -72.31837,44.43980,0 -72.31822,44.43958,0 -72.31812,44.43953,0 -72.31801,44.43954,0 -72.31799,44.43936,0 -72.31789,44.43934,0 -72.31780,44.43937,0 -72.31771,44.43931,0 -72.31772,44.43920,0 -72.31764,44.43914,0 -72.31767,44.43903,0 -72.31758,44.43898,0 -72.31765,44.43890,0 -72.31761,44.43863,0 -72.31770,44.43849,0 -72.31763,44.43837,0 -72.31755,44.43835,0 -72.31748,44.43807,0 -72.31737,44.43797,0 -72.31736,44.43786,0 -72.31741,44.43775,0 -72.31723,44.43763,0 -72.31709,44.43763,0 -72.31710,44.43749,0 -72.31702,44.43743,0 -72.31726,44.43722,0 -72.31756,44.43713,0 -72.31764,44.43700,0 -72.31763,44.43687,0 -72.31748,44.43674,0 -72.31748,44.43663,0 -72.31731,44.43660,0 -72.31730,44.43653,0 -72.31740,44.43643,0 -72.31710,44.43634,0 -72.31703,44.43616,0 -72.31678,44.43608,0 -72.31647,44.43585,0 -72.31638,44.43571,0 -72.31656,44.43557,0 -72.31659,44.43544,0 -72.31676,44.43544,0 -72.31691,44.43534,0 -72.31700,44.43519,0 -72.31696,44.43500,0 -72.31682,44.43491,0 -72.31682,44.43476,0 -72.31675,44.43464,0 -72.31684,44.43441,0 -72.31680,44.43420,0 -72.31701,44.43405,0 -72.31702,44.43388,0 -72.31721,44.43382,0 -72.31724,44.43371,0 -72.31733,44.43364,0 -72.31723,44.43353,0 -72.31724,44.43339,0 -72.31719,44.43331,0 -72.31727,44.43302,0 -72.31710,44.43275,0 -72.31721,44.43249,0 -72.31737,44.43227,0 -72.31706,44.43222,0 -72.31699,44.43211,0 -72.31719,44.43199,0 -72.31725,44.43187,0 -72.31739,44.43176,0 -72.31740,44.43162,0 -72.31735,44.43153,0 -72.31753,44.43147,0 -72.31747,44.43136,0 -72.31767,44.43122,0 -72.31724,44.43097,0 -72.31722,44.43086,0 -72.31727,44.43064,0 -72.31772,44.42987,0 -72.31768,44.42933,0 -72.31750,44.42902,0 -72.31747,44.42883,0 -72.31757,44.42850,0 -72.31793,44.42808,0 -72.31797,44.42791,0 -72.31800,44.42753,0 -72.31797,44.42710,0 -72.31778,44.42657,0 -72.31785,44.42626,0 -72.31784,44.42604,0 -72.31812,44.42587,0 -72.31849,44.42593,0 -72.31864,44.42588,0 -72.31853,44.42559,0 -72.31842,44.42550,0 -72.31837,44.42523,0</coordinates></LineString>
        <LineString><tessellate>1</tessellate><coordinates>-72.31342,44.41191,0 -72.31345,44.41179,0 -72.31313,44.41136,0 -72.31278,44.41105,0 -72.31240,44.41086,0 -72.31237,44.41077,0 -72.31242,44.41055,0 -72.31237,44.41041,0 -72.31227,44.41033,0</coordinates></LineString>
        <LineString><tessellate>1</tessellate><coordinates>-72.31625,44.42183,0 -72.31605,44.42178,0 -72.31604,44.42173,0 -72.31605,44.42164,0 -72.31622,44.42139,0 -72.31624,44.42118,0 -72.31614,44.42097,0 -72.31590,44.42073,0 -72.31588,44.42037,0 -72.31594,44.42011,0 -72.31570,44.41924,0 -72.31568,44.41861,0 -72.31551,44.41822,0</coordinates></LineString>
        <LineString><tessellate>1</tessellate><coordinates>-72.31551,44.41822,0 -72.31565,44.41808,0 -72.31567,44.41796,0 -72.31557,44.41779,0 -72.31556,44.41764,0 -72.31557,44.41711,0 -72.31559,44.41701,0 -72.31569,44.41694,0 -72.31565,44.41689,0 -72.31531,44.41689,0 -72.31509,44.41682,0 -72.31487,44.41697,0 -72.31459,44.41697,0 -72.31439,44.41679,0 -72.31381,44.41643,0 -72.31344,44.41632,0 -72.31335,44.41626,0 -72.31333,44.41608,0 -72.31301,44.41602,0 -72.31298,44.41594,0 -72.31298,44.41580,0 -72.31291,44.41573,0 -72.31293,44.41566,0 -72.31305,44.41565,0 -72.31308,44.41561,0 -72.31310,44.41541,0 -72.31326,44.41541,0 -72.31345,44.41528,0 -72.31343,44.41517,0 -72.31324,44.41506,0 -72.31329,44.41493,0 -72.31325,44.41487,0 -72.31310,44.41485,0 -72.31302,44.41468,0 -72.31309,44.41460,0 -72.31349,44.41450,0 -72.31350,44.41414,0 -72.31320,44.41408,0 -72.31298,44.41400,0 -72.31292,44.41393,0 -72.31312,44.41383,0 -72.31307,44.41372,0 -72.31325,44.41346,0 -72.31322,44.41328,0 -72.31329,44.41307,0 -72.31326,44.41296,0 -72.31330,44.41269,0 -72.31347,44.41235,0 -72.31342,44.41191,0</coordinates></LineString>
        <LineString><tessellate>1</tessellate><coordinates>-72.31448,44.45680,0 -72.31437,44.45667,0 -72.31426,44.45665,0 -72.31418,44.45650,0</coordinates></LineString>
        <LineString><tessellate>1</tessellate><coordinates>-72.31227,44.41033,0 -72.31213,44.41025,0 -72.31225,44.41014,0 -72.31203,44.40995,0 -72.31191,44.40991,0 -72.31201,44.40973,0 -72.31187,44.40966,0 -72.31159,44.40964,0 -72.31158,44.40943,0 -72.31145,44.40931,0 -72.31143,44.40923,0 -72.31156,44.40914,0 -72.31156,44.40909,0 -72.31098,44.40874,0 -72.31099,44.40869,0 -72.31120,44.40865,0 -72.31127,44.40854,0 -72.31132,44.40842,0 -72.31127,44.40825,0 -72.31137,44.40811,0</coordinates></LineString>
        <LineString><tessellate>1</tessellate><coordinates>-72.31030,44.40767,0 -72.31031,44.40752,0 -72.31050,44.40729,0 -72.31046,44.40689,0 -72.31032,44.40666,0 -72.31011,44.40661,0 -72.30998,44.40649,0 -72.31001,44.40632,0</coordinates></LineString>
        <LineString><tessellate>1</tessellate><coordinates>-72.31001,44.40632,0 -72.31022,44.40631,0 -72.31063,44.40637,0 -72.31070,44.40622,0 -72.31072,44.40598,0 -72.31080,44.40586,0 -72.31099,44.40582,0 -72.31123,44.40590,0 -72.31135,44.40582,0 -72.31133,44.40571,0 -72.31111,44.40563,0 -72.31111,44.40559,0 -72.31136,44.40551,0 -72.31149,44.40524,0 -72.31136,44.40520,0 -72.31120,44.40532,0 -72.31113,44.40531,0 -72.31109,44.40513,0 -72.31119,44.40501,0 -72.31127,44.40455,0 -72.31115,44.40446,0 -72.31115,44.40427,0 -72.31108,44.40406,0 -72.31085,44.40386,0 -72.31079,44.40373,0 -72.31082,44.40360,0 -72.31100,44.40343,0 -72.31113,44.40316,0 -72.31136,44.40288,0 -72.31157,44.40276,0</coordinates></LineString>
        <LineString><tessellate>1</tessellate><coordinates>-72.31305,44.45516,0 -72.31300,44.45509,0</coordinates></LineString>
        <LineString><tessellate>1</tessellate><coordinates>-72.31534,44.45787,0 -72.31516,44.45768,0</coordinates></LineString>
        <LineString><tessellate>1</tessellate><coordinates>-72.31265,44.45460,0 -72.31249,44.45446,0</coordinates></LineString>
        <LineString><tessellate>1</tessellate><coordinates>-72.31300,44.45509,0 -72.31294,44.45486,0 -72.31265,44.45460,0</coordinates></LineString>
        <LineString><tessellate>1</tessellate><coordinates>-72.31914,44.44072,0 -72.31919,44.44066,0 -72.31914,44.44049,0</coordinates></LineString>
        <LineString><tessellate>1</tessellate><coordinates>-72.31063,44.40784,0 -72.31059,44.40776,0 -72.31038,44.40776,0 -72.31030,44.40767,0</coordinates></LineString>
        <LineString><tessellate>1</tessellate><coordinates>-72.31137,44.40811,0 -72.31133,44.40802,0 -72.31118,44.40803,0 -72.31109,44.40806,0 -72.31093,44.40820,0 -72.31067,44.40808,0 -72.31060,44.40791,0 -72.31063,44.40784,0</coordinates></LineString>
        <LineString><tessellate>1</tessellate><coordinates>-72.31157,44.40276,0 -72.31181,44.40265,0 -72.31196,44.40244,0 -72.31204,44.40225,0 -72.31235,44.40194,0 -72.31256,44.40189,0 -72.31280,44.40170,0 -72.31310,44.40159,0 -72.31381,44.40152,0 -72.31435,44.40100,0 -72.31458,44.40097,0 -72.31551,44.40113,0 -72.31601,44.40104,0 -72.31664,44.40106,0 -72.31674,44.40098,0 -72.31677,44.40087,0</coordinates></LineString>
      </MultiGeometry>
    </Placemark>
    <Placemark>
      <name>Molly's Brook (above Marshfield Dam)</name>
      <description><![CDATA[BKT, BNT | B1<br/>Vermont Open Geodata Portal - VT Hydrography Dataset, cartographic extract lines (VCGI)]]></description>
      <styleUrl>#ln-827717</styleUrl>
      <MultiGeometry>
        <LineString><tessellate>1</tessellate><coordinates>-72.25176,44.41088,0 -72.25147,44.41094,0 -72.25096,44.41094,0</coordinates></LineString>
        <LineString><tessellate>1</tessellate><coordinates>-72.25191,44.41072,0 -72.25176,44.41088,0</coordinates></LineString>
        <LineString><tessellate>1</tessellate><coordinates>-72.25007,44.41085,0 -72.24975,44.41090,0 -72.24964,44.41088,0 -72.24954,44.41074,0 -72.24932,44.41074,0 -72.24928,44.41068,0 -72.24931,44.41049,0 -72.24925,44.41043,0 -72.24921,44.41027,0 -72.24916,44.41025,0 -72.24916,44.41014,0 -72.24874,44.41008,0 -72.24866,44.41004,0 -72.24864,44.40991,0 -72.24854,44.40982,0 -72.24800,44.40972,0</coordinates></LineString>
        <LineString><tessellate>1</tessellate><coordinates>-72.24787,44.40972,0 -72.24769,44.40975,0 -72.24742,44.40953,0 -72.24711,44.40948,0 -72.24702,44.40935,0 -72.24680,44.40941,0 -72.24664,44.40953,0 -72.24650,44.40949,0</coordinates></LineString>
        <LineString><tessellate>1</tessellate><coordinates>-72.25379,44.40553,0 -72.25441,44.40556,0 -72.25463,44.40571,0 -72.25464,44.40580,0 -72.25455,44.40608,0 -72.25432,44.40626,0 -72.25423,44.40644,0 -72.25412,44.40689,0 -72.25393,44.40717,0 -72.25369,44.40772,0 -72.25355,44.40785,0 -72.25338,44.40817,0 -72.25338,44.40857,0 -72.25330,44.40874,0 -72.25331,44.40883,0 -72.25307,44.40941,0 -72.25301,44.40945,0 -72.25279,44.41018,0 -72.25252,44.41040,0 -72.25203,44.41054,0</coordinates></LineString>
        <LineString><tessellate>1</tessellate><coordinates>-72.24632,44.40944,0 -72.24572,44.40935,0 -72.24537,44.40943,0 -72.24501,44.40941,0 -72.24457,44.40946,0 -72.24450,44.40957,0 -72.24432,44.40959,0 -72.24409,44.40946,0 -72.24385,44.40941,0 -72.24339,44.40942,0 -72.24294,44.40933,0 -72.24221,44.40928,0 -72.24208,44.40914,0 -72.24198,44.40912,0 -72.24198,44.40904,0 -72.24186,44.40887,0 -72.24182,44.40856,0 -72.24178,44.40850,0 -72.24149,44.40843,0 -72.24143,44.40837,0 -72.24132,44.40798,0 -72.24113,44.40781,0 -72.24108,44.40762,0 -72.24094,44.40749,0 -72.24095,44.40736,0 -72.24080,44.40702,0 -72.24049,44.40683,0 -72.24034,44.40661,0 -72.23997,44.40646,0 -72.23955,44.40597,0 -72.23950,44.40557,0 -72.23941,44.40554,0 -72.23929,44.40539,0 -72.23913,44.40536,0 -72.23884,44.40516,0 -72.23873,44.40500,0 -72.23865,44.40501,0 -72.23867,44.40512,0 -72.23849,44.40507,0 -72.23809,44.40480,0 -72.23787,44.40456,0 -72.23771,44.40447,0 -72.23765,44.40437,0 -72.23724,44.40414,0 -72.23708,44.40396,0 -72.23700,44.40375,0 -72.23690,44.40369,0 -72.23689,44.40355,0 -72.23679,44.40341,0 -72.23683,44.40325,0 -72.23674,44.40309,0 -72.23673,44.40295,0 -72.23643,44.40261,0 -72.23638,44.40245,0 -72.23627,44.40232,0 -72.23626,44.40212,0 -72.23632,44.40199,0 -72.23631,44.40186,0 -72.23614,44.40179,0 -72.23612,44.40170,0 -72.23601,44.40161,0 -72.23582,44.40124,0 -72.23561,44.40107,0 -72.23561,44.40096,0 -72.23544,44.40068,0 -72.23543,44.40059,0 -72.23555,44.40042,0 -72.23555,44.40028,0 -72.23543,44.40007,0 -72.23539,44.39983,0 -72.23517,44.39952,0 -72.23517,44.39942,0 -72.23526,44.39932,0 -72.23517,44.39920,0 -72.23513,44.39904,0 -72.23513,44.39897,0 -72.23520,44.39893,0 -72.23520,44.39878,0 -72.23483,44.39829,0 -72.23485,44.39820,0 -72.23474,44.39814,0 -72.23475,44.39789,0 -72.23469,44.39782,0 -72.23461,44.39733,0 -72.23451,44.39707,0</coordinates></LineString>
        <LineString><tessellate>1</tessellate><coordinates>-72.24159,44.38789,0 -72.24174,44.38779,0 -72.24215,44.38764,0 -72.24290,44.38752,0 -72.24360,44.38728,0 -72.24394,44.38723,0 -72.24440,44.38703,0 -72.24519,44.38679,0 -72.24579,44.38672,0 -72.24732,44.38675,0 -72.24780,44.38669,0 -72.24803,44.38680,0 -72.24858,44.38672,0 -72.24884,44.38663,0 -72.24939,44.38656,0 -72.24961,44.38657,0 -72.24978,44.38666,0 -72.25022,44.38676,0 -72.25132,44.38692,0 -72.25217,44.38658,0 -72.25373,44.38634,0 -72.25441,44.38617,0</coordinates></LineString>
        <LineString><tessellate>1</tessellate><coordinates>-72.25441,44.38617,0 -72.25517,44.38605,0 -72.25575,44.38613,0 -72.25603,44.38622,0</coordinates></LineString>
        <LineString><tessellate>1</tessellate><coordinates>-72.25603,44.38622,0 -72.25669,44.38584,0 -72.25718,44.38596,0 -72.25727,44.38592,0 -72.25737,44.38579,0 -72.25757,44.38575,0 -72.25759,44.38569,0 -72.25747,44.38568,0 -72.25762,44.38541,0 -72.25759,44.38527,0 -72.25777,44.38529,0 -72.25773,44.38506,0 -72.25783,44.38508,0 -72.25784,44.38515,0 -72.25797,44.38516,0 -72.25800,44.38502,0 -72.25811,44.38496,0 -72.25813,44.38488,0 -72.25826,44.38483,0 -72.25845,44.38485,0 -72.25850,44.38477,0 -72.25848,44.38472,0 -72.25834,44.38472,0 -72.25814,44.38456,0 -72.25803,44.38455,0 -72.25804,44.38449,0 -72.25815,44.38442,0 -72.25812,44.38436,0 -72.25803,44.38439,0 -72.25801,44.38432,0</coordinates></LineString>
        <LineString><tessellate>1</tessellate><coordinates>-72.25801,44.38432,0 -72.25799,44.38421,0 -72.25804,44.38416,0 -72.25808,44.38424,0 -72.25823,44.38432,0 -72.25834,44.38426,0 -72.25843,44.38431,0 -72.25848,44.38415,0 -72.25865,44.38410,0 -72.25875,44.38413,0 -72.25863,44.38418,0 -72.25863,44.38426,0 -72.25879,44.38419,0 -72.25895,44.38420,0 -72.25902,44.38409,0 -72.25916,44.38410,0 -72.25920,44.38406,0 -72.25932,44.38413,0 -72.25937,44.38397,0 -72.25933,44.38386,0 -72.25947,44.38389,0 -72.25952,44.38386,0 -72.25947,44.38379,0 -72.25968,44.38379,0 -72.25978,44.38374,0 -72.25970,44.38365,0 -72.25984,44.38361,0 -72.25975,44.38349,0 -72.25997,44.38344,0 -72.26002,44.38337,0 -72.26013,44.38339,0 -72.26018,44.38333,0 -72.26012,44.38322,0 -72.26032,44.38314,0 -72.26038,44.38307,0 -72.26046,44.38309,0 -72.26065,44.38298,0 -72.26076,44.38273,0 -72.26064,44.38244,0 -72.26066,44.38227,0 -72.26055,44.38219,0 -72.26032,44.38212,0 -72.26015,44.38199,0 -72.26012,44.38191,0 -72.26019,44.38161,0 -72.26019,44.38100,0 -72.26033,44.38088,0 -72.26035,44.38075,0 -72.26028,44.38061,0 -72.26029,44.38023,0 -72.26057,44.37990,0 -72.26073,44.37980,0 -72.26079,44.37968,0 -72.26091,44.37966,0 -72.26139,44.37930,0 -72.26141,44.37906,0 -72.26168,44.37892,0 -72.26198,44.37855,0 -72.26214,44.37809,0 -72.26221,44.37804,0 -72.26210,44.37792,0 -72.26212,44.37786,0 -72.26221,44.37770,0 -72.26233,44.37769,0 -72.26235,44.37746,0 -72.26249,44.37736,0 -72.26242,44.37727,0 -72.26249,44.37709,0</coordinates></LineString>
        <LineString><tessellate>1</tessellate><coordinates>-72.26563,44.37411,0 -72.26604,44.37377,0 -72.26623,44.37380,0 -72.26656,44.37339,0 -72.26668,44.37332,0 -72.26663,44.37322,0 -72.26645,44.37311,0</coordinates></LineString>
        <LineString><tessellate>1</tessellate><coordinates>-72.26645,44.37311,0 -72.26663,44.37306,0 -72.26730,44.37311,0 -72.26739,44.37304,0 -72.26737,44.37289,0 -72.26768,44.37275,0 -72.26779,44.37259,0 -72.26821,44.37245,0 -72.26848,44.37226,0 -72.26910,44.37172,0 -72.26909,44.37154,0 -72.26921,44.37135,0 -72.26955,44.37114,0 -72.26998,44.37071,0 -72.27003,44.37062,0 -72.27003,44.37028,0 -72.27022,44.37014,0 -72.27065,44.37006,0 -72.27065,44.37013,0 -72.27057,44.37020,0 -72.27063,44.37029,0 -72.27078,44.37024,0 -72.27103,44.37003,0 -72.27110,44.37003,0 -72.27120,44.37008,0 -72.27125,44.37025,0 -72.27129,44.37026,0 -72.27156,44.37010,0 -72.27161,44.37003,0 -72.27180,44.37007,0 -72.27193,44.37004,0 -72.27226,44.36979,0 -72.27241,44.36994,0</coordinates></LineString>
        <LineString><tessellate>1</tessellate><coordinates>-72.26319,44.37690,0 -72.26337,44.37690,0 -72.26354,44.37679,0 -72.26367,44.37651,0 -72.26368,44.37629,0 -72.26377,44.37620,0 -72.26387,44.37620,0 -72.26395,44.37628,0 -72.26413,44.37624,0 -72.26431,44.37609,0 -72.26424,44.37600,0 -72.26428,44.37593,0 -72.26446,44.37582,0 -72.26462,44.37586,0 -72.26478,44.37582,0 -72.26480,44.37573,0 -72.26468,44.37562,0 -72.26465,44.37547,0 -72.26486,44.37534,0 -72.26529,44.37525,0 -72.26531,44.37517,0 -72.26523,44.37508,0 -72.26536,44.37500,0 -72.26537,44.37473,0 -72.26555,44.37471,0 -72.26561,44.37465,0 -72.26548,44.37437,0 -72.26566,44.37427,0 -72.26563,44.37411,0</coordinates></LineString>
        <LineString><tessellate>1</tessellate><coordinates>-72.23451,44.39707,0 -72.23430,44.39683,0 -72.23428,44.39669,0 -72.23445,44.39643,0 -72.23575,44.39520,0 -72.23758,44.39384,0 -72.23808,44.39316,0 -72.23859,44.39182,0 -72.23912,44.39065,0 -72.23987,44.38969,0 -72.24020,44.38896,0 -72.24030,44.38886,0</coordinates></LineString>
        <LineString><tessellate>1</tessellate><coordinates>-72.24030,44.38886,0 -72.24044,44.38854,0 -72.24077,44.38831,0 -72.24124,44.38810,0 -72.24159,44.38789,0</coordinates></LineString>
        <LineString><tessellate>1</tessellate><coordinates>-72.24800,44.40972,0 -72.24787,44.40972,0</coordinates></LineString>
        <LineString><tessellate>1</tessellate><coordinates>-72.26294,44.37690,0 -72.26319,44.37690,0</coordinates></LineString>
        <LineString><tessellate>1</tessellate><coordinates>-72.26249,44.37709,0 -72.26260,44.37699,0 -72.26294,44.37690,0</coordinates></LineString>
        <LineString><tessellate>1</tessellate><coordinates>-72.25203,44.41054,0 -72.25197,44.41056,0 -72.25191,44.41072,0</coordinates></LineString>
        <LineString><tessellate>1</tessellate><coordinates>-72.25096,44.41094,0 -72.25007,44.41085,0</coordinates></LineString>
        <LineString><tessellate>1</tessellate><coordinates>-72.24650,44.40949,0 -72.24632,44.40944,0</coordinates></LineString>
      </MultiGeometry>
    </Placemark>
    <Placemark>
      <name>Kidders (Hooker) Brook</name>
      <description><![CDATA[BKT, BNT | B1<br/>Vermont Open Geodata Portal - VT Hydrography Dataset, cartographic extract lines (VCGI)]]></description>
      <styleUrl>#ln-827717</styleUrl>
      <MultiGeometry>
        <LineString><tessellate>1</tessellate><coordinates>-72.22865,44.35805,0 -72.22878,44.35780,0</coordinates></LineString>
        <LineString><tessellate>1</tessellate><coordinates>-72.24284,44.35801,0 -72.24299,44.35807,0 -72.24315,44.35822,0 -72.24344,44.35839,0 -72.24361,44.35837,0 -72.24390,44.35854,0 -72.24403,44.35855,0 -72.24403,44.35860,0 -72.24421,44.35871,0 -72.24486,44.35894,0 -72.24508,44.35888,0 -72.24524,44.35874,0 -72.24541,44.35869,0 -72.24609,44.35867,0 -72.24630,44.35856,0 -72.24644,44.35840,0 -72.24685,44.35834,0 -72.24736,44.35835,0 -72.24771,44.35849,0 -72.24858,44.35855,0 -72.24910,44.35869,0 -72.25017,44.35887,0 -72.25053,44.35906,0 -72.25119,44.35953,0 -72.25174,44.35958,0 -72.25214,44.35981,0 -72.25237,44.35987,0 -72.25254,44.36002,0 -72.25317,44.36036,0 -72.25335,44.36054,0 -72.25353,44.36062,0 -72.25384,44.36091,0 -72.25404,44.36103,0 -72.25467,44.36123,0 -72.25519,44.36149,0 -72.25530,44.36146,0 -72.25534,44.36136,0 -72.25555,44.36132,0 -72.25571,44.36131,0 -72.25581,44.36141,0 -72.25597,44.36143,0 -72.25594,44.36197,0 -72.25566,44.36200,0 -72.25565,44.36210,0 -72.25578,44.36222,0 -72.25586,44.36238,0 -72.25608,44.36245,0 -72.25617,44.36267,0 -72.25645,44.36280,0 -72.25665,44.36282,0 -72.25683,44.36333,0 -72.25669,44.36393,0 -72.25671,44.36402,0 -72.25683,44.36414,0 -72.25687,44.36432,0 -72.25718,44.36455,0 -72.25718,44.36475,0 -72.25741,44.36503,0 -72.25764,44.36520,0 -72.25793,44.36531,0 -72.25802,44.36542,0 -72.25796,44.36561,0 -72.25798,44.36592,0 -72.25787,44.36609,0 -72.25802,44.36645,0 -72.25799,44.36649,0 -72.25806,44.36673,0 -72.25809,44.36701,0 -72.25804,44.36729,0 -72.25815,44.36774,0 -72.25813,44.36806,0 -72.25819,44.36845,0 -72.25844,44.36924,0 -72.25845,44.36949,0 -72.25862,44.36988,0 -72.25864,44.37032,0 -72.25876,44.37051,0 -72.25887,44.37057,0 -72.25893,44.37072,0 -72.25916,44.37092,0 -72.25923,44.37116,0 -72.25915,44.37134,0 -72.25899,44.37148,0 -72.25891,44.37200,0 -72.25896,44.37219,0 -72.25922,44.37264,0 -72.25936,44.37275,0 -72.25939,44.37288,0 -72.25950,44.37295,0 -72.25953,44.37304,0 -72.25997,44.37320,0 -72.26040,44.37364,0 -72.26111,44.37394,0 -72.26130,44.37414,0 -72.26150,44.37418,0 -72.26155,44.37413,0 -72.26153,44.37405,0 -72.26176,44.37399,0 -72.26208,44.37411,0 -72.26230,44.37411,0 -72.26236,44.37422,0 -72.26229,44.37428,0 -72.26216,44.37428,0 -72.26211,44.37436,0 -72.26239,44.37452,0 -72.26245,44.37450,0 -72.26252,44.37437,0 -72.26285,44.37445,0 -72.26290,44.37442,0 -72.26287,44.37429,0 -72.26315,44.37430,0 -72.26318,44.37423,0 -72.26307,44.37410,0 -72.26313,44.37406,0 -72.26346,44.37421,0 -72.26360,44.37422,0 -72.26367,44.37405,0 -72.26360,44.37400,0 -72.26350,44.37400,0 -72.26348,44.37393,0 -72.26355,44.37390,0 -72.26402,44.37399,0 -72.26419,44.37385,0 -72.26427,44.37386,0 -72.26428,44.37398,0 -72.26438,44.37409,0 -72.26459,44.37420,0 -72.26467,44.37416,0 -72.26460,44.37407,0 -72.26477,44.37405,0 -72.26462,44.37394,0 -72.26473,44.37388,0 -72.26532,44.37394,0 -72.26540,44.37397,0 -72.26538,44.37402,0 -72.26541,44.37407,0 -72.26563,44.37411,0</coordinates></LineString>
        <LineString><tessellate>1</tessellate><coordinates>-72.22871,44.35742,0 -72.22876,44.35723,0 -72.22885,44.35710,0 -72.22886,44.35671,0 -72.22902,44.35641,0 -72.22902,44.35602,0 -72.22925,44.35575,0 -72.22968,44.35571,0 -72.22998,44.35578,0 -72.22999,44.35573,0 -72.23029,44.35591,0 -72.23046,44.35584,0 -72.23077,44.35592,0 -72.23099,44.35593,0 -72.23150,44.35591,0 -72.23182,44.35573,0 -72.23205,44.35577,0 -72.23228,44.35587,0 -72.23264,44.35571,0 -72.23316,44.35579,0 -72.23334,44.35578,0 -72.23368,44.35586,0 -72.23379,44.35596,0 -72.23409,44.35605,0 -72.23407,44.35615,0 -72.23412,44.35617,0 -72.23475,44.35613,0 -72.23550,44.35629,0 -72.23661,44.35696,0 -72.23723,44.35716,0 -72.23753,44.35720,0 -72.23764,44.35730,0 -72.23804,44.35749,0 -72.23854,44.35757,0 -72.23906,44.35744,0 -72.23965,44.35743,0 -72.24021,44.35758,0 -72.24034,44.35767,0 -72.24059,44.35770,0 -72.24070,44.35769,0 -72.24081,44.35758,0 -72.24099,44.35753,0 -72.24104,44.35740,0 -72.24120,44.35737,0 -72.24173,44.35750,0 -72.24206,44.35767,0 -72.24205,44.35778,0 -72.24220,44.35776,0 -72.24284,44.35801,0</coordinates></LineString>
        <LineString><tessellate>1</tessellate><coordinates>-72.22825,44.35822,0 -72.22851,44.35816,0 -72.22865,44.35805,0</coordinates></LineString>
        <LineString><tessellate>1</tessellate><coordinates>-72.22878,44.35780,0 -72.22884,44.35773,0 -72.22871,44.35742,0</coordinates></LineString>
      </MultiGeometry>
    </Placemark>
    <Placemark>
      <name>Nasmith Brook</name>
      <description><![CDATA[BKT, BNT, RBT | B1<br/>Vermont Open Geodata Portal - VT Hydrography Dataset, cartographic extract lines (VCGI)]]></description>
      <styleUrl>#ln-1565c0</styleUrl>
      <MultiGeometry>
        <LineString><tessellate>1</tessellate><coordinates>-72.35651,44.26655,0 -72.35680,44.26657,0 -72.35682,44.26630,0 -72.35709,44.26632,0 -72.35744,44.26616,0 -72.35812,44.26609,0 -72.35880,44.26578,0 -72.35900,44.26576,0 -72.35923,44.26596,0 -72.35952,44.26601,0 -72.35968,44.26594,0 -72.35981,44.26573,0 -72.36014,44.26555,0 -72.36021,44.26554,0 -72.36065,44.26565,0 -72.36108,44.26556,0 -72.36120,44.26543,0 -72.36129,44.26519,0 -72.36149,44.26498,0 -72.36158,44.26482,0 -72.36220,44.26450,0 -72.36281,44.26447,0 -72.36324,44.26438,0 -72.36366,44.26439,0 -72.36395,44.26452,0 -72.36474,44.26468,0</coordinates></LineString>
        <LineString><tessellate>1</tessellate><coordinates>-72.34116,44.23430,0 -72.34111,44.23465,0 -72.34100,44.23488,0 -72.34086,44.23519,0 -72.34052,44.23560,0 -72.34021,44.23628,0 -72.33992,44.23637,0 -72.33984,44.23641,0 -72.33979,44.23654,0 -72.33948,44.23666,0 -72.33902,44.23677,0 -72.33873,44.23692,0 -72.33827,44.23702,0 -72.33766,44.23726,0 -72.33744,44.23744,0 -72.33728,44.23765,0 -72.33722,44.23788,0 -72.33724,44.23806,0 -72.33718,44.23819,0 -72.33704,44.23828,0 -72.33683,44.23856,0 -72.33678,44.23873,0 -72.33660,44.23890,0 -72.33631,44.23908,0 -72.33605,44.23944,0 -72.33589,44.23953,0 -72.33561,44.23996,0 -72.33538,44.24007,0 -72.33490,44.24053,0 -72.33468,44.24061,0 -72.33453,44.24075,0 -72.33433,44.24082,0 -72.33436,44.24091,0 -72.33425,44.24099,0 -72.33433,44.24107,0 -72.33422,44.24117,0 -72.33400,44.24129,0 -72.33381,44.24128,0 -72.33343,44.24139,0 -72.33327,44.24153,0 -72.33298,44.24166,0 -72.33286,44.24181,0 -72.33215,44.24189,0 -72.33168,44.24209,0 -72.33151,44.24234,0 -72.33144,44.24263,0 -72.33127,44.24277,0 -72.33105,44.24313,0 -72.33095,44.24319,0 -72.33082,44.24340,0 -72.33062,44.24358,0 -72.33062,44.24367,0</coordinates></LineString>
        <LineString><tessellate>1</tessellate><coordinates>-72.32902,44.26002,0 -72.32964,44.26078,0 -72.33002,44.26110,0 -72.33016,44.26116,0 -72.33063,44.26194,0 -72.33088,44.26200,0 -72.33166,44.26275,0 -72.33176,44.26303,0 -72.33202,44.26343,0 -72.33228,44.26366,0 -72.33245,44.26391,0 -72.33276,44.26416,0 -72.33323,44.26415,0 -72.33361,44.26425,0 -72.33439,44.26414,0 -72.33461,44.26405,0 -72.33557,44.26398,0 -72.33586,44.26390,0 -72.33630,44.26391,0 -72.33698,44.26422,0 -72.33753,44.26420,0 -72.33823,44.26430,0 -72.33856,44.26456,0 -72.33929,44.26449,0 -72.33941,44.26455,0 -72.33980,44.26453,0 -72.33996,44.26466,0 -72.34022,44.26469,0 -72.34045,44.26482,0 -72.34080,44.26488,0 -72.34100,44.26485,0 -72.34106,44.26489,0 -72.34109,44.26507,0 -72.34121,44.26516,0 -72.34149,44.26517,0 -72.34188,44.26510,0 -72.34322,44.26471,0 -72.34348,44.26484,0 -72.34353,44.26516,0 -72.34359,44.26525,0 -72.34380,44.26530,0 -72.34459,44.26508,0 -72.34637,44.26504,0 -72.34686,44.26522,0 -72.34710,44.26522,0 -72.34772,44.26542,0 -72.34823,44.26543,0 -72.34881,44.26539,0 -72.34972,44.26508,0 -72.35001,44.26506,0 -72.35020,44.26515,0 -72.35043,44.26517,0 -72.35061,44.26510,0 -72.35087,44.26513,0 -72.35124,44.26534,0 -72.35158,44.26542,0 -72.35212,44.26526,0 -72.35228,44.26510,0 -72.35251,44.26501,0 -72.35283,44.26515,0 -72.35357,44.26521,0 -72.35390,44.26557,0 -72.35420,44.26569,0 -72.35471,44.26575,0 -72.35500,44.26565,0 -72.35542,44.26567,0 -72.35554,44.26572,0 -72.35552,44.26579,0 -72.35557,44.26586,0 -72.35586,44.26590,0 -72.35588,44.26594,0 -72.35582,44.26634,0 -72.35588,44.26653,0 -72.35631,44.26647,0 -72.35651,44.26655,0</coordinates></LineString>
        <LineString><tessellate>1</tessellate><coordinates>-72.32588,44.25083,0 -72.32585,44.25100,0 -72.32570,44.25115,0 -72.32554,44.25125,0 -72.32540,44.25126,0 -72.32536,44.25135,0 -72.32527,44.25138,0 -72.32525,44.25149,0 -72.32503,44.25156,0 -72.32485,44.25167,0 -72.32486,44.25178,0 -72.32466,44.25194,0 -72.32473,44.25244,0 -72.32455,44.25267,0 -72.32445,44.25291,0 -72.32443,44.25307,0 -72.32448,44.25323,0 -72.32437,44.25357,0 -72.32446,44.25437,0 -72.32469,44.25476,0 -72.32477,44.25511,0 -72.32472,44.25529,0 -72.32474,44.25545,0 -72.32490,44.25569,0 -72.32499,44.25609,0 -72.32509,44.25630,0 -72.32521,44.25640,0 -72.32526,44.25657,0 -72.32571,44.25690,0 -72.32598,44.25722,0 -72.32613,44.25797,0 -72.32632,44.25818,0 -72.32665,44.25840,0 -72.32692,44.25848,0 -72.32699,44.25864,0 -72.32721,44.25868,0 -72.32724,44.25875,0 -72.32717,44.25891,0 -72.32725,44.25914,0 -72.32750,44.25926,0 -72.32753,44.25937,0 -72.32783,44.25952,0 -72.32804,44.25989,0 -72.32814,44.25997,0 -72.32845,44.26004,0 -72.32859,44.25999,0 -72.32902,44.26002,0</coordinates></LineString>
        <LineString><tessellate>1</tessellate><coordinates>-72.37720,44.27746,0 -72.37769,44.27774,0 -72.37789,44.27791,0 -72.37800,44.27818,0 -72.37794,44.27852,0 -72.37838,44.27888,0 -72.37836,44.27912,0 -72.37820,44.27923,0 -72.37787,44.27977,0</coordinates></LineString>
        <LineString><tessellate>1</tessellate><coordinates>-72.37321,44.27322,0 -72.37325,44.27336,0 -72.37361,44.27372,0 -72.37366,44.27389,0 -72.37369,44.27429,0 -72.37358,44.27459,0 -72.37363,44.27471,0 -72.37378,44.27477,0 -72.37420,44.27477,0 -72.37486,44.27498,0 -72.37624,44.27504,0</coordinates></LineString>
        <LineString><tessellate>1</tessellate><coordinates>-72.38011,44.29192,0 -72.37987,44.29233,0 -72.37981,44.29259,0 -72.37986,44.29271,0 -72.37998,44.29277,0 -72.38030,44.29273,0 -72.38089,44.29244,0 -72.38162,44.29221,0 -72.38176,44.29221,0 -72.38186,44.29234,0 -72.38184,44.29242,0 -72.38169,44.29255,0 -72.38167,44.29268,0 -72.38182,44.29290,0 -72.38254,44.29318,0 -72.38285,44.29357,0 -72.38315,44.29366,0 -72.38345,44.29384,0 -72.38359,44.29407,0 -72.38395,44.29437,0 -72.38422,44.29473,0 -72.38432,44.29558,0 -72.38446,44.29584,0 -72.38456,44.29594,0 -72.38475,44.29598,0 -72.38532,44.29597,0 -72.38553,44.29607,0 -72.38567,44.29624,0 -72.38575,44.29658,0 -72.38596,44.29673,0 -72.38637,44.29722,0 -72.38660,44.29759,0 -72.38699,44.29797,0 -72.38715,44.29823,0 -72.38756,44.29839,0 -72.38767,44.29847,0 -72.38772,44.29858,0 -72.38779,44.29936,0 -72.38762,44.29977,0</coordinates></LineString>
        <LineString><tessellate>1</tessellate><coordinates>-72.38065,44.28155,0 -72.38101,44.28177,0 -72.38108,44.28189,0 -72.38106,44.28199,0 -72.38098,44.28211,0 -72.38046,44.28237,0 -72.38005,44.28275,0 -72.37989,44.28297,0 -72.37990,44.28326,0 -72.38019,44.28348,0 -72.38031,44.28372,0 -72.38025,44.28382,0 -72.37986,44.28393,0 -72.37968,44.28404,0 -72.37974,44.28435,0 -72.37972,44.28450,0 -72.37938,44.28487,0 -72.37945,44.28526,0 -72.37936,44.28536,0 -72.37932,44.28555,0 -72.37953,44.28576,0 -72.37972,44.28585,0 -72.37988,44.28606,0 -72.38014,44.28622,0 -72.38026,44.28644,0 -72.38022,44.28655,0 -72.37975,44.28680,0 -72.37974,44.28691,0 -72.38003,44.28719,0 -72.38047,44.28813,0 -72.38036,44.28820,0 -72.37991,44.28817,0 -72.37958,44.28820,0 -72.37945,44.28826,0 -72.37937,44.28844,0 -72.37950,44.28865,0 -72.37967,44.28873,0 -72.38025,44.28880,0 -72.38076,44.28894,0 -72.38139,44.28920,0 -72.38154,44.28930,0 -72.38161,44.28972,0 -72.38152,44.29030,0 -72.38143,44.29041,0 -72.38130,44.29047,0 -72.38089,44.29051,0 -72.38064,44.29060,0 -72.38048,44.29068,0 -72.38033,44.29083,0 -72.38026,44.29093,0 -72.38025,44.29111,0 -72.38032,44.29129,0 -72.38034,44.29154,0 -72.38011,44.29192,0</coordinates></LineString>
        <LineString><tessellate>1</tessellate><coordinates>-72.37624,44.27504,0 -72.37670,44.27520,0 -72.37696,44.27545,0 -72.37691,44.27561,0 -72.37667,44.27576,0 -72.37646,44.27597,0 -72.37635,44.27649,0 -72.37641,44.27661,0 -72.37675,44.27686,0 -72.37720,44.27746,0</coordinates></LineString>
        <LineString><tessellate>1</tessellate><coordinates>-72.36474,44.26468,0 -72.36517,44.26472,0 -72.36585,44.26452,0 -72.36611,44.26457,0 -72.36622,44.26462,0 -72.36623,44.26481,0 -72.36613,44.26514,0 -72.36614,44.26529,0 -72.36625,44.26538,0 -72.36667,44.26557,0 -72.36695,44.26563,0 -72.36725,44.26584,0 -72.36728,44.26609,0 -72.36724,44.26639,0 -72.36735,44.26644,0 -72.36761,44.26638,0 -72.36861,44.26660,0 -72.36910,44.26663,0 -72.36951,44.26677,0 -72.36963,44.26691,0 -72.36954,44.26725,0 -72.36960,44.26752,0 -72.36970,44.26767,0 -72.36976,44.26790,0 -72.37109,44.26959,0 -72.37133,44.26982,0 -72.37174,44.27010,0 -72.37184,44.27038,0 -72.37214,44.27092,0 -72.37217,44.27125,0 -72.37212,44.27171,0 -72.37203,44.27201,0 -72.37224,44.27249,0 -72.37230,44.27257,0 -72.37244,44.27264,0 -72.37288,44.27274,0 -72.37301,44.27293,0 -72.37304,44.27310,0 -72.37312,44.27319,0 -72.37321,44.27322,0</coordinates></LineString>
        <LineString><tessellate>1</tessellate><coordinates>-72.37787,44.27977,0 -72.37785,44.28008,0 -72.37797,44.28025,0 -72.37858,44.28034,0 -72.37909,44.28029,0 -72.37945,44.28043,0 -72.37986,44.28084,0 -72.38022,44.28109,0 -72.38054,44.28148,0 -72.38065,44.28155,0</coordinates></LineString>
        <LineString><tessellate>1</tessellate><coordinates>-72.32595,44.24941,0 -72.32607,44.25017,0 -72.32589,44.25057,0 -72.32588,44.25083,0</coordinates></LineString>
        <LineString><tessellate>1</tessellate><coordinates>-72.33062,44.24367,0 -72.32927,44.24583,0</coordinates></LineString>
        <LineString><tessellate>1</tessellate><coordinates>-72.32927,44.24583,0 -72.32687,44.24822,0 -72.32595,44.24941,0</coordinates></LineString>
        <LineString><tessellate>1</tessellate><coordinates>-72.38762,44.29977,0 -72.38756,44.29984,0 -72.38758,44.30004,0 -72.38785,44.30028,0 -72.38802,44.30068,0 -72.38820,44.30092,0 -72.38826,44.30100,0 -72.38839,44.30104,0 -72.38861,44.30102,0 -72.38929,44.30079,0 -72.38991,44.30049,0 -72.39036,44.30047,0 -72.39117,44.30053,0 -72.39142,44.30060,0 -72.39207,44.30095,0 -72.39252,44.30101,0 -72.39313,44.30100,0 -72.39376,44.30122,0 -72.39418,44.30145,0 -72.39502,44.30170,0 -72.39532,44.30174,0 -72.39571,44.30162,0 -72.39577,44.30154,0 -72.39572,44.30135,0 -72.39600,44.30122,0 -72.39668,44.30104,0 -72.39711,44.30100,0</coordinates></LineString>
        <LineString><tessellate>1</tessellate><coordinates>-72.39711,44.30100,0 -72.39721,44.30099,0</coordinates></LineString>
      </MultiGeometry>
    </Placemark>
    <Placemark>
      <name>Great Brook (Plainfield)</name>
      <description><![CDATA[BKT, BNT, RBT | B1<br/>Vermont Open Geodata Portal - VT Hydrography Dataset, cartographic extract lines (VCGI)]]></description>
      <styleUrl>#ln-1565c0</styleUrl>
      <MultiGeometry>
        <LineString><tessellate>1</tessellate><coordinates>-72.34800,44.21386,0 -72.34801,44.21379,0 -72.34814,44.21365,0 -72.34836,44.21352,0 -72.34875,44.21344,0 -72.34885,44.21327,0 -72.34911,44.21316,0 -72.34914,44.21290,0 -72.34923,44.21287,0</coordinates></LineString>
        <LineString><tessellate>1</tessellate><coordinates>-72.39955,44.21466,0 -72.39964,44.21485,0 -72.39961,44.21502,0 -72.39943,44.21545,0 -72.39950,44.21559,0 -72.39952,44.21580,0 -72.39944,44.21635,0 -72.39937,44.21645,0 -72.39907,44.21662,0 -72.39905,44.21675,0 -72.39941,44.21694,0 -72.39981,44.21730,0 -72.39981,44.21736,0 -72.39966,44.21754,0 -72.39960,44.21774,0 -72.39988,44.21825,0 -72.39983,44.21832,0 -72.39959,44.21840,0 -72.39955,44.21847,0 -72.39971,44.21855,0 -72.39980,44.21880,0 -72.39995,44.21899,0 -72.39998,44.21911,0 -72.39987,44.21936,0 -72.40024,44.21989,0 -72.40013,44.22003,0 -72.40013,44.22012,0 -72.40040,44.22037,0 -72.40048,44.22089,0 -72.40038,44.22100,0 -72.39988,44.22111,0 -72.39983,44.22118,0 -72.39976,44.22163,0 -72.39978,44.22175,0 -72.40011,44.22238,0 -72.40006,44.22253,0 -72.40012,44.22267,0 -72.40030,44.22286,0 -72.40061,44.22334,0 -72.40094,44.22367,0 -72.40102,44.22389,0 -72.40128,44.22426,0 -72.40132,44.22437,0 -72.40121,44.22456,0 -72.40120,44.22476,0 -72.40124,44.22488,0 -72.40143,44.22506,0 -72.40157,44.22541,0 -72.40160,44.22556,0 -72.40153,44.22582,0 -72.40159,44.22603,0</coordinates></LineString>
        <LineString><tessellate>1</tessellate><coordinates>-72.39378,44.21585,0 -72.39393,44.21593,0 -72.39432,44.21591,0 -72.39450,44.21582,0 -72.39475,44.21561,0 -72.39529,44.21546,0 -72.39548,44.21536,0 -72.39607,44.21497,0 -72.39653,44.21497,0 -72.39668,44.21508,0 -72.39712,44.21513,0 -72.39722,44.21507,0 -72.39713,44.21499,0 -72.39715,44.21495,0 -72.39775,44.21480,0 -72.39807,44.21452,0 -72.39828,44.21442,0 -72.39872,44.21437,0 -72.39889,44.21440,0 -72.39902,44.21452,0 -72.39944,44.21460,0 -72.39955,44.21466,0</coordinates></LineString>
        <LineString><tessellate>1</tessellate><coordinates>-72.34510,44.21404,0 -72.34524,44.21418,0</coordinates></LineString>
        <LineString><tessellate>1</tessellate><coordinates>-72.36182,44.21062,0 -72.36195,44.21079,0 -72.36248,44.21092,0 -72.36253,44.21109,0 -72.36279,44.21147,0 -72.36280,44.21162,0 -72.36297,44.21198,0 -72.36312,44.21218,0 -72.36356,44.21243,0 -72.36377,44.21279,0 -72.36516,44.21406,0 -72.36557,44.21417,0 -72.36617,44.21460,0 -72.36686,44.21489,0 -72.36699,44.21489,0 -72.36712,44.21477,0 -72.36732,44.21478,0 -72.36746,44.21498,0 -72.36782,44.21504,0 -72.36797,44.21514,0 -72.36867,44.21535,0 -72.36908,44.21558,0 -72.36952,44.21574,0 -72.36982,44.21572,0 -72.36998,44.21586,0 -72.36996,44.21604,0 -72.37056,44.21634,0 -72.37077,44.21637,0</coordinates></LineString>
        <LineString><tessellate>1</tessellate><coordinates>-72.37077,44.21637,0 -72.37108,44.21641,0 -72.37123,44.21655,0 -72.37224,44.21703,0 -72.37273,44.21704,0 -72.37323,44.21676,0 -72.37344,44.21669,0 -72.37365,44.21674,0 -72.37409,44.21704,0 -72.37435,44.21703,0 -72.37451,44.21713,0 -72.37527,44.21709,0 -72.37585,44.21717,0</coordinates></LineString>
        <LineString><tessellate>1</tessellate><coordinates>-72.34987,44.21263,0 -72.35049,44.21243,0 -72.35098,44.21201,0 -72.35141,44.21184,0 -72.35173,44.21183,0 -72.35255,44.21192,0 -72.35320,44.21168,0 -72.35373,44.21156,0 -72.35432,44.21128,0 -72.35510,44.21116,0 -72.35531,44.21096,0 -72.35559,44.21089,0 -72.35587,44.21075,0 -72.35602,44.21062,0 -72.35640,44.21055,0 -72.35676,44.21053,0 -72.35806,44.21008,0 -72.35957,44.21006,0 -72.36007,44.20994,0 -72.36099,44.21019,0 -72.36182,44.21062,0</coordinates></LineString>
        <LineString><tessellate>1</tessellate><coordinates>-72.37585,44.21717,0 -72.37601,44.21719,0 -72.37621,44.21730,0 -72.37688,44.21718,0 -72.37702,44.21726,0 -72.37759,44.21737,0 -72.37774,44.21744,0 -72.37786,44.21743,0 -72.37817,44.21720,0 -72.37882,44.21706,0 -72.37902,44.21688,0 -72.37962,44.21666,0 -72.37983,44.21648,0 -72.38005,44.21637,0 -72.38032,44.21640,0 -72.38046,44.21637,0 -72.38099,44.21596,0 -72.38123,44.21587,0 -72.38177,44.21573,0 -72.38260,44.21562,0 -72.38280,44.21552,0 -72.38372,44.21551,0 -72.38406,44.21560,0 -72.38425,44.21571,0 -72.38486,44.21561,0 -72.38523,44.21572,0 -72.38559,44.21576,0 -72.38629,44.21620,0 -72.38649,44.21623,0 -72.38715,44.21620,0 -72.38760,44.21612,0 -72.38799,44.21590,0 -72.38925,44.21571,0 -72.38944,44.21575,0 -72.38970,44.21611,0 -72.38987,44.21617,0 -72.39043,44.21603,0 -72.39101,44.21610,0 -72.39160,44.21582,0 -72.39194,44.21573,0 -72.39229,44.21576,0 -72.39242,44.21591,0 -72.39262,44.21597,0 -72.39351,44.21581,0 -72.39378,44.21585,0</coordinates></LineString>
        <LineString><tessellate>1</tessellate><coordinates>-72.34562,44.21437,0 -72.34585,44.21446,0 -72.34600,44.21444,0 -72.34610,44.21453,0 -72.34622,44.21457,0</coordinates></LineString>
        <LineString><tessellate>1</tessellate><coordinates>-72.34656,44.21456,0 -72.34703,44.21452,0 -72.34734,44.21463,0 -72.34778,44.21455,0 -72.34787,44.21433,0 -72.34780,44.21410,0 -72.34789,44.21403,0</coordinates></LineString>
        <LineString><tessellate>1</tessellate><coordinates>-72.40769,44.24365,0 -72.40780,44.24394,0 -72.40841,44.24455,0 -72.40853,44.24478,0 -72.40852,44.24490,0 -72.40834,44.24496,0 -72.40789,44.24498,0 -72.40776,44.24504,0 -72.40748,44.24531,0 -72.40735,44.24554,0 -72.40742,44.24575,0</coordinates></LineString>
        <LineString><tessellate>1</tessellate><coordinates>-72.40742,44.24575,0 -72.40777,44.24603,0 -72.40789,44.24643,0 -72.40824,44.24694,0 -72.40823,44.24713,0 -72.40810,44.24739,0 -72.40815,44.24755,0 -72.40833,44.24760,0 -72.40867,44.24761,0 -72.40893,44.24779,0 -72.40888,44.24801,0 -72.40877,44.24817,0 -72.40823,44.24847,0 -72.40812,44.24856,0 -72.40806,44.24869,0 -72.40809,44.24885,0 -72.40852,44.24914,0 -72.40851,44.24919,0 -72.40840,44.24923,0 -72.40807,44.24928,0 -72.40804,44.24939,0 -72.40807,44.24954,0 -72.40844,44.25001,0 -72.40882,44.25019,0 -72.40882,44.25026,0 -72.40857,44.25059,0 -72.40855,44.25073,0 -72.40860,44.25085,0 -72.40920,44.25122,0 -72.40929,44.25165,0 -72.40928,44.25183,0 -72.40936,44.25194,0 -72.40991,44.25222,0 -72.40993,44.25238,0 -72.40988,44.25267,0 -72.40994,44.25278,0 -72.41022,44.25282,0 -72.41058,44.25266,0 -72.41072,44.25265,0 -72.41093,44.25275,0 -72.41092,44.25291,0 -72.41064,44.25367,0 -72.41039,44.25381,0 -72.41009,44.25381,0</coordinates></LineString>
        <LineString><tessellate>1</tessellate><coordinates>-72.40789,44.23756,0 -72.40793,44.23784,0</coordinates></LineString>
        <LineString><tessellate>1</tessellate><coordinates>-72.40159,44.22603,0 -72.40177,44.22621,0 -72.40229,44.22645,0 -72.40242,44.22656,0 -72.40261,44.22678,0 -72.40271,44.22704,0 -72.40287,44.22719,0 -72.40306,44.22749,0 -72.40374,44.22814,0 -72.40431,44.22816,0 -72.40480,44.22852,0 -72.40495,44.22871,0 -72.40500,44.22888,0 -72.40493,44.22901,0 -72.40470,44.22924,0 -72.40471,44.22942,0 -72.40485,44.22954,0 -72.40515,44.23003,0 -72.40553,44.23036,0 -72.40576,44.23047,0 -72.40593,44.23050,0 -72.40612,44.23045,0 -72.40633,44.23055,0 -72.40635,44.23066,0 -72.40649,44.23089,0 -72.40646,44.23105,0 -72.40657,44.23144,0 -72.40655,44.23153,0 -72.40645,44.23168,0 -72.40618,44.23179,0 -72.40608,44.23192,0 -72.40583,44.23213,0 -72.40559,44.23221,0 -72.40550,44.23219,0 -72.40541,44.23226,0</coordinates></LineString>
        <LineString><tessellate>1</tessellate><coordinates>-72.40793,44.23784,0 -72.40793,44.23823,0 -72.40772,44.23866,0 -72.40772,44.23877,0 -72.40810,44.23909,0 -72.40815,44.23922,0 -72.40805,44.23936,0 -72.40762,44.23956,0 -72.40764,44.23967,0 -72.40785,44.23989,0 -72.40793,44.24032,0 -72.40782,44.24111,0 -72.40766,44.24174,0 -72.40770,44.24218,0 -72.40785,44.24243,0 -72.40790,44.24263,0 -72.40760,44.24276,0 -72.40753,44.24287,0 -72.40751,44.24335,0 -72.40769,44.24365,0</coordinates></LineString>
        <LineString><tessellate>1</tessellate><coordinates>-72.40541,44.23226,0 -72.40540,44.23233,0 -72.40546,44.23241,0 -72.40609,44.23282,0 -72.40614,44.23289,0 -72.40655,44.23298,0 -72.40710,44.23282,0 -72.40721,44.23283,0 -72.40737,44.23291,0 -72.40744,44.23303,0 -72.40752,44.23325,0 -72.40756,44.23359,0 -72.40742,44.23381,0 -72.40720,44.23403,0 -72.40714,44.23413,0 -72.40714,44.23427,0 -72.40723,44.23443,0 -72.40754,44.23447,0 -72.40764,44.23453,0 -72.40781,44.23480,0 -72.40779,44.23510,0 -72.40765,44.23544,0 -72.40767,44.23573,0 -72.40756,44.23591,0 -72.40735,44.23607,0 -72.40734,44.23613,0 -72.40745,44.23642,0 -72.40768,44.23655,0 -72.40760,44.23692,0 -72.40762,44.23706,0 -72.40785,44.23739,0 -72.40789,44.23756,0</coordinates></LineString>
        <LineString><tessellate>1</tessellate><coordinates>-72.42679,44.27741,0 -72.42685,44.27754,0</coordinates></LineString>
        <LineString><tessellate>1</tessellate><coordinates>-72.41058,44.26115,0 -72.41047,44.26131,0 -72.41051,44.26149,0 -72.41127,44.26179,0 -72.41143,44.26196,0 -72.41149,44.26212,0 -72.41142,44.26243,0 -72.41149,44.26261,0 -72.41198,44.26324,0 -72.41266,44.26440,0 -72.41314,44.26482,0 -72.41397,44.26522,0 -72.41405,44.26531,0 -72.41424,44.26560,0 -72.41429,44.26618,0 -72.41433,44.26627,0 -72.41539,44.26669,0 -72.41562,44.26690,0 -72.41572,44.26708,0 -72.41576,44.26749,0 -72.41573,44.26775,0 -72.41552,44.26855,0 -72.41561,44.26910,0 -72.41575,44.26930,0</coordinates></LineString>
        <LineString><tessellate>1</tessellate><coordinates>-72.41009,44.25381,0 -72.40987,44.25395,0 -72.40976,44.25409,0 -72.40986,44.25440,0 -72.40997,44.25455,0 -72.40994,44.25470,0 -72.40936,44.25508,0 -72.40929,44.25527,0 -72.40932,44.25544,0 -72.40984,44.25559,0 -72.41062,44.25557,0 -72.41095,44.25586,0 -72.41133,44.25606,0 -72.41136,44.25620,0 -72.41130,44.25637,0 -72.41118,44.25646,0 -72.41108,44.25672,0 -72.41108,44.25699,0 -72.41115,44.25724,0 -72.41110,44.25740,0 -72.41075,44.25760,0 -72.41072,44.25773,0 -72.41075,44.25781,0 -72.41090,44.25789,0 -72.41121,44.25792,0 -72.41138,44.25802,0 -72.41137,44.25813,0 -72.41123,44.25834,0 -72.41125,44.25881,0 -72.41113,44.25923,0 -72.41115,44.25959,0 -72.41128,44.25984,0 -72.41121,44.25999,0 -72.41086,44.26017,0 -72.41079,44.26037,0 -72.41085,44.26086,0 -72.41075,44.26108,0 -72.41058,44.26115,0</coordinates></LineString>
        <LineString><tessellate>1</tessellate><coordinates>-72.34622,44.21457,0 -72.34631,44.21461,0 -72.34656,44.21456,0</coordinates></LineString>
        <LineString><tessellate>1</tessellate><coordinates>-72.34789,44.21403,0 -72.34800,44.21386,0</coordinates></LineString>
        <LineString><tessellate>1</tessellate><coordinates>-72.34923,44.21287,0 -72.34938,44.21276,0 -72.34987,44.21263,0</coordinates></LineString>
        <LineString><tessellate>1</tessellate><coordinates>-72.34524,44.21418,0 -72.34539,44.21431,0 -72.34562,44.21437,0</coordinates></LineString>
        <LineString><tessellate>1</tessellate><coordinates>-72.41575,44.26930,0 -72.41584,44.26938,0 -72.41607,44.26946,0 -72.41639,44.26939,0 -72.41673,44.26949,0 -72.41705,44.26980,0 -72.41785,44.27002,0 -72.41854,44.27049,0 -72.41866,44.27064,0 -72.41862,44.27090,0 -72.41867,44.27099,0 -72.41893,44.27114,0 -72.41901,44.27130,0 -72.41899,44.27150,0 -72.41871,44.27183,0 -72.41877,44.27193,0 -72.41903,44.27202,0 -72.42014,44.27211,0 -72.42051,44.27221,0 -72.42064,44.27237,0 -72.42076,44.27272,0 -72.42091,44.27285,0 -72.42149,44.27315,0 -72.42166,44.27334,0 -72.42175,44.27363,0 -72.42170,44.27379,0 -72.42159,44.27393,0 -72.42158,44.27412,0 -72.42169,44.27430,0 -72.42221,44.27459,0 -72.42258,44.27473,0 -72.42320,44.27487,0 -72.42339,44.27501,0 -72.42350,44.27576,0 -72.42358,44.27595,0 -72.42382,44.27610,0 -72.42411,44.27620,0 -72.42459,44.27624,0 -72.42541,44.27649,0 -72.42643,44.27669,0 -72.42668,44.27703,0 -72.42679,44.27741,0</coordinates></LineString>
      </MultiGeometry>
    </Placemark>
    <Placemark>
      <name>Jones Brook</name>
      <description><![CDATA[BKT, RBT | B1<br/>Vermont Open Geodata Portal - VT Hydrography Dataset, cartographic extract lines (VCGI)]]></description>
      <styleUrl>#ln-00897b</styleUrl>
      <MultiGeometry>
        <LineString><tessellate>1</tessellate><coordinates>-72.67511,44.22977,0 -72.67499,44.22967,0 -72.67440,44.22947,0 -72.67419,44.22930,0 -72.67294,44.22894,0 -72.67284,44.22886,0 -72.67285,44.22864,0 -72.67248,44.22827,0 -72.67235,44.22822,0 -72.67173,44.22825,0 -72.67163,44.22834,0 -72.67119,44.22852,0 -72.67079,44.22852,0</coordinates></LineString>
        <LineString><tessellate>1</tessellate><coordinates>-72.65300,44.25053,0 -72.65272,44.25066,0 -72.65233,44.25105,0 -72.65171,44.25156,0 -72.65124,44.25181,0 -72.65087,44.25217,0 -72.65030,44.25284,0 -72.65017,44.25290,0 -72.65007,44.25286,0 -72.65003,44.25280,0 -72.64975,44.25271,0 -72.64957,44.25272,0 -72.64948,44.25280,0 -72.64947,44.25307,0 -72.64860,44.25390,0 -72.64824,44.25438,0 -72.64790,44.25452,0 -72.64750,44.25478,0 -72.64609,44.25542,0 -72.64562,44.25589,0 -72.64550,44.25604,0 -72.64549,44.25618,0 -72.64551,44.25629,0 -72.64564,44.25645,0 -72.64587,44.25663,0 -72.64619,44.25675,0 -72.64621,44.25683,0 -72.64615,44.25700,0 -72.64516,44.25737,0 -72.64416,44.25739,0 -72.64384,44.25751,0 -72.64394,44.25798,0 -72.64371,44.25822,0 -72.64329,44.25825,0 -72.64317,44.25832,0 -72.64307,44.25851,0 -72.64294,44.25919,0 -72.64281,44.25947,0 -72.64208,44.25991,0 -72.64095,44.26043,0 -72.64044,44.26091,0 -72.64025,44.26128,0 -72.64023,44.26154,0 -72.64016,44.26172,0 -72.63965,44.26209,0 -72.63941,44.26258,0 -72.63929,44.26293,0 -72.63927,44.26323,0 -72.63899,44.26378,0 -72.63890,44.26411,0 -72.63885,44.26478,0 -72.63868,44.26529,0 -72.63844,44.26561,0 -72.63845,44.26574,0 -72.63838,44.26594,0 -72.63747,44.26743,0 -72.63713,44.26789,0 -72.63702,44.26855,0 -72.63694,44.26870,0 -72.63697,44.26880,0 -72.63735,44.26877,0 -72.63755,44.26886,0 -72.63759,44.26893,0 -72.63759,44.26953,0 -72.63732,44.26991,0 -72.63705,44.26994,0 -72.63690,44.27004,0 -72.63690,44.27012,0 -72.63700,44.27033,0 -72.63721,44.27051,0 -72.63729,44.27054,0 -72.63760,44.27046,0 -72.63775,44.27052,0 -72.63780,44.27060,0 -72.63773,44.27083,0 -72.63781,44.27092,0 -72.63804,44.27101,0 -72.63808,44.27110,0 -72.63795,44.27145,0</coordinates></LineString>
        <LineString><tessellate>1</tessellate><coordinates>-72.65607,44.24791,0 -72.65606,44.24800,0 -72.65591,44.24819,0 -72.65526,44.24860,0 -72.65378,44.24968,0 -72.65319,44.24994,0 -72.65318,44.25032,0 -72.65313,44.25044,0 -72.65300,44.25053,0</coordinates></LineString>
        <LineString><tessellate>1</tessellate><coordinates>-72.65796,44.24314,0 -72.65786,44.24328,0 -72.65787,44.24394,0 -72.65782,44.24424,0 -72.65771,44.24465,0 -72.65744,44.24513,0 -72.65735,44.24541,0 -72.65739,44.24574,0 -72.65718,44.24620,0 -72.65722,44.24691,0 -72.65718,44.24703,0 -72.65610,44.24742,0 -72.65597,44.24760,0 -72.65597,44.24775,0 -72.65607,44.24791,0</coordinates></LineString>
        <LineString><tessellate>1</tessellate><coordinates>-72.65753,44.23250,0 -72.65723,44.23304,0 -72.65689,44.23339,0 -72.65684,44.23383,0 -72.65689,44.23399,0 -72.65705,44.23415,0 -72.65740,44.23448,0 -72.65764,44.23459,0 -72.65773,44.23480,0 -72.65771,44.23531,0 -72.65742,44.23602,0 -72.65776,44.23681,0 -72.65795,44.23762,0 -72.65806,44.23792,0 -72.65817,44.23801,0 -72.65821,44.23812,0 -72.65817,44.23845,0 -72.65820,44.23862,0 -72.65835,44.23893,0 -72.65853,44.23909,0 -72.65888,44.23929,0 -72.65892,44.23957,0 -72.65885,44.24000,0 -72.65871,44.24008,0 -72.65864,44.24020,0 -72.65840,44.24039,0 -72.65848,44.24058,0 -72.65847,44.24085,0 -72.65843,44.24094,0 -72.65830,44.24097,0 -72.65804,44.24151,0 -72.65801,44.24210,0 -72.65814,44.24267,0 -72.65813,44.24277,0 -72.65801,44.24286,0 -72.65796,44.24314,0</coordinates></LineString>
        <LineString><tessellate>1</tessellate><coordinates>-72.67079,44.22852,0 -72.67032,44.22857,0 -72.66948,44.22843,0 -72.66896,44.22839,0 -72.66804,44.22864,0 -72.66755,44.22853,0 -72.66672,44.22846,0 -72.66663,44.22842,0 -72.66656,44.22827,0 -72.66648,44.22822,0 -72.66517,44.22806,0 -72.66460,44.22814,0 -72.66405,44.22815,0 -72.66354,44.22810,0 -72.66248,44.22814,0 -72.66155,44.22838,0 -72.66060,44.22857,0 -72.66055,44.22863,0 -72.66057,44.22888,0 -72.66035,44.22900,0 -72.65995,44.22940,0 -72.65998,44.22959,0 -72.65991,44.22989,0 -72.65931,44.23012,0 -72.65899,44.23016,0 -72.65860,44.23039,0 -72.65825,44.23099,0 -72.65815,44.23145,0 -72.65776,44.23201,0 -72.65753,44.23250,0</coordinates></LineString>
        <LineString><tessellate>1</tessellate><coordinates>-72.63795,44.27145,0 -72.63788,44.27167,0</coordinates></LineString>
      </MultiGeometry>
    </Placemark>
    <Placemark>
      <name>Crossett Brook</name>
      <description><![CDATA[BKT, BNT, RBT | B1<br/>Vermont Open Geodata Portal - VT Hydrography Dataset, cartographic extract lines (VCGI)]]></description>
      <styleUrl>#ln-1565c0</styleUrl>
      <MultiGeometry>
        <LineString><tessellate>1</tessellate><coordinates>-72.81088,44.32062,0 -72.81016,44.32095,0 -72.81002,44.32124,0 -72.80980,44.32133,0 -72.80983,44.32158,0 -72.80974,44.32203,0 -72.80943,44.32215,0</coordinates></LineString>
        <LineString><tessellate>1</tessellate><coordinates>-72.80943,44.32215,0 -72.80902,44.32225,0 -72.80871,44.32244,0 -72.80845,44.32251,0 -72.80755,44.32250,0 -72.80682,44.32274,0 -72.80613,44.32279,0 -72.80545,44.32274,0 -72.80477,44.32291,0 -72.80425,44.32297,0 -72.80388,44.32317,0 -72.80339,44.32322,0 -72.80315,44.32316,0 -72.80302,44.32317,0 -72.80273,44.32330,0 -72.80247,44.32334,0 -72.80231,44.32349,0 -72.80182,44.32356,0 -72.80166,44.32368,0 -72.80132,44.32376,0 -72.80108,44.32391,0 -72.80085,44.32397,0 -72.80066,44.32412,0 -72.80011,44.32427,0 -72.79993,44.32468,0 -72.79997,44.32485,0 -72.79972,44.32503,0 -72.79953,44.32503,0 -72.79924,44.32515,0 -72.79914,44.32512,0 -72.79895,44.32518,0 -72.79844,44.32521,0</coordinates></LineString>
        <LineString><tessellate>1</tessellate><coordinates>-72.74977,44.31959,0 -72.74937,44.32008,0 -72.74937,44.32043,0 -72.74946,44.32070,0 -72.74945,44.32084,0 -72.74907,44.32115,0 -72.74857,44.32177,0 -72.74862,44.32184,0 -72.74876,44.32187,0 -72.74880,44.32198,0 -72.74879,44.32245,0 -72.74867,44.32247,0 -72.74860,44.32238,0 -72.74850,44.32237,0 -72.74847,44.32250,0 -72.74787,44.32285,0 -72.74789,44.32291,0 -72.74798,44.32295,0 -72.74797,44.32318,0 -72.74804,44.32341,0 -72.74818,44.32359,0 -72.74800,44.32438,0 -72.74784,44.32467,0 -72.74768,44.32479,0 -72.74757,44.32477,0 -72.74738,44.32461,0 -72.74719,44.32465,0</coordinates></LineString>
        <LineString><tessellate>1</tessellate><coordinates>-72.79844,44.32521,0 -72.79800,44.32503,0 -72.79766,44.32502,0 -72.79711,44.32478,0 -72.79691,44.32458,0 -72.79662,44.32447,0 -72.79636,44.32444,0 -72.79602,44.32453,0 -72.79561,44.32451,0 -72.79538,44.32459,0 -72.79505,44.32460,0 -72.79478,44.32469,0 -72.79440,44.32460,0 -72.79423,44.32463,0 -72.79401,44.32450,0 -72.79350,44.32465,0 -72.79337,44.32463,0 -72.79302,44.32447,0 -72.79284,44.32432,0 -72.79281,44.32422,0 -72.79272,44.32415,0 -72.79184,44.32380,0 -72.79147,44.32374,0 -72.79100,44.32378,0 -72.79077,44.32391,0 -72.79062,44.32404,0 -72.79040,44.32464,0 -72.79021,44.32481,0 -72.79007,44.32488,0 -72.78980,44.32488,0 -72.78949,44.32498,0 -72.78936,44.32509,0</coordinates></LineString>
        <LineString><tessellate>1</tessellate><coordinates>-72.75358,44.31970,0 -72.75348,44.31948,0 -72.75284,44.31900,0 -72.75181,44.31868,0 -72.75079,44.31864,0 -72.75048,44.31874,0 -72.75036,44.31884,0 -72.75008,44.31939,0 -72.74984,44.31951,0 -72.74977,44.31959,0</coordinates></LineString>
        <LineString><tessellate>1</tessellate><coordinates>-72.74719,44.32465,0 -72.74685,44.32564,0 -72.74692,44.32572,0 -72.74693,44.32609,0 -72.74703,44.32626,0 -72.74704,44.32646,0 -72.74697,44.32657,0 -72.74703,44.32679,0 -72.74687,44.32726,0 -72.74695,44.32731,0 -72.74720,44.32724,0 -72.74732,44.32725,0 -72.74749,44.32745,0 -72.74749,44.32753,0 -72.74745,44.32760,0 -72.74710,44.32783,0 -72.74707,44.32793,0 -72.74683,44.32820,0 -72.74662,44.32825,0</coordinates></LineString>
        <LineString><tessellate>1</tessellate><coordinates>-72.78936,44.32509,0 -72.78923,44.32509,0 -72.78905,44.32500,0 -72.78849,44.32487,0 -72.78807,44.32483,0 -72.78763,44.32458,0 -72.78703,44.32459,0 -72.78671,44.32433,0 -72.78650,44.32433,0 -72.78616,44.32424,0 -72.78613,44.32410,0 -72.78600,44.32389,0 -72.78597,44.32370,0 -72.78583,44.32361,0 -72.78575,44.32346,0 -72.78554,44.32325,0 -72.78541,44.32293,0 -72.78515,44.32285,0 -72.78470,44.32241,0 -72.78433,44.32217,0 -72.78422,44.32188,0 -72.78414,44.32184,0 -72.78405,44.32163,0 -72.78381,44.32147,0 -72.78357,44.32140,0 -72.78331,44.32143,0 -72.78312,44.32159,0 -72.78290,44.32164,0 -72.78240,44.32151,0 -72.78186,44.32147,0 -72.78137,44.32115,0</coordinates></LineString>
        <LineString><tessellate>1</tessellate><coordinates>-72.78137,44.32115,0 -72.78078,44.32116,0 -72.78028,44.32105,0 -72.77957,44.32100,0 -72.77928,44.32093,0 -72.77885,44.32061,0 -72.77879,44.32047,0 -72.77869,44.32039,0 -72.77858,44.32005,0 -72.77837,44.31996,0 -72.77791,44.31991,0 -72.77777,44.31963,0 -72.77778,44.31940,0 -72.77760,44.31925,0 -72.77738,44.31922,0 -72.77707,44.31926,0 -72.77678,44.31916,0 -72.77658,44.31902,0 -72.77610,44.31898,0 -72.77533,44.31928,0 -72.77506,44.31931,0 -72.77457,44.31929,0 -72.77428,44.31913,0 -72.77381,44.31867,0 -72.77343,44.31846,0 -72.77316,44.31837,0 -72.77278,44.31833,0 -72.77246,44.31849,0 -72.77229,44.31882,0 -72.77209,44.31895,0 -72.77206,44.31904,0 -72.77179,44.31921,0 -72.77146,44.31927,0 -72.77119,44.31925,0 -72.77084,44.31911,0 -72.77063,44.31908,0 -72.77011,44.31923,0 -72.76980,44.31897,0 -72.76940,44.31884,0 -72.76908,44.31886,0 -72.76864,44.31900,0 -72.76842,44.31901,0 -72.76793,44.31896,0 -72.76718,44.31875,0 -72.76698,44.31875,0 -72.76648,44.31891,0 -72.76631,44.31888,0 -72.76619,44.31876,0 -72.76585,44.31884,0 -72.76526,44.31888,0 -72.76486,44.31919,0 -72.76452,44.31933,0 -72.76431,44.31972,0 -72.76414,44.31986,0 -72.76318,44.31991,0 -72.76295,44.32009,0 -72.76278,44.32012,0 -72.76254,44.32029,0 -72.76220,44.32036,0 -72.76198,44.32046,0 -72.76175,44.32066,0 -72.76134,44.32087,0 -72.76105,44.32093,0 -72.76054,44.32094,0 -72.76041,44.32130,0 -72.76016,44.32171,0 -72.75971,44.32181,0 -72.75940,44.32169,0 -72.75903,44.32170,0 -72.75863,44.32156,0 -72.75832,44.32151,0 -72.75798,44.32153,0 -72.75710,44.32171,0 -72.75683,44.32174,0 -72.75660,44.32170,0 -72.75652,44.32151,0 -72.75637,44.32134,0 -72.75637,44.32100,0 -72.75627,44.32098,0 -72.75605,44.32110,0 -72.75584,44.32113,0 -72.75551,44.32109,0 -72.75551,44.32086,0 -72.75541,44.32074,0 -72.75524,44.32066,0 -72.75473,44.32055,0 -72.75431,44.32039,0 -72.75381,44.32028,0 -72.75362,44.32001,0 -72.75355,44.31979,0 -72.75358,44.31970,0</coordinates></LineString>
        <LineString><tessellate>1</tessellate><coordinates>-72.74662,44.32825,0 -72.74641,44.32832,0 -72.74636,44.32845,0</coordinates></LineString>
      </MultiGeometry>
    </Placemark>
    <Placemark>
      <name>Thatcher Brook</name>
      <description><![CDATA[BKT, BNT, RBT | B1<br/>Vermont Open Geodata Portal - VT Hydrography Dataset, cartographic extract lines (VCGI)]]></description>
      <styleUrl>#ln-1565c0</styleUrl>
      <MultiGeometry>
        <LineString><tessellate>1</tessellate><coordinates>-72.64369,44.42289,0 -72.64388,44.42250,0 -72.64400,44.42197,0 -72.64398,44.42185,0 -72.64422,44.42171,0 -72.64435,44.42152,0 -72.64466,44.42134,0 -72.64472,44.42124,0</coordinates></LineString>
        <LineString><tessellate>1</tessellate><coordinates>-72.68676,44.39912,0 -72.68686,44.39878,0 -72.68696,44.39861,0 -72.68711,44.39854,0 -72.68753,44.39858,0 -72.68793,44.39853,0 -72.68828,44.39825,0 -72.68858,44.39768,0 -72.68899,44.39727,0 -72.68903,44.39710,0 -72.68882,44.39645,0 -72.68886,44.39640,0 -72.68905,44.39627,0 -72.68954,44.39616,0 -72.69012,44.39625,0 -72.69045,44.39625,0 -72.69068,44.39619,0 -72.69090,44.39582,0 -72.69111,44.39559,0 -72.69140,44.39544,0 -72.69147,44.39508,0</coordinates></LineString>
        <LineString><tessellate>1</tessellate><coordinates>-72.69147,44.39508,0 -72.69157,44.39489,0 -72.69180,44.39480,0 -72.69214,44.39476,0 -72.69225,44.39470,0 -72.69249,44.39446,0 -72.69274,44.39437,0 -72.69301,44.39437,0 -72.69328,44.39451,0 -72.69431,44.39470,0 -72.69486,44.39464,0 -72.69522,44.39447,0 -72.69551,44.39417,0 -72.69597,44.39386,0 -72.69630,44.39371,0 -72.69645,44.39371,0 -72.69743,44.39394,0 -72.69787,44.39392,0 -72.69829,44.39381,0 -72.69867,44.39351,0 -72.69882,44.39332,0 -72.69892,44.39327,0 -72.69941,44.39329,0 -72.70025,44.39353,0 -72.70056,44.39354,0 -72.70069,44.39345,0 -72.70060,44.39304,0 -72.70064,44.39294,0 -72.70075,44.39291,0 -72.70139,44.39313,0 -72.70173,44.39314,0 -72.70389,44.39297,0 -72.70417,44.39283,0 -72.70429,44.39272,0 -72.70434,44.39258,0 -72.70430,44.39239,0 -72.70408,44.39215,0 -72.70404,44.39205,0 -72.70408,44.39192,0 -72.70434,44.39178,0 -72.70635,44.39171,0 -72.70683,44.39175,0 -72.70708,44.39170,0 -72.70722,44.39154,0 -72.70737,44.39103,0 -72.70792,44.39061,0 -72.70815,44.39029,0 -72.70840,44.38922,0 -72.70857,44.38878,0 -72.70900,44.38818,0 -72.70896,44.38802,0 -72.70875,44.38777,0 -72.70874,44.38742,0 -72.70861,44.38683,0 -72.70865,44.38618,0 -72.70823,44.38589,0 -72.70826,44.38544,0 -72.70783,44.38494,0 -72.70728,44.38420,0 -72.70721,44.38399,0 -72.70718,44.38341,0</coordinates></LineString>
        <LineString><tessellate>1</tessellate><coordinates>-72.70707,44.38215,0 -72.70689,44.38142,0 -72.70704,44.38113,0 -72.70724,44.38092,0</coordinates></LineString>
        <LineString><tessellate>1</tessellate><coordinates>-72.70724,44.38092,0 -72.70753,44.38067,0 -72.70757,44.38036,0 -72.70789,44.37997,0 -72.70801,44.37992,0 -72.70813,44.37994,0 -72.70821,44.38003,0 -72.70838,44.38003,0 -72.70869,44.37963,0 -72.70881,44.37956,0 -72.70895,44.37933,0 -72.70897,44.37885,0 -72.70903,44.37867,0 -72.70903,44.37836,0 -72.70852,44.37794,0 -72.70836,44.37758,0 -72.70842,44.37723,0 -72.70831,44.37703,0 -72.70830,44.37669,0 -72.70840,44.37636,0 -72.70835,44.37628,0 -72.70833,44.37592,0 -72.70848,44.37530,0 -72.70868,44.37490,0 -72.70888,44.37475,0 -72.70908,44.37475,0 -72.70929,44.37483,0 -72.70940,44.37482,0 -72.70981,44.37454,0 -72.71008,44.37424,0 -72.71074,44.37368,0 -72.71082,44.37345,0 -72.71084,44.37320,0 -72.71090,44.37316,0</coordinates></LineString>
        <LineString><tessellate>1</tessellate><coordinates>-72.70718,44.38341,0 -72.70719,44.38292,0 -72.70713,44.38238,0 -72.70707,44.38215,0</coordinates></LineString>
        <LineString><tessellate>1</tessellate><coordinates>-72.72398,44.35727,0 -72.72411,44.35710,0 -72.72407,44.35701,0 -72.72399,44.35698,0 -72.72395,44.35690,0 -72.72395,44.35681,0 -72.72417,44.35676,0 -72.72422,44.35668,0 -72.72417,44.35620,0 -72.72420,44.35599,0 -72.72434,44.35579,0 -72.72457,44.35563,0 -72.72463,44.35547,0 -72.72473,44.35541,0 -72.72481,44.35540,0 -72.72535,44.35563,0 -72.72563,44.35554,0 -72.72597,44.35562,0 -72.72606,44.35560,0 -72.72625,44.35545,0 -72.72673,44.35525,0 -72.72713,44.35525,0 -72.72765,44.35517,0 -72.72781,44.35505,0 -72.72790,44.35491,0 -72.72804,44.35485,0 -72.72814,44.35489,0 -72.72842,44.35532,0 -72.72865,44.35538,0 -72.72913,44.35526,0 -72.72937,44.35533,0</coordinates></LineString>
        <LineString><tessellate>1</tessellate><coordinates>-72.72221,44.36375,0 -72.72279,44.36366,0 -72.72304,44.36369,0 -72.72339,44.36381,0 -72.72350,44.36380,0 -72.72367,44.36375,0 -72.72393,44.36355,0 -72.72362,44.36338,0 -72.72361,44.36325,0 -72.72363,44.36313,0 -72.72376,44.36299,0 -72.72372,44.36291,0 -72.72374,44.36261,0 -72.72383,44.36227,0 -72.72405,44.36197,0 -72.72417,44.36193,0 -72.72427,44.36175,0 -72.72428,44.36161,0 -72.72414,44.36132,0 -72.72416,44.36122,0 -72.72427,44.36112,0 -72.72429,44.36090,0 -72.72424,44.36081,0 -72.72407,44.36071,0 -72.72334,44.36037,0 -72.72323,44.36008,0 -72.72324,44.35959,0 -72.72317,44.35932,0 -72.72321,44.35918,0 -72.72336,44.35915,0 -72.72387,44.35950,0 -72.72402,44.35951,0 -72.72432,44.35923,0 -72.72431,44.35895,0 -72.72453,44.35871,0 -72.72464,44.35851,0 -72.72464,44.35819,0 -72.72454,44.35781,0 -72.72447,44.35774,0 -72.72434,44.35771,0 -72.72417,44.35778,0 -72.72401,44.35778,0 -72.72380,44.35773,0 -72.72370,44.35764,0 -72.72369,44.35759,0 -72.72389,44.35747,0 -72.72398,44.35727,0</coordinates></LineString>
        <LineString><tessellate>1</tessellate><coordinates>-72.73739,44.35238,0 -72.73815,44.35204,0 -72.73823,44.35191,0 -72.73820,44.35176,0 -72.73824,44.35169,0 -72.73862,44.35147,0 -72.73884,44.35145,0 -72.73908,44.35158,0 -72.73931,44.35159,0 -72.73976,44.35108,0 -72.74030,44.35105,0 -72.74038,44.35101,0 -72.74061,44.35061,0</coordinates></LineString>
        <LineString><tessellate>1</tessellate><coordinates>-72.67904,44.40951,0 -72.67918,44.40961,0 -72.67944,44.40968,0 -72.68038,44.40960,0 -72.68109,44.40969,0 -72.68138,44.40963,0 -72.68152,44.40947,0 -72.68169,44.40947,0 -72.68182,44.40936,0 -72.68244,44.40956,0 -72.68272,44.40955,0</coordinates></LineString>
        <LineString><tessellate>1</tessellate><coordinates>-72.64472,44.42124,0 -72.64499,44.42113,0 -72.64513,44.42095,0 -72.64533,44.42082,0 -72.64535,44.42065,0 -72.64541,44.42057,0 -72.64568,44.42043,0 -72.64614,44.42034,0 -72.64683,44.42012,0 -72.64770,44.42015,0 -72.64786,44.42010,0 -72.64879,44.42020,0 -72.64924,44.42012,0 -72.64965,44.41993,0 -72.64997,44.41971,0 -72.65028,44.41958,0 -72.65060,44.41951,0 -72.65100,44.41926,0 -72.65174,44.41897,0 -72.65182,44.41889,0 -72.65189,44.41869,0 -72.65295,44.41792,0 -72.65316,44.41766,0 -72.65350,44.41749,0 -72.65384,44.41715,0 -72.65404,44.41701,0 -72.65426,44.41675,0 -72.65465,44.41652,0 -72.65498,44.41619,0 -72.65526,44.41607,0 -72.65563,44.41574,0 -72.65635,44.41522,0 -72.65678,44.41505,0 -72.65698,44.41476,0 -72.65702,44.41461,0 -72.65778,44.41383,0 -72.65809,44.41366,0 -72.65821,44.41345,0 -72.65943,44.41271,0 -72.66078,44.41226,0 -72.66147,44.41223,0 -72.66197,44.41213,0 -72.66218,44.41205,0 -72.66342,44.41207,0 -72.66436,44.41199,0 -72.66514,44.41175,0 -72.66609,44.41114,0 -72.66633,44.41107,0 -72.66669,44.41086,0 -72.66755,44.41060,0 -72.66868,44.41046,0 -72.66949,44.41063,0 -72.66990,44.41080,0 -72.67152,44.41060,0 -72.67213,44.41079,0 -72.67243,44.41077,0 -72.67315,44.41044,0 -72.67372,44.41047,0 -72.67401,44.41042,0 -72.67426,44.41027,0 -72.67448,44.41025,0 -72.67534,44.40969,0 -72.67605,44.40971,0</coordinates></LineString>
        <LineString><tessellate>1</tessellate><coordinates>-72.71090,44.37316,0 -72.71109,44.37302,0 -72.71130,44.37264,0 -72.71136,44.37261,0 -72.71157,44.37257,0 -72.71165,44.37259,0 -72.71186,44.37275,0 -72.71207,44.37274,0 -72.71210,44.37257,0 -72.71207,44.37244,0 -72.71217,44.37215,0 -72.71232,44.37191,0 -72.71289,44.37143,0 -72.71298,44.37119,0 -72.71320,44.37098,0 -72.71322,44.37069,0 -72.71301,44.37043,0 -72.71297,44.37022,0 -72.71300,44.37009,0 -72.71310,44.36996,0 -72.71336,44.36993,0 -72.71351,44.37001,0 -72.71411,44.36991,0 -72.71483,44.36990,0 -72.71496,44.36983,0 -72.71509,44.36968,0 -72.71532,44.36967,0 -72.71539,44.36971,0 -72.71546,44.36993,0 -72.71528,44.37015,0 -72.71524,44.37027,0 -72.71527,44.37040,0 -72.71551,44.37051,0 -72.71578,44.37056,0 -72.71602,44.37046,0 -72.71633,44.37013,0 -72.71716,44.36994,0 -72.71719,44.36984,0 -72.71707,44.36974,0 -72.71707,44.36962,0 -72.71746,44.36913,0 -72.71751,44.36900,0 -72.71762,44.36893,0 -72.71802,44.36880,0 -72.71827,44.36881,0 -72.71885,44.36903,0 -72.71908,44.36900,0 -72.71921,44.36867,0 -72.71918,44.36827,0 -72.71929,44.36794,0 -72.71925,44.36777,0 -72.71930,44.36755,0 -72.71945,44.36731,0 -72.71944,44.36689,0 -72.71936,44.36674,0 -72.71936,44.36659,0 -72.71958,44.36614,0 -72.71970,44.36600,0 -72.71967,44.36573,0 -72.71988,44.36533,0 -72.71984,44.36521,0 -72.71962,44.36510,0 -72.71958,44.36499,0 -72.71974,44.36480,0 -72.71994,44.36464,0 -72.72038,44.36454,0 -72.72081,44.36429,0 -72.72101,44.36395,0 -72.72110,44.36390,0 -72.72136,44.36386,0 -72.72163,44.36390,0 -72.72221,44.36375,0</coordinates></LineString>
        <LineString><tessellate>1</tessellate><coordinates>-72.73523,44.35553,0 -72.73561,44.35516,0 -72.73551,44.35508,0 -72.73509,44.35505,0 -72.73503,44.35498,0 -72.73511,44.35476,0 -72.73529,44.35450,0 -72.73577,44.35435,0 -72.73580,44.35427,0 -72.73570,44.35419,0 -72.73569,44.35410,0 -72.73573,44.35389,0 -72.73583,44.35386,0 -72.73601,44.35392,0 -72.73642,44.35379,0 -72.73651,44.35372,0 -72.73661,44.35322,0 -72.73676,44.35315,0 -72.73686,44.35301,0 -72.73667,44.35274,0 -72.73666,44.35249,0 -72.73680,44.35240,0 -72.73691,44.35243,0 -72.73702,44.35256,0 -72.73701,44.35272,0 -72.73708,44.35275,0 -72.73720,44.35271,0 -72.73723,44.35249,0 -72.73739,44.35238,0</coordinates></LineString>
        <LineString><tessellate>1</tessellate><coordinates>-72.67605,44.40971,0 -72.67662,44.40974,0 -72.67687,44.40964,0 -72.67745,44.40962,0 -72.67778,44.40949,0 -72.67815,44.40954,0 -72.67870,44.40948,0 -72.67904,44.40951,0</coordinates></LineString>
        <LineString><tessellate>1</tessellate><coordinates>-72.68272,44.40955,0 -72.68299,44.40951,0 -72.68314,44.40931,0 -72.68323,44.40908,0 -72.68324,44.40883,0 -72.68335,44.40877,0 -72.68337,44.40859,0 -72.68370,44.40819,0 -72.68380,44.40774,0 -72.68380,44.40762,0 -72.68308,44.40677,0 -72.68308,44.40667,0 -72.68318,44.40653,0 -72.68345,44.40644,0 -72.68351,44.40637,0 -72.68357,44.40615,0 -72.68351,44.40604,0 -72.68340,44.40605,0 -72.68328,44.40595,0 -72.68326,44.40587,0 -72.68335,44.40568,0 -72.68344,44.40559,0 -72.68364,44.40521,0 -72.68411,44.40455,0 -72.68504,44.40348,0 -72.68538,44.40335,0 -72.68618,44.40292,0 -72.68669,44.40248,0 -72.68672,44.40223,0 -72.68667,44.40193,0 -72.68651,44.40148,0 -72.68654,44.40112,0 -72.68657,44.40106,0 -72.68703,44.40091,0 -72.68716,44.40067,0 -72.68719,44.40052,0 -72.68704,44.40003,0 -72.68674,44.39949,0 -72.68680,44.39926,0 -72.68676,44.39912,0</coordinates></LineString>
        <LineString><tessellate>1</tessellate><coordinates>-72.72937,44.35533,0 -72.72963,44.35535,0 -72.72972,44.35540,0 -72.73020,44.35593,0 -72.73042,44.35611,0 -72.73094,44.35622,0 -72.73131,44.35611,0 -72.73141,44.35600,0 -72.73152,44.35598,0 -72.73163,44.35608,0 -72.73158,44.35630,0 -72.73202,44.35652,0 -72.73210,44.35666,0 -72.73230,44.35674,0 -72.73251,44.35670,0 -72.73263,44.35659,0 -72.73273,44.35656,0 -72.73302,44.35667,0 -72.73329,44.35654,0 -72.73346,44.35632,0 -72.73350,44.35609,0 -72.73346,44.35582,0 -72.73358,44.35565,0 -72.73381,44.35565,0 -72.73477,44.35589,0 -72.73499,44.35580,0 -72.73516,44.35556,0 -72.73523,44.35553,0</coordinates></LineString>
        <LineString><tessellate>1</tessellate><coordinates>-72.74061,44.35061,0 -72.74067,44.35054,0</coordinates></LineString>
        <LineString><tessellate>1</tessellate><coordinates>-72.74067,44.35054,0 -72.74119,44.35032,0 -72.74145,44.35005,0 -72.74190,44.34976,0 -72.74213,44.34948,0 -72.74219,44.34928,0 -72.74252,44.34888,0 -72.74254,44.34879,0 -72.74237,44.34853,0 -72.74231,44.34826,0 -72.74191,44.34772,0 -72.74162,44.34744,0 -72.74122,44.34721,0 -72.74085,44.34675,0 -72.74053,44.34656,0 -72.74049,44.34641,0 -72.74103,44.34620,0 -72.74109,44.34607,0 -72.74142,44.34593,0 -72.74176,44.34588,0 -72.74189,44.34592,0 -72.74198,44.34624,0 -72.74246,44.34643,0 -72.74273,44.34645,0 -72.74287,44.34642,0 -72.74292,44.34632,0 -72.74294,44.34608,0 -72.74304,44.34596,0 -72.74346,44.34579,0 -72.74412,44.34581,0 -72.74427,44.34577,0 -72.74450,44.34560,0</coordinates></LineString>
      </MultiGeometry>
    </Placemark>
    <Placemark>
      <name>Dugar Brook</name>
      <description><![CDATA[BKT | B1<br/>Vermont Open Geodata Portal - VT Hydrography Dataset, cartographic extract lines (VCGI)]]></description>
      <styleUrl>#ln-2e7d32</styleUrl>
      <MultiGeometry>
        <LineString><tessellate>1</tessellate><coordinates>-72.48981,44.42292,0 -72.48985,44.42286,0 -72.48985,44.42273,0 -72.48975,44.42261,0 -72.48985,44.42232,0 -72.48968,44.42209,0 -72.48964,44.42188,0 -72.48955,44.42176,0 -72.48963,44.42159,0 -72.48962,44.42143,0 -72.48957,44.42139,0</coordinates></LineString>
        <LineString><tessellate>1</tessellate><coordinates>-72.48406,44.40760,0 -72.48375,44.40740,0 -72.48368,44.40727,0 -72.48368,44.40704,0 -72.48359,44.40705,0 -72.48338,44.40673,0 -72.48355,44.40654,0 -72.48369,44.40654,0 -72.48374,44.40634,0 -72.48382,44.40622,0 -72.48381,44.40611,0 -72.48345,44.40604,0 -72.48345,44.40598,0 -72.48356,44.40586,0 -72.48372,44.40584,0 -72.48373,44.40575,0 -72.48382,44.40565,0 -72.48371,44.40554,0 -72.48338,44.40545,0 -72.48329,44.40524,0 -72.48299,44.40512,0 -72.48293,44.40503,0 -72.48283,44.40500,0 -72.48272,44.40507,0 -72.48249,44.40506,0 -72.48230,44.40484,0 -72.48216,44.40477,0</coordinates></LineString>
        <LineString><tessellate>1</tessellate><coordinates>-72.47238,44.39963,0 -72.47231,44.39955,0 -72.47216,44.39952,0 -72.47215,44.39943,0 -72.47244,44.39927,0 -72.47245,44.39923,0 -72.47244,44.39917,0 -72.47226,44.39912,0 -72.47228,44.39895,0 -72.47207,44.39887,0 -72.47210,44.39882,0 -72.47226,44.39882,0 -72.47231,44.39874,0 -72.47204,44.39856,0 -72.47211,44.39841,0 -72.47206,44.39821,0 -72.47179,44.39813,0 -72.47183,44.39801,0 -72.47174,44.39789,0 -72.47189,44.39787,0 -72.47188,44.39777,0 -72.47177,44.39770,0 -72.47167,44.39752,0 -72.47133,44.39726,0 -72.47136,44.39717,0 -72.47123,44.39708,0 -72.47120,44.39682,0 -72.47114,44.39677,0 -72.47091,44.39677,0 -72.47087,44.39672,0 -72.47073,44.39675,0 -72.47055,44.39657,0</coordinates></LineString>
        <LineString><tessellate>1</tessellate><coordinates>-72.46418,44.39369,0 -72.46399,44.39363,0 -72.46351,44.39327,0</coordinates></LineString>
        <LineString><tessellate>1</tessellate><coordinates>-72.46351,44.39327,0 -72.46338,44.39308,0 -72.46333,44.39284,0 -72.46353,44.39223,0 -72.46428,44.39073,0 -72.46438,44.39043,0 -72.46438,44.38998,0 -72.46445,44.38988,0 -72.46446,44.38971,0 -72.46419,44.38970,0 -72.46413,44.38956,0 -72.46417,44.38943,0 -72.46416,44.38919,0 -72.46397,44.38901,0 -72.46369,44.38889,0 -72.46332,44.38858,0 -72.46334,44.38848,0 -72.46322,44.38833,0 -72.46325,44.38826,0</coordinates></LineString>
        <LineString><tessellate>1</tessellate><coordinates>-72.48957,44.42139,0 -72.48961,44.42128,0 -72.48957,44.42113,0 -72.48973,44.42106,0 -72.48987,44.42080,0 -72.48984,44.42052,0 -72.48998,44.42039,0 -72.49002,44.42031,0 -72.48999,44.42013,0 -72.49012,44.41997,0</coordinates></LineString>
        <LineString><tessellate>1</tessellate><coordinates>-72.48945,44.41508,0 -72.48895,44.41484,0 -72.48883,44.41473,0 -72.48832,44.41442,0 -72.48825,44.41430,0 -72.48826,44.41422,0 -72.48818,44.41411,0 -72.48786,44.41396,0 -72.48781,44.41375,0</coordinates></LineString>
        <LineString><tessellate>1</tessellate><coordinates>-72.49003,44.41965,0 -72.49009,44.41922,0 -72.49016,44.41909,0 -72.49008,44.41887,0 -72.49019,44.41865,0 -72.49033,44.41808,0 -72.49008,44.41778,0 -72.48995,44.41729,0 -72.48986,44.41731,0 -72.48983,44.41739,0 -72.48977,44.41740,0 -72.48971,44.41735,0 -72.48971,44.41709,0 -72.48979,44.41692,0 -72.48982,44.41660,0 -72.48973,44.41613,0 -72.48961,44.41594,0 -72.48959,44.41555,0 -72.48950,44.41540,0 -72.48951,44.41519,0 -72.48945,44.41508,0</coordinates></LineString>
        <LineString><tessellate>1</tessellate><coordinates>-72.48723,44.41298,0 -72.48715,44.41284,0 -72.48722,44.41241,0 -72.48721,44.41227,0 -72.48704,44.41197,0 -72.48641,44.41158,0 -72.48652,44.41118,0 -72.48636,44.41110,0 -72.48581,44.41108,0 -72.48551,44.41091,0 -72.48535,44.41074,0 -72.48488,44.41003,0 -72.48468,44.40932,0 -72.48458,44.40916,0 -72.48457,44.40899,0 -72.48447,44.40883,0 -72.48431,44.40877,0 -72.48427,44.40864,0 -72.48419,44.40862,0 -72.48393,44.40805,0</coordinates></LineString>
        <LineString><tessellate>1</tessellate><coordinates>-72.48216,44.40477,0 -72.48178,44.40474,0 -72.48146,44.40483,0 -72.48132,44.40496,0 -72.48133,44.40528,0 -72.48068,44.40557,0 -72.48035,44.40581,0 -72.48036,44.40623,0 -72.48021,44.40634,0 -72.47990,44.40634,0 -72.47927,44.40646,0 -72.47887,44.40636,0 -72.47836,44.40611,0 -72.47799,44.40617,0 -72.47785,44.40613,0</coordinates></LineString>
        <LineString><tessellate>1</tessellate><coordinates>-72.47785,44.40613,0 -72.47782,44.40619,0 -72.47771,44.40623,0 -72.47775,44.40628,0 -72.47767,44.40646,0 -72.47736,44.40665,0 -72.47656,44.40698,0 -72.47629,44.40704,0 -72.47611,44.40701,0 -72.47508,44.40658,0 -72.47479,44.40652,0</coordinates></LineString>
        <LineString><tessellate>1</tessellate><coordinates>-72.47479,44.40652,0 -72.47470,44.40642,0 -72.47468,44.40626,0 -72.47505,44.40601,0 -72.47519,44.40573,0 -72.47509,44.40545,0 -72.47496,44.40526,0 -72.47469,44.40507,0 -72.47443,44.40471,0 -72.47448,44.40453,0 -72.47465,44.40432,0 -72.47462,44.40404,0 -72.47454,44.40393,0 -72.47442,44.40392,0 -72.47421,44.40402,0 -72.47413,44.40401,0 -72.47399,44.40387,0 -72.47370,44.40372,0 -72.47333,44.40370,0 -72.47316,44.40378,0 -72.47274,44.40417,0 -72.47248,44.40470,0 -72.47227,44.40476,0 -72.47219,44.40476,0 -72.47213,44.40471,0 -72.47208,44.40449,0 -72.47200,44.40436,0 -72.47203,44.40428,0 -72.47195,44.40401,0 -72.47203,44.40386,0 -72.47192,44.40368,0 -72.47180,44.40305,0 -72.47181,44.40251,0 -72.47171,44.40238,0 -72.47165,44.40197,0 -72.47169,44.40172,0 -72.47180,44.40167,0 -72.47187,44.40157,0 -72.47180,44.40147,0 -72.47149,44.40143,0 -72.47146,44.40133,0 -72.47148,44.40126,0 -72.47191,44.40097,0 -72.47202,44.40071,0 -72.47223,44.40063,0 -72.47240,44.40062,0 -72.47245,44.40045,0 -72.47244,44.40022,0 -72.47228,44.39984,0 -72.47243,44.39968,0 -72.47238,44.39963,0</coordinates></LineString>
        <LineString><tessellate>1</tessellate><coordinates>-72.46984,44.39579,0 -72.46945,44.39540,0 -72.46924,44.39499,0 -72.46854,44.39452,0 -72.46841,44.39417,0 -72.46802,44.39384,0 -72.46794,44.39355,0 -72.46772,44.39341,0 -72.46701,44.39323,0 -72.46633,44.39313,0 -72.46597,44.39293,0 -72.46572,44.39290,0 -72.46560,44.39292,0 -72.46549,44.39302,0 -72.46555,44.39337,0 -72.46526,44.39342,0 -72.46511,44.39333,0 -72.46473,44.39332,0 -72.46466,44.39353,0 -72.46444,44.39355,0 -72.46430,44.39373,0 -72.46418,44.39369,0</coordinates></LineString>
        <LineString><tessellate>1</tessellate><coordinates>-72.46325,44.38826,0 -72.46338,44.38818,0 -72.46338,44.38811,0 -72.46332,44.38808,0 -72.46331,44.38800,0 -72.46315,44.38801,0 -72.46306,44.38797,0 -72.46311,44.38758,0 -72.46302,44.38757,0 -72.46290,44.38765,0 -72.46284,44.38761,0 -72.46295,44.38744,0 -72.46296,44.38726,0 -72.46331,44.38715,0 -72.46358,44.38689,0 -72.46359,44.38685,0 -72.46347,44.38675,0 -72.46372,44.38648,0 -72.46386,44.38643,0 -72.46406,44.38628,0 -72.46408,44.38612,0 -72.46399,44.38597,0 -72.46411,44.38589,0 -72.46418,44.38576,0 -72.46435,44.38571,0 -72.46420,44.38563,0 -72.46418,44.38551,0 -72.46420,44.38542,0 -72.46429,44.38535,0 -72.46436,44.38509,0 -72.46413,44.38508,0 -72.46404,44.38501,0 -72.46406,44.38491,0 -72.46420,44.38477,0 -72.46413,44.38456,0 -72.46417,44.38433,0 -72.46403,44.38434,0 -72.46398,44.38429,0 -72.46417,44.38419,0 -72.46413,44.38409,0 -72.46402,44.38403,0 -72.46399,44.38384,0 -72.46405,44.38374,0 -72.46403,44.38354,0 -72.46356,44.38290,0 -72.46344,44.38285,0 -72.46316,44.38285,0 -72.46313,44.38272,0 -72.46283,44.38260,0 -72.46288,44.38253,0 -72.46286,44.38248,0 -72.46268,44.38247,0 -72.46254,44.38253,0 -72.46245,44.38244,0 -72.46227,44.38238,0 -72.46215,44.38221,0 -72.46223,44.38203,0 -72.46198,44.38196,0 -72.46184,44.38187,0 -72.46182,44.38179,0</coordinates></LineString>
        <LineString><tessellate>1</tessellate><coordinates>-72.46182,44.38179,0 -72.46184,44.38172,0 -72.46192,44.38166,0 -72.46182,44.38148,0 -72.46171,44.38147,0 -72.46124,44.38161,0 -72.46103,44.38151,0 -72.46101,44.38145,0 -72.46114,44.38136,0 -72.46101,44.38120,0 -72.46102,44.38112,0 -72.46120,44.38103,0 -72.46125,44.38092,0 -72.46138,44.38088,0 -72.46136,44.38082,0 -72.46117,44.38075,0 -72.46115,44.38069,0 -72.46137,44.38062,0 -72.46137,44.38038,0 -72.46149,44.38028,0 -72.46144,44.38022,0 -72.46125,44.38022,0 -72.46119,44.38014,0 -72.46098,44.38005,0 -72.46102,44.37994,0 -72.46120,44.37991,0 -72.46121,44.37957,0 -72.46112,44.37950,0 -72.46098,44.37954,0 -72.46090,44.37949,0 -72.46095,44.37932,0 -72.46091,44.37925,0 -72.46060,44.37915,0 -72.46040,44.37913,0 -72.46041,44.37903,0 -72.46054,44.37897,0 -72.46053,44.37884,0 -72.46048,44.37879,0 -72.46037,44.37882,0 -72.46024,44.37876,0 -72.46027,44.37854,0 -72.46004,44.37819,0 -72.45978,44.37823,0 -72.45961,44.37819,0 -72.45951,44.37808,0 -72.45951,44.37801,0 -72.45954,44.37791,0 -72.45970,44.37773,0 -72.45939,44.37747,0</coordinates></LineString>
        <LineString><tessellate>1</tessellate><coordinates>-72.49012,44.41997,0 -72.49016,44.41981,0 -72.49006,44.41972,0</coordinates></LineString>
        <LineString><tessellate>1</tessellate><coordinates>-72.48393,44.40805,0 -72.48411,44.40766,0</coordinates></LineString>
        <LineString><tessellate>1</tessellate><coordinates>-72.47055,44.39657,0 -72.47019,44.39615,0 -72.46996,44.39597,0 -72.46984,44.39579,0</coordinates></LineString>
        <LineString><tessellate>1</tessellate><coordinates>-72.49006,44.41972,0 -72.49003,44.41965,0</coordinates></LineString>
        <LineString><tessellate>1</tessellate><coordinates>-72.48781,44.41375,0 -72.48781,44.41362,0 -72.48757,44.41323,0 -72.48723,44.41298,0</coordinates></LineString>
        <LineString><tessellate>1</tessellate><coordinates>-72.48411,44.40766,0 -72.48406,44.40760,0</coordinates></LineString>
      </MultiGeometry>
    </Placemark>
    <Placemark>
      <name>Jail Branch</name>
      <description><![CDATA[BKT | B1<br/>Vermont Open Geodata Portal - VT Hydrography Dataset, cartographic extract lines (VCGI)]]></description>
      <styleUrl>#ln-2e7d32</styleUrl>
      <MultiGeometry>
        <LineString><tessellate>1</tessellate><coordinates>-72.40018,44.07666,0 -72.40030,44.07635,0 -72.40077,44.07615,0 -72.40114,44.07610,0 -72.40157,44.07584,0 -72.40178,44.07551,0 -72.40206,44.07543,0 -72.40242,44.07546,0 -72.40272,44.07561,0 -72.40372,44.07586,0</coordinates></LineString>
        <LineString><tessellate>1</tessellate><coordinates>-72.42581,44.13372,0 -72.42615,44.13390,0 -72.42627,44.13412,0 -72.42634,44.13413,0 -72.42648,44.13409,0 -72.42656,44.13381,0 -72.42678,44.13378,0 -72.42685,44.13398,0 -72.42690,44.13440,0 -72.42723,44.13464,0 -72.42731,44.13484,0 -72.42770,44.13507,0 -72.42793,44.13530,0 -72.42797,44.13550,0 -72.42829,44.13586,0 -72.42844,44.13652,0 -72.42861,44.13683,0 -72.42861,44.13695,0 -72.42845,44.13737,0 -72.42850,44.13754,0 -72.42873,44.13770,0 -72.42874,44.13780,0 -72.42862,44.13806,0 -72.42864,44.13819,0 -72.42869,44.13828,0 -72.42893,44.13844,0 -72.42915,44.13851,0 -72.42920,44.13858,0 -72.42918,44.13891,0 -72.42892,44.13923,0 -72.42891,44.13940,0 -72.42897,44.13965,0 -72.42908,44.13978,0 -72.42922,44.13985,0 -72.42926,44.13994,0</coordinates></LineString>
        <LineString><tessellate>1</tessellate><coordinates>-72.42647,44.14408,0 -72.42673,44.14441,0 -72.42673,44.14446,0 -72.42659,44.14457,0 -72.42658,44.14466,0 -72.42681,44.14485,0 -72.42682,44.14492,0 -72.42627,44.14496,0 -72.42616,44.14512,0 -72.42615,44.14528,0 -72.42626,44.14554,0 -72.42613,44.14578,0 -72.42617,44.14584,0 -72.42646,44.14594,0 -72.42652,44.14602,0 -72.42635,44.14627,0 -72.42636,44.14634,0 -72.42650,44.14641,0 -72.42650,44.14650,0 -72.42633,44.14661,0 -72.42633,44.14669,0 -72.42645,44.14673,0 -72.42673,44.14668,0 -72.42681,44.14673,0 -72.42681,44.14679,0 -72.42677,44.14684,0 -72.42628,44.14694,0 -72.42624,44.14701,0 -72.42627,44.14725,0 -72.42618,44.14733,0 -72.42598,44.14731,0 -72.42585,44.14724,0 -72.42560,44.14731,0 -72.42561,44.14741,0 -72.42601,44.14782,0 -72.42626,44.14800,0 -72.42674,44.14816,0 -72.42711,44.14809,0 -72.42727,44.14795,0 -72.42740,44.14790,0 -72.42760,44.14797,0 -72.42757,44.14821,0 -72.42745,44.14835,0 -72.42688,44.14843,0 -72.42662,44.14849,0 -72.42655,44.14856,0 -72.42654,44.14864,0 -72.42661,44.14869,0 -72.42696,44.14874,0 -72.42723,44.14884,0 -72.42740,44.14879,0 -72.42755,44.14882,0 -72.42749,44.14898,0 -72.42723,44.14910,0 -72.42726,44.14921,0 -72.42757,44.14925,0 -72.42782,44.14906,0 -72.42834,44.14912,0 -72.42829,44.14949,0 -72.42852,44.14970,0 -72.42873,44.14976,0 -72.42886,44.14963,0 -72.42917,44.14967,0 -72.42964,44.14964,0 -72.42985,44.14987,0 -72.43005,44.14994,0 -72.43010,44.15011,0 -72.43019,44.15019,0</coordinates></LineString>
        <LineString><tessellate>1</tessellate><coordinates>-72.42536,44.12862,0 -72.42489,44.12868,0 -72.42481,44.12884,0 -72.42478,44.12901,0 -72.42483,44.12920,0 -72.42500,44.12943,0 -72.42503,44.12958,0 -72.42500,44.12978,0 -72.42492,44.12993,0</coordinates></LineString>
        <LineString><tessellate>1</tessellate><coordinates>-72.43321,44.11096,0 -72.43325,44.11101,0 -72.43321,44.11116,0 -72.43277,44.11155,0 -72.43269,44.11178,0 -72.43270,44.11202,0 -72.43252,44.11232,0 -72.43240,44.11243,0 -72.43180,44.11248,0 -72.43171,44.11251,0 -72.43170,44.11257,0</coordinates></LineString>
        <LineString><tessellate>1</tessellate><coordinates>-72.42887,44.11848,0 -72.42859,44.11903,0 -72.42844,44.11916,0 -72.42822,44.11956,0 -72.42801,44.11980,0 -72.42790,44.11987,0 -72.42756,44.11988,0 -72.42746,44.11993,0 -72.42742,44.12010,0 -72.42747,44.12039,0 -72.42746,44.12064,0 -72.42732,44.12073,0 -72.42724,44.12087,0 -72.42701,44.12089,0 -72.42685,44.12085,0 -72.42670,44.12092,0 -72.42647,44.12136,0 -72.42628,44.12151,0 -72.42566,44.12185,0 -72.42555,44.12198,0 -72.42566,44.12258,0 -72.42556,44.12288,0 -72.42555,44.12310,0 -72.42566,44.12335,0 -72.42567,44.12372,0 -72.42583,44.12386,0 -72.42598,44.12390,0 -72.42611,44.12387,0 -72.42635,44.12372,0 -72.42639,44.12361,0 -72.42656,44.12357,0 -72.42680,44.12369,0 -72.42684,44.12379,0 -72.42672,44.12412,0 -72.42654,44.12427,0 -72.42669,44.12458,0 -72.42669,44.12465,0 -72.42659,44.12474,0 -72.42657,44.12488,0 -72.42677,44.12512,0 -72.42678,44.12535,0 -72.42634,44.12556,0 -72.42583,44.12568,0 -72.42574,44.12579,0 -72.42584,44.12608,0 -72.42592,44.12616,0 -72.42614,44.12623,0 -72.42620,44.12635,0 -72.42613,44.12648,0 -72.42567,44.12665,0 -72.42536,44.12689,0 -72.42551,44.12722,0 -72.42552,44.12735,0 -72.42540,44.12788,0 -72.42558,44.12826,0 -72.42580,44.12829,0 -72.42588,44.12823,0 -72.42600,44.12823,0 -72.42603,44.12833,0 -72.42595,44.12845,0 -72.42552,44.12861,0 -72.42536,44.12862,0</coordinates></LineString>
        <LineString><tessellate>1</tessellate><coordinates>-72.42782,44.10479,0 -72.42784,44.10497,0 -72.42777,44.10510,0 -72.42782,44.10527,0</coordinates></LineString>
        <LineString><tessellate>1</tessellate><coordinates>-72.43248,44.11055,0 -72.43255,44.11078,0 -72.43269,44.11088,0 -72.43321,44.11096,0</coordinates></LineString>
        <LineString><tessellate>1</tessellate><coordinates>-72.42782,44.10527,0 -72.42800,44.10531,0 -72.42818,44.10547,0 -72.42893,44.10549,0 -72.42931,44.10558,0 -72.42976,44.10543,0 -72.42981,44.10546,0 -72.42989,44.10577,0 -72.42995,44.10583,0 -72.43031,44.10581,0 -72.43067,44.10604,0 -72.43122,44.10621,0 -72.43204,44.10630,0 -72.43215,44.10639,0 -72.43229,44.10670,0 -72.43206,44.10704,0 -72.43200,44.10728,0 -72.43237,44.10765,0 -72.43262,44.10831,0 -72.43264,44.10857,0 -72.43263,44.10862,0 -72.43249,44.10866,0 -72.43215,44.10865,0 -72.43193,44.10880,0 -72.43188,44.10900,0 -72.43203,44.10935,0 -72.43200,44.10956,0 -72.43185,44.11012,0 -72.43159,44.11035,0 -72.43162,44.11045,0 -72.43174,44.11050,0 -72.43188,44.11045,0 -72.43190,44.11034,0 -72.43196,44.11029,0 -72.43225,44.11029,0 -72.43247,44.11042,0 -72.43248,44.11055,0</coordinates></LineString>
        <LineString><tessellate>1</tessellate><coordinates>-72.42794,44.09017,0 -72.42770,44.09051,0 -72.42759,44.09054,0 -72.42756,44.09059,0 -72.42760,44.09069,0 -72.42770,44.09075,0 -72.42770,44.09084,0 -72.42760,44.09091,0 -72.42768,44.09098,0 -72.42769,44.09114,0 -72.42754,44.09125,0 -72.42746,44.09153,0 -72.42749,44.09159,0 -72.42738,44.09167,0 -72.42743,44.09172,0</coordinates></LineString>
        <LineString><tessellate>1</tessellate><coordinates>-72.42743,44.09172,0 -72.42773,44.09190,0 -72.42781,44.09203,0 -72.42780,44.09233,0 -72.42788,44.09257,0 -72.42775,44.09267,0 -72.42776,44.09274,0 -72.42789,44.09294,0 -72.42773,44.09300,0 -72.42779,44.09318,0 -72.42770,44.09324,0 -72.42753,44.09325,0 -72.42737,44.09342,0 -72.42727,44.09369,0 -72.42707,44.09394,0 -72.42705,44.09412,0 -72.42711,44.09436,0 -72.42698,44.09465,0 -72.42715,44.09497,0 -72.42716,44.09539,0 -72.42737,44.09564,0 -72.42735,44.09600,0 -72.42764,44.09641,0 -72.42769,44.09669,0 -72.42793,44.09696,0 -72.42790,44.09716,0 -72.42770,44.09741,0 -72.42753,44.09750,0 -72.42747,44.09765,0 -72.42761,44.09797,0 -72.42786,44.09813,0 -72.42788,44.09819,0 -72.42777,44.09840,0 -72.42754,44.09864,0 -72.42754,44.09916,0 -72.42745,44.09944,0 -72.42724,44.09971,0 -72.42698,44.09980,0 -72.42630,44.10044,0 -72.42642,44.10100,0 -72.42625,44.10121,0 -72.42595,44.10137,0 -72.42590,44.10150,0 -72.42594,44.10164,0 -72.42649,44.10207,0 -72.42652,44.10225,0 -72.42677,44.10263,0 -72.42685,44.10296,0 -72.42724,44.10311,0 -72.42736,44.10354,0 -72.42776,44.10400,0 -72.42773,44.10438,0 -72.42782,44.10479,0</coordinates></LineString>
        <LineString><tessellate>1</tessellate><coordinates>-72.40774,44.07972,0 -72.40829,44.07990,0 -72.40879,44.08013,0 -72.40976,44.08042,0 -72.41015,44.08071,0 -72.41060,44.08118,0 -72.41057,44.08129,0 -72.41075,44.08181,0 -72.41077,44.08201,0 -72.41122,44.08256,0 -72.41135,44.08264,0 -72.41154,44.08288,0 -72.41179,44.08331,0 -72.41199,44.08402,0 -72.41225,44.08438,0 -72.41243,44.08446,0 -72.41261,44.08462,0 -72.41273,44.08481,0 -72.41300,44.08503,0 -72.41344,44.08518,0 -72.41407,44.08526,0 -72.41420,44.08532,0</coordinates></LineString>
        <LineString><tessellate>1</tessellate><coordinates>-72.42799,44.08852,0 -72.42791,44.08856,0 -72.42781,44.08886,0 -72.42796,44.08900,0 -72.42777,44.08919,0 -72.42773,44.08944,0 -72.42777,44.08956,0 -72.42796,44.08971,0 -72.42785,44.08984,0 -72.42784,44.08992,0 -72.42789,44.09003,0 -72.42795,44.09006,0 -72.42794,44.09017,0</coordinates></LineString>
        <LineString><tessellate>1</tessellate><coordinates>-72.41420,44.08532,0 -72.41445,44.08548,0 -72.41480,44.08551,0 -72.41509,44.08539,0 -72.41532,44.08522,0 -72.41553,44.08520,0 -72.41600,44.08532,0 -72.41633,44.08556,0 -72.41698,44.08566,0 -72.41787,44.08563,0 -72.41831,44.08543,0 -72.41839,44.08535,0 -72.41841,44.08527,0 -72.41855,44.08518,0 -72.41892,44.08512,0 -72.41957,44.08510,0 -72.42011,44.08518,0 -72.42098,44.08505,0 -72.42126,44.08490,0 -72.42160,44.08495,0 -72.42190,44.08480,0 -72.42248,44.08500,0 -72.42329,44.08495,0 -72.42384,44.08481,0 -72.42428,44.08458,0 -72.42471,44.08463,0 -72.42567,44.08452,0 -72.42652,44.08452,0 -72.42671,44.08464,0 -72.42691,44.08494,0 -72.42690,44.08528,0 -72.42682,44.08567,0 -72.42689,44.08582,0 -72.42715,44.08605,0 -72.42719,44.08618,0 -72.42717,44.08638,0 -72.42732,44.08651,0 -72.42730,44.08665,0 -72.42723,44.08668,0 -72.42722,44.08684,0 -72.42748,44.08725,0 -72.42755,44.08755,0 -72.42768,44.08775,0 -72.42783,44.08782,0 -72.42774,44.08812,0 -72.42791,44.08824,0 -72.42789,44.08837,0 -72.42799,44.08852,0</coordinates></LineString>
        <LineString><tessellate>1</tessellate><coordinates>-72.40372,44.07586,0 -72.40382,44.07596,0 -72.40420,44.07611,0 -72.40438,44.07629,0 -72.40483,44.07649,0 -72.40493,44.07667,0 -72.40519,44.07688,0 -72.40568,44.07760,0 -72.40608,44.07800,0 -72.40643,44.07850,0 -72.40668,44.07866,0 -72.40726,44.07937,0 -72.40774,44.07972,0</coordinates></LineString>
        <LineString><tessellate>1</tessellate><coordinates>-72.42926,44.13994,0 -72.42934,44.14039,0 -72.42927,44.14055,0 -72.42940,44.14084,0 -72.42935,44.14107,0 -72.42913,44.14105,0 -72.42890,44.14088,0 -72.42874,44.14086,0 -72.42831,44.14126,0 -72.42828,44.14137,0 -72.42837,44.14151,0 -72.42875,44.14155,0 -72.42867,44.14175,0 -72.42798,44.14168,0 -72.42783,44.14189,0 -72.42762,44.14194,0 -72.42763,44.14205,0 -72.42780,44.14224,0 -72.42805,44.14225,0 -72.42812,44.14220,0 -72.42822,44.14220,0 -72.42840,44.14229,0 -72.42834,44.14253,0 -72.42798,44.14260,0 -72.42776,44.14256,0 -72.42758,44.14249,0 -72.42756,44.14225,0 -72.42718,44.14224,0 -72.42708,44.14241,0 -72.42687,44.14248,0 -72.42685,44.14257,0 -72.42693,44.14272,0 -72.42691,44.14278,0 -72.42671,44.14292,0 -72.42660,44.14315,0 -72.42620,44.14316,0 -72.42622,44.14330,0 -72.42639,44.14354,0 -72.42661,44.14369,0 -72.42712,44.14384,0 -72.42723,44.14401,0 -72.42711,44.14413,0 -72.42687,44.14409,0 -72.42677,44.14402,0 -72.42676,44.14388,0 -72.42664,44.14388,0 -72.42646,44.14400,0 -72.42647,44.14408,0</coordinates></LineString>
        <LineString><tessellate>1</tessellate><coordinates>-72.42492,44.12993,0 -72.42482,44.13000,0 -72.42447,44.13007,0 -72.42435,44.13016,0 -72.42429,44.13031,0 -72.42429,44.13045,0 -72.42441,44.13063,0 -72.42467,44.13088,0 -72.42464,44.13094,0 -72.42432,44.13103,0 -72.42427,44.13114,0 -72.42459,44.13167,0 -72.42465,44.13190,0 -72.42449,44.13230,0 -72.42452,44.13261,0 -72.42467,44.13278,0 -72.42458,44.13299,0 -72.42464,44.13322,0 -72.42477,44.13331,0 -72.42495,44.13332,0 -72.42512,44.13322,0 -72.42562,44.13314,0 -72.42568,44.13325,0 -72.42556,44.13350,0 -72.42558,44.13360,0 -72.42581,44.13372,0</coordinates></LineString>
        <LineString><tessellate>1</tessellate><coordinates>-72.43170,44.11257,0 -72.43170,44.11264,0 -72.43189,44.11281,0 -72.43269,44.11322,0 -72.43265,44.11346,0 -72.43219,44.11386,0 -72.43212,44.11402,0 -72.43216,44.11416,0 -72.43250,44.11465,0 -72.43255,44.11491,0 -72.43275,44.11505,0 -72.43286,44.11521,0 -72.43267,44.11538,0 -72.43205,44.11543,0 -72.43127,44.11529,0 -72.43065,44.11507,0 -72.43055,44.11509,0 -72.43038,44.11522,0 -72.43018,44.11547,0 -72.42999,44.11604,0 -72.42994,44.11655,0 -72.43005,44.11673,0 -72.43062,44.11698,0 -72.43085,44.11721,0 -72.43091,44.11731,0 -72.43092,44.11745,0 -72.43082,44.11777,0 -72.43068,44.11789,0 -72.43037,44.11803,0 -72.43017,44.11805,0 -72.42994,44.11796,0 -72.42979,44.11780,0 -72.42958,44.11772,0 -72.42928,44.11778,0 -72.42909,44.11810,0 -72.42898,44.11820,0 -72.42887,44.11848,0</coordinates></LineString>
        <LineString><tessellate>1</tessellate><coordinates>-72.44274,44.15414,0 -72.44297,44.15418,0 -72.44337,44.15437,0</coordinates></LineString>
        <LineString><tessellate>1</tessellate><coordinates>-72.43034,44.15023,0 -72.43068,44.15016,0 -72.43084,44.14995,0 -72.43104,44.14983,0 -72.43169,44.14960,0 -72.43185,44.14962,0</coordinates></LineString>
        <LineString><tessellate>1</tessellate><coordinates>-72.50095,44.19009,0 -72.50102,44.19009,0</coordinates></LineString>
        <LineString><tessellate>1</tessellate><coordinates>-72.48654,44.18705,0 -72.48651,44.18730,0 -72.48657,44.18760,0 -72.48685,44.18775,0 -72.48711,44.18799,0 -72.48908,44.18869,0</coordinates></LineString>
        <LineString><tessellate>1</tessellate><coordinates>-72.46787,44.17513,0 -72.46813,44.17524,0 -72.46819,44.17535,0 -72.46820,44.17602,0 -72.46849,44.17614,0 -72.46866,44.17617,0 -72.46890,44.17610,0 -72.46907,44.17590,0 -72.46958,44.17567,0 -72.46994,44.17575,0 -72.46998,44.17585,0 -72.46990,44.17614,0 -72.46963,44.17663,0 -72.46977,44.17715,0 -72.46966,44.17768,0 -72.46967,44.17797,0 -72.46979,44.17816,0 -72.47065,44.17857,0</coordinates></LineString>
        <LineString><tessellate>1</tessellate><coordinates>-72.44899,44.16056,0 -72.44942,44.16089,0 -72.45011,44.16115,0 -72.45037,44.16131,0 -72.45057,44.16151,0 -72.45063,44.16164,0 -72.45064,44.16183,0 -72.45049,44.16212,0 -72.45047,44.16230,0 -72.45063,44.16253,0 -72.45081,44.16264,0 -72.45095,44.16313,0 -72.45107,44.16327,0 -72.45132,44.16340,0 -72.45320,44.16404,0</coordinates></LineString>
        <LineString><tessellate>1</tessellate><coordinates>-72.44488,44.15758,0 -72.44519,44.15844,0 -72.44581,44.15879,0 -72.44677,44.15901,0 -72.44737,44.15930,0 -72.44809,44.16040,0 -72.44899,44.16056,0</coordinates></LineString>
        <LineString><tessellate>1</tessellate><coordinates>-72.43937,44.15144,0 -72.43960,44.15164,0 -72.43978,44.15170,0 -72.44040,44.15151,0 -72.44070,44.15154,0 -72.44078,44.15165,0 -72.44075,44.15192,0 -72.44089,44.15229,0 -72.44108,44.15249,0 -72.44163,44.15345,0 -72.44192,44.15382,0 -72.44214,44.15406,0 -72.44231,44.15415,0 -72.44274,44.15414,0</coordinates></LineString>
        <LineString><tessellate>1</tessellate><coordinates>-72.43185,44.14962,0 -72.43176,44.14989,0 -72.43178,44.15036,0 -72.43172,44.15056,0 -72.43193,44.15084,0 -72.43215,44.15099,0 -72.43226,44.15118,0 -72.43238,44.15123,0 -72.43253,44.15123,0 -72.43294,44.15095,0 -72.43305,44.15092,0 -72.43320,44.15102,0 -72.43322,44.15112,0 -72.43338,44.15121,0 -72.43369,44.15119,0 -72.43383,44.15102,0 -72.43391,44.15102,0 -72.43399,44.15113,0 -72.43400,44.15133,0 -72.43382,44.15147,0 -72.43373,44.15167,0 -72.43357,44.15172,0 -72.43303,44.15170,0 -72.43297,44.15180,0 -72.43297,44.15207,0 -72.43299,44.15221,0 -72.43307,44.15229,0 -72.43331,44.15232,0 -72.43348,44.15225,0 -72.43366,44.15215,0 -72.43401,44.15177,0 -72.43422,44.15173,0 -72.43440,44.15185,0 -72.43447,44.15196,0 -72.43457,44.15198,0 -72.43486,44.15189,0 -72.43510,44.15194,0 -72.43522,44.15208,0 -72.43525,44.15224,0 -72.43550,44.15243,0 -72.43579,44.15250,0 -72.43583,44.15259,0 -72.43577,44.15270,0 -72.43577,44.15281,0 -72.43617,44.15298,0 -72.43637,44.15301,0 -72.43661,44.15294,0 -72.43662,44.15253,0 -72.43645,44.15229,0 -72.43650,44.15216,0 -72.43708,44.15222,0 -72.43714,44.15211,0</coordinates></LineString>
        <LineString><tessellate>1</tessellate><coordinates>-72.48908,44.18869,0 -72.48964,44.18880,0 -72.49014,44.18912,0 -72.49048,44.18914,0 -72.49352,44.18850,0 -72.49416,44.18832,0 -72.49572,44.18818,0 -72.49675,44.18826,0 -72.49706,44.18833,0 -72.49747,44.18850,0 -72.49754,44.18868,0 -72.49751,44.18911,0 -72.49756,44.18935,0 -72.49770,44.18968,0 -72.49803,44.18992,0 -72.49872,44.19013,0 -72.49899,44.19016,0 -72.49980,44.19007,0 -72.50095,44.19009,0</coordinates></LineString>
        <LineString><tessellate>1</tessellate><coordinates>-72.45320,44.16404,0 -72.45338,44.16414,0 -72.45374,44.16450,0 -72.45380,44.16473,0 -72.45376,44.16507,0 -72.45397,44.16542,0 -72.45411,44.16557,0 -72.45497,44.16598,0 -72.45494,44.16679,0 -72.45515,44.16704,0 -72.45552,44.16711,0 -72.45595,44.16697,0 -72.45622,44.16696,0 -72.45736,44.16723,0 -72.45744,44.16747,0 -72.45786,44.16798,0 -72.45789,44.16811,0 -72.45811,44.16842,0 -72.45825,44.16874,0 -72.45847,44.16880,0 -72.45890,44.16881,0 -72.45910,44.16889,0 -72.45924,44.16897,0 -72.45949,44.16936,0 -72.45960,44.16946,0 -72.46038,44.16955,0 -72.46085,44.16968,0 -72.46120,44.16986,0</coordinates></LineString>
        <LineString><tessellate>1</tessellate><coordinates>-72.44337,44.15437,0 -72.44379,44.15457,0 -72.44482,44.15539,0 -72.44506,44.15566,0 -72.44505,44.15588,0 -72.44467,44.15662,0 -72.44474,44.15714,0 -72.44488,44.15758,0</coordinates></LineString>
        <LineString><tessellate>1</tessellate><coordinates>-72.47065,44.17857,0 -72.47128,44.17874,0 -72.47162,44.17878,0 -72.47194,44.17872,0 -72.47265,44.17833,0 -72.47281,44.17823,0 -72.47299,44.17803,0 -72.47308,44.17801,0</coordinates></LineString>
        <LineString><tessellate>1</tessellate><coordinates>-72.47308,44.17801,0 -72.47330,44.17802,0 -72.47344,44.17808,0 -72.47348,44.17815,0 -72.47348,44.17837,0 -72.47327,44.17875,0 -72.47340,44.17899,0 -72.47456,44.17921,0 -72.47500,44.17943,0 -72.47534,44.17972,0 -72.47569,44.17987,0 -72.47672,44.18007,0 -72.47752,44.18006,0 -72.47791,44.18019,0 -72.47848,44.18050,0 -72.47873,44.18056,0 -72.47928,44.18057,0 -72.48031,44.18043,0 -72.48055,44.18046,0 -72.48074,44.18065,0 -72.48088,44.18119,0 -72.48091,44.18154,0 -72.48096,44.18166,0 -72.48140,44.18188,0 -72.48204,44.18194,0 -72.48248,44.18205,0 -72.48255,44.18219,0 -72.48256,44.18233,0 -72.48266,44.18246,0 -72.48365,44.18295,0 -72.48461,44.18371,0 -72.48470,44.18386,0 -72.48467,44.18421,0 -72.48450,44.18472,0 -72.48454,44.18495,0 -72.48524,44.18552,0 -72.48625,44.18608,0 -72.48649,44.18648,0 -72.48654,44.18705,0</coordinates></LineString>
        <LineString><tessellate>1</tessellate><coordinates>-72.43714,44.15211,0 -72.43723,44.15167,0 -72.43697,44.15137,0 -72.43702,44.15124,0 -72.43766,44.15130,0 -72.43788,44.15124,0 -72.43812,44.15127,0 -72.43824,44.15136,0 -72.43822,44.15169,0 -72.43828,44.15175,0 -72.43847,44.15177,0 -72.43860,44.15174,0 -72.43904,44.15144,0 -72.43920,44.15140,0 -72.43937,44.15144,0</coordinates></LineString>
        <LineString><tessellate>1</tessellate><coordinates>-72.46120,44.16986,0 -72.46137,44.17012,0 -72.46132,44.17052,0 -72.46116,44.17081,0 -72.46087,44.17107,0 -72.46078,44.17128,0 -72.46080,44.17142,0 -72.46106,44.17163,0 -72.46148,44.17169,0 -72.46165,44.17161,0 -72.46186,44.17159,0 -72.46266,44.17173,0 -72.46299,44.17186,0 -72.46321,44.17216,0 -72.46343,44.17305,0 -72.46354,44.17316,0 -72.46382,44.17329,0 -72.46430,44.17334,0 -72.46476,44.17324,0 -72.46516,44.17323,0 -72.46633,44.17348,0 -72.46654,44.17365,0 -72.46673,44.17390,0 -72.46671,44.17454,0 -72.46679,44.17470,0 -72.46757,44.17511,0 -72.46787,44.17513,0</coordinates></LineString>
        <LineString><tessellate>1</tessellate><coordinates>-72.43019,44.15019,0 -72.43034,44.15023,0</coordinates></LineString>
      </MultiGeometry>
    </Placemark>
    <Placemark>
      <name>Gunners Brook</name>
      <description><![CDATA[BKT, BNT, RBT | B1<br/>Vermont Open Geodata Portal - VT Hydrography Dataset, cartographic extract lines (VCGI)]]></description>
      <styleUrl>#ln-1565c0</styleUrl>
      <MultiGeometry>
        <LineString><tessellate>1</tessellate><coordinates>-72.42959,44.23645,0 -72.42985,44.23660,0 -72.42994,44.23674,0</coordinates></LineString>
        <LineString><tessellate>1</tessellate><coordinates>-72.42952,44.23552,0 -72.42972,44.23595,0 -72.42970,44.23618,0</coordinates></LineString>
        <LineString><tessellate>1</tessellate><coordinates>-72.45975,44.24005,0 -72.46016,44.24001,0 -72.46029,44.23988,0 -72.46025,44.23977,0 -72.46019,44.23974,0 -72.46026,44.23968,0 -72.46037,44.23971,0 -72.46072,44.23961,0 -72.46101,44.23982,0 -72.46106,44.23989,0 -72.46132,44.23990,0 -72.46144,44.23988,0 -72.46154,44.23982,0 -72.46154,44.23974,0 -72.46148,44.23974,0 -72.46140,44.23959,0 -72.46191,44.23949,0 -72.46192,44.23957,0 -72.46199,44.23960,0 -72.46224,44.23960,0</coordinates></LineString>
        <LineString><tessellate>1</tessellate><coordinates>-72.45280,44.24179,0 -72.45308,44.24162,0 -72.45332,44.24141,0 -72.45346,44.24144,0 -72.45345,44.24160,0 -72.45349,44.24163,0 -72.45374,44.24150,0 -72.45388,44.24148,0 -72.45421,44.24115,0 -72.45489,44.24109,0 -72.45498,44.24088,0 -72.45495,44.24078,0 -72.45536,44.24061,0 -72.45552,44.24073,0 -72.45562,44.24072,0 -72.45575,44.24065,0 -72.45578,44.24054,0 -72.45587,44.24046,0 -72.45589,44.24030,0 -72.45601,44.24020,0 -72.45727,44.24027,0 -72.45803,44.24016,0 -72.45837,44.24006,0 -72.45851,44.23995,0 -72.45891,44.23988,0 -72.45937,44.24001,0 -72.45975,44.24005,0</coordinates></LineString>
        <LineString><tessellate>1</tessellate><coordinates>-72.42994,44.23674,0 -72.43037,44.23727,0 -72.43066,44.23747,0 -72.43122,44.23802,0 -72.43196,44.23862,0 -72.43217,44.23871,0 -72.43231,44.23885,0 -72.43289,44.23916,0 -72.43372,44.23950,0 -72.43453,44.23974,0 -72.43495,44.23976,0 -72.43538,44.23990,0 -72.43601,44.23998,0 -72.43748,44.24035,0 -72.43809,44.24045,0 -72.43875,44.24042,0 -72.43904,44.24054,0 -72.43929,44.24049,0 -72.43950,44.24054,0 -72.43956,44.24049,0 -72.43956,44.24038,0 -72.43961,44.24036,0 -72.43986,44.24037,0 -72.44042,44.24028,0 -72.44077,44.24033,0 -72.44192,44.24025,0 -72.44236,44.24045,0 -72.44263,44.24051,0 -72.44312,44.24054,0 -72.44340,44.24039,0 -72.44420,44.24025,0 -72.44443,44.24014,0 -72.44465,44.24011,0 -72.44537,44.24022,0 -72.44605,44.24023,0 -72.44654,44.24038,0 -72.44709,44.24030,0 -72.44728,44.24032,0 -72.44750,44.24047,0 -72.44761,44.24093,0 -72.44756,44.24134,0 -72.44776,44.24151,0 -72.44789,44.24151,0 -72.44864,44.24128,0 -72.44951,44.24115,0 -72.45027,44.24122,0 -72.45067,44.24150,0 -72.45088,44.24178,0 -72.45132,44.24203,0 -72.45164,44.24207,0 -72.45207,44.24206,0 -72.45280,44.24179,0</coordinates></LineString>
        <LineString><tessellate>1</tessellate><coordinates>-72.46224,44.23960,0 -72.46237,44.23947,0 -72.46231,44.23937,0 -72.46231,44.23927,0 -72.46241,44.23916,0 -72.46236,44.23895,0 -72.46245,44.23876,0 -72.46241,44.23866,0 -72.46221,44.23868,0 -72.46230,44.23857,0 -72.46219,44.23850,0 -72.46217,44.23844,0 -72.46223,44.23834,0 -72.46220,44.23830,0 -72.46204,44.23830,0 -72.46203,44.23825,0 -72.46218,44.23822,0 -72.46214,44.23811,0 -72.46220,44.23795,0 -72.46242,44.23793,0 -72.46247,44.23801,0 -72.46267,44.23801,0 -72.46269,44.23787,0 -72.46278,44.23776,0 -72.46278,44.23763,0 -72.46287,44.23763,0 -72.46291,44.23754,0 -72.46303,44.23752,0 -72.46296,44.23744,0 -72.46306,44.23735,0 -72.46293,44.23723,0 -72.46295,44.23717,0 -72.46321,44.23705,0 -72.46358,44.23656,0 -72.46379,44.23604,0 -72.46407,44.23559,0 -72.46440,44.23490,0 -72.46445,44.23463,0 -72.46478,44.23419,0 -72.46516,44.23389,0 -72.46588,44.23351,0 -72.46632,44.23334,0 -72.46667,44.23279,0 -72.46719,44.23258,0 -72.46764,44.23220,0 -72.46807,44.23209,0 -72.46848,44.23187,0 -72.46943,44.23079,0 -72.46960,44.23073,0 -72.47016,44.23034,0 -72.47028,44.23021,0 -72.47036,44.22996,0</coordinates></LineString>
        <LineString><tessellate>1</tessellate><coordinates>-72.47543,44.22668,0 -72.47570,44.22638,0 -72.47573,44.22619,0 -72.47586,44.22597,0 -72.47630,44.22583,0 -72.47644,44.22571,0 -72.47644,44.22554,0 -72.47653,44.22543,0 -72.47685,44.22467,0 -72.47742,44.22432,0 -72.47745,44.22423,0 -72.47738,44.22413,0</coordinates></LineString>
        <LineString><tessellate>1</tessellate><coordinates>-72.47834,44.22351,0 -72.47855,44.22338,0 -72.47903,44.22328,0 -72.47915,44.22330,0 -72.47928,44.22343,0 -72.47938,44.22343,0 -72.47960,44.22328,0 -72.47987,44.22323,0 -72.48017,44.22333,0 -72.48045,44.22330,0 -72.48059,44.22315,0 -72.48061,44.22300,0 -72.48071,44.22281,0 -72.48096,44.22247,0 -72.48110,44.22237,0 -72.48151,44.22220,0 -72.48196,44.22228,0 -72.48226,44.22221,0 -72.48233,44.22217,0 -72.48237,44.22198,0</coordinates></LineString>
        <LineString><tessellate>1</tessellate><coordinates>-72.47290,44.22772,0 -72.47317,44.22767,0 -72.47336,44.22757,0 -72.47383,44.22723,0 -72.47443,44.22665,0 -72.47466,44.22663,0 -72.47472,44.22668,0 -72.47469,44.22676,0 -72.47477,44.22682,0 -72.47543,44.22668,0</coordinates></LineString>
        <LineString><tessellate>1</tessellate><coordinates>-72.50457,44.20683,0 -72.50515,44.20629,0 -72.50591,44.20596,0 -72.50609,44.20573,0 -72.50619,44.20544,0 -72.50611,44.20537,0 -72.50587,44.20529,0 -72.50582,44.20520,0 -72.50582,44.20493,0 -72.50596,44.20467,0 -72.50595,44.20438,0 -72.50632,44.20398,0 -72.50672,44.20372,0 -72.50688,44.20363,0 -72.50777,44.20363,0 -72.50817,44.20376,0 -72.50838,44.20405,0 -72.50848,44.20411,0 -72.50915,44.20392,0 -72.50960,44.20388,0</coordinates></LineString>
        <LineString><tessellate>1</tessellate><coordinates>-72.48237,44.22198,0 -72.48246,44.22160,0 -72.48259,44.22136,0 -72.48356,44.22086,0 -72.48394,44.22081,0 -72.48496,44.22088,0 -72.48548,44.22086,0 -72.48608,44.22065,0 -72.48659,44.22055,0 -72.48708,44.22048,0 -72.48774,44.22058,0 -72.48797,44.22041,0 -72.48818,44.22040,0 -72.48913,44.22048,0 -72.48942,44.22068,0 -72.48950,44.22084,0 -72.48971,44.22086,0 -72.48990,44.22071,0 -72.49032,44.22064,0 -72.49076,44.22046,0 -72.49133,44.22007,0 -72.49217,44.22001,0 -72.49261,44.21977,0 -72.49297,44.21949,0 -72.49361,44.21940,0 -72.49378,44.21933,0 -72.49394,44.21913,0 -72.49412,44.21904,0 -72.49456,44.21895,0 -72.49521,44.21869,0 -72.49566,44.21859,0 -72.49574,44.21850,0 -72.49577,44.21813,0 -72.49614,44.21748,0 -72.49660,44.21715,0 -72.49690,44.21704,0 -72.49721,44.21683,0 -72.49793,44.21657,0 -72.49815,44.21640,0 -72.49834,44.21609,0 -72.49846,44.21543,0 -72.49842,44.21488,0 -72.49869,44.21458,0 -72.49872,44.21432,0 -72.49889,44.21424,0 -72.49918,44.21419,0 -72.49971,44.21419,0 -72.50012,44.21404,0 -72.50038,44.21345,0 -72.50061,44.21334,0 -72.50072,44.21302,0 -72.50092,44.21272,0 -72.50102,44.21245,0 -72.50150,44.21213,0 -72.50196,44.21190,0 -72.50231,44.21180,0 -72.50239,44.21172,0 -72.50262,44.21086,0 -72.50270,44.21071,0 -72.50324,44.21032,0 -72.50350,44.21000,0 -72.50384,44.20943,0 -72.50410,44.20921,0 -72.50412,44.20886,0 -72.50393,44.20842,0 -72.50391,44.20795,0 -72.50407,44.20776,0 -72.50427,44.20729,0 -72.50457,44.20683,0</coordinates></LineString>
        <LineString><tessellate>1</tessellate><coordinates>-72.47036,44.22996,0 -72.47084,44.22993,0 -72.47108,44.22980,0 -72.47127,44.22956,0 -72.47137,44.22934,0 -72.47140,44.22908,0 -72.47181,44.22887,0 -72.47180,44.22855,0 -72.47201,44.22848,0 -72.47231,44.22850,0 -72.47253,44.22838,0 -72.47264,44.22820,0 -72.47259,44.22805,0 -72.47265,44.22784,0 -72.47290,44.22772,0</coordinates></LineString>
        <LineString><tessellate>1</tessellate><coordinates>-72.42888,44.23559,0 -72.42920,44.23548,0 -72.42946,44.23545,0 -72.42952,44.23552,0</coordinates></LineString>
        <LineString><tessellate>1</tessellate><coordinates>-72.42970,44.23618,0 -72.42959,44.23645,0</coordinates></LineString>
        <LineString><tessellate>1</tessellate><coordinates>-72.47738,44.22413,0 -72.47737,44.22401,0 -72.47750,44.22391,0 -72.47834,44.22351,0</coordinates></LineString>
        <LineString><tessellate>1</tessellate><coordinates>-72.50960,44.20388,0 -72.50968,44.20389,0</coordinates></LineString>
      </MultiGeometry>
    </Placemark>
    <Placemark>
      <name>Stevens Branch</name>
      <description><![CDATA[BKT | B1<br/>Vermont Open Geodata Portal - VT Hydrography Dataset, cartographic extract lines (VCGI)]]></description>
      <styleUrl>#ln-2e7d32</styleUrl>
      <MultiGeometry>
        <LineString><tessellate>1</tessellate><coordinates>-72.53304,44.07208,0 -72.53307,44.07214,0 -72.53291,44.07227,0 -72.53285,44.07245,0 -72.53284,44.07277,0 -72.53273,44.07303,0</coordinates></LineString>
        <LineString><tessellate>1</tessellate><coordinates>-72.53678,44.12405,0 -72.53670,44.12408,0</coordinates></LineString>
        <LineString><tessellate>1</tessellate><coordinates>-72.54375,44.10660,0 -72.54369,44.10674,0 -72.54358,44.10680,0 -72.54351,44.10703,0 -72.54334,44.10717,0 -72.54333,44.10739,0</coordinates></LineString>
        <LineString><tessellate>1</tessellate><coordinates>-72.54556,44.10495,0 -72.54495,44.10509,0 -72.54470,44.10522,0 -72.54448,44.10518,0 -72.54437,44.10521,0 -72.54417,44.10551,0 -72.54388,44.10554,0 -72.54401,44.10568,0 -72.54403,44.10579,0 -72.54390,44.10590,0 -72.54350,44.10608,0 -72.54341,44.10621,0 -72.54323,44.10627,0 -72.54341,44.10637,0 -72.54354,44.10652,0 -72.54371,44.10654,0 -72.54375,44.10660,0</coordinates></LineString>
        <LineString><tessellate>1</tessellate><coordinates>-72.54292,44.11459,0 -72.54277,44.11546,0 -72.54286,44.11591,0 -72.54283,44.11612,0 -72.54270,44.11621,0 -72.54239,44.11622,0 -72.54238,44.11628,0 -72.54246,44.11637,0 -72.54243,44.11640,0 -72.54225,44.11644,0 -72.54228,44.11656,0 -72.54199,44.11669,0 -72.54154,44.11705,0 -72.54112,44.11754,0 -72.54062,44.11773,0 -72.54007,44.11804,0 -72.53980,44.11809,0 -72.53936,44.11831,0 -72.53922,44.11851,0 -72.53906,44.11848,0 -72.53902,44.11859,0 -72.53885,44.11858,0 -72.53884,44.11871,0 -72.53879,44.11876,0 -72.53865,44.11881,0 -72.53857,44.11873,0 -72.53831,44.11890,0 -72.53813,44.11887,0 -72.53791,44.11892,0 -72.53786,44.11895,0 -72.53782,44.11910,0 -72.53796,44.11919,0 -72.53776,44.11927,0 -72.53779,44.11936,0 -72.53768,44.11947,0 -72.53750,44.11937,0 -72.53750,44.11932,0 -72.53760,44.11927,0 -72.53757,44.11923,0 -72.53737,44.11928,0 -72.53708,44.11925,0 -72.53714,44.11939,0 -72.53706,44.11944,0 -72.53708,44.11955,0 -72.53701,44.11962,0 -72.53700,44.11973,0 -72.53683,44.11976,0 -72.53681,44.11995,0 -72.53691,44.12003,0 -72.53696,44.12018,0 -72.53693,44.12035,0 -72.53702,44.12049,0 -72.53695,44.12068,0 -72.53705,44.12092,0 -72.53723,44.12117,0 -72.53714,44.12135,0 -72.53715,44.12314,0 -72.53735,44.12341,0 -72.53735,44.12355,0 -72.53706,44.12363,0 -72.53698,44.12386,0 -72.53678,44.12405,0</coordinates></LineString>
        <LineString><tessellate>1</tessellate><coordinates>-72.54780,44.09482,0 -72.54740,44.09498,0 -72.54750,44.09537,0 -72.54749,44.09575,0 -72.54743,44.09598,0 -72.54725,44.09605,0 -72.54685,44.09651,0 -72.54690,44.09676,0 -72.54712,44.09686,0 -72.54722,44.09707,0 -72.54719,44.09719,0 -72.54733,44.09720,0 -72.54737,44.09730,0 -72.54736,44.09748,0 -72.54731,44.09758,0 -72.54714,44.09768,0 -72.54706,44.09784,0 -72.54709,44.09841,0 -72.54680,44.09860,0 -72.54687,44.09885,0 -72.54697,44.09899,0 -72.54683,44.09944,0 -72.54684,44.09957,0 -72.54711,44.09960,0 -72.54712,44.09966,0 -72.54695,44.09983,0 -72.54694,44.10012,0 -72.54634,44.10025,0 -72.54621,44.10043,0 -72.54605,44.10053,0 -72.54594,44.10071,0 -72.54565,44.10090,0 -72.54513,44.10104,0 -72.54510,44.10112,0 -72.54531,44.10125,0 -72.54534,44.10144,0 -72.54530,44.10165,0 -72.54556,44.10217,0 -72.54567,44.10254,0 -72.54552,44.10279,0</coordinates></LineString>
        <LineString><tessellate>1</tessellate><coordinates>-72.54309,44.11393,0 -72.54292,44.11459,0</coordinates></LineString>
        <LineString><tessellate>1</tessellate><coordinates>-72.54333,44.10739,0 -72.54334,44.10747,0 -72.54326,44.10762,0 -72.54310,44.10768,0 -72.54332,44.10777,0 -72.54336,44.10785,0 -72.54332,44.10797,0 -72.54321,44.10798,0 -72.54318,44.10808,0 -72.54308,44.10815,0 -72.54291,44.10818,0 -72.54289,44.10829,0 -72.54297,44.10835,0 -72.54283,44.10841,0 -72.54279,44.10849,0 -72.54279,44.10854,0 -72.54301,44.10862,0 -72.54302,44.10874,0 -72.54291,44.10879,0 -72.54279,44.10866,0 -72.54269,44.10866,0 -72.54260,44.10874,0 -72.54259,44.10885,0 -72.54269,44.10909,0 -72.54248,44.10941,0 -72.54253,44.10950,0 -72.54272,44.10956,0 -72.54270,44.10970,0 -72.54261,44.10974,0 -72.54269,44.10991,0 -72.54268,44.11003,0 -72.54259,44.11011,0 -72.54283,44.11026,0 -72.54284,44.11037,0 -72.54257,44.11041,0 -72.54244,44.11053,0 -72.54249,44.11069,0 -72.54201,44.11176,0 -72.54223,44.11225,0 -72.54232,44.11230,0 -72.54301,44.11318,0 -72.54307,44.11346,0 -72.54309,44.11393,0</coordinates></LineString>
        <LineString><tessellate>1</tessellate><coordinates>-72.54755,44.09343,0 -72.54758,44.09418,0 -72.54786,44.09465,0 -72.54780,44.09482,0</coordinates></LineString>
        <LineString><tessellate>1</tessellate><coordinates>-72.53328,44.07832,0 -72.53375,44.07861,0 -72.53427,44.07883,0 -72.53451,44.07913,0 -72.53476,44.07923,0 -72.53480,44.07920,0 -72.53497,44.07924,0 -72.53504,44.07934,0 -72.53506,44.07946,0 -72.53519,44.07962,0 -72.53572,44.07997,0 -72.53594,44.08024,0 -72.53643,44.08058,0 -72.53666,44.08087,0 -72.53703,44.08107,0 -72.53746,44.08116,0 -72.53763,44.08126,0 -72.53790,44.08132,0 -72.53815,44.08153,0 -72.53814,44.08165,0 -72.53828,44.08164,0 -72.53839,44.08172,0 -72.53850,44.08167,0 -72.53856,44.08175,0 -72.53881,44.08185,0 -72.53952,44.08188,0 -72.53980,44.08203,0 -72.53998,44.08202,0 -72.54002,44.08205,0 -72.53996,44.08209,0 -72.54019,44.08215,0 -72.54025,44.08214,0 -72.54030,44.08204,0 -72.54041,44.08211,0 -72.54058,44.08206,0 -72.54058,44.08214,0 -72.54076,44.08235,0 -72.54081,44.08236,0 -72.54088,44.08222,0 -72.54094,44.08229,0 -72.54103,44.08229,0 -72.54125,44.08219,0 -72.54156,44.08218,0 -72.54197,44.08204,0 -72.54251,44.08233,0 -72.54283,44.08230,0 -72.54310,44.08211,0 -72.54330,44.08207,0 -72.54336,44.08221,0 -72.54346,44.08227,0 -72.54394,44.08225,0 -72.54424,44.08243,0 -72.54452,44.08239,0 -72.54458,44.08248,0 -72.54467,44.08248,0 -72.54499,44.08242,0 -72.54497,44.08230,0 -72.54527,44.08210,0 -72.54539,44.08194,0 -72.54563,44.08180,0 -72.54583,44.08178,0 -72.54617,44.08184,0 -72.54626,44.08195,0 -72.54650,44.08248,0 -72.54739,44.08287,0 -72.54753,44.08306,0 -72.54831,44.08371,0 -72.54839,44.08392,0 -72.54929,44.08434,0 -72.54955,44.08440,0 -72.54960,44.08446,0 -72.54960,44.08481,0 -72.54967,44.08500,0 -72.54966,44.08510,0 -72.54996,44.08536,0 -72.55022,44.08542,0 -72.55034,44.08552,0 -72.55037,44.08576,0 -72.55031,44.08592,0 -72.54992,44.08612,0 -72.54985,44.08625,0 -72.55006,44.08649,0 -72.55023,44.08706,0 -72.55021,44.08717,0 -72.55029,44.08736,0 -72.55034,44.08776,0 -72.55046,44.08804,0 -72.55037,44.08815,0 -72.55029,44.08840,0 -72.55001,44.08881,0 -72.54998,44.08901,0 -72.54957,44.08947,0 -72.54973,44.08965,0 -72.54973,44.08980,0</coordinates></LineString>
        <LineString><tessellate>1</tessellate><coordinates>-72.53323,44.07775,0 -72.53329,44.07791,0 -72.53322,44.07806,0</coordinates></LineString>
        <LineString><tessellate>1</tessellate><coordinates>-72.53273,44.07303,0 -72.53262,44.07323,0 -72.53251,44.07363,0 -72.53182,44.07470,0 -72.53181,44.07491,0 -72.53173,44.07497,0 -72.53179,44.07525,0 -72.53195,44.07544,0 -72.53242,44.07555,0 -72.53254,44.07566,0 -72.53256,44.07573,0 -72.53255,44.07588,0 -72.53224,44.07602,0 -72.53215,44.07610,0 -72.53212,44.07621,0 -72.53182,44.07662,0 -72.53186,44.07685,0 -72.53174,44.07715,0 -72.53174,44.07729,0 -72.53188,44.07750,0 -72.53203,44.07756,0</coordinates></LineString>
        <LineString><tessellate>1</tessellate><coordinates>-72.54552,44.10279,0 -72.54547,44.10287,0 -72.54556,44.10317,0 -72.54550,44.10332,0 -72.54574,44.10400,0 -72.54568,44.10415,0 -72.54557,44.10425,0 -72.54553,44.10442,0 -72.54536,44.10449,0 -72.54539,44.10462,0 -72.54528,44.10477,0 -72.54537,44.10489,0 -72.54555,44.10489,0 -72.54559,44.10492,0 -72.54556,44.10495,0</coordinates></LineString>
        <LineString><tessellate>1</tessellate><coordinates>-72.51975,44.15544,0 -72.51941,44.15552,0 -72.51870,44.15582,0 -72.51839,44.15613,0 -72.51753,44.15648,0 -72.51601,44.15729,0 -72.51559,44.15760,0 -72.51537,44.15788,0 -72.51528,44.15820,0 -72.51485,44.15860,0 -72.51507,44.15920,0 -72.51526,44.15945,0 -72.51526,44.15957,0 -72.51516,44.15966,0 -72.51514,44.15976,0</coordinates></LineString>
        <LineString><tessellate>1</tessellate><coordinates>-72.52049,44.15336,0 -72.52035,44.15346,0 -72.52039,44.15375,0 -72.52029,44.15450,0 -72.52004,44.15459,0 -72.51955,44.15463,0 -72.51936,44.15474,0 -72.51918,44.15496,0 -72.51917,44.15504,0 -72.51926,44.15515,0 -72.51950,44.15516,0 -72.51979,44.15536,0 -72.51975,44.15544,0</coordinates></LineString>
        <LineString><tessellate>1</tessellate><coordinates>-72.52151,44.15242,0 -72.52137,44.15253,0 -72.52132,44.15267,0 -72.52134,44.15278,0 -72.52142,44.15281,0 -72.52153,44.15303,0 -72.52139,44.15322,0 -72.52120,44.15329,0 -72.52049,44.15336,0</coordinates></LineString>
        <LineString><tessellate>1</tessellate><coordinates>-72.52411,44.14685,0 -72.52382,44.14729,0 -72.52347,44.14808,0 -72.52335,44.14820,0 -72.52260,44.14847,0 -72.52221,44.14896,0 -72.52212,44.14923,0 -72.52237,44.14955,0 -72.52238,44.14965,0 -72.52236,44.14975,0 -72.52208,44.14994,0 -72.52209,44.15024,0 -72.52202,44.15036,0 -72.52201,44.15066,0 -72.52204,44.15070,0 -72.52236,44.15073,0 -72.52248,44.15105,0 -72.52245,44.15122,0 -72.52236,44.15134,0 -72.52227,44.15170,0 -72.52151,44.15242,0</coordinates></LineString>
        <LineString><tessellate>1</tessellate><coordinates>-72.52899,44.14237,0 -72.52915,44.14261,0 -72.52935,44.14273,0 -72.52933,44.14281,0</coordinates></LineString>
        <LineString><tessellate>1</tessellate><coordinates>-72.54757,44.09306,0 -72.54755,44.09343,0</coordinates></LineString>
        <LineString><tessellate>1</tessellate><coordinates>-72.53322,44.07806,0 -72.53318,44.07820,0 -72.53328,44.07832,0</coordinates></LineString>
        <LineString><tessellate>1</tessellate><coordinates>-72.53203,44.07756,0 -72.53228,44.07763,0 -72.53323,44.07775,0</coordinates></LineString>
        <LineString><tessellate>1</tessellate><coordinates>-72.53268,44.07188,0 -72.53299,44.07201,0 -72.53304,44.07208,0</coordinates></LineString>
        <LineString><tessellate>1</tessellate><coordinates>-72.55067,44.22791,0 -72.55046,44.22809,0 -72.55009,44.22820,0 -72.54979,44.22893,0</coordinates></LineString>
        <LineString><tessellate>1</tessellate><coordinates>-72.50671,44.19780,0 -72.50754,44.19815,0 -72.50848,44.19826,0 -72.50859,44.19831,0 -72.50879,44.19859,0 -72.50889,44.19917,0 -72.50885,44.19961,0 -72.50870,44.19983,0 -72.50825,44.20022,0 -72.50822,44.20034,0 -72.50855,44.20104,0 -72.50861,44.20136,0 -72.50871,44.20158,0 -72.50880,44.20168,0 -72.50935,44.20190,0 -72.50947,44.20207,0 -72.50945,44.20254,0 -72.50931,44.20306,0 -72.50936,44.20325,0 -72.50969,44.20370,0 -72.50968,44.20389,0</coordinates></LineString>
        <LineString><tessellate>1</tessellate><coordinates>-72.50104,44.19014,0 -72.50106,44.19106,0 -72.50157,44.19305,0 -72.50157,44.19436,0 -72.50189,44.19498,0 -72.50234,44.19564,0 -72.50255,44.19590,0 -72.50296,44.19619,0 -72.50339,44.19680,0</coordinates></LineString>
        <LineString><tessellate>1</tessellate><coordinates>-72.50798,44.17645,0 -72.50803,44.17661,0 -72.50790,44.17693,0 -72.50793,44.17732,0 -72.50789,44.17750,0 -72.50759,44.17768,0 -72.50677,44.17802,0</coordinates></LineString>
        <LineString><tessellate>1</tessellate><coordinates>-72.53096,44.13488,0 -72.53094,44.13495,0 -72.53108,44.13506,0 -72.53097,44.13518,0 -72.53087,44.13542,0 -72.53093,44.13559,0 -72.53109,44.13574,0 -72.53099,44.13585,0 -72.53098,44.13594,0 -72.53116,44.13600,0 -72.53129,44.13622,0 -72.53154,44.13627,0 -72.53161,44.13658,0 -72.53157,44.13673,0 -72.53130,44.13678,0 -72.53115,44.13689,0 -72.53135,44.13722,0 -72.53138,44.13734,0 -72.53134,44.13742,0 -72.53111,44.13750,0 -72.53110,44.13760,0 -72.53134,44.13787,0 -72.53135,44.13803,0 -72.53122,44.13840,0 -72.53099,44.13848,0 -72.53090,44.13860,0 -72.53074,44.13859,0 -72.53075,44.13849,0 -72.53082,44.13840,0 -72.53074,44.13833,0 -72.53030,44.13835,0 -72.53025,44.13841,0 -72.53031,44.13862,0 -72.53042,44.13872,0 -72.53052,44.13881,0 -72.53078,44.13889,0 -72.53065,44.13910,0 -72.53093,44.13945,0 -72.53090,44.13961,0 -72.53079,44.13965,0 -72.53029,44.13963,0 -72.52975,44.14017,0 -72.52942,44.14025,0 -72.52927,44.14037,0 -72.52909,44.14065,0 -72.52898,44.14097,0 -72.52856,44.14121,0 -72.52853,44.14140,0 -72.52873,44.14172,0 -72.52911,44.14195,0 -72.52911,44.14205,0 -72.52891,44.14217,0 -72.52899,44.14237,0</coordinates></LineString>
        <LineString><tessellate>1</tessellate><coordinates>-72.54965,44.24015,0 -72.54961,44.24029,0</coordinates></LineString>
        <LineString><tessellate>1</tessellate><coordinates>-72.55180,44.23310,0 -72.55178,44.23330,0 -72.55193,44.23368,0 -72.55233,44.23410,0 -72.55309,44.23450,0 -72.55323,44.23486,0 -72.55312,44.23519,0 -72.55311,44.23534,0 -72.55323,44.23591,0 -72.55311,44.23620,0 -72.55299,44.23633,0 -72.55283,44.23676,0 -72.55241,44.23716,0</coordinates></LineString>
        <LineString><tessellate>1</tessellate><coordinates>-72.55241,44.23716,0 -72.55200,44.23778,0 -72.55102,44.23828,0 -72.55081,44.23850,0 -72.55063,44.23883,0 -72.55065,44.23943,0 -72.55051,44.23971,0 -72.55033,44.23989,0 -72.54972,44.24008,0 -72.54965,44.24015,0</coordinates></LineString>
        <LineString><tessellate>1</tessellate><coordinates>-72.54979,44.22893,0 -72.54971,44.22916,0 -72.54969,44.22944,0 -72.54971,44.22961,0 -72.54980,44.22977,0 -72.54996,44.22983,0 -72.55070,44.22990,0 -72.55114,44.23000,0 -72.55150,44.23041,0 -72.55188,44.23105,0 -72.55204,44.23157,0 -72.55196,44.23167,0 -72.55135,44.23199,0 -72.55127,44.23213,0 -72.55127,44.23235,0 -72.55134,44.23250,0 -72.55175,44.23293,0 -72.55180,44.23310,0</coordinates></LineString>
        <LineString><tessellate>1</tessellate><coordinates>-72.53984,44.21710,0 -72.53997,44.21760,0 -72.54003,44.21769,0 -72.54069,44.21805,0 -72.54165,44.21838,0 -72.54260,44.21885,0 -72.54325,44.21895,0 -72.54368,44.21925,0 -72.54445,44.21942,0 -72.54505,44.21977,0 -72.54541,44.22006,0 -72.54586,44.22051,0 -72.54650,44.22074,0 -72.54678,44.22089,0 -72.54698,44.22124,0 -72.54734,44.22159,0 -72.54801,44.22178,0 -72.54858,44.22208,0 -72.54876,44.22235,0 -72.54881,44.22256,0 -72.54859,44.22310,0 -72.54859,44.22328,0 -72.54894,44.22380,0 -72.54933,44.22420,0 -72.54946,44.22426,0 -72.55012,44.22425,0 -72.55057,44.22434,0 -72.55073,44.22467,0 -72.55076,44.22501,0 -72.55091,44.22528,0 -72.55078,44.22605,0 -72.55084,44.22683,0 -72.55072,44.22743,0 -72.55075,44.22773,0 -72.55067,44.22791,0</coordinates></LineString>
        <LineString><tessellate>1</tessellate><coordinates>-72.52458,44.21245,0 -72.52474,44.21242,0 -72.52495,44.21229,0 -72.52525,44.21203,0 -72.52546,44.21198,0 -72.52575,44.21200,0 -72.52630,44.21225,0 -72.52676,44.21252,0 -72.52739,44.21321,0 -72.52785,44.21332,0 -72.52979,44.21339,0 -72.53000,44.21336,0 -72.53103,44.21297,0 -72.53188,44.21295,0 -72.53242,44.21299,0 -72.53319,44.21322,0 -72.53513,44.21438,0</coordinates></LineString>
        <LineString><tessellate>1</tessellate><coordinates>-72.53513,44.21438,0 -72.53570,44.21488,0 -72.53634,44.21526,0 -72.53735,44.21544,0 -72.53788,44.21543,0 -72.53919,44.21612,0 -72.53951,44.21634,0 -72.53960,44.21647,0 -72.53984,44.21710,0</coordinates></LineString>
        <LineString><tessellate>1</tessellate><coordinates>-72.51182,44.20502,0 -72.51207,44.20527,0 -72.51238,44.20574,0 -72.51328,44.20623,0 -72.51366,44.20634,0 -72.51467,44.20633,0 -72.51612,44.20602,0 -72.51722,44.20616,0</coordinates></LineString>
        <LineString><tessellate>1</tessellate><coordinates>-72.51722,44.20616,0 -72.51772,44.20642,0 -72.51789,44.20658,0 -72.51772,44.20673,0 -72.51729,44.20683,0 -72.51620,44.20731,0 -72.51582,44.20736,0 -72.51502,44.20731,0 -72.51465,44.20744,0 -72.51462,44.20766,0 -72.51481,44.20810,0 -72.51544,44.20890,0 -72.51548,44.20911,0 -72.51543,44.20963,0 -72.51607,44.21039,0 -72.51655,44.21064,0 -72.51712,44.21074,0 -72.51757,44.21071,0 -72.51847,44.21051,0 -72.51917,44.21054,0 -72.52034,44.21073,0 -72.52087,44.21064,0 -72.52136,44.21063,0 -72.52153,44.21070,0 -72.52187,44.21097,0 -72.52226,44.21119,0 -72.52252,44.21153,0 -72.52272,44.21198,0 -72.52291,44.21225,0 -72.52318,44.21239,0 -72.52354,44.21245,0 -72.52458,44.21245,0</coordinates></LineString>
        <LineString><tessellate>1</tessellate><coordinates>-72.50968,44.20389,0 -72.50976,44.20426,0 -72.51027,44.20473,0 -72.51081,44.20467,0 -72.51101,44.20469,0 -72.51159,44.20486,0 -72.51182,44.20502,0</coordinates></LineString>
        <LineString><tessellate>1</tessellate><coordinates>-72.50339,44.19680,0 -72.50366,44.19706,0 -72.50493,44.19757,0 -72.50518,44.19763,0 -72.50580,44.19760,0 -72.50671,44.19780,0</coordinates></LineString>
        <LineString><tessellate>1</tessellate><coordinates>-72.50102,44.19009,0 -72.50104,44.19014,0</coordinates></LineString>
        <LineString><tessellate>1</tessellate><coordinates>-72.50677,44.17802,0 -72.50653,44.17819,0 -72.50657,44.17845,0 -72.50651,44.17901,0 -72.50639,44.17932,0 -72.50632,44.17999,0 -72.50625,44.18014,0 -72.50604,44.18016,0 -72.50527,44.18008,0 -72.50470,44.17994,0 -72.50435,44.18011,0 -72.50417,44.18027,0 -72.50369,44.18040,0 -72.50293,44.18083,0 -72.50279,44.18113,0 -72.50276,44.18140,0 -72.50281,44.18154,0 -72.50298,44.18152,0 -72.50324,44.18125,0 -72.50341,44.18124,0 -72.50376,44.18141,0 -72.50382,44.18158,0 -72.50379,44.18168,0 -72.50326,44.18227,0 -72.50308,44.18238,0 -72.50261,44.18253,0 -72.50180,44.18251,0 -72.50155,44.18266,0 -72.50146,44.18289,0 -72.50152,44.18315,0 -72.50180,44.18367,0 -72.50177,44.18380,0 -72.50131,44.18419,0 -72.50080,44.18497,0 -72.50038,44.18524,0 -72.49993,44.18575,0 -72.49991,44.18589,0 -72.50013,44.18604,0 -72.50029,44.18624,0 -72.50029,44.18650,0 -72.49985,44.18677,0 -72.49972,44.18702,0 -72.49940,44.18712,0 -72.49928,44.18723,0 -72.49917,44.18751,0 -72.49924,44.18790,0 -72.49917,44.18808,0 -72.49921,44.18825,0 -72.49932,44.18837,0 -72.49951,44.18841,0 -72.49991,44.18824,0 -72.50014,44.18806,0 -72.50028,44.18801,0 -72.50056,44.18818,0 -72.50073,44.18842,0 -72.50086,44.18874,0 -72.50087,44.18956,0 -72.50102,44.19009,0</coordinates></LineString>
        <LineString><tessellate>1</tessellate><coordinates>-72.50923,44.17323,0 -72.50900,44.17342,0 -72.50898,44.17357,0 -72.50869,44.17414,0 -72.50864,44.17448,0 -72.50843,44.17479,0 -72.50798,44.17503,0 -72.50741,44.17511,0 -72.50736,44.17522,0 -72.50763,44.17556,0 -72.50760,44.17569,0 -72.50747,44.17583,0 -72.50747,44.17593,0 -72.50798,44.17645,0</coordinates></LineString>
        <LineString><tessellate>1</tessellate><coordinates>-72.51157,44.16527,0 -72.51233,44.16545,0 -72.51248,44.16553,0 -72.51247,44.16560,0 -72.51230,44.16584,0 -72.51221,44.16609,0 -72.51196,44.16638,0 -72.51192,44.16677,0 -72.51170,44.16693,0 -72.51130,44.16742,0 -72.51129,44.16752,0 -72.51142,44.16774,0 -72.51138,44.16790,0 -72.51095,44.16857,0 -72.51095,44.16866,0 -72.51102,44.16877,0 -72.51121,44.16883,0 -72.51142,44.16876,0 -72.51155,44.16878,0 -72.51162,44.16901,0 -72.51169,44.16909,0 -72.51203,44.16925,0 -72.51217,44.16957,0 -72.51229,44.16969,0 -72.51280,44.16983,0 -72.51287,44.16994,0 -72.51287,44.17010,0 -72.51247,44.17031,0 -72.51260,44.17059,0 -72.51258,44.17071,0 -72.51249,44.17079,0 -72.51235,44.17082,0 -72.51224,44.17080,0 -72.51209,44.17061,0 -72.51198,44.17055,0 -72.51188,44.17056,0 -72.51184,44.17066,0 -72.51202,44.17100,0 -72.51190,44.17112,0 -72.51150,44.17137,0 -72.51125,44.17151,0 -72.51111,44.17152,0 -72.51102,44.17146,0 -72.51096,44.17127,0 -72.51085,44.17122,0 -72.51072,44.17126,0 -72.51056,44.17147,0 -72.50999,44.17157,0 -72.50994,44.17175,0 -72.50988,44.17186,0 -72.50977,44.17191,0 -72.50975,44.17200,0 -72.51009,44.17259,0 -72.51015,44.17297,0 -72.51008,44.17310,0 -72.50995,44.17315,0 -72.50967,44.17308,0 -72.50959,44.17302,0 -72.50974,44.17280,0 -72.50975,44.17271,0 -72.50963,44.17265,0 -72.50940,44.17270,0 -72.50929,44.17285,0 -72.50931,44.17316,0 -72.50923,44.17323,0</coordinates></LineString>
        <LineString><tessellate>1</tessellate><coordinates>-72.51514,44.15976,0 -72.51496,44.16016,0 -72.51484,44.16025,0 -72.51480,44.16036,0 -72.51486,44.16047,0 -72.51513,44.16040,0 -72.51535,44.16042,0 -72.51542,44.16053,0 -72.51541,44.16080,0 -72.51551,44.16097,0 -72.51546,44.16108,0 -72.51526,44.16122,0 -72.51523,44.16136,0 -72.51505,44.16154,0 -72.51502,44.16177,0 -72.51493,44.16188,0 -72.51450,44.16204,0 -72.51430,44.16231,0 -72.51386,44.16254,0 -72.51352,44.16278,0 -72.51335,44.16305,0 -72.51337,44.16316,0 -72.51350,44.16331,0 -72.51341,44.16348,0 -72.51330,44.16354,0 -72.51314,44.16353,0 -72.51277,44.16345,0 -72.51269,44.16336,0 -72.51247,44.16342,0 -72.51244,44.16359,0 -72.51249,44.16371,0 -72.51305,44.16401,0 -72.51309,44.16410,0 -72.51307,44.16419,0 -72.51278,44.16456,0 -72.51226,44.16467,0 -72.51160,44.16508,0 -72.51154,44.16519,0 -72.51157,44.16527,0</coordinates></LineString>
        <LineString><tessellate>1</tessellate><coordinates>-72.53309,44.13151,0 -72.53289,44.13198,0 -72.53280,44.13237,0 -72.53288,44.13258,0 -72.53306,44.13273,0 -72.53320,44.13279,0 -72.53319,44.13294,0 -72.53344,44.13316,0 -72.53340,44.13325,0 -72.53336,44.13330,0 -72.53292,44.13336,0 -72.53202,44.13334,0 -72.53197,44.13340,0 -72.53199,44.13350,0 -72.53210,44.13359,0 -72.53235,44.13368,0 -72.53238,44.13375,0 -72.53233,44.13382,0 -72.53211,44.13384,0 -72.53209,44.13389,0 -72.53243,44.13414,0 -72.53247,44.13419,0 -72.53245,44.13423,0 -72.53217,44.13455,0 -72.53198,44.13466,0 -72.53150,44.13472,0 -72.53131,44.13488,0 -72.53117,44.13485,0 -72.53096,44.13488,0</coordinates></LineString>
        <LineString><tessellate>1</tessellate><coordinates>-72.53670,44.12408,0 -72.53633,44.12444,0 -72.53581,44.12467,0 -72.53565,44.12482,0 -72.53560,44.12503,0 -72.53514,44.12508,0 -72.53507,44.12524,0 -72.53508,44.12540,0 -72.53512,44.12549,0 -72.53530,44.12566,0 -72.53532,44.12579,0 -72.53522,44.12589,0 -72.53500,44.12592,0 -72.53493,44.12598,0 -72.53495,44.12604,0 -72.53519,44.12615,0 -72.53518,44.12621,0 -72.53494,44.12650,0 -72.53461,44.12656,0 -72.53454,44.12667,0 -72.53474,44.12680,0 -72.53473,44.12685,0 -72.53464,44.12692,0 -72.53443,44.12693,0 -72.53421,44.12734,0 -72.53445,44.12800,0 -72.53442,44.12845,0 -72.53458,44.12848,0 -72.53484,44.12840,0 -72.53502,44.12844,0 -72.53495,44.12877,0 -72.53496,44.12890,0 -72.53476,44.12922,0 -72.53446,44.13013,0 -72.53439,44.13022,0 -72.53400,44.13041,0 -72.53393,44.13059,0 -72.53370,44.13074,0 -72.53353,44.13102,0 -72.53311,44.13144,0 -72.53309,44.13151,0</coordinates></LineString>
        <LineString><tessellate>1</tessellate><coordinates>-72.52933,44.14281,0 -72.52918,44.14292,0 -72.52918,44.14311,0 -72.52908,44.14318,0 -72.52862,44.14303,0 -72.52852,44.14283,0 -72.52831,44.14284,0 -72.52820,44.14298,0 -72.52818,44.14311,0 -72.52849,44.14333,0 -72.52849,44.14344,0 -72.52838,44.14353,0 -72.52804,44.14361,0 -72.52785,44.14400,0 -72.52767,44.14403,0 -72.52742,44.14391,0 -72.52694,44.14405,0 -72.52690,44.14409,0 -72.52690,44.14422,0 -72.52702,44.14433,0 -72.52695,44.14442,0 -72.52622,44.14429,0 -72.52571,44.14443,0 -72.52522,44.14489,0 -72.52472,44.14512,0 -72.52466,44.14521,0 -72.52461,44.14541,0 -72.52465,44.14605,0 -72.52411,44.14685,0</coordinates></LineString>
        <LineString><tessellate>1</tessellate><coordinates>-72.54973,44.08980,0 -72.54971,44.09033,0 -72.54947,44.09102,0 -72.54865,44.09225,0 -72.54779,44.09279,0 -72.54757,44.09306,0</coordinates></LineString>
      </MultiGeometry>
    </Placemark>
    <Placemark>
      <name>Martins Brook</name>
      <description><![CDATA[BKT, BNT | B1<br/>Vermont Open Geodata Portal - VT Hydrography Dataset, cartographic extract lines (VCGI)]]></description>
      <styleUrl>#ln-827717</styleUrl>
      <MultiGeometry>
        <LineString><tessellate>1</tessellate><coordinates>-72.66159,44.37530,0 -72.66154,44.37514,0 -72.66138,44.37492,0 -72.66116,44.37478,0 -72.66072,44.37460,0 -72.66047,44.37441,0 -72.66027,44.37435,0 -72.66016,44.37427,0 -72.65999,44.37424,0 -72.65948,44.37397,0 -72.65894,44.37386,0 -72.65836,44.37391,0 -72.65816,44.37384,0 -72.65779,44.37354,0 -72.65753,44.37348,0 -72.65573,44.37331,0 -72.65563,44.37324,0 -72.65555,44.37307,0</coordinates></LineString>
        <LineString><tessellate>1</tessellate><coordinates>-72.65555,44.37307,0 -72.65533,44.37283,0 -72.65528,44.37267,0 -72.65510,44.37242,0 -72.65490,44.37239,0 -72.65446,44.37217,0 -72.65425,44.37214,0 -72.65425,44.37207,0</coordinates></LineString>
        <LineString><tessellate>1</tessellate><coordinates>-72.65044,44.36986,0 -72.65013,44.36979,0 -72.64984,44.36955,0 -72.64973,44.36953,0 -72.64961,44.36927,0 -72.64900,44.36911,0</coordinates></LineString>
        <LineString><tessellate>1</tessellate><coordinates>-72.64869,44.36833,0 -72.64864,44.36818,0</coordinates></LineString>
        <LineString><tessellate>1</tessellate><coordinates>-72.63372,44.36141,0 -72.63358,44.36134,0 -72.63294,44.36119,0 -72.63242,44.36119,0 -72.63219,44.36109,0 -72.63208,44.36096,0</coordinates></LineString>
        <LineString><tessellate>1</tessellate><coordinates>-72.64900,44.36911,0 -72.64889,44.36899,0 -72.64857,44.36890,0 -72.64854,44.36884,0 -72.64852,44.36878,0 -72.64860,44.36868,0 -72.64869,44.36833,0</coordinates></LineString>
        <LineString><tessellate>1</tessellate><coordinates>-72.59860,44.35377,0 -72.59798,44.35363,0 -72.59781,44.35350,0 -72.59767,44.35318,0 -72.59732,44.35257,0 -72.59677,44.35187,0 -72.59625,44.35158,0 -72.59566,44.35134,0 -72.59457,44.35114,0 -72.59438,44.35106,0 -72.59427,44.35094,0 -72.59419,44.35056,0 -72.59401,44.35011,0 -72.59376,44.34987,0 -72.59367,44.34971,0 -72.59358,44.34934,0 -72.59360,44.34906,0 -72.59356,44.34899,0 -72.59278,44.34833,0 -72.59254,44.34806,0 -72.59237,44.34793,0 -72.59204,44.34782,0 -72.59112,44.34769,0 -72.59038,44.34728,0</coordinates></LineString>
        <LineString><tessellate>1</tessellate><coordinates>-72.59038,44.34728,0 -72.59020,44.34716,0 -72.59006,44.34689,0 -72.59002,44.34616,0 -72.58993,44.34596,0 -72.58980,44.34575,0 -72.58898,44.34495,0</coordinates></LineString>
        <LineString><tessellate>1</tessellate><coordinates>-72.65269,44.37139,0 -72.65248,44.37130,0 -72.65242,44.37117,0 -72.65232,44.37111,0 -72.65238,44.37078,0 -72.65224,44.37070,0 -72.65237,44.37061,0 -72.65237,44.37056,0 -72.65224,44.37044,0 -72.65203,44.37044,0 -72.65148,44.37015,0 -72.65060,44.37005,0 -72.65044,44.36986,0</coordinates></LineString>
        <LineString><tessellate>1</tessellate><coordinates>-72.64751,44.36745,0 -72.64726,44.36732,0 -72.64713,44.36734,0 -72.64704,44.36741,0 -72.64675,44.36721,0 -72.64647,44.36685,0 -72.64632,44.36685,0 -72.64633,44.36668,0 -72.64598,44.36670,0 -72.64573,44.36685,0 -72.64573,44.36693,0 -72.64564,44.36702,0 -72.64513,44.36714,0 -72.64507,44.36717,0 -72.64505,44.36726,0 -72.64466,44.36730,0 -72.64415,44.36721,0 -72.64405,44.36713,0 -72.64394,44.36691,0 -72.64343,44.36694,0 -72.64325,44.36672,0 -72.64297,44.36612,0 -72.64262,44.36575,0 -72.64247,44.36571,0 -72.64191,44.36526,0 -72.64183,44.36510,0 -72.64170,44.36496,0 -72.64134,44.36491,0 -72.64124,44.36482,0 -72.64098,44.36478,0 -72.64034,44.36460,0 -72.64002,44.36436,0 -72.63982,44.36437,0 -72.63919,44.36421,0 -72.63872,44.36428,0 -72.63859,44.36438,0 -72.63831,44.36443,0 -72.63770,44.36431,0 -72.63741,44.36440,0 -72.63724,44.36439,0 -72.63699,44.36410,0 -72.63666,44.36395,0 -72.63656,44.36383,0 -72.63612,44.36354,0 -72.63591,44.36320,0 -72.63562,44.36286,0 -72.63546,44.36277,0 -72.63498,44.36278,0 -72.63471,44.36254,0 -72.63456,44.36249,0 -72.63427,44.36247,0 -72.63398,44.36255,0 -72.63364,44.36247,0 -72.63350,44.36240,0 -72.63350,44.36234,0 -72.63359,44.36230,0 -72.63362,44.36221,0 -72.63344,44.36207,0 -72.63339,44.36189,0</coordinates></LineString>
        <LineString><tessellate>1</tessellate><coordinates>-72.63208,44.36096,0 -72.63206,44.36039,0 -72.63201,44.36021,0 -72.63191,44.36012,0 -72.63143,44.35990,0 -72.63115,44.35991,0 -72.63064,44.35985,0 -72.63043,44.35988,0 -72.63030,44.36004,0 -72.63034,44.36023,0 -72.63030,44.36028,0 -72.62993,44.36038,0 -72.62938,44.36033,0 -72.62928,44.36020,0 -72.62911,44.36015,0 -72.62886,44.36031,0 -72.62759,44.36050,0 -72.62698,44.36050,0 -72.62678,44.36045,0 -72.62659,44.36015,0 -72.62644,44.36008,0 -72.62566,44.36008,0 -72.62549,44.35998,0 -72.62522,44.35939,0 -72.62465,44.35904,0 -72.62449,44.35869,0 -72.62430,44.35867,0 -72.62422,44.35889,0 -72.62393,44.35895,0 -72.62364,44.35892,0 -72.62322,44.35869,0 -72.62275,44.35803,0 -72.62225,44.35767,0 -72.62195,44.35733,0 -72.62154,44.35708,0 -72.62105,44.35688,0 -72.62046,44.35650,0 -72.62010,44.35640,0 -72.61946,44.35630,0 -72.61927,44.35614,0 -72.61901,44.35610,0 -72.61808,44.35621,0 -72.61762,44.35616,0 -72.61687,44.35635,0 -72.61658,44.35650,0 -72.61632,44.35647,0 -72.61622,44.35639,0 -72.61618,44.35613,0 -72.61611,44.35607,0 -72.61539,44.35609,0 -72.61509,44.35595,0 -72.61478,44.35543,0 -72.61448,44.35522,0 -72.61429,44.35515,0 -72.61407,44.35515,0 -72.61360,44.35532,0 -72.61317,44.35533,0 -72.61137,44.35517,0 -72.61114,44.35511,0 -72.61086,44.35493,0 -72.61048,44.35447,0 -72.61008,44.35421,0 -72.60992,44.35420,0 -72.60958,44.35405,0 -72.60864,44.35402,0 -72.60813,44.35393,0 -72.60692,44.35309,0 -72.60672,44.35307,0 -72.60653,44.35313,0 -72.60644,44.35319,0 -72.60629,44.35344,0 -72.60583,44.35354,0 -72.60543,44.35337,0 -72.60534,44.35325,0 -72.60497,44.35300,0 -72.60476,44.35297,0 -72.60447,44.35283,0 -72.60377,44.35289,0 -72.60314,44.35276,0 -72.60262,44.35277,0 -72.60192,44.35312,0 -72.60146,44.35343,0 -72.60099,44.35352,0 -72.60075,44.35350,0 -72.60058,44.35344,0 -72.60022,44.35345,0 -72.59964,44.35366,0 -72.59902,44.35363,0 -72.59883,44.35366,0 -72.59860,44.35377,0</coordinates></LineString>
        <LineString><tessellate>1</tessellate><coordinates>-72.65425,44.37207,0 -72.65414,44.37195,0 -72.65377,44.37198,0 -72.65359,44.37192,0 -72.65332,44.37192,0 -72.65321,44.37179,0 -72.65298,44.37176,0 -72.65273,44.37160,0 -72.65269,44.37139,0</coordinates></LineString>
        <LineString><tessellate>1</tessellate><coordinates>-72.64864,44.36818,0 -72.64862,44.36812,0 -72.64851,44.36808,0 -72.64833,44.36785,0 -72.64782,44.36768,0 -72.64751,44.36745,0</coordinates></LineString>
        <LineString><tessellate>1</tessellate><coordinates>-72.63339,44.36189,0 -72.63354,44.36179,0 -72.63358,44.36168,0 -72.63379,44.36154,0 -72.63379,44.36146,0 -72.63372,44.36141,0</coordinates></LineString>
        <LineString><tessellate>1</tessellate><coordinates>-72.58337,44.34015,0 -72.58312,44.34005,0 -72.58290,44.33968,0 -72.58246,44.33927,0 -72.58141,44.33861,0 -72.58108,44.33828,0 -72.58100,44.33811,0 -72.58094,44.33764,0 -72.58106,44.33706,0 -72.58102,44.33674,0 -72.58089,44.33651,0 -72.58041,44.33597,0 -72.58024,44.33552,0 -72.57989,44.33499,0 -72.57973,44.33486,0 -72.57918,44.33478,0 -72.57877,44.33478,0 -72.57833,44.33458,0 -72.57792,44.33421,0 -72.57774,44.33396,0 -72.57769,44.33367,0 -72.57773,44.33334,0 -72.57764,44.33321,0 -72.57717,44.33302,0</coordinates></LineString>
        <LineString><tessellate>1</tessellate><coordinates>-72.57717,44.33302,0 -72.57658,44.33268,0 -72.57613,44.33251,0 -72.57564,44.33237,0 -72.57539,44.33238,0 -72.57526,44.33246,0 -72.57528,44.33260,0 -72.57538,44.33274,0 -72.57531,44.33291,0 -72.57480,44.33353,0 -72.57462,44.33357,0 -72.57452,44.33355,0 -72.57429,44.33337,0 -72.57389,44.33349,0 -72.57300,44.33355,0 -72.57287,44.33351,0 -72.57287,44.33332,0 -72.57282,44.33322,0 -72.57260,44.33304,0 -72.57229,44.33295,0 -72.57217,44.33273,0 -72.57199,44.33256,0 -72.57158,44.33261,0 -72.57125,44.33256,0 -72.57108,44.33276,0</coordinates></LineString>
        <LineString><tessellate>1</tessellate><coordinates>-72.58880,44.34468,0 -72.58878,44.34445,0 -72.58860,44.34419,0 -72.58835,44.34356,0 -72.58823,44.34306,0 -72.58806,44.34278,0 -72.58752,44.34210,0 -72.58662,44.34132,0 -72.58601,44.34100,0 -72.58485,44.34065,0 -72.58467,44.34046,0 -72.58428,44.34028,0 -72.58337,44.34015,0</coordinates></LineString>
        <LineString><tessellate>1</tessellate><coordinates>-72.58898,44.34495,0 -72.58880,44.34468,0</coordinates></LineString>
      </MultiGeometry>
    </Placemark>
    <Placemark>
      <name>Herrick Brook</name>
      <description><![CDATA[BKT, BNT | B1<br/>Vermont Open Geodata Portal - VT Hydrography Dataset, cartographic extract lines (VCGI)]]></description>
      <styleUrl>#ln-827717</styleUrl>
      <MultiGeometry>
        <LineString><tessellate>1</tessellate><coordinates>-72.66127,44.36291,0 -72.66004,44.36337,0 -72.65989,44.36338,0 -72.65956,44.36328,0 -72.65915,44.36288,0 -72.65883,44.36278,0 -72.65875,44.36254,0 -72.65838,44.36218,0 -72.65835,44.36210,0 -72.65822,44.36200,0 -72.65822,44.36193,0 -72.65808,44.36180,0 -72.65784,44.36166,0 -72.65744,44.36157,0 -72.65687,44.36099,0 -72.65652,44.36098,0 -72.65634,44.36079,0 -72.65623,44.36055,0 -72.65595,44.36050,0 -72.65574,44.36032,0 -72.65568,44.36023,0 -72.65568,44.36007,0 -72.65562,44.35994,0 -72.65530,44.35970,0 -72.65518,44.35956,0 -72.65491,44.35947,0 -72.65474,44.35935,0 -72.65470,44.35916,0 -72.65451,44.35891,0 -72.65437,44.35846,0 -72.65374,44.35776,0</coordinates></LineString>
        <LineString><tessellate>1</tessellate><coordinates>-72.65000,44.35551,0 -72.64970,44.35532,0 -72.64925,44.35521,0 -72.64845,44.35514,0 -72.64796,44.35502,0 -72.64765,44.35471,0 -72.64741,44.35462,0 -72.64686,44.35458,0 -72.64649,44.35448,0 -72.64632,44.35438,0 -72.64574,44.35428,0 -72.64540,44.35400,0 -72.64505,44.35387,0 -72.64439,44.35374,0 -72.64369,44.35323,0 -72.64317,44.35316,0 -72.64299,44.35308,0 -72.64278,44.35306,0 -72.64206,44.35268,0 -72.64117,44.35261,0 -72.64073,44.35281,0 -72.64030,44.35282,0</coordinates></LineString>
        <LineString><tessellate>1</tessellate><coordinates>-72.65374,44.35776,0 -72.65326,44.35763,0 -72.65254,44.35756,0 -72.65238,44.35748,0 -72.65235,44.35735,0 -72.65180,44.35705,0</coordinates></LineString>
        <LineString><tessellate>1</tessellate><coordinates>-72.65162,44.35694,0 -72.65147,44.35678,0</coordinates></LineString>
        <LineString><tessellate>1</tessellate><coordinates>-72.65137,44.35664,0 -72.65117,44.35647,0 -72.65117,44.35634,0</coordinates></LineString>
        <LineString><tessellate>1</tessellate><coordinates>-72.61764,44.34798,0 -72.61756,44.34784,0 -72.61723,44.34770,0 -72.61689,44.34746,0 -72.61619,44.34730,0 -72.61574,44.34727,0 -72.61480,44.34739,0 -72.61392,44.34708,0 -72.61312,44.34696,0 -72.61207,44.34689,0 -72.61071,44.34689,0 -72.60981,44.34674,0 -72.60949,44.34644,0 -72.60919,44.34630,0 -72.60869,44.34617,0 -72.60824,44.34618,0 -72.60788,44.34614,0 -72.60715,44.34565,0 -72.60619,44.34531,0 -72.60593,44.34517,0 -72.60547,44.34462,0</coordinates></LineString>
        <LineString><tessellate>1</tessellate><coordinates>-72.60547,44.34462,0 -72.60533,44.34449,0 -72.60506,44.34437,0 -72.60429,44.34425,0 -72.60392,44.34427,0 -72.60311,44.34445,0 -72.60236,44.34444,0 -72.60199,44.34430,0 -72.60186,44.34407,0 -72.60161,44.34389,0 -72.60124,44.34389,0 -72.60094,44.34374,0 -72.60061,44.34371,0 -72.59943,44.34384,0 -72.59872,44.34357,0 -72.59845,44.34359,0 -72.59816,44.34354,0 -72.59748,44.34362,0 -72.59697,44.34386,0 -72.59647,44.34397,0 -72.59524,44.34368,0 -72.59505,44.34367,0 -72.59452,44.34377,0 -72.59331,44.34371,0 -72.59310,44.34376,0 -72.59234,44.34370,0 -72.59162,44.34390,0 -72.59098,44.34467,0 -72.59061,44.34478,0 -72.58967,44.34452,0 -72.58947,44.34457,0 -72.58921,44.34470,0 -72.58889,44.34471,0</coordinates></LineString>
        <LineString><tessellate>1</tessellate><coordinates>-72.65107,44.35621,0 -72.65078,44.35601,0 -72.65059,44.35597,0</coordinates></LineString>
        <LineString><tessellate>1</tessellate><coordinates>-72.65049,44.35590,0 -72.65045,44.35587,0</coordinates></LineString>
        <LineString><tessellate>1</tessellate><coordinates>-72.65018,44.35567,0 -72.65012,44.35562,0</coordinates></LineString>
        <LineString><tessellate>1</tessellate><coordinates>-72.64030,44.35282,0 -72.63994,44.35275,0 -72.63962,44.35249,0 -72.63937,44.35242,0 -72.63871,44.35239,0 -72.63833,44.35245,0 -72.63796,44.35241,0 -72.63755,44.35247,0 -72.63711,44.35246,0 -72.63690,44.35236,0 -72.63650,44.35233,0 -72.63635,44.35216,0 -72.63624,44.35213,0 -72.63566,44.35206,0 -72.63530,44.35182,0 -72.63519,44.35181,0 -72.63518,44.35188,0 -72.63513,44.35189,0 -72.63494,44.35188,0 -72.63477,44.35175,0 -72.63442,44.35171,0</coordinates></LineString>
        <LineString><tessellate>1</tessellate><coordinates>-72.63442,44.35171,0 -72.63394,44.35154,0 -72.63384,44.35135,0 -72.63350,44.35106,0 -72.63335,44.35081,0 -72.63296,44.35069,0 -72.63211,44.35062,0 -72.63181,44.35050,0 -72.63165,44.35036,0 -72.63140,44.35029,0 -72.62972,44.35026,0 -72.62913,44.35018,0 -72.62856,44.35033,0 -72.62812,44.35056,0 -72.62782,44.35057,0 -72.62732,44.35053,0 -72.62670,44.35009,0 -72.62635,44.34998,0 -72.62619,44.35007,0 -72.62583,44.35011,0 -72.62553,44.34999,0 -72.62510,44.34994,0 -72.62468,44.34982,0 -72.62439,44.34979,0 -72.62429,44.34987,0 -72.62409,44.34989,0 -72.62369,44.34971,0 -72.62327,44.34974,0 -72.62291,44.34963,0 -72.62248,44.34966,0 -72.62214,44.34979,0 -72.62180,44.34982,0 -72.62166,44.34989,0 -72.62054,44.34984,0 -72.62040,44.34989,0 -72.62015,44.34980,0 -72.61936,44.34895,0 -72.61890,44.34868,0 -72.61840,44.34858,0 -72.61806,44.34829,0 -72.61769,44.34808,0 -72.61764,44.34798,0</coordinates></LineString>
        <LineString><tessellate>1</tessellate><coordinates>-72.65147,44.35678,0 -72.65137,44.35664,0</coordinates></LineString>
        <LineString><tessellate>1</tessellate><coordinates>-72.65117,44.35634,0 -72.65107,44.35621,0</coordinates></LineString>
        <LineString><tessellate>1</tessellate><coordinates>-72.65012,44.35562,0 -72.65005,44.35555,0</coordinates></LineString>
        <LineString><tessellate>1</tessellate><coordinates>-72.65005,44.35555,0 -72.65000,44.35551,0</coordinates></LineString>
        <LineString><tessellate>1</tessellate><coordinates>-72.65045,44.35587,0 -72.65018,44.35567,0</coordinates></LineString>
        <LineString><tessellate>1</tessellate><coordinates>-72.65059,44.35597,0 -72.65049,44.35590,0</coordinates></LineString>
        <LineString><tessellate>1</tessellate><coordinates>-72.65180,44.35705,0 -72.65162,44.35694,0</coordinates></LineString>
        <LineString><tessellate>1</tessellate><coordinates>-72.58889,44.34471,0 -72.58880,44.34468,0</coordinates></LineString>
      </MultiGeometry>
    </Placemark>
    <Placemark>
      <name>Dog River mainstem</name>
      <description><![CDATA[BKT, BNT, RBT | B1<br/>Vermont Open Geodata Portal - VT Hydrography Dataset, cartographic extract lines (VCGI)]]></description>
      <styleUrl>#ln-1565c0</styleUrl>
      <MultiGeometry>
        <LineString><tessellate>1</tessellate><coordinates>-72.77569,44.11434,0 -72.77551,44.11431,0</coordinates></LineString>
        <LineString><tessellate>1</tessellate><coordinates>-72.77960,44.11921,0 -72.77966,44.11891,0 -72.77980,44.11860,0 -72.77978,44.11850,0 -72.77983,44.11832,0 -72.77976,44.11816,0 -72.77978,44.11804,0 -72.77941,44.11770,0 -72.77934,44.11747,0 -72.77937,44.11726,0 -72.77919,44.11713,0 -72.77931,44.11693,0 -72.77925,44.11684,0 -72.77859,44.11635,0 -72.77829,44.11600,0 -72.77807,44.11597,0 -72.77770,44.11581,0 -72.77723,44.11556,0 -72.77708,44.11543,0 -72.77666,44.11527,0 -72.77651,44.11512,0 -72.77618,44.11503,0 -72.77597,44.11483,0 -72.77585,44.11446,0 -72.77569,44.11434,0</coordinates></LineString>
        <LineString><tessellate>1</tessellate><coordinates>-72.72719,44.11543,0 -72.72713,44.11530,0 -72.72700,44.11521,0 -72.72630,44.11571,0 -72.72591,44.11593,0 -72.72577,44.11609,0 -72.72545,44.11630,0 -72.72533,44.11647,0 -72.72514,44.11657,0 -72.72473,44.11662,0 -72.72428,44.11656,0 -72.72385,44.11664,0 -72.72379,44.11660,0 -72.72372,44.11632,0 -72.72354,44.11619,0 -72.72332,44.11617,0</coordinates></LineString>
        <LineString><tessellate>1</tessellate><coordinates>-72.77551,44.11431,0 -72.77540,44.11422,0 -72.77514,44.11421,0 -72.77503,44.11401,0 -72.77495,44.11401,0 -72.77478,44.11388,0 -72.77444,44.11380,0 -72.77433,44.11364,0 -72.77399,44.11342,0 -72.77364,44.11334,0 -72.77312,44.11330,0 -72.77270,44.11314,0 -72.77233,44.11307,0 -72.77214,44.11286,0 -72.77205,44.11283,0 -72.77152,44.11272,0</coordinates></LineString>
        <LineString><tessellate>1</tessellate><coordinates>-72.72907,44.10966,0 -72.72869,44.11209,0 -72.72871,44.11265,0 -72.72866,44.11297,0 -72.72854,44.11342,0 -72.72825,44.11399,0 -72.72821,44.11427,0 -72.72840,44.11461,0 -72.72844,44.11483,0 -72.72837,44.11494,0 -72.72808,44.11505,0 -72.72792,44.11523,0 -72.72751,44.11514,0 -72.72743,44.11538,0 -72.72735,44.11547,0 -72.72719,44.11543,0</coordinates></LineString>
        <LineString><tessellate>1</tessellate><coordinates>-72.77152,44.11272,0 -72.77128,44.11271,0 -72.76869,44.11193,0 -72.76774,44.11151,0 -72.76696,44.11156,0 -72.76634,44.11144,0 -72.76602,44.11144,0 -72.76560,44.11138,0 -72.76536,44.11132,0 -72.76523,44.11109,0 -72.76492,44.11095,0 -72.76470,44.11094,0 -72.76419,44.11115,0 -72.76412,44.11113,0 -72.76364,44.11084,0 -72.76305,44.11061,0 -72.76270,44.10985,0 -72.76198,44.10960,0 -72.76193,44.10948,0 -72.76162,44.10940,0 -72.76152,44.10929,0 -72.76110,44.10905,0</coordinates></LineString>
        <LineString><tessellate>1</tessellate><coordinates>-72.71762,44.11781,0 -72.71721,44.11809,0 -72.71678,44.11817,0 -72.71581,44.11796,0 -72.71548,44.11808,0 -72.71531,44.11808,0</coordinates></LineString>
        <LineString><tessellate>1</tessellate><coordinates>-72.71979,44.11705,0 -72.71958,44.11725,0 -72.71888,44.11756,0 -72.71762,44.11781,0</coordinates></LineString>
        <LineString><tessellate>1</tessellate><coordinates>-72.72332,44.11617,0 -72.72302,44.11631,0</coordinates></LineString>
        <LineString><tessellate>1</tessellate><coordinates>-72.72302,44.11631,0 -72.72269,44.11618,0 -72.72299,44.11584,0 -72.72298,44.11574,0 -72.72267,44.11584,0 -72.72191,44.11594,0 -72.72153,44.11615,0 -72.72121,44.11619,0 -72.72061,44.11668,0 -72.71995,44.11692,0 -72.71979,44.11705,0</coordinates></LineString>
        <LineString><tessellate>1</tessellate><coordinates>-72.73243,44.10538,0 -72.73184,44.10534,0 -72.73140,44.10521,0 -72.73058,44.10482,0 -72.73052,44.10484,0 -72.73050,44.10495,0 -72.73037,44.10503,0 -72.73003,44.10505,0</coordinates></LineString>
        <LineString><tessellate>1</tessellate><coordinates>-72.76110,44.10905,0 -72.76092,44.10913,0 -72.76043,44.10913,0 -72.75973,44.10874,0 -72.75943,44.10849,0 -72.75926,44.10822,0 -72.75915,44.10815,0 -72.75867,44.10809,0 -72.75799,44.10789,0 -72.75735,44.10783,0 -72.75681,44.10750,0 -72.75665,44.10744,0 -72.75628,44.10744,0 -72.75474,44.10722,0 -72.75436,44.10693,0 -72.75298,44.10633,0 -72.75226,44.10593,0 -72.75184,44.10584,0 -72.75169,44.10574,0 -72.75172,44.10540,0 -72.75152,44.10501,0 -72.75143,44.10495,0 -72.75118,44.10497,0 -72.75100,44.10515,0 -72.75059,44.10534,0 -72.74983,44.10529,0 -72.74937,44.10515,0 -72.74890,44.10473,0 -72.74816,44.10421,0 -72.74792,44.10370,0 -72.74791,44.10354,0 -72.74744,44.10327,0 -72.74746,44.10298,0 -72.74715,44.10253,0 -72.74715,44.10210,0 -72.74706,44.10200,0 -72.74694,44.10146,0 -72.74655,44.10130,0 -72.74629,44.10113,0 -72.74608,44.10059,0 -72.74584,44.10034,0 -72.74559,44.10025,0 -72.74559,44.09955,0 -72.74548,44.09940,0</coordinates></LineString>
        <LineString><tessellate>1</tessellate><coordinates>-72.74548,44.09940,0 -72.74544,44.09921,0 -72.74513,44.09900,0 -72.74513,44.09864,0 -72.74507,44.09852,0 -72.74504,44.09815,0 -72.74443,44.09761,0 -72.74430,44.09743,0 -72.74379,44.09711,0 -72.74378,44.09698,0 -72.74389,44.09667,0 -72.74387,44.09646,0 -72.74380,44.09639,0 -72.74350,44.09632,0 -72.74260,44.09632,0 -72.74219,44.09617,0 -72.74175,44.09591,0 -72.74140,44.09588,0 -72.74114,44.09570,0 -72.74098,44.09545,0 -72.74054,44.09513,0 -72.73999,44.09484,0 -72.73979,44.09456,0 -72.73939,44.09422,0 -72.73883,44.09395,0 -72.73856,44.09399,0 -72.73825,44.09389,0 -72.73800,44.09370,0 -72.73749,44.09294,0 -72.73715,44.09202,0 -72.73704,44.09149,0 -72.73705,44.09130,0 -72.73718,44.09104,0 -72.73717,44.09099,0 -72.73704,44.09092,0 -72.73664,44.09100,0 -72.73651,44.09082,0 -72.73648,44.09061,0 -72.73642,44.09058,0 -72.73629,44.09061,0 -72.73619,44.09076,0 -72.73617,44.09083,0 -72.73633,44.09107,0 -72.73633,44.09112,0 -72.73624,44.09119,0 -72.73501,44.09122,0 -72.73454,44.09134,0 -72.73443,44.09171,0 -72.73429,44.09189,0 -72.73397,44.09293,0 -72.73352,44.09448,0 -72.73349,44.09472,0 -72.73266,44.09745,0</coordinates></LineString>
        <LineString><tessellate>1</tessellate><coordinates>-72.73266,44.09745,0 -72.73253,44.09775,0 -72.73257,44.09784,0 -72.73268,44.09791,0 -72.73292,44.09793,0 -72.73303,44.09811,0 -72.73333,44.09833,0 -72.73344,44.09853,0 -72.73347,44.09894,0 -72.73342,44.09905,0 -72.73359,44.09978,0 -72.73350,44.10006,0 -72.73329,44.10020,0 -72.73329,44.10031,0 -72.73318,44.10045,0 -72.73322,44.10052,0 -72.73333,44.10055,0 -72.73332,44.10069,0 -72.73323,44.10079,0 -72.73336,44.10086,0 -72.73334,44.10105,0 -72.73326,44.10118,0 -72.73311,44.10127,0 -72.73291,44.10172,0 -72.73288,44.10230,0 -72.73290,44.10252,0 -72.73300,44.10265,0 -72.73296,44.10278,0 -72.73263,44.10313,0 -72.73281,44.10334,0 -72.73269,44.10368,0 -72.73266,44.10415,0 -72.73273,44.10455,0 -72.73279,44.10475,0 -72.73288,44.10487,0 -72.73282,44.10513,0 -72.73284,44.10527,0 -72.73260,44.10539,0 -72.73243,44.10538,0</coordinates></LineString>
        <LineString><tessellate>1</tessellate><coordinates>-72.72879,44.10557,0 -72.72877,44.10568,0 -72.72858,44.10571,0 -72.72826,44.10586,0 -72.72787,44.10594,0 -72.72774,44.10604,0 -72.72766,44.10629,0 -72.72740,44.10635,0 -72.72719,44.10659,0 -72.72729,44.10690,0 -72.72715,44.10704,0 -72.72684,44.10719,0 -72.72683,44.10724,0 -72.72694,44.10734,0 -72.72728,44.10727,0 -72.72780,44.10728,0 -72.72788,44.10735,0 -72.72791,44.10741,0 -72.72781,44.10762,0 -72.72811,44.10798,0 -72.72812,44.10812,0 -72.72804,44.10819,0 -72.72808,44.10838,0 -72.72803,44.10857,0 -72.72823,44.10863,0 -72.72821,44.10889,0 -72.72850,44.10941,0 -72.72866,44.10957,0 -72.72901,44.10960,0 -72.72907,44.10966,0</coordinates></LineString>
        <LineString><tessellate>1</tessellate><coordinates>-72.73003,44.10505,0 -72.72983,44.10514,0 -72.72980,44.10523,0 -72.72983,44.10529,0 -72.72965,44.10545,0 -72.72945,44.10549,0 -72.72895,44.10549,0 -72.72879,44.10557,0</coordinates></LineString>
        <LineString><tessellate>1</tessellate><coordinates>-72.68805,44.11034,0 -72.68640,44.11088,0 -72.68636,44.11128,0 -72.68619,44.11176,0 -72.68612,44.11210,0 -72.68602,44.11237,0 -72.68578,44.11275,0 -72.68497,44.11346,0 -72.68323,44.11417,0 -72.68313,44.11456,0 -72.68288,44.11464,0 -72.68248,44.11463,0 -72.68230,44.11470,0 -72.68200,44.11472,0 -72.68075,44.11433,0 -72.68019,44.11405,0 -72.68003,44.11384,0 -72.67980,44.11377,0 -72.67921,44.11424,0 -72.67909,44.11443,0 -72.67901,44.11471,0 -72.67906,44.11491,0 -72.67942,44.11517,0 -72.67939,44.11562,0 -72.67927,44.11590,0 -72.67912,44.11599,0 -72.67891,44.11603,0 -72.67841,44.11603,0 -72.67804,44.11628,0 -72.67738,44.11654,0</coordinates></LineString>
        <LineString><tessellate>1</tessellate><coordinates>-72.66040,44.14905,0 -72.66007,44.14939,0 -72.65997,44.14962,0 -72.65975,44.14995,0 -72.65940,44.15010,0 -72.65873,44.15018,0 -72.65791,44.15015,0 -72.65712,44.14996,0 -72.65582,44.14951,0 -72.65546,44.14946,0 -72.65516,44.14923,0 -72.65471,44.14905,0</coordinates></LineString>
        <LineString><tessellate>1</tessellate><coordinates>-72.60107,44.25632,0 -72.60101,44.25648,0</coordinates></LineString>
        <LineString><tessellate>1</tessellate><coordinates>-72.66671,44.13827,0 -72.66671,44.13880,0 -72.66646,44.13910,0 -72.66617,44.13921,0 -72.66571,44.13923,0 -72.66556,44.13931,0 -72.66539,44.13954,0 -72.66534,44.13978,0 -72.66542,44.14053,0 -72.66538,44.14117,0 -72.66544,44.14124,0 -72.66555,44.14129,0 -72.66593,44.14127,0 -72.66626,44.14106,0 -72.66642,44.14102,0 -72.66668,44.14107,0 -72.66672,44.14118,0</coordinates></LineString>
        <LineString><tessellate>1</tessellate><coordinates>-72.66521,44.12330,0 -72.66521,44.12368,0 -72.66501,44.12410,0 -72.66494,44.12440,0 -72.66494,44.12463,0 -72.66504,44.12495,0 -72.66524,44.12527,0 -72.66591,44.12611,0 -72.66600,44.12664,0 -72.66612,44.12682,0 -72.66598,44.12760,0 -72.66582,44.12794,0</coordinates></LineString>
        <LineString><tessellate>1</tessellate><coordinates>-72.70030,44.11344,0 -72.70012,44.11338,0 -72.69964,44.11308,0 -72.69945,44.11310,0 -72.69927,44.11324,0 -72.69844,44.11306,0 -72.69812,44.11290,0 -72.69768,44.11249,0 -72.69758,44.11245,0 -72.69633,44.11234,0 -72.69569,44.11237,0</coordinates></LineString>
        <LineString><tessellate>1</tessellate><coordinates>-72.69569,44.11237,0 -72.69483,44.11246,0 -72.69454,44.11240,0 -72.69418,44.11217,0 -72.69384,44.11189,0 -72.69260,44.11127,0 -72.69202,44.11091,0 -72.69173,44.11072,0 -72.69158,44.11043,0 -72.69114,44.11041,0 -72.69076,44.11033,0 -72.69025,44.11037,0 -72.68962,44.11021,0</coordinates></LineString>
        <LineString><tessellate>1</tessellate><coordinates>-72.68962,44.11021,0 -72.68941,44.11019,0 -72.68843,44.11025,0 -72.68805,44.11034,0</coordinates></LineString>
        <LineString><tessellate>1</tessellate><coordinates>-72.67231,44.11765,0 -72.67136,44.11769,0</coordinates></LineString>
        <LineString><tessellate>1</tessellate><coordinates>-72.67738,44.11654,0 -72.67690,44.11655,0 -72.67538,44.11694,0 -72.67499,44.11720,0 -72.67357,44.11789,0 -72.67271,44.11769,0 -72.67231,44.11765,0</coordinates></LineString>
        <LineString><tessellate>1</tessellate><coordinates>-72.62362,44.21696,0 -72.62374,44.21747,0 -72.62405,44.21789,0 -72.62370,44.21839,0 -72.62371,44.21849,0 -72.62378,44.21860,0 -72.62429,44.21879,0 -72.62438,44.21901,0 -72.62436,44.21911,0 -72.62430,44.21921,0 -72.62406,44.21929,0 -72.62367,44.21924,0 -72.62334,44.21959,0 -72.62293,44.22025,0 -72.62290,44.22075,0 -72.62278,44.22121,0 -72.62247,44.22165,0 -72.62190,44.22218,0 -72.62159,44.22259,0 -72.62158,44.22280,0 -72.62167,44.22302,0 -72.62231,44.22354,0 -72.62234,44.22366,0 -72.62229,44.22374,0 -72.62187,44.22418,0 -72.62173,44.22424,0 -72.62139,44.22425,0 -72.62115,44.22404,0 -72.62093,44.22394,0 -72.62035,44.22375,0 -72.62000,44.22373,0 -72.61963,44.22384,0 -72.61867,44.22429,0 -72.61860,44.22456,0 -72.61872,44.22498,0 -72.61875,44.22540,0 -72.61858,44.22578,0 -72.61833,44.22655,0 -72.61813,44.22688,0 -72.61788,44.22691,0 -72.61737,44.22682,0 -72.61659,44.22657,0 -72.61629,44.22636,0 -72.61587,44.22629,0 -72.61565,44.22632,0 -72.61529,44.22667,0 -72.61495,44.22710,0 -72.61490,44.22749,0 -72.61502,44.22779,0 -72.61501,44.22797,0 -72.61490,44.22843,0 -72.61463,44.22885,0</coordinates></LineString>
        <LineString><tessellate>1</tessellate><coordinates>-72.62451,44.21408,0 -72.62438,44.21415,0 -72.62422,44.21435,0 -72.62388,44.21530,0 -72.62358,44.21594,0 -72.62354,44.21632,0 -72.62362,44.21696,0</coordinates></LineString>
        <LineString><tessellate>1</tessellate><coordinates>-72.63451,44.20388,0 -72.63436,44.20406,0 -72.63423,44.20445,0 -72.63419,44.20495,0 -72.63425,44.20537,0 -72.63440,44.20570,0 -72.63454,44.20585,0 -72.63454,44.20615,0</coordinates></LineString>
        <LineString><tessellate>1</tessellate><coordinates>-72.60103,44.24942,0 -72.60117,44.24967,0 -72.60107,44.24997,0 -72.60106,44.25020,0 -72.60089,44.25038,0 -72.60044,44.25067,0 -72.59997,44.25117,0 -72.59990,44.25127,0 -72.59987,44.25153,0 -72.60012,44.25160,0 -72.60048,44.25160,0 -72.60088,44.25167,0 -72.60127,44.25214,0 -72.60192,44.25273,0 -72.60207,44.25298,0 -72.60231,44.25360,0 -72.60241,44.25372,0 -72.60237,44.25403,0 -72.60211,44.25418,0 -72.60160,44.25435,0 -72.60149,44.25444,0 -72.60144,44.25461,0 -72.60155,44.25487,0 -72.60152,44.25519,0 -72.60160,44.25548,0 -72.60151,44.25575,0 -72.60118,44.25601,0 -72.60107,44.25632,0</coordinates></LineString>
        <LineString><tessellate>1</tessellate><coordinates>-72.59712,44.24572,0 -72.59750,44.24572,0 -72.59789,44.24565,0 -72.59825,44.24567,0 -72.59892,44.24671,0 -72.59984,44.24787,0 -72.59984,44.24801,0 -72.59998,44.24822,0 -72.60025,44.24832,0 -72.60040,44.24856,0 -72.60069,44.24887,0 -72.60103,44.24942,0</coordinates></LineString>
        <LineString><tessellate>1</tessellate><coordinates>-72.65153,44.17225,0 -72.65100,44.17326,0 -72.65066,44.17358,0 -72.65044,44.17415,0 -72.65011,44.17446,0 -72.64980,44.17462,0 -72.64951,44.17466,0 -72.64925,44.17480,0 -72.64852,44.17498,0 -72.64806,44.17497,0 -72.64766,44.17485,0</coordinates></LineString>
        <LineString><tessellate>1</tessellate><coordinates>-72.59673,44.24513,0 -72.59669,44.24541,0 -72.59675,44.24555,0 -72.59686,44.24567,0 -72.59712,44.24572,0</coordinates></LineString>
        <LineString><tessellate>1</tessellate><coordinates>-72.65665,44.16515,0 -72.65679,44.16571,0 -72.65669,44.16595,0 -72.65583,44.16693,0 -72.65481,44.16793,0 -72.65461,44.16826,0 -72.65453,44.16865,0 -72.65441,44.16878,0 -72.65401,44.16901,0 -72.65335,44.16933,0 -72.65281,44.16992,0 -72.65256,44.17030,0 -72.65209,44.17044,0 -72.65203,44.17083,0 -72.65190,44.17107,0 -72.65183,44.17151,0 -72.65164,44.17181,0 -72.65153,44.17225,0</coordinates></LineString>
        <LineString><tessellate>1</tessellate><coordinates>-72.59709,44.23811,0 -72.59699,44.23844,0 -72.59689,44.23859,0 -72.59622,44.23889,0 -72.59558,44.23964,0 -72.59533,44.24007,0 -72.59536,44.24021,0 -72.59676,44.24135,0 -72.59697,44.24169,0 -72.59704,44.24192,0 -72.59710,44.24222,0 -72.59710,44.24263,0 -72.59705,44.24295,0 -72.59699,44.24304,0 -72.59695,44.24349,0 -72.59704,44.24421,0 -72.59696,44.24473,0 -72.59689,44.24493,0 -72.59680,44.24497,0 -72.59673,44.24513,0</coordinates></LineString>
        <LineString><tessellate>1</tessellate><coordinates>-72.59282,44.23804,0 -72.59290,44.23832,0 -72.59301,44.23845,0 -72.59331,44.23857,0 -72.59359,44.23857,0 -72.59387,44.23828,0 -72.59406,44.23792,0 -72.59446,44.23742,0 -72.59495,44.23727,0 -72.59549,44.23723,0 -72.59566,44.23724,0 -72.59593,44.23736,0 -72.59636,44.23777,0 -72.59706,44.23798,0 -72.59709,44.23811,0</coordinates></LineString>
        <LineString><tessellate>1</tessellate><coordinates>-72.59348,44.23636,0 -72.59314,44.23707,0 -72.59286,44.23779,0 -72.59282,44.23804,0</coordinates></LineString>
        <LineString><tessellate>1</tessellate><coordinates>-72.59665,44.23237,0 -72.59649,44.23244,0 -72.59598,44.23308,0 -72.59515,44.23391,0 -72.59421,44.23537,0 -72.59375,44.23593,0 -72.59348,44.23636,0</coordinates></LineString>
        <LineString><tessellate>1</tessellate><coordinates>-72.60144,44.22884,0 -72.60101,44.22893,0 -72.60075,44.22907,0 -72.60024,44.22944,0 -72.59864,44.23084,0 -72.59844,44.23114,0 -72.59830,44.23147,0 -72.59803,44.23174,0 -72.59730,44.23211,0 -72.59665,44.23237,0</coordinates></LineString>
        <LineString><tessellate>1</tessellate><coordinates>-72.61463,44.22885,0 -72.61426,44.22896,0 -72.61271,44.22847,0 -72.61225,44.22846,0 -72.61152,44.22870,0 -72.61079,44.22884,0 -72.61061,44.22898,0 -72.61020,44.22911,0 -72.60982,44.22921,0 -72.60966,44.22920,0 -72.60947,44.22915,0 -72.60889,44.22879,0 -72.60833,44.22852,0 -72.60792,44.22821,0 -72.60737,44.22799,0 -72.60655,44.22745,0 -72.60624,44.22731,0 -72.60606,44.22728,0 -72.60527,44.22751,0 -72.60470,44.22834,0 -72.60378,44.22938,0 -72.60325,44.22957,0 -72.60302,44.22958,0 -72.60290,44.22954,0 -72.60227,44.22900,0 -72.60196,44.22890,0 -72.60144,44.22884,0</coordinates></LineString>
        <LineString><tessellate>1</tessellate><coordinates>-72.63454,44.20615,0 -72.63457,44.20623,0 -72.63424,44.20633,0 -72.63342,44.20621,0 -72.63311,44.20628,0 -72.63252,44.20691,0 -72.63225,44.20736,0 -72.63136,44.20860,0</coordinates></LineString>
        <LineString><tessellate>1</tessellate><coordinates>-72.62725,44.21451,0 -72.62712,44.21451,0 -72.62696,44.21442,0 -72.62633,44.21397,0 -72.62571,44.21369,0 -72.62556,44.21370,0 -72.62547,44.21380,0 -72.62537,44.21383,0 -72.62523,44.21382,0 -72.62488,44.21391,0 -72.62451,44.21408,0</coordinates></LineString>
        <LineString><tessellate>1</tessellate><coordinates>-72.63136,44.20860,0 -72.63024,44.21021,0 -72.63007,44.21055,0 -72.62946,44.21113,0 -72.62904,44.21200,0 -72.62853,44.21246,0 -72.62807,44.21312,0 -72.62781,44.21384,0 -72.62792,44.21434,0 -72.62782,44.21446,0 -72.62725,44.21451,0</coordinates></LineString>
        <LineString><tessellate>1</tessellate><coordinates>-72.64087,44.19192,0 -72.64062,44.19194,0 -72.63975,44.19188,0 -72.63959,44.19195,0 -72.63934,44.19220,0 -72.63897,44.19219,0 -72.63867,44.19224,0 -72.63772,44.19295,0 -72.63712,44.19325,0 -72.63683,44.19353,0 -72.63664,44.19379,0 -72.63641,44.19431,0 -72.63642,44.19460,0 -72.63652,44.19508,0 -72.63670,44.19533,0 -72.63696,44.19613,0 -72.63675,44.19655,0 -72.63614,44.19738,0 -72.63591,44.19761,0 -72.63528,44.19801,0 -72.63501,44.19828,0 -72.63493,44.19851,0</coordinates></LineString>
        <LineString><tessellate>1</tessellate><coordinates>-72.63493,44.19851,0 -72.63488,44.19866,0 -72.63493,44.19884,0 -72.63464,44.19915,0 -72.63417,44.19936,0 -72.63359,44.19937,0 -72.63343,44.19956,0 -72.63295,44.20047,0 -72.63314,44.20096,0 -72.63291,44.20108,0 -72.63283,44.20126,0 -72.63294,44.20147,0 -72.63331,44.20179,0 -72.63353,44.20207,0 -72.63373,44.20218,0 -72.63395,44.20220,0 -72.63434,44.20212,0 -72.63488,44.20190,0 -72.63509,44.20176,0 -72.63538,44.20180,0 -72.63553,44.20195,0 -72.63552,44.20263,0 -72.63535,44.20295,0 -72.63511,44.20328,0 -72.63451,44.20388,0</coordinates></LineString>
        <LineString><tessellate>1</tessellate><coordinates>-72.64048,44.18552,0 -72.64041,44.18680,0</coordinates></LineString>
        <LineString><tessellate>1</tessellate><coordinates>-72.64041,44.18680,0 -72.64040,44.18739,0 -72.64048,44.18760,0 -72.64116,44.18776,0 -72.64139,44.18775,0 -72.64152,44.18783,0 -72.64153,44.18795,0 -72.64131,44.18847,0 -72.64117,44.18864,0 -72.64115,44.18873,0 -72.64133,44.18901,0 -72.64133,44.18925,0 -72.64116,44.18993,0 -72.64088,44.19049,0 -72.64107,44.19094,0 -72.64145,44.19148,0 -72.64127,44.19176,0 -72.64112,44.19185,0 -72.64087,44.19192,0</coordinates></LineString>
        <LineString><tessellate>1</tessellate><coordinates>-72.63938,44.17824,0 -72.63910,44.17838,0 -72.63904,44.17864,0 -72.63917,44.17904,0 -72.63919,44.17960,0 -72.64030,44.18007,0 -72.64042,44.18020,0 -72.64029,44.18068,0 -72.64000,44.18095,0 -72.63983,44.18124,0 -72.63980,44.18142,0 -72.64014,44.18191,0 -72.64019,44.18212,0 -72.64074,44.18245,0 -72.64090,44.18289,0 -72.64089,44.18307,0 -72.64068,44.18333,0 -72.64083,44.18387,0 -72.64082,44.18413,0 -72.64057,44.18465,0 -72.64048,44.18552,0</coordinates></LineString>
        <LineString><tessellate>1</tessellate><coordinates>-72.65335,44.15982,0 -72.65347,44.16002,0 -72.65356,44.16005,0 -72.65420,44.15986,0 -72.65446,44.15989,0 -72.65558,44.16072,0 -72.65574,44.16088,0 -72.65645,44.16120,0 -72.65708,44.16169,0 -72.65723,44.16203,0 -72.65723,44.16232,0 -72.65709,44.16299,0 -72.65701,44.16315,0 -72.65633,44.16385,0 -72.65622,44.16414,0 -72.65630,44.16445,0 -72.65665,44.16515,0</coordinates></LineString>
        <LineString><tessellate>1</tessellate><coordinates>-72.64766,44.17485,0 -72.64709,44.17471,0 -72.64674,44.17472,0 -72.64652,44.17484,0 -72.64636,44.17506,0 -72.64636,44.17547,0 -72.64628,44.17556,0 -72.64595,44.17559,0 -72.64545,44.17580,0 -72.64462,44.17586,0 -72.64440,44.17595,0 -72.64375,44.17652,0 -72.64323,44.17673,0 -72.64284,44.17707,0 -72.64238,44.17753,0 -72.64186,44.17823,0 -72.64172,44.17828,0 -72.64112,44.17825,0 -72.64052,44.17831,0 -72.63938,44.17824,0</coordinates></LineString>
        <LineString><tessellate>1</tessellate><coordinates>-72.66167,44.14655,0 -72.66094,44.14682,0 -72.66076,44.14697,0 -72.66067,44.14712,0 -72.66054,44.14769,0 -72.66053,44.14881,0 -72.66040,44.14905,0</coordinates></LineString>
        <LineString><tessellate>1</tessellate><coordinates>-72.66672,44.14118,0 -72.66672,44.14126,0 -72.66659,44.14142,0 -72.66629,44.14158,0 -72.66585,44.14195,0 -72.66514,44.14263,0 -72.66420,44.14310,0 -72.66377,44.14350,0 -72.66302,44.14380,0 -72.66282,44.14454,0 -72.66293,44.14508,0 -72.66291,44.14540,0 -72.66298,44.14564,0 -72.66329,44.14597,0 -72.66330,44.14612,0 -72.66315,44.14627,0 -72.66283,44.14639,0 -72.66167,44.14655,0</coordinates></LineString>
        <LineString><tessellate>1</tessellate><coordinates>-72.66558,44.13276,0 -72.66549,44.13373,0 -72.66552,44.13413,0 -72.66558,44.13426,0 -72.66582,44.13432,0 -72.66660,44.13437,0 -72.66703,44.13433,0 -72.66727,44.13427,0 -72.66778,44.13385,0 -72.66813,44.13379,0 -72.66824,44.13383,0 -72.66828,44.13414,0 -72.66857,44.13449,0 -72.66870,44.13479,0 -72.66875,44.13521,0 -72.66857,44.13540,0 -72.66789,44.13577,0 -72.66774,44.13607,0 -72.66784,44.13644,0 -72.66749,44.13681,0 -72.66709,44.13745,0 -72.66681,44.13792,0 -72.66671,44.13827,0</coordinates></LineString>
        <LineString><tessellate>1</tessellate><coordinates>-72.66582,44.12794,0 -72.66578,44.12819,0 -72.66581,44.12843,0 -72.66593,44.12865,0 -72.66627,44.12897,0 -72.66633,44.12913,0 -72.66631,44.12922,0 -72.66590,44.12956,0 -72.66571,44.12984,0 -72.66562,44.13058,0 -72.66541,44.13092,0 -72.66532,44.13116,0 -72.66535,44.13143,0 -72.66556,44.13165,0 -72.66562,44.13184,0 -72.66558,44.13276,0</coordinates></LineString>
        <LineString><tessellate>1</tessellate><coordinates>-72.65471,44.14905,0 -72.65453,44.14907,0 -72.65443,44.14958,0 -72.65420,44.15008,0 -72.65415,44.15046,0 -72.65396,44.15099,0 -72.65399,44.15209,0 -72.65414,44.15232,0 -72.65445,44.15232,0 -72.65480,44.15239,0 -72.65490,44.15260,0 -72.65489,44.15270,0 -72.65470,44.15284,0 -72.65464,44.15317,0 -72.65456,44.15325,0 -72.65443,44.15362,0 -72.65442,44.15380,0 -72.65446,44.15392,0 -72.65478,44.15422,0 -72.65538,44.15466,0 -72.65538,44.15488,0 -72.65503,44.15570,0 -72.65498,44.15594,0 -72.65508,44.15639,0 -72.65524,44.15678,0 -72.65523,44.15736,0 -72.65514,44.15758,0 -72.65435,44.15868,0 -72.65333,44.15905,0 -72.65318,44.15941,0 -72.65335,44.15982,0</coordinates></LineString>
        <LineString><tessellate>1</tessellate><coordinates>-72.67136,44.11769,0 -72.67115,44.11834,0 -72.67116,44.11877,0 -72.67094,44.11968,0 -72.67034,44.12076,0 -72.67015,44.12116,0 -72.67012,44.12134,0 -72.67002,44.12149,0 -72.66953,44.12154,0 -72.66879,44.12148,0 -72.66821,44.12126,0 -72.66773,44.12116,0 -72.66711,44.12106,0 -72.66677,44.12114,0</coordinates></LineString>
        <LineString><tessellate>1</tessellate><coordinates>-72.66677,44.12114,0 -72.66643,44.12141,0 -72.66559,44.12253,0 -72.66532,44.12295,0 -72.66521,44.12330,0</coordinates></LineString>
        <LineString><tessellate>1</tessellate><coordinates>-72.71531,44.11808,0 -72.71467,44.11793,0 -72.71439,44.11781,0 -72.71369,44.11776,0 -72.71326,44.11762,0 -72.71282,44.11739,0 -72.71259,44.11741,0 -72.71216,44.11756,0 -72.71182,44.11746,0 -72.71156,44.11721,0 -72.71147,44.11720,0 -72.71120,44.11717,0 -72.71058,44.11725,0 -72.71031,44.11718,0 -72.70962,44.11714,0 -72.70875,44.11671,0 -72.70797,44.11614,0 -72.70767,44.11586,0 -72.70726,44.11571,0 -72.70699,44.11576,0 -72.70662,44.11612,0 -72.70629,44.11620,0 -72.70588,44.11639,0 -72.70464,44.11642,0 -72.70448,44.11638,0 -72.70444,44.11626,0</coordinates></LineString>
        <LineString><tessellate>1</tessellate><coordinates>-72.70444,44.11626,0 -72.70454,44.11594,0 -72.70453,44.11567,0 -72.70439,44.11540,0 -72.70408,44.11508,0 -72.70405,44.11479,0 -72.70412,44.11468,0 -72.70446,44.11472,0 -72.70465,44.11462,0 -72.70479,44.11444,0 -72.70478,44.11438,0 -72.70432,44.11429,0 -72.70356,44.11399,0 -72.70342,44.11383,0 -72.70337,44.11367,0 -72.70315,44.11357,0 -72.70168,44.11348,0 -72.70068,44.11352,0 -72.70030,44.11344,0</coordinates></LineString>
      </MultiGeometry>
    </Placemark>
    <Placemark>
      <name>Felchner Brook</name>
      <description><![CDATA[BKT | B1<br/>Vermont Open Geodata Portal - VT Hydrography Dataset, cartographic extract lines (VCGI)]]></description>
      <styleUrl>#ln-2e7d32</styleUrl>
      <MultiGeometry>
        <LineString><tessellate>1</tessellate><coordinates>-72.77220,44.14603,0 -72.77197,44.14584,0</coordinates></LineString>
        <LineString><tessellate>1</tessellate><coordinates>-72.77172,44.14972,0 -72.77190,44.14956,0 -72.77196,44.14934,0 -72.77209,44.14921,0 -72.77209,44.14912,0 -72.77273,44.14827,0 -72.77289,44.14788,0 -72.77296,44.14781,0 -72.77299,44.14762,0 -72.77298,44.14736,0 -72.77284,44.14708,0 -72.77258,44.14695,0 -72.77235,44.14660,0 -72.77228,44.14646,0 -72.77226,44.14607,0 -72.77220,44.14603,0</coordinates></LineString>
        <LineString><tessellate>1</tessellate><coordinates>-72.77084,44.14543,0 -72.77060,44.14503,0 -72.77039,44.14481,0 -72.77001,44.14461,0 -72.76999,44.14426,0 -72.76989,44.14402,0 -72.76942,44.14376,0 -72.76934,44.14359,0</coordinates></LineString>
        <LineString><tessellate>1</tessellate><coordinates>-72.76934,44.14359,0 -72.76848,44.14320,0 -72.76827,44.14320,0 -72.76796,44.14327,0 -72.76725,44.14315,0 -72.76655,44.14275,0</coordinates></LineString>
        <LineString><tessellate>1</tessellate><coordinates>-72.76629,44.14256,0 -72.76619,44.14251,0 -72.76609,44.14237,0 -72.76583,44.14235,0 -72.76570,44.14229,0</coordinates></LineString>
        <LineString><tessellate>1</tessellate><coordinates>-72.73989,44.12754,0 -72.73952,44.12752,0 -72.73909,44.12732,0 -72.73860,44.12722,0 -72.73843,44.12724,0 -72.73836,44.12738,0 -72.73825,44.12744,0</coordinates></LineString>
        <LineString><tessellate>1</tessellate><coordinates>-72.76643,44.14267,0 -72.76629,44.14256,0</coordinates></LineString>
        <LineString><tessellate>1</tessellate><coordinates>-72.76552,44.14206,0 -72.76518,44.14188,0 -72.76437,44.14128,0 -72.76414,44.14122,0 -72.76394,44.14104,0 -72.76352,44.14076,0 -72.76258,44.14048,0 -72.76205,44.14019,0 -72.76164,44.13974,0 -72.76143,44.13960,0 -72.76130,44.13945,0 -72.76119,44.13910,0 -72.76091,44.13892,0</coordinates></LineString>
        <LineString><tessellate>1</tessellate><coordinates>-72.73765,44.12759,0 -72.73739,44.12755,0 -72.73700,44.12769,0 -72.73675,44.12768,0 -72.73660,44.12772,0 -72.73650,44.12789,0 -72.73652,44.12816,0 -72.73644,44.12828,0 -72.73630,44.12834,0 -72.73605,44.12834,0 -72.73565,44.12857,0 -72.73542,44.12860,0 -72.73523,44.12879,0 -72.73512,44.12884,0 -72.73479,44.12891,0 -72.73434,44.12880,0 -72.73404,44.12882,0 -72.73344,44.12905,0 -72.73317,44.12928,0 -72.73221,44.12950,0 -72.73186,44.12950,0 -72.73136,44.12928,0 -72.73066,44.12920,0 -72.73005,44.12931,0 -72.72940,44.12964,0 -72.72893,44.12976,0</coordinates></LineString>
        <LineString><tessellate>1</tessellate><coordinates>-72.75497,44.13596,0 -72.75431,44.13552,0 -72.75398,44.13538,0 -72.75344,44.13527,0 -72.75327,44.13514,0 -72.75306,44.13484,0 -72.75296,44.13476,0 -72.75268,44.13470,0 -72.75201,44.13435,0 -72.75165,44.13427,0 -72.75148,44.13415,0 -72.75022,44.13385,0 -72.74988,44.13363,0 -72.74934,44.13350,0 -72.74892,44.13354,0 -72.74852,44.13341,0 -72.74837,44.13328,0 -72.74803,44.13276,0 -72.74741,44.13250,0 -72.74674,44.13203,0 -72.74633,44.13186,0 -72.74597,44.13159,0 -72.74562,44.13143,0 -72.74546,44.13122,0 -72.74499,44.13106,0 -72.74376,44.13091,0 -72.74363,44.13077,0 -72.74342,44.13021,0 -72.74330,44.12970,0 -72.74337,44.12945,0 -72.74336,44.12930,0 -72.74245,44.12906,0 -72.74192,44.12879,0 -72.74120,44.12814,0 -72.74075,44.12788,0 -72.74051,44.12766,0 -72.74029,44.12759,0 -72.73989,44.12754,0</coordinates></LineString>
        <LineString><tessellate>1</tessellate><coordinates>-72.72893,44.12976,0 -72.72863,44.12974,0 -72.72746,44.12944,0 -72.72709,44.12930,0 -72.72651,44.12899,0 -72.72599,44.12881,0 -72.72543,44.12875,0 -72.72437,44.12850,0 -72.72406,44.12850,0 -72.72375,44.12862,0 -72.72338,44.12863,0 -72.72312,44.12852,0 -72.72287,44.12832,0 -72.72207,44.12752,0 -72.72184,44.12734,0 -72.72103,44.12705,0 -72.72044,44.12700,0 -72.71975,44.12683,0 -72.71950,44.12670,0 -72.71910,44.12628,0 -72.71869,44.12611,0 -72.71844,44.12589,0 -72.71809,44.12583,0 -72.71791,44.12590,0 -72.71767,44.12590,0 -72.71694,44.12559,0 -72.71635,44.12554,0 -72.71585,44.12536,0 -72.71531,44.12506,0 -72.71529,44.12495,0 -72.71431,44.12417,0 -72.71419,44.12412,0 -72.71386,44.12408,0 -72.71357,44.12419,0 -72.71344,44.12429,0 -72.71314,44.12432,0 -72.71289,44.12422,0 -72.71248,44.12393,0 -72.71226,44.12368,0 -72.71192,44.12353,0 -72.71097,44.12294,0 -72.71059,44.12281,0 -72.71033,44.12264,0 -72.70996,44.12258,0 -72.70976,44.12266,0 -72.70928,44.12265,0 -72.70880,44.12249,0 -72.70839,44.12247,0 -72.70800,44.12212,0 -72.70737,44.12190,0 -72.70623,44.12183,0 -72.70546,44.12165,0 -72.70508,44.12151,0 -72.70473,44.12127,0 -72.70420,44.12046,0 -72.70398,44.11999,0 -72.70360,44.11983,0 -72.70351,44.11973,0 -72.70350,44.11936,0 -72.70341,44.11899,0 -72.70309,44.11882,0 -72.70282,44.11878,0 -72.70276,44.11871,0 -72.70290,44.11800,0 -72.70309,44.11762,0 -72.70363,44.11701,0 -72.70439,44.11628,0</coordinates></LineString>
        <LineString><tessellate>1</tessellate><coordinates>-72.77197,44.14584,0 -72.77172,44.14587,0 -72.77155,44.14584,0 -72.77139,44.14566,0 -72.77133,44.14550,0 -72.77124,44.14543,0 -72.77084,44.14543,0</coordinates></LineString>
        <LineString><tessellate>1</tessellate><coordinates>-72.76655,44.14275,0 -72.76643,44.14267,0</coordinates></LineString>
        <LineString><tessellate>1</tessellate><coordinates>-72.76091,44.13892,0 -72.76057,44.13884,0 -72.76006,44.13883,0 -72.75987,44.13874,0 -72.75969,44.13855,0 -72.75952,44.13845,0 -72.75920,44.13831,0 -72.75905,44.13831,0 -72.75836,44.13798,0 -72.75817,44.13784,0 -72.75766,44.13773,0 -72.75752,44.13767,0 -72.75741,44.13751,0 -72.75618,44.13711,0 -72.75582,44.13695,0 -72.75556,44.13668,0 -72.75522,44.13615,0 -72.75497,44.13596,0</coordinates></LineString>
        <LineString><tessellate>1</tessellate><coordinates>-72.70439,44.11628,0 -72.70444,44.11626,0</coordinates></LineString>
        <LineString><tessellate>1</tessellate><coordinates>-72.76570,44.14229,0 -72.76552,44.14206,0</coordinates></LineString>
        <LineString><tessellate>1</tessellate><coordinates>-72.73825,44.12744,0 -72.73812,44.12745,0 -72.73798,44.12755,0 -72.73765,44.12759,0</coordinates></LineString>
      </MultiGeometry>
    </Placemark>
    <Placemark>
      <name>Stony Brook (Roxbury)</name>
      <description><![CDATA[BKT, BNT, RBT | B1<br/>Vermont Open Geodata Portal - VT Hydrography Dataset, cartographic extract lines (VCGI)]]></description>
      <styleUrl>#ln-1565c0</styleUrl>
      <MultiGeometry>
        <LineString><tessellate>1</tessellate><coordinates>-72.75116,44.17758,0 -72.75116,44.17735,0 -72.75127,44.17709,0 -72.75126,44.17703,0 -72.75112,44.17695,0 -72.75096,44.17610,0 -72.75090,44.17603,0 -72.75074,44.17598,0 -72.75068,44.17585,0</coordinates></LineString>
        <LineString><tessellate>1</tessellate><coordinates>-72.75068,44.17585,0 -72.75072,44.17573,0 -72.75073,44.17539,0 -72.75084,44.17529,0 -72.75084,44.17524,0 -72.75070,44.17505,0 -72.75034,44.17498,0 -72.75016,44.17473,0</coordinates></LineString>
        <LineString><tessellate>1</tessellate><coordinates>-72.75016,44.17473,0 -72.75006,44.17473,0</coordinates></LineString>
        <LineString><tessellate>1</tessellate><coordinates>-72.75006,44.17473,0 -72.74980,44.17449,0 -72.74948,44.17433,0 -72.74929,44.17434,0</coordinates></LineString>
        <LineString><tessellate>1</tessellate><coordinates>-72.74093,44.17094,0 -72.74019,44.17043,0 -72.73967,44.17025,0 -72.73952,44.16993,0 -72.73943,44.16987,0 -72.73888,44.16969,0 -72.73870,44.16957,0 -72.73833,44.16953,0 -72.73752,44.16914,0 -72.73706,44.16886,0 -72.73673,44.16881,0 -72.73624,44.16860,0 -72.73543,44.16806,0 -72.73465,44.16770,0</coordinates></LineString>
        <LineString><tessellate>1</tessellate><coordinates>-72.72415,44.16183,0 -72.72405,44.16134,0 -72.72410,44.16112,0</coordinates></LineString>
        <LineString><tessellate>1</tessellate><coordinates>-72.74929,44.17434,0 -72.74905,44.17418,0 -72.74869,44.17406,0 -72.74858,44.17397,0 -72.74830,44.17387,0 -72.74827,44.17377,0 -72.74814,44.17375,0 -72.74796,44.17357,0 -72.74778,44.17357,0 -72.74727,44.17378,0</coordinates></LineString>
        <LineString><tessellate>1</tessellate><coordinates>-72.73465,44.16770,0 -72.73435,44.16760,0 -72.73421,44.16745,0 -72.73229,44.16621,0 -72.73158,44.16595,0 -72.73153,44.16589,0 -72.73057,44.16573,0 -72.72954,44.16567,0 -72.72922,44.16560,0 -72.72898,44.16537,0 -72.72901,44.16502,0 -72.72888,44.16506,0 -72.72849,44.16492,0 -72.72830,44.16490,0 -72.72798,44.16459,0 -72.72734,44.16437,0 -72.72724,44.16429,0 -72.72710,44.16407,0 -72.72690,44.16396,0 -72.72676,44.16351,0 -72.72657,44.16338,0 -72.72602,44.16339,0</coordinates></LineString>
        <LineString><tessellate>1</tessellate><coordinates>-72.72402,44.16071,0 -72.72394,44.16059,0 -72.72376,44.16048,0 -72.72281,44.16026,0 -72.72248,44.16003,0 -72.72231,44.15965,0 -72.72232,44.15945,0 -72.72218,44.15905,0 -72.72202,44.15872,0 -72.72201,44.15852,0 -72.72189,44.15821,0 -72.72196,44.15811,0 -72.72170,44.15773,0 -72.72153,44.15716,0 -72.72134,44.15704,0 -72.72118,44.15641,0 -72.72090,44.15611,0 -72.72049,44.15554,0 -72.72023,44.15500,0 -72.71938,44.15446,0</coordinates></LineString>
        <LineString><tessellate>1</tessellate><coordinates>-72.71938,44.15446,0 -72.71939,44.15404,0 -72.71932,44.15390,0 -72.71918,44.15380,0 -72.71908,44.15356,0 -72.71899,44.15348,0 -72.71890,44.15323,0 -72.71886,44.15288,0 -72.71908,44.15273,0 -72.71902,44.15252,0 -72.71905,44.15227,0 -72.71861,44.15183,0 -72.71852,44.15156,0 -72.71853,44.15109,0 -72.71847,44.15083,0 -72.71837,44.15069,0 -72.71836,44.14996,0 -72.71844,44.14972,0 -72.71841,44.14952,0</coordinates></LineString>
        <LineString><tessellate>1</tessellate><coordinates>-72.71103,44.14451,0 -72.71100,44.14432,0 -72.71120,44.14399,0 -72.71153,44.14361,0 -72.71157,44.14347,0 -72.71134,44.14237,0 -72.71130,44.14164,0 -72.71119,44.14139,0 -72.71111,44.14098,0 -72.71051,44.14039,0 -72.71008,44.14013,0 -72.70964,44.14003,0 -72.70941,44.13990,0 -72.70924,44.13969,0 -72.70912,44.13914,0</coordinates></LineString>
        <LineString><tessellate>1</tessellate><coordinates>-72.69398,44.12634,0 -72.69413,44.12598,0 -72.69392,44.12548,0 -72.69369,44.12526,0 -72.69351,44.12492,0 -72.69241,44.12437,0 -72.69203,44.12423,0 -72.69186,44.12410,0 -72.69165,44.12381,0 -72.69163,44.12362,0 -72.69175,44.12304,0 -72.69172,44.12279,0 -72.69151,44.12240,0 -72.69145,44.12202,0 -72.69111,44.12162,0 -72.68984,44.12118,0 -72.68957,44.12096,0 -72.68919,44.12051,0 -72.68918,44.12020,0 -72.68912,44.12005,0 -72.68805,44.11943,0 -72.68780,44.11921,0 -72.68759,44.11875,0 -72.68707,44.11838,0 -72.68668,44.11836,0 -72.68640,44.11854,0 -72.68603,44.11860,0 -72.68547,44.11853,0 -72.68471,44.11821,0 -72.68442,44.11818,0 -72.68438,44.11819,0 -72.68438,44.11835,0 -72.68425,44.11880,0 -72.68410,44.11895,0 -72.68371,44.11910,0 -72.68265,44.11912,0 -72.68207,44.11909,0 -72.68182,44.11915,0 -72.68173,44.11921,0 -72.68104,44.11906,0 -72.68000,44.11896,0 -72.67968,44.11897,0 -72.67952,44.11889,0</coordinates></LineString>
        <LineString><tessellate>1</tessellate><coordinates>-72.67952,44.11889,0 -72.67914,44.11851,0 -72.67875,44.11844,0 -72.67852,44.11832,0 -72.67818,44.11776,0 -72.67756,44.11700,0 -72.67741,44.11659,0</coordinates></LineString>
        <LineString><tessellate>1</tessellate><coordinates>-72.74727,44.17378,0 -72.74707,44.17355,0 -72.74693,44.17350,0 -72.74689,44.17340,0 -72.74658,44.17344,0 -72.74653,44.17319,0 -72.74620,44.17315,0 -72.74596,44.17301,0 -72.74576,44.17296,0 -72.74569,44.17285,0 -72.74558,44.17287,0 -72.74529,44.17306,0 -72.74503,44.17305,0 -72.74487,44.17291,0 -72.74454,44.17276,0 -72.74445,44.17264,0 -72.74420,44.17259,0 -72.74382,44.17236,0 -72.74338,44.17235,0 -72.74327,44.17230,0 -72.74322,44.17220,0 -72.74275,44.17210,0 -72.74257,44.17183,0 -72.74246,44.17182,0 -72.74240,44.17174,0 -72.74211,44.17158,0 -72.74207,44.17149,0 -72.74195,44.17149,0 -72.74179,44.17121,0 -72.74164,44.17117,0 -72.74150,44.17106,0 -72.74112,44.17105,0 -72.74106,44.17098,0 -72.74093,44.17094,0</coordinates></LineString>
        <LineString><tessellate>1</tessellate><coordinates>-72.72602,44.16339,0 -72.72547,44.16320,0 -72.72518,44.16279,0 -72.72491,44.16258,0 -72.72470,44.16224,0 -72.72432,44.16205,0 -72.72415,44.16183,0</coordinates></LineString>
        <LineString><tessellate>1</tessellate><coordinates>-72.71841,44.14952,0 -72.71820,44.14934,0 -72.71814,44.14918,0 -72.71812,44.14899,0 -72.71818,44.14881,0 -72.71820,44.14836,0 -72.71813,44.14817,0 -72.71798,44.14803,0 -72.71682,44.14758,0 -72.71598,44.14773,0 -72.71560,44.14769,0 -72.71517,44.14749,0 -72.71491,44.14728,0 -72.71414,44.14698,0 -72.71401,44.14682,0 -72.71385,44.14674,0 -72.71376,44.14660,0 -72.71352,44.14649,0 -72.71278,44.14635,0 -72.71247,44.14618,0 -72.71229,44.14593,0 -72.71228,44.14500,0 -72.71248,44.14453,0 -72.71243,44.14441,0 -72.71210,44.14438,0 -72.71166,44.14455,0 -72.71127,44.14461,0 -72.71116,44.14460,0 -72.71103,44.14451,0</coordinates></LineString>
        <LineString><tessellate>1</tessellate><coordinates>-72.70912,44.13914,0 -72.70912,44.13895,0 -72.70897,44.13877,0 -72.70863,44.13854,0 -72.70850,44.13834,0 -72.70847,44.13788,0 -72.70853,44.13728,0 -72.70843,44.13710,0 -72.70808,44.13679,0 -72.70755,44.13652,0 -72.70727,44.13644,0 -72.70646,44.13632,0 -72.70608,44.13620,0 -72.70567,44.13589,0 -72.70473,44.13536,0 -72.70427,44.13502,0 -72.70411,44.13467,0 -72.70400,44.13416,0 -72.70381,44.13393,0 -72.70360,44.13385,0 -72.70252,44.13372,0 -72.70214,44.13347,0 -72.70197,44.13308,0 -72.70169,44.13267,0 -72.70130,44.13235,0 -72.70127,44.13224,0 -72.70130,44.13193,0 -72.70126,44.13179,0 -72.70110,44.13156,0 -72.70078,44.13132,0 -72.70055,44.13102,0 -72.69975,44.13057,0 -72.69893,44.12997,0 -72.69842,44.12951,0 -72.69793,44.12932,0 -72.69748,44.12882,0 -72.69723,44.12862,0 -72.69669,44.12845,0 -72.69627,44.12847,0 -72.69556,44.12830,0 -72.69496,44.12800,0 -72.69462,44.12768,0 -72.69406,44.12745,0 -72.69399,44.12720,0 -72.69402,44.12670,0 -72.69394,44.12651,0 -72.69398,44.12634,0</coordinates></LineString>
        <LineString><tessellate>1</tessellate><coordinates>-72.72410,44.16112,0 -72.72409,44.16078,0 -72.72402,44.16071,0</coordinates></LineString>
        <LineString><tessellate>1</tessellate><coordinates>-72.67741,44.11659,0 -72.67738,44.11654,0</coordinates></LineString>
      </MultiGeometry>
    </Placemark>
    <Placemark>
      <name>Bull Run</name>
      <description><![CDATA[BKT, BNT, RBT | B1<br/>Vermont Open Geodata Portal - VT Hydrography Dataset, cartographic extract lines (VCGI)]]></description>
      <styleUrl>#ln-1565c0</styleUrl>
      <MultiGeometry>
        <LineString><tessellate>1</tessellate><coordinates>-72.71768,44.06507,0 -72.71789,44.06478,0 -72.71803,44.06440,0 -72.71814,44.06378,0 -72.71835,44.06329,0 -72.71832,44.06307,0 -72.71824,44.06299,0 -72.71824,44.06293,0 -72.71840,44.06282,0 -72.71851,44.06220,0 -72.71861,44.06191,0 -72.71873,44.06179,0 -72.71874,44.06165,0 -72.71891,44.06157,0 -72.71911,44.06156,0 -72.71935,44.06140,0</coordinates></LineString>
        <LineString><tessellate>1</tessellate><coordinates>-72.67613,44.10756,0 -72.67607,44.10786,0 -72.67562,44.10837,0 -72.67567,44.10878,0 -72.67581,44.10905,0 -72.67696,44.10997,0 -72.67709,44.11017,0 -72.67714,44.11045,0 -72.67697,44.11080,0 -72.67673,44.11115,0 -72.67659,44.11115,0 -72.67624,44.11099,0 -72.67608,44.11101,0 -72.67599,44.11106,0 -72.67586,44.11126,0 -72.67565,44.11140,0 -72.67531,44.11151,0</coordinates></LineString>
        <LineString><tessellate>1</tessellate><coordinates>-72.67463,44.10512,0 -72.67453,44.10545,0 -72.67454,44.10565,0 -72.67490,44.10582,0 -72.67515,44.10587,0 -72.67520,44.10610,0 -72.67532,44.10619,0 -72.67540,44.10644,0 -72.67599,44.10727,0 -72.67607,44.10732,0 -72.67613,44.10756,0</coordinates></LineString>
        <LineString><tessellate>1</tessellate><coordinates>-72.67665,44.10183,0 -72.67637,44.10262,0 -72.67595,44.10297,0 -72.67521,44.10419,0 -72.67506,44.10453,0 -72.67489,44.10473,0</coordinates></LineString>
        <LineString><tessellate>1</tessellate><coordinates>-72.67873,44.09535,0 -72.67828,44.09591,0 -72.67801,44.09609,0 -72.67776,44.09616,0 -72.67752,44.09630,0 -72.67741,44.09650,0 -72.67750,44.09697,0 -72.67793,44.09722,0 -72.67843,44.09793,0 -72.67848,44.09817,0 -72.67839,44.09857,0 -72.67841,44.09871,0 -72.67825,44.09929,0 -72.67832,44.10008,0 -72.67804,44.10055,0 -72.67776,44.10075,0 -72.67750,44.10081,0 -72.67698,44.10129,0 -72.67672,44.10162,0 -72.67665,44.10183,0</coordinates></LineString>
        <LineString><tessellate>1</tessellate><coordinates>-72.68508,44.08794,0 -72.68482,44.08822,0 -72.68446,44.08851,0 -72.68387,44.08947,0 -72.68364,44.08969,0 -72.68331,44.08984,0 -72.68295,44.08993,0 -72.68265,44.09014,0 -72.68222,44.09032,0</coordinates></LineString>
        <LineString><tessellate>1</tessellate><coordinates>-72.68057,44.09157,0 -72.68054,44.09177,0 -72.68062,44.09191,0 -72.68128,44.09236,0 -72.68140,44.09251,0 -72.68146,44.09266,0 -72.68136,44.09295,0 -72.68116,44.09323,0 -72.68101,44.09366,0 -72.68086,44.09385,0 -72.67994,44.09401,0 -72.67910,44.09438,0 -72.67895,44.09459,0 -72.67899,44.09510,0 -72.67895,44.09519,0 -72.67873,44.09535,0</coordinates></LineString>
        <LineString><tessellate>1</tessellate><coordinates>-72.68498,44.07049,0 -72.68481,44.07077,0 -72.68474,44.07098,0 -72.68486,44.07121,0</coordinates></LineString>
        <LineString><tessellate>1</tessellate><coordinates>-72.68664,44.06684,0 -72.68661,44.06715,0 -72.68676,44.06751,0 -72.68673,44.06771,0 -72.68661,44.06781,0 -72.68631,44.06790,0 -72.68628,44.06805,0 -72.68628,44.06815,0 -72.68650,44.06844,0 -72.68657,44.06884,0 -72.68548,44.06957,0 -72.68542,44.06965,0 -72.68533,44.07016,0 -72.68498,44.07049,0</coordinates></LineString>
        <LineString><tessellate>1</tessellate><coordinates>-72.68828,44.06185,0 -72.68849,44.06203,0 -72.68848,44.06230,0 -72.68841,44.06241,0 -72.68811,44.06256,0 -72.68808,44.06276,0 -72.68780,44.06304,0 -72.68784,44.06321,0 -72.68767,44.06350,0 -72.68758,44.06382,0 -72.68758,44.06400,0 -72.68743,44.06408,0 -72.68705,44.06412,0 -72.68646,44.06432,0 -72.68642,44.06441,0 -72.68633,44.06508,0 -72.68649,44.06555,0 -72.68670,44.06582,0 -72.68677,44.06607,0 -72.68679,44.06637,0 -72.68664,44.06684,0</coordinates></LineString>
        <LineString><tessellate>1</tessellate><coordinates>-72.68418,44.07372,0 -72.68401,44.07386,0 -72.68392,44.07418,0 -72.68402,44.07443,0 -72.68412,44.07455,0 -72.68409,44.07488,0 -72.68357,44.07531,0 -72.68356,44.07557,0</coordinates></LineString>
        <LineString><tessellate>1</tessellate><coordinates>-72.71464,44.05790,0 -72.71417,44.05759,0 -72.71372,44.05745,0 -72.71338,44.05745,0 -72.71321,44.05735,0</coordinates></LineString>
        <LineString><tessellate>1</tessellate><coordinates>-72.70316,44.05675,0 -72.70274,44.05669,0 -72.70235,44.05675,0 -72.70204,44.05648,0 -72.70166,44.05644,0 -72.70100,44.05652,0 -72.69987,44.05652,0 -72.69934,44.05647,0 -72.69879,44.05634,0 -72.69751,44.05632,0 -72.69654,44.05613,0</coordinates></LineString>
        <LineString><tessellate>1</tessellate><coordinates>-72.69368,44.05627,0 -72.69316,44.05641,0 -72.69277,44.05639,0 -72.69222,44.05622,0 -72.69202,44.05600,0</coordinates></LineString>
        <LineString><tessellate>1</tessellate><coordinates>-72.69654,44.05613,0 -72.69580,44.05627,0 -72.69537,44.05630,0 -72.69503,44.05624,0 -72.69479,44.05596,0 -72.69454,44.05593,0 -72.69396,44.05619,0 -72.69368,44.05627,0</coordinates></LineString>
        <LineString><tessellate>1</tessellate><coordinates>-72.68222,44.09032,0 -72.68184,44.09041,0 -72.68168,44.09050,0 -72.68121,44.09112,0 -72.68101,44.09128,0 -72.68071,44.09141,0 -72.68057,44.09157,0</coordinates></LineString>
        <LineString><tessellate>1</tessellate><coordinates>-72.71681,44.05990,0 -72.71646,44.05969,0 -72.71638,44.05959,0 -72.71637,44.05943,0</coordinates></LineString>
        <LineString><tessellate>1</tessellate><coordinates>-72.70673,44.05664,0 -72.70606,44.05655,0 -72.70546,44.05667,0 -72.70526,44.05663,0 -72.70461,44.05687,0 -72.70382,44.05696,0 -72.70337,44.05686,0 -72.70316,44.05675,0</coordinates></LineString>
        <LineString><tessellate>1</tessellate><coordinates>-72.70889,44.05633,0 -72.70858,44.05638,0 -72.70792,44.05660,0 -72.70753,44.05654,0 -72.70697,44.05669,0 -72.70673,44.05664,0</coordinates></LineString>
        <LineString><tessellate>1</tessellate><coordinates>-72.68476,44.08349,0 -72.68486,44.08402,0 -72.68508,44.08439,0 -72.68521,44.08494,0 -72.68494,44.08521,0 -72.68497,44.08547,0 -72.68491,44.08574,0 -72.68511,44.08619,0 -72.68535,44.08637,0 -72.68538,44.08644,0 -72.68537,44.08673,0 -72.68516,44.08703,0 -72.68517,44.08723,0 -72.68526,44.08746,0 -72.68520,44.08775,0 -72.68508,44.08794,0</coordinates></LineString>
        <LineString><tessellate>1</tessellate><coordinates>-72.68475,44.08343,0 -72.68476,44.08349,0</coordinates></LineString>
        <LineString><tessellate>1</tessellate><coordinates>-72.68985,44.05636,0 -72.68985,44.05652,0 -72.68978,44.05663,0 -72.68970,44.05666,0 -72.68941,44.05658,0 -72.68923,44.05671,0 -72.68937,44.05710,0 -72.68933,44.05734,0 -72.68940,44.05771,0 -72.68957,44.05797,0 -72.68958,44.05810,0 -72.68944,44.05838,0 -72.68904,44.05871,0 -72.68870,44.05916,0 -72.68865,44.05931,0 -72.68864,44.05977,0 -72.68859,44.05984,0 -72.68823,44.05987,0 -72.68801,44.06006,0 -72.68797,44.06023,0 -72.68810,44.06056,0 -72.68809,44.06064,0 -72.68797,44.06078,0 -72.68797,44.06094,0 -72.68835,44.06122,0</coordinates></LineString>
        <LineString><tessellate>1</tessellate><coordinates>-72.68356,44.07557,0 -72.68345,44.07607,0 -72.68358,44.07642,0</coordinates></LineString>
        <LineString><tessellate>1</tessellate><coordinates>-72.68486,44.07121,0 -72.68490,44.07138,0 -72.68481,44.07173,0 -72.68453,44.07198,0 -72.68453,44.07222,0 -72.68485,44.07279,0 -72.68481,44.07328,0 -72.68465,44.07351,0 -72.68418,44.07372,0</coordinates></LineString>
        <LineString><tessellate>1</tessellate><coordinates>-72.71968,44.06080,0 -72.71926,44.06067,0 -72.71919,44.06051,0 -72.71900,44.06046,0 -72.71881,44.06032,0 -72.71826,44.06028,0 -72.71785,44.06016,0 -72.71774,44.06002,0</coordinates></LineString>
        <LineString><tessellate>1</tessellate><coordinates>-72.71637,44.05943,0 -72.71631,44.05933,0</coordinates></LineString>
        <LineString><tessellate>1</tessellate><coordinates>-72.69150,44.05589,0 -72.69091,44.05579,0 -72.69004,44.05575,0 -72.68997,44.05578,0 -72.68986,44.05596,0 -72.68982,44.05614,0 -72.68985,44.05636,0</coordinates></LineString>
        <LineString><tessellate>1</tessellate><coordinates>-72.68326,44.08026,0 -72.68328,44.08046,0 -72.68341,44.08065,0 -72.68387,44.08092,0 -72.68413,44.08121,0 -72.68437,44.08182,0 -72.68441,44.08224,0 -72.68475,44.08304,0 -72.68471,44.08325,0 -72.68475,44.08343,0</coordinates></LineString>
        <LineString><tessellate>1</tessellate><coordinates>-72.68358,44.07642,0 -72.68361,44.07681,0 -72.68304,44.07734,0 -72.68271,44.07752,0 -72.68316,44.07773,0 -72.68316,44.07783,0 -72.68294,44.07837,0 -72.68298,44.07857,0 -72.68323,44.07878,0 -72.68344,44.07908,0 -72.68346,44.07949,0 -72.68326,44.08026,0</coordinates></LineString>
        <LineString><tessellate>1</tessellate><coordinates>-72.68835,44.06122,0 -72.68845,44.06133,0 -72.68846,44.06145,0 -72.68828,44.06167,0 -72.68828,44.06185,0</coordinates></LineString>
        <LineString><tessellate>1</tessellate><coordinates>-72.71321,44.05735,0 -72.71312,44.05728,0 -72.71309,44.05716,0 -72.71226,44.05687,0 -72.71112,44.05663,0 -72.71080,44.05671,0 -72.71051,44.05669,0 -72.71002,44.05646,0 -72.70976,44.05627,0 -72.70964,44.05626,0 -72.70952,44.05638,0 -72.70941,44.05635,0 -72.70922,44.05639,0 -72.70889,44.05633,0</coordinates></LineString>
        <LineString><tessellate>1</tessellate><coordinates>-72.69202,44.05600,0 -72.69191,44.05594,0 -72.69150,44.05589,0</coordinates></LineString>
        <LineString><tessellate>1</tessellate><coordinates>-72.67531,44.11151,0 -72.67525,44.11160,0 -72.67536,44.11184,0 -72.67513,44.11208,0 -72.67514,44.11248,0 -72.67510,44.11267,0 -72.67486,44.11310,0 -72.67436,44.11373,0 -72.67420,44.11413,0 -72.67382,44.11453,0 -72.67307,44.11509,0 -72.67293,44.11525,0 -72.67291,44.11538,0 -72.67309,44.11546,0 -72.67317,44.11555,0 -72.67310,44.11582,0 -72.67310,44.11602,0 -72.67298,44.11645,0 -72.67266,44.11711,0 -72.67237,44.11759,0</coordinates></LineString>
        <LineString><tessellate>1</tessellate><coordinates>-72.67489,44.10473,0 -72.67463,44.10512,0</coordinates></LineString>
        <LineString><tessellate>1</tessellate><coordinates>-72.67237,44.11759,0 -72.67231,44.11765,0</coordinates></LineString>
        <LineString><tessellate>1</tessellate><coordinates>-72.71935,44.06140,0 -72.71958,44.06125,0 -72.71975,44.06105,0</coordinates></LineString>
        <LineString><tessellate>1</tessellate><coordinates>-72.71631,44.05933,0 -72.71608,44.05914,0 -72.71559,44.05904,0 -72.71508,44.05879,0 -72.71479,44.05820,0</coordinates></LineString>
        <LineString><tessellate>1</tessellate><coordinates>-72.71479,44.05820,0 -72.71474,44.05802,0 -72.71464,44.05790,0</coordinates></LineString>
        <LineString><tessellate>1</tessellate><coordinates>-72.71975,44.06105,0 -72.71968,44.06080,0</coordinates></LineString>
        <LineString><tessellate>1</tessellate><coordinates>-72.71774,44.06002,0 -72.71761,44.05992,0 -72.71698,44.05995,0 -72.71681,44.05990,0</coordinates></LineString>
      </MultiGeometry>
    </Placemark>
    <Placemark>
      <name>Sunny Brook (Roxbury)</name>
      <description><![CDATA[BKT, BNT, RBT | B1<br/>Vermont Open Geodata Portal - VT Hydrography Dataset, cartographic extract lines (VCGI)]]></description>
      <styleUrl>#ln-1565c0</styleUrl>
      <MultiGeometry>
        <LineString><tessellate>1</tessellate><coordinates>-72.62136,44.05762,0 -72.62270,44.05772,0 -72.62313,44.05781,0</coordinates></LineString>
        <LineString><tessellate>1</tessellate><coordinates>-72.66367,44.12294,0 -72.66379,44.12302,0 -72.66419,44.12312,0 -72.66512,44.12326,0</coordinates></LineString>
        <LineString><tessellate>1</tessellate><coordinates>-72.64391,44.10633,0 -72.64357,44.10664,0 -72.64361,44.10675,0 -72.64399,44.10694,0 -72.64466,44.10702,0 -72.64483,44.10711,0 -72.64509,44.10745,0 -72.64550,44.10757,0 -72.64562,44.10770,0 -72.64573,44.10793,0 -72.64596,44.10812,0 -72.64610,44.10817,0 -72.64617,44.10828,0 -72.64698,44.10840,0 -72.64717,44.10848,0 -72.64753,44.10845,0 -72.64797,44.10863,0 -72.64806,44.10915,0 -72.64829,44.10945,0 -72.64835,44.10959,0 -72.64835,44.10977,0 -72.64842,44.10985,0 -72.64911,44.10989,0 -72.64941,44.10996,0 -72.64953,44.11046,0 -72.64991,44.11075,0 -72.64993,44.11082,0 -72.65017,44.11096,0 -72.65031,44.11124,0 -72.65052,44.11127,0 -72.65122,44.11120,0 -72.65121,44.11144,0 -72.65110,44.11164,0</coordinates></LineString>
        <LineString><tessellate>1</tessellate><coordinates>-72.64284,44.10402,0 -72.64282,44.10409,0 -72.64297,44.10452,0 -72.64330,44.10461,0 -72.64369,44.10482,0 -72.64379,44.10493,0 -72.64382,44.10513,0 -72.64402,44.10534,0 -72.64424,44.10547,0 -72.64423,44.10583,0 -72.64391,44.10633,0</coordinates></LineString>
        <LineString><tessellate>1</tessellate><coordinates>-72.64519,44.09719,0 -72.64513,44.09735,0 -72.64517,44.09753,0 -72.64503,44.09777,0 -72.64514,44.09805,0 -72.64512,44.09823,0 -72.64500,44.09834,0 -72.64485,44.09837,0 -72.64477,44.09845,0 -72.64457,44.09884,0 -72.64450,44.09917,0 -72.64446,44.09953,0 -72.64455,44.09974,0 -72.64468,44.09986,0 -72.64475,44.10004,0 -72.64474,44.10013,0 -72.64464,44.10018,0 -72.64437,44.10016,0 -72.64427,44.10019,0 -72.64412,44.10035,0 -72.64446,44.10071,0 -72.64446,44.10098,0 -72.64439,44.10134,0 -72.64421,44.10142,0 -72.64401,44.10189,0 -72.64390,44.10242,0 -72.64392,44.10276,0</coordinates></LineString>
        <LineString><tessellate>1</tessellate><coordinates>-72.65009,44.09134,0 -72.65005,44.09151,0 -72.64990,44.09173,0 -72.64930,44.09195,0 -72.64887,44.09227,0 -72.64868,44.09253,0</coordinates></LineString>
        <LineString><tessellate>1</tessellate><coordinates>-72.64392,44.10276,0 -72.64389,44.10304,0 -72.64378,44.10316,0 -72.64355,44.10311,0 -72.64347,44.10304,0 -72.64347,44.10293,0 -72.64342,44.10286,0 -72.64321,44.10283,0 -72.64310,44.10288,0 -72.64290,44.10322,0 -72.64281,44.10380,0 -72.64284,44.10402,0</coordinates></LineString>
        <LineString><tessellate>1</tessellate><coordinates>-72.64868,44.09253,0 -72.64857,44.09270,0 -72.64835,44.09280,0 -72.64831,44.09302,0 -72.64798,44.09310,0 -72.64772,44.09311,0 -72.64736,44.09332,0 -72.64721,44.09348,0 -72.64717,44.09369,0 -72.64697,44.09384,0 -72.64692,44.09417,0 -72.64673,44.09462,0 -72.64671,44.09481,0 -72.64680,44.09515,0 -72.64679,44.09532,0 -72.64620,44.09582,0 -72.64605,44.09653,0 -72.64589,44.09685,0 -72.64572,44.09708,0 -72.64533,44.09713,0 -72.64519,44.09719,0</coordinates></LineString>
        <LineString><tessellate>1</tessellate><coordinates>-72.65150,44.08174,0 -72.65164,44.08198,0 -72.65160,44.08208,0 -72.65111,44.08226,0 -72.65101,44.08236,0 -72.65093,44.08264,0 -72.65103,44.08315,0 -72.65081,44.08326,0 -72.65078,44.08336,0 -72.65086,44.08358,0 -72.65076,44.08379,0</coordinates></LineString>
        <LineString><tessellate>1</tessellate><coordinates>-72.65076,44.08379,0 -72.65072,44.08414,0 -72.65035,44.08453,0 -72.65006,44.08470,0 -72.64994,44.08489,0 -72.64999,44.08526,0 -72.64970,44.08555,0 -72.64971,44.08582,0 -72.65007,44.08612,0 -72.65007,44.08620,0 -72.64979,44.08671,0 -72.65014,44.08714,0 -72.65015,44.08722,0 -72.65011,44.08736,0 -72.64990,44.08740,0 -72.64985,44.08747,0 -72.64992,44.08762,0 -72.65026,44.08790,0 -72.65025,44.08799,0 -72.65006,44.08818,0 -72.65010,44.08827,0</coordinates></LineString>
        <LineString><tessellate>1</tessellate><coordinates>-72.63359,44.06076,0 -72.63351,44.06079,0 -72.63312,44.06078,0 -72.63300,44.06084,0 -72.63300,44.06095,0 -72.63308,44.06112,0 -72.63294,44.06146,0 -72.63304,44.06161,0 -72.63324,44.06168,0 -72.63293,44.06199,0 -72.63290,44.06225,0 -72.63275,44.06257,0 -72.63278,44.06275,0 -72.63267,44.06291,0 -72.63258,44.06354,0 -72.63270,44.06384,0 -72.63264,44.06399,0 -72.63247,44.06400,0 -72.63246,44.06419,0 -72.63231,44.06422,0 -72.63220,44.06461,0 -72.63226,44.06472,0 -72.63238,44.06473,0 -72.63243,44.06487,0 -72.63234,44.06505,0 -72.63226,44.06508,0 -72.63236,44.06517,0 -72.63243,44.06538,0 -72.63256,44.06546,0 -72.63256,44.06555,0 -72.63272,44.06564,0 -72.63293,44.06561,0 -72.63304,44.06538,0 -72.63324,44.06534,0 -72.63370,44.06536,0 -72.63387,44.06555,0</coordinates></LineString>
        <LineString><tessellate>1</tessellate><coordinates>-72.65111,44.07773,0 -72.65120,44.07772,0 -72.65131,44.07780,0 -72.65135,44.07811,0 -72.65117,44.07916,0 -72.65115,44.07972,0 -72.65097,44.08011,0 -72.65103,44.08026,0 -72.65087,44.08041,0 -72.65092,44.08057,0 -72.65108,44.08064,0 -72.65126,44.08063,0 -72.65144,44.08078,0 -72.65144,44.08091,0 -72.65130,44.08118,0 -72.65135,44.08142,0 -72.65150,44.08174,0</coordinates></LineString>
        <LineString><tessellate>1</tessellate><coordinates>-72.64773,44.07583,0 -72.64812,44.07601,0 -72.64828,44.07602,0 -72.64836,44.07621,0 -72.64864,44.07633,0 -72.64871,44.07642,0</coordinates></LineString>
        <LineString><tessellate>1</tessellate><coordinates>-72.64484,44.07556,0 -72.64524,44.07539,0 -72.64575,44.07534,0 -72.64608,44.07523,0 -72.64625,44.07526,0</coordinates></LineString>
        <LineString><tessellate>1</tessellate><coordinates>-72.63848,44.07529,0 -72.63873,44.07546,0 -72.63915,44.07550,0 -72.63932,44.07531,0 -72.63955,44.07523,0 -72.64039,44.07539,0 -72.64060,44.07549,0 -72.64087,44.07516,0 -72.64124,44.07525,0 -72.64155,44.07507,0 -72.64178,44.07501,0 -72.64181,44.07502,0 -72.64181,44.07517,0 -72.64177,44.07533,0 -72.64185,44.07543,0 -72.64256,44.07533,0 -72.64261,44.07556,0 -72.64291,44.07566,0 -72.64304,44.07564,0 -72.64315,44.07543,0 -72.64335,44.07536,0 -72.64354,44.07512,0</coordinates></LineString>
        <LineString><tessellate>1</tessellate><coordinates>-72.64354,44.07512,0 -72.64359,44.07503,0 -72.64369,44.07500,0 -72.64386,44.07510,0 -72.64443,44.07525,0 -72.64453,44.07533,0 -72.64463,44.07551,0 -72.64484,44.07556,0</coordinates></LineString>
        <LineString><tessellate>1</tessellate><coordinates>-72.65106,44.07773,0 -72.65111,44.07773,0</coordinates></LineString>
        <LineString><tessellate>1</tessellate><coordinates>-72.64871,44.07642,0 -72.64888,44.07652,0 -72.64893,44.07660,0 -72.64937,44.07678,0 -72.64950,44.07719,0 -72.64960,44.07732,0 -72.64995,44.07738,0 -72.65008,44.07757,0 -72.65011,44.07771,0 -72.65040,44.07798,0 -72.65060,44.07799,0 -72.65076,44.07793,0 -72.65106,44.07773,0</coordinates></LineString>
        <LineString><tessellate>1</tessellate><coordinates>-72.63654,44.07069,0 -72.63675,44.07079,0 -72.63686,44.07093,0 -72.63676,44.07110,0 -72.63680,44.07128,0 -72.63666,44.07157,0 -72.63674,44.07193,0 -72.63684,44.07201,0 -72.63686,44.07211,0 -72.63678,44.07236,0 -72.63690,44.07245,0 -72.63708,44.07246,0 -72.63738,44.07259,0 -72.63756,44.07277,0</coordinates></LineString>
        <LineString><tessellate>1</tessellate><coordinates>-72.62313,44.05781,0 -72.62416,44.05775,0 -72.62447,44.05767,0 -72.62508,44.05769,0 -72.62522,44.05762,0 -72.62522,44.05749,0 -72.62529,44.05745,0 -72.62582,44.05744,0 -72.62606,44.05736,0 -72.62622,44.05737,0 -72.62639,44.05747,0 -72.62668,44.05740,0 -72.62691,44.05739,0 -72.62810,44.05764,0 -72.62863,44.05762,0 -72.62915,44.05767,0 -72.62970,44.05788,0 -72.63011,44.05795,0 -72.63061,44.05811,0 -72.63095,44.05814,0 -72.63214,44.05853,0 -72.63239,44.05868,0 -72.63337,44.05885,0 -72.63382,44.05924,0 -72.63404,44.05927,0 -72.63420,44.05941,0 -72.63436,44.05946,0 -72.63444,44.05961,0 -72.63446,44.05999,0</coordinates></LineString>
        <LineString><tessellate>1</tessellate><coordinates>-72.65010,44.08827,0 -72.65039,44.08819,0 -72.65063,44.08852,0 -72.65068,44.08868,0 -72.65084,44.08884,0 -72.65061,44.08938,0 -72.65057,44.08960,0 -72.65024,44.09023,0 -72.65022,44.09050,0 -72.65031,44.09062,0 -72.65030,44.09068,0 -72.65010,44.09105,0 -72.65009,44.09134,0</coordinates></LineString>
        <LineString><tessellate>1</tessellate><coordinates>-72.64722,44.07574,0 -72.64773,44.07583,0</coordinates></LineString>
        <LineString><tessellate>1</tessellate><coordinates>-72.63756,44.07277,0 -72.63763,44.07280,0 -72.63766,44.07298,0 -72.63763,44.07306,0 -72.63767,44.07315,0 -72.63784,44.07327,0 -72.63787,44.07336,0 -72.63813,44.07338,0 -72.63821,44.07351,0 -72.63814,44.07361,0 -72.63818,44.07366,0 -72.63834,44.07370,0 -72.63838,44.07386,0 -72.63821,44.07391,0 -72.63824,44.07406,0 -72.63811,44.07419,0 -72.63835,44.07426,0 -72.63843,44.07439,0 -72.63834,44.07456,0 -72.63851,44.07462,0 -72.63846,44.07480,0 -72.63860,44.07493,0 -72.63844,44.07504,0 -72.63848,44.07529,0</coordinates></LineString>
        <LineString><tessellate>1</tessellate><coordinates>-72.65679,44.11825,0 -72.65690,44.11848,0 -72.65705,44.11861,0 -72.65735,44.11872,0 -72.65757,44.11894,0 -72.65773,44.11924,0 -72.65776,44.11974,0 -72.65808,44.11997,0 -72.65827,44.12057,0 -72.65819,44.12069,0 -72.65788,44.12084,0 -72.65778,44.12098,0 -72.65796,44.12102,0 -72.65826,44.12130,0 -72.65833,44.12142,0 -72.65833,44.12212,0 -72.65859,44.12236,0 -72.65871,44.12240,0 -72.65906,44.12239,0 -72.65982,44.12221,0 -72.66049,44.12224,0 -72.66063,44.12227,0 -72.66109,44.12263,0 -72.66126,44.12269,0 -72.66148,44.12263,0 -72.66195,44.12237,0 -72.66220,44.12237,0 -72.66298,44.12249,0 -72.66367,44.12294,0</coordinates></LineString>
        <LineString><tessellate>1</tessellate><coordinates>-72.65110,44.11164,0 -72.65110,44.11170,0 -72.65097,44.11190,0 -72.65100,44.11204,0 -72.65185,44.11256,0 -72.65209,44.11283,0 -72.65314,44.11376,0 -72.65356,44.11399,0 -72.65363,44.11428,0 -72.65379,44.11440,0 -72.65437,44.11505,0 -72.65493,44.11547,0 -72.65471,44.11580,0 -72.65470,44.11610,0 -72.65481,44.11632,0 -72.65539,44.11689,0 -72.65600,44.11710,0 -72.65597,44.11727,0 -72.65603,44.11739,0 -72.65631,44.11771,0 -72.65661,44.11793,0 -72.65676,44.11812,0 -72.65679,44.11825,0</coordinates></LineString>
        <LineString><tessellate>1</tessellate><coordinates>-72.66512,44.12326,0 -72.66521,44.12330,0</coordinates></LineString>
        <LineString><tessellate>1</tessellate><coordinates>-72.62044,44.05752,0 -72.62063,44.05762,0 -72.62136,44.05762,0</coordinates></LineString>
        <LineString><tessellate>1</tessellate><coordinates>-72.63387,44.06555,0 -72.63497,44.06751,0 -72.63669,44.06966,0 -72.63642,44.07038,0 -72.63649,44.07067,0 -72.63654,44.07069,0</coordinates></LineString>
        <LineString><tessellate>1</tessellate><coordinates>-72.63439,44.06025,0 -72.63359,44.06076,0</coordinates></LineString>
        <LineString><tessellate>1</tessellate><coordinates>-72.64625,44.07526,0 -72.64634,44.07538,0 -72.64677,44.07548,0 -72.64722,44.07574,0</coordinates></LineString>
        <LineString><tessellate>1</tessellate><coordinates>-72.63446,44.05999,0 -72.63439,44.06025,0</coordinates></LineString>
      </MultiGeometry>
    </Placemark>
    <Placemark>
      <name>Robinson Brook</name>
      <description><![CDATA[BKT, BNT, RBT | B1<br/>Vermont Open Geodata Portal - VT Hydrography Dataset, cartographic extract lines (VCGI)]]></description>
      <styleUrl>#ln-1565c0</styleUrl>
      <MultiGeometry>
        <LineString><tessellate>1</tessellate><coordinates>-72.62749,44.12040,0 -72.62763,44.12052,0 -72.62788,44.12094,0 -72.62794,44.12116,0 -72.62802,44.12121,0 -72.62826,44.12124,0 -72.62877,44.12114,0 -72.62945,44.12125,0 -72.62988,44.12117,0 -72.63002,44.12120,0 -72.63012,44.12132,0</coordinates></LineString>
        <LineString><tessellate>1</tessellate><coordinates>-72.61140,44.11917,0 -72.61186,44.11888,0</coordinates></LineString>
        <LineString><tessellate>1</tessellate><coordinates>-72.62353,44.11678,0 -72.62377,44.11699,0 -72.62397,44.11746,0 -72.62388,44.11764,0 -72.62392,44.11781,0 -72.62418,44.11794,0 -72.62450,44.11797,0 -72.62462,44.11804,0 -72.62472,44.11817,0 -72.62471,44.11854,0 -72.62492,44.11866,0 -72.62560,44.11879,0 -72.62731,44.12031,0 -72.62749,44.12040,0</coordinates></LineString>
        <LineString><tessellate>1</tessellate><coordinates>-72.63012,44.12132,0 -72.63035,44.12148,0 -72.63080,44.12152,0 -72.63237,44.12128,0 -72.63324,44.12103,0 -72.63350,44.12091,0 -72.63367,44.12072,0 -72.63381,44.12068,0 -72.63405,44.12069,0 -72.63444,44.12083,0 -72.63462,44.12083,0 -72.63496,44.12074,0 -72.63552,44.12068,0 -72.63574,44.12056,0 -72.63625,44.12048,0 -72.63636,44.12018,0 -72.63647,44.12007,0 -72.63650,44.11992,0 -72.63662,44.11976,0 -72.63647,44.11956,0 -72.63661,44.11943,0 -72.63686,44.11903,0 -72.63758,44.11864,0 -72.63840,44.11782,0 -72.63855,44.11752,0 -72.63908,44.11747,0</coordinates></LineString>
        <LineString><tessellate>1</tessellate><coordinates>-72.62045,44.11372,0 -72.62052,44.11405,0 -72.62089,44.11424,0 -72.62094,44.11439,0 -72.62090,44.11452,0 -72.62080,44.11461,0 -72.62078,44.11474,0</coordinates></LineString>
        <LineString><tessellate>1</tessellate><coordinates>-72.61387,44.11678,0 -72.61390,44.11658,0 -72.61426,44.11579,0 -72.61465,44.11533,0 -72.61471,44.11515,0 -72.61471,44.11490,0 -72.61587,44.11406,0 -72.61601,44.11402,0 -72.61645,44.11404,0 -72.61650,44.11397,0 -72.61692,44.11385,0 -72.61752,44.11377,0 -72.61800,44.11375,0 -72.61889,44.11362,0 -72.62045,44.11372,0</coordinates></LineString>
        <LineString><tessellate>1</tessellate><coordinates>-72.59744,44.11217,0 -72.59780,44.11222,0 -72.59790,44.11230,0 -72.59796,44.11247,0 -72.59803,44.11249,0 -72.59829,44.11231,0 -72.59884,44.11221,0 -72.59951,44.11186,0 -72.60009,44.11193,0 -72.60021,44.11185,0 -72.60053,44.11183,0 -72.60093,44.11166,0 -72.60134,44.11185,0 -72.60154,44.11182,0 -72.60169,44.11186,0 -72.60189,44.11194,0 -72.60192,44.11205,0 -72.60198,44.11209,0 -72.60222,44.11209,0 -72.60236,44.11224,0 -72.60244,44.11254,0 -72.60278,44.11278,0 -72.60296,44.11282,0 -72.60299,44.11289,0 -72.60330,44.11308,0 -72.60346,44.11326,0 -72.60388,44.11341,0 -72.60398,44.11351,0 -72.60421,44.11416,0 -72.60445,44.11456,0 -72.60440,44.11488,0 -72.60443,44.11492,0 -72.60464,44.11493,0 -72.60480,44.11500,0 -72.60506,44.11498,0 -72.60534,44.11516,0 -72.60551,44.11520,0 -72.60581,44.11556,0 -72.60575,44.11580,0 -72.60584,44.11611,0 -72.60583,44.11642,0 -72.60602,44.11663,0 -72.60609,44.11686,0 -72.60773,44.11757,0 -72.60794,44.11775,0 -72.60825,44.11787,0 -72.60888,44.11798,0 -72.60896,44.11823,0 -72.60888,44.11833,0 -72.60893,44.11848,0 -72.60901,44.11853,0 -72.60923,44.11850,0 -72.60976,44.11862,0 -72.60980,44.11878,0 -72.60975,44.11892,0 -72.60990,44.11914,0 -72.61004,44.11920,0 -72.61055,44.11941,0 -72.61083,44.11935,0 -72.61097,44.11920,0 -72.61140,44.11917,0</coordinates></LineString>
        <LineString><tessellate>1</tessellate><coordinates>-72.63908,44.11747,0 -72.63938,44.11743,0 -72.63959,44.11732,0 -72.63985,44.11695,0 -72.64013,44.11688,0 -72.64048,44.11696,0 -72.64059,44.11695,0 -72.64106,44.11677,0 -72.64125,44.11656,0 -72.64186,44.11654,0 -72.64203,44.11647,0 -72.64217,44.11635,0 -72.64230,44.11614,0 -72.64248,44.11601,0 -72.64301,44.11583,0 -72.64303,44.11558,0 -72.64314,44.11529,0 -72.64380,44.11528,0 -72.64406,44.11522,0 -72.64438,44.11509,0 -72.64476,44.11481,0 -72.64495,44.11478,0 -72.64512,44.11458,0 -72.64551,44.11440,0 -72.64602,44.11436,0 -72.64647,44.11439,0 -72.64676,44.11410,0 -72.64706,44.11406,0 -72.64744,44.11391,0 -72.64760,44.11372,0 -72.64792,44.11313,0 -72.64834,44.11265,0 -72.64928,44.11251,0 -72.64932,44.11244,0 -72.64920,44.11226,0 -72.64924,44.11222,0 -72.64969,44.11204,0 -72.65011,44.11197,0 -72.65041,44.11166,0 -72.65058,44.11159,0 -72.65083,44.11156,0 -72.65110,44.11164,0</coordinates></LineString>
        <LineString><tessellate>1</tessellate><coordinates>-72.59642,44.11081,0 -72.59653,44.11101,0 -72.59703,44.11158,0 -72.59717,44.11182,0 -72.59717,44.11190,0 -72.59733,44.11199,0 -72.59744,44.11217,0</coordinates></LineString>
        <LineString><tessellate>1</tessellate><coordinates>-72.59531,44.10925,0 -72.59540,44.10935,0 -72.59586,44.10961,0 -72.59612,44.10969,0 -72.59629,44.10988,0 -72.59641,44.11031,0 -72.59642,44.11081,0</coordinates></LineString>
        <LineString><tessellate>1</tessellate><coordinates>-72.59380,44.10641,0 -72.59385,44.10675,0 -72.59382,44.10692,0 -72.59404,44.10806,0 -72.59427,44.10840,0 -72.59471,44.10888,0 -72.59531,44.10925,0</coordinates></LineString>
        <LineString><tessellate>1</tessellate><coordinates>-72.62111,44.11504,0 -72.62171,44.11505,0 -72.62189,44.11512,0 -72.62205,44.11528,0 -72.62204,44.11535,0 -72.62190,44.11547,0</coordinates></LineString>
        <LineString><tessellate>1</tessellate><coordinates>-72.62201,44.11593,0 -72.62260,44.11595,0 -72.62273,44.11617,0 -72.62304,44.11627,0 -72.62353,44.11678,0</coordinates></LineString>
        <LineString><tessellate>1</tessellate><coordinates>-72.61186,44.11888,0 -72.61335,44.11749,0 -72.61386,44.11685,0 -72.61387,44.11678,0</coordinates></LineString>
        <LineString><tessellate>1</tessellate><coordinates>-72.62078,44.11474,0 -72.62081,44.11489,0 -72.62111,44.11504,0</coordinates></LineString>
        <LineString><tessellate>1</tessellate><coordinates>-72.62190,44.11547,0 -72.62186,44.11550,0 -72.62185,44.11566,0 -72.62194,44.11591,0 -72.62201,44.11593,0</coordinates></LineString>
      </MultiGeometry>
    </Placemark>
    <Placemark>
      <name>Union Brook</name>
      <description><![CDATA[BKT | B1<br/>Vermont Open Geodata Portal - VT Hydrography Dataset, cartographic extract lines (VCGI)]]></description>
      <styleUrl>#ln-2e7d32</styleUrl>
      <MultiGeometry>
        <LineString><tessellate>1</tessellate><coordinates>-72.74793,44.18648,0 -72.74766,44.18661,0 -72.74750,44.18660,0 -72.74710,44.18635,0 -72.74529,44.18611,0 -72.74451,44.18591,0 -72.74403,44.18573,0 -72.74389,44.18561,0 -72.74321,44.18557,0 -72.74304,44.18549,0</coordinates></LineString>
        <LineString><tessellate>1</tessellate><coordinates>-72.71692,44.17774,0 -72.71647,44.17752,0 -72.71492,44.17649,0 -72.71444,44.17610,0 -72.71368,44.17572,0 -72.71304,44.17524,0 -72.71259,44.17508,0 -72.71180,44.17495,0 -72.71148,44.17486,0</coordinates></LineString>
        <LineString><tessellate>1</tessellate><coordinates>-72.72304,44.18029,0 -72.72189,44.18019,0 -72.72140,44.18022,0</coordinates></LineString>
        <LineString><tessellate>1</tessellate><coordinates>-72.69652,44.16911,0 -72.69606,44.16876,0 -72.69556,44.16849,0 -72.69430,44.16795,0 -72.69373,44.16779,0 -72.69345,44.16764,0 -72.69300,44.16757,0 -72.69223,44.16720,0 -72.69187,44.16693,0 -72.69154,44.16682,0 -72.69036,44.16675,0 -72.69023,44.16665,0 -72.68984,44.16654,0 -72.68965,44.16655,0 -72.68934,44.16667,0 -72.68899,44.16668,0 -72.68837,44.16660,0 -72.68769,44.16668,0 -72.68747,44.16665,0 -72.68730,44.16654,0</coordinates></LineString>
        <LineString><tessellate>1</tessellate><coordinates>-72.68027,44.16149,0 -72.68021,44.16125,0 -72.68027,44.16114,0 -72.68033,44.16079,0 -72.68022,44.16023,0 -72.67988,44.16004,0 -72.67955,44.15974,0 -72.67942,44.15949,0 -72.67953,44.15931,0 -72.67954,44.15915,0 -72.67942,44.15905,0</coordinates></LineString>
        <LineString><tessellate>1</tessellate><coordinates>-72.73108,44.18343,0 -72.73100,44.18333,0 -72.73052,44.18316,0 -72.73020,44.18310,0 -72.72947,44.18265,0 -72.72927,44.18257,0 -72.72896,44.18255,0 -72.72846,44.18237,0 -72.72820,44.18216,0 -72.72806,44.18190,0 -72.72790,44.18171,0 -72.72778,44.18164,0 -72.72697,44.18143,0 -72.72552,44.18091,0 -72.72450,44.18081,0 -72.72347,44.18062,0 -72.72317,44.18046,0 -72.72304,44.18029,0</coordinates></LineString>
        <LineString><tessellate>1</tessellate><coordinates>-72.69881,44.17061,0 -72.69837,44.17034,0 -72.69805,44.17032,0 -72.69785,44.17023,0 -72.69780,44.17003,0 -72.69734,44.16984,0 -72.69728,44.16960,0 -72.69652,44.16911,0</coordinates></LineString>
        <LineString><tessellate>1</tessellate><coordinates>-72.68730,44.16654,0 -72.68670,44.16607,0 -72.68596,44.16570,0 -72.68473,44.16549,0 -72.68444,44.16533,0 -72.68418,44.16530,0 -72.68380,44.16499,0 -72.68364,44.16481,0 -72.68346,44.16454,0 -72.68333,44.16416,0 -72.68322,44.16402,0 -72.68279,44.16387,0 -72.68259,44.16365,0 -72.68247,44.16360,0 -72.68233,44.16362,0 -72.68199,44.16342,0 -72.68179,44.16340,0 -72.68122,44.16351,0 -72.68107,44.16347,0 -72.68097,44.16339,0 -72.68097,44.16325,0 -72.68101,44.16309,0 -72.68118,44.16293,0 -72.68124,44.16262,0 -72.68071,44.16235,0 -72.68059,44.16188,0</coordinates></LineString>
        <LineString><tessellate>1</tessellate><coordinates>-72.67942,44.15905,0 -72.67901,44.15893,0 -72.67846,44.15889,0 -72.67799,44.15875,0 -72.67729,44.15830,0 -72.67670,44.15830,0 -72.67648,44.15825,0 -72.67644,44.15809,0 -72.67653,44.15776,0 -72.67662,44.15769,0 -72.67691,44.15721,0 -72.67693,44.15698,0 -72.67690,44.15689,0 -72.67683,44.15685,0 -72.67662,44.15682,0 -72.67626,44.15691,0 -72.67565,44.15685,0 -72.67535,44.15675,0 -72.67515,44.15658,0 -72.67509,44.15648,0 -72.67492,44.15641,0 -72.67420,44.15639,0 -72.67399,44.15633,0 -72.67378,44.15620,0 -72.67366,44.15596,0 -72.67339,44.15577,0 -72.67254,44.15550,0 -72.67191,44.15503,0 -72.67159,44.15486,0 -72.67047,44.15480,0 -72.66987,44.15440,0 -72.66967,44.15408,0 -72.66924,44.15375,0 -72.66858,44.15368,0 -72.66836,44.15361,0 -72.66808,44.15345,0 -72.66786,44.15324,0 -72.66720,44.15305,0 -72.66560,44.15242,0 -72.66532,44.15228,0 -72.66459,44.15176,0 -72.66425,44.15138,0 -72.66403,44.15130,0 -72.66311,44.15118,0 -72.66275,44.15106,0 -72.66212,44.15072,0 -72.66131,44.14987,0 -72.66099,44.14932,0 -72.66054,44.14908,0</coordinates></LineString>
        <LineString><tessellate>1</tessellate><coordinates>-72.74304,44.18549,0 -72.74276,44.18540,0 -72.74218,44.18561,0 -72.74156,44.18575,0 -72.73979,44.18553,0 -72.73942,44.18561,0 -72.73881,44.18554,0 -72.73811,44.18563,0 -72.73745,44.18560,0 -72.73676,44.18547,0 -72.73639,44.18532,0 -72.73575,44.18523,0 -72.73528,44.18491,0 -72.73459,44.18470,0 -72.73426,44.18468,0 -72.73374,44.18436,0 -72.73348,44.18434,0 -72.73324,44.18445,0 -72.73309,44.18445,0 -72.73286,44.18435,0 -72.73263,44.18405,0 -72.73203,44.18385,0 -72.73177,44.18371,0 -72.73136,44.18363,0 -72.73108,44.18343,0</coordinates></LineString>
        <LineString><tessellate>1</tessellate><coordinates>-72.72140,44.18022,0 -72.72103,44.18012,0 -72.72077,44.17983,0 -72.72047,44.17962,0 -72.72021,44.17924,0 -72.72020,44.17910,0 -72.71974,44.17868,0 -72.71913,44.17845,0 -72.71828,44.17834,0 -72.71778,44.17813,0 -72.71733,44.17785,0 -72.71692,44.17774,0</coordinates></LineString>
        <LineString><tessellate>1</tessellate><coordinates>-72.71148,44.17486,0 -72.71121,44.17475,0 -72.71105,44.17459,0 -72.71081,44.17450,0 -72.71051,44.17450,0 -72.71017,44.17464,0 -72.70962,44.17464,0 -72.70886,44.17441,0 -72.70780,44.17400,0 -72.70744,44.17395,0 -72.70703,44.17406,0 -72.70667,44.17399,0 -72.70589,44.17363,0 -72.70569,44.17345,0 -72.70565,44.17332,0 -72.70546,44.17308,0 -72.70480,44.17304,0 -72.70447,44.17289,0 -72.70416,44.17263,0 -72.70352,44.17237,0 -72.70319,44.17236,0 -72.70293,44.17242,0 -72.70273,44.17237,0 -72.70231,44.17213,0 -72.70148,44.17190,0 -72.70121,44.17164,0 -72.70101,44.17155,0 -72.69969,44.17120,0 -72.69941,44.17106,0 -72.69881,44.17061,0</coordinates></LineString>
        <LineString><tessellate>1</tessellate><coordinates>-72.68036,44.16154,0 -72.68027,44.16149,0</coordinates></LineString>
        <LineString><tessellate>1</tessellate><coordinates>-72.66054,44.14908,0 -72.66040,44.14905,0</coordinates></LineString>
        <LineString><tessellate>1</tessellate><coordinates>-72.68059,44.16188,0 -72.68056,44.16173,0 -72.68036,44.16154,0</coordinates></LineString>
      </MultiGeometry>
    </Placemark>
    <Placemark>
      <name>Chase Brook (Dog River)</name>
      <description><![CDATA[BKT, BNT, RBT | B1<br/>Vermont Open Geodata Portal - VT Hydrography Dataset, cartographic extract lines (VCGI)]]></description>
      <styleUrl>#ln-1565c0</styleUrl>
      <MultiGeometry>
        <LineString><tessellate>1</tessellate><coordinates>-72.68256,44.22027,0 -72.68236,44.22003,0 -72.68202,44.21984,0 -72.68177,44.21962,0 -72.68156,44.21954,0 -72.68149,44.21943,0</coordinates></LineString>
        <LineString><tessellate>1</tessellate><coordinates>-72.68149,44.21943,0 -72.68127,44.21934,0 -72.68097,44.21931,0 -72.68089,44.21926,0 -72.68039,44.21932,0 -72.67999,44.21914,0 -72.67973,44.21911,0 -72.67900,44.21888,0 -72.67790,44.21882,0 -72.67722,44.21885,0</coordinates></LineString>
        <LineString><tessellate>1</tessellate><coordinates>-72.67722,44.21885,0 -72.67694,44.21879,0 -72.67652,44.21850,0 -72.67585,44.21839,0 -72.67563,44.21815,0 -72.67512,44.21814,0 -72.67476,44.21809,0 -72.67459,44.21800,0 -72.67413,44.21797,0 -72.67282,44.21737,0 -72.67251,44.21734,0 -72.67231,44.21719,0 -72.67182,44.21712,0 -72.67161,44.21716,0 -72.67097,44.21713,0 -72.67002,44.21697,0 -72.66976,44.21683,0 -72.66955,44.21678,0 -72.66945,44.21678,0 -72.66926,44.21688,0 -72.66922,44.21699,0 -72.66904,44.21709,0 -72.66886,44.21709,0</coordinates></LineString>
        <LineString><tessellate>1</tessellate><coordinates>-72.66886,44.21709,0 -72.66707,44.21673,0 -72.66604,44.21626,0 -72.66479,44.21607,0 -72.66366,44.21570,0 -72.66342,44.21557,0 -72.66306,44.21545,0 -72.66213,44.21523,0 -72.66121,44.21484,0 -72.66091,44.21466,0 -72.66030,44.21411,0 -72.65969,44.21372,0 -72.65959,44.21343,0 -72.65913,44.21317,0 -72.65877,44.21274,0 -72.65827,44.21256,0 -72.65792,44.21218,0 -72.65785,44.21195,0 -72.65758,44.21188,0 -72.65724,44.21166,0 -72.65695,44.21169,0 -72.65659,44.21141,0 -72.65611,44.21126,0 -72.65601,44.21117,0 -72.65492,44.21074,0 -72.65461,44.21056,0 -72.65269,44.20987,0 -72.65162,44.20911,0 -72.65114,44.20894,0 -72.65029,44.20879,0 -72.64977,44.20876,0 -72.64904,44.20859,0 -72.64745,44.20847,0 -72.64661,44.20851,0 -72.64507,44.20840,0 -72.64450,44.20853,0 -72.64381,44.20860,0 -72.64269,44.20852,0 -72.64191,44.20859,0 -72.64178,44.20865,0 -72.64094,44.20877,0 -72.64074,44.20887,0 -72.63983,44.20870,0 -72.63871,44.20877,0 -72.63832,44.20873,0 -72.63773,44.20858,0 -72.63758,44.20844,0 -72.63760,44.20788,0 -72.63755,44.20762,0 -72.63739,44.20737,0 -72.63687,44.20691,0 -72.63644,44.20678,0 -72.63571,44.20665,0 -72.63497,44.20628,0 -72.63486,44.20617,0 -72.63463,44.20613,0</coordinates></LineString>
        <LineString><tessellate>1</tessellate><coordinates>-72.63463,44.20613,0 -72.63454,44.20615,0</coordinates></LineString>
      </MultiGeometry>
    </Placemark>
    <Placemark>
      <name>Mad River (above Warren Village)</name>
      <description><![CDATA[BKT | B1<br/>Vermont Open Geodata Portal - VT Hydrography Dataset, cartographic extract lines (VCGI)]]></description>
      <styleUrl>#ln-2e7d32</styleUrl>
      <MultiGeometry>
        <LineString><tessellate>1</tessellate><coordinates>-72.82448,44.03577,0 -72.82476,44.03559,0 -72.82628,44.03492,0 -72.82662,44.03486,0 -72.82704,44.03490,0 -72.82721,44.03484,0 -72.82736,44.03465,0 -72.82774,44.03452,0 -72.82824,44.03409,0 -72.82884,44.03411,0 -72.82928,44.03404,0 -72.82988,44.03388,0 -72.83028,44.03368,0 -72.83058,44.03359,0 -72.83118,44.03381,0 -72.83127,44.03420,0 -72.83136,44.03432,0 -72.83142,44.03450,0 -72.83138,44.03583,0 -72.83164,44.03597,0</coordinates></LineString>
        <LineString><tessellate>1</tessellate><coordinates>-72.83875,44.05656,0 -72.83965,44.05690,0 -72.84003,44.05696,0 -72.84034,44.05715,0 -72.84069,44.05726,0 -72.84168,44.05724,0 -72.84216,44.05733,0 -72.84259,44.05747,0 -72.84291,44.05750,0 -72.84322,44.05745,0 -72.84363,44.05762,0 -72.84383,44.05758,0 -72.84427,44.05770,0 -72.84449,44.05768,0 -72.84496,44.05801,0 -72.84543,44.05808,0 -72.84557,44.05821,0 -72.84562,44.05838,0 -72.84599,44.05841,0 -72.84669,44.05885,0 -72.84713,44.05906,0 -72.84735,44.05927,0 -72.84740,44.05948,0</coordinates></LineString>
        <LineString><tessellate>1</tessellate><coordinates>-72.85915,44.08084,0 -72.85922,44.08086,0</coordinates></LineString>
        <LineString><tessellate>1</tessellate><coordinates>-72.85845,44.06793,0 -72.85870,44.06827,0 -72.85887,44.06898,0 -72.85877,44.06924,0 -72.85837,44.06962,0 -72.85824,44.06985,0 -72.85824,44.06997,0 -72.85831,44.07007,0 -72.85868,44.07033,0 -72.85873,44.07043,0 -72.85872,44.07058,0 -72.85838,44.07131,0 -72.85837,44.07146,0 -72.85848,44.07176,0 -72.85889,44.07200,0 -72.85923,44.07250,0 -72.85953,44.07281,0 -72.86021,44.07312,0 -72.86036,44.07325,0 -72.86018,44.07382,0 -72.85988,44.07417,0 -72.85992,44.07439,0 -72.85988,44.07451,0</coordinates></LineString>
        <LineString><tessellate>1</tessellate><coordinates>-72.83032,44.04895,0 -72.83031,44.04924,0 -72.83066,44.04974,0 -72.83190,44.05067,0 -72.83259,44.05110,0 -72.83275,44.05123,0 -72.83278,44.05137,0 -72.83291,44.05149,0</coordinates></LineString>
        <LineString><tessellate>1</tessellate><coordinates>-72.83310,44.05161,0 -72.83324,44.05173,0 -72.83346,44.05182,0 -72.83357,44.05206,0 -72.83380,44.05224,0 -72.83421,44.05234,0 -72.83427,44.05239,0 -72.83426,44.05247,0 -72.83415,44.05258,0 -72.83415,44.05265,0 -72.83425,44.05268,0 -72.83427,44.05280,0 -72.83407,44.05294,0 -72.83389,44.05326,0 -72.83396,44.05336,0 -72.83428,44.05355,0</coordinates></LineString>
        <LineString><tessellate>1</tessellate><coordinates>-72.83291,44.05149,0 -72.83310,44.05161,0</coordinates></LineString>
        <LineString><tessellate>1</tessellate><coordinates>-72.83188,44.03655,0 -72.83212,44.03717,0 -72.83217,44.03754,0 -72.83237,44.03822,0 -72.83235,44.03846,0 -72.83264,44.03931,0 -72.83268,44.03970,0 -72.83265,44.03982,0 -72.83243,44.03995,0 -72.83235,44.04012,0 -72.83231,44.04058,0 -72.83237,44.04090,0 -72.83222,44.04131,0 -72.83214,44.04198,0 -72.83166,44.04341,0 -72.83157,44.04355,0 -72.83159,44.04369,0 -72.83173,44.04385,0 -72.83194,44.04395,0 -72.83194,44.04425,0 -72.83180,44.04448,0 -72.83146,44.04465,0 -72.83137,44.04480,0 -72.83123,44.04490,0 -72.83124,44.04498,0 -72.83112,44.04518,0 -72.83097,44.04527,0 -72.83062,44.04581,0 -72.83053,44.04635,0 -72.83039,44.04663,0 -72.83004,44.04691,0</coordinates></LineString>
        <LineString><tessellate>1</tessellate><coordinates>-72.83195,44.03649,0 -72.83188,44.03655,0</coordinates></LineString>
        <LineString><tessellate>1</tessellate><coordinates>-72.85988,44.07451,0 -72.85968,44.07487,0 -72.85924,44.07535,0 -72.85923,44.07548,0 -72.85947,44.07578,0 -72.85944,44.07599,0 -72.85923,44.07657,0 -72.85902,44.07747,0 -72.85889,44.07840,0 -72.85856,44.07921,0 -72.85839,44.07991,0 -72.85844,44.08045,0 -72.85864,44.08073,0 -72.85915,44.08084,0</coordinates></LineString>
        <LineString><tessellate>1</tessellate><coordinates>-72.85519,44.06342,0 -72.85536,44.06360,0 -72.85559,44.06376,0 -72.85620,44.06408,0 -72.85630,44.06457,0 -72.85650,44.06478,0 -72.85665,44.06508,0 -72.85683,44.06520,0 -72.85704,44.06525,0 -72.85705,44.06535,0 -72.85686,44.06567,0 -72.85685,44.06576,0 -72.85688,44.06587,0 -72.85708,44.06609,0 -72.85728,44.06618,0 -72.85745,44.06616,0 -72.85823,44.06590,0 -72.85831,44.06594,0 -72.85828,44.06625,0 -72.85820,44.06650,0 -72.85818,44.06740,0 -72.85825,44.06762,0 -72.85845,44.06793,0</coordinates></LineString>
        <LineString><tessellate>1</tessellate><coordinates>-72.84740,44.05948,0 -72.84750,44.05953,0 -72.84785,44.05948,0 -72.84792,44.05957,0 -72.84810,44.05961,0 -72.84961,44.06035,0 -72.84997,44.06063,0 -72.85036,44.06067,0 -72.85061,44.06076,0 -72.85067,44.06083,0 -72.85060,44.06105,0 -72.85060,44.06124,0 -72.85073,44.06140,0 -72.85104,44.06160,0 -72.85120,44.06159,0 -72.85128,44.06149,0 -72.85140,44.06145,0 -72.85176,44.06151,0 -72.85216,44.06130,0 -72.85250,44.06129,0 -72.85258,44.06139,0 -72.85261,44.06194,0 -72.85347,44.06292,0 -72.85396,44.06314,0 -72.85464,44.06319,0 -72.85519,44.06342,0</coordinates></LineString>
        <LineString><tessellate>1</tessellate><coordinates>-72.83428,44.05355,0 -72.83438,44.05356,0 -72.83453,44.05369,0 -72.83456,44.05380,0 -72.83468,44.05394,0 -72.83552,44.05466,0 -72.83665,44.05531,0 -72.83714,44.05567,0 -72.83781,44.05601,0 -72.83791,44.05611,0 -72.83800,44.05631,0 -72.83850,44.05641,0 -72.83875,44.05656,0</coordinates></LineString>
        <LineString><tessellate>1</tessellate><coordinates>-72.83004,44.04691,0 -72.82996,44.04729,0 -72.83002,44.04786,0 -72.83014,44.04833,0 -72.83033,44.04875,0 -72.83032,44.04895,0</coordinates></LineString>
        <LineString><tessellate>1</tessellate><coordinates>-72.86387,44.09576,0 -72.86367,44.09594,0 -72.86361,44.09659,0 -72.86343,44.09707,0 -72.86332,44.09719,0 -72.86291,44.09723,0 -72.86258,44.09739,0 -72.86235,44.09776,0 -72.86235,44.09802,0 -72.86254,44.09877,0 -72.86252,44.09893,0 -72.86257,44.09916,0 -72.86254,44.09927,0 -72.86241,44.09942,0 -72.86206,44.09947,0 -72.86181,44.09945,0 -72.86161,44.09952,0 -72.86157,44.09961,0 -72.86112,44.10208,0 -72.86083,44.10283,0 -72.86082,44.10313,0 -72.86086,44.10327,0 -72.86099,44.10343,0</coordinates></LineString>
        <LineString><tessellate>1</tessellate><coordinates>-72.86099,44.10343,0 -72.86106,44.10353,0 -72.86105,44.10364,0 -72.86061,44.10470,0 -72.86043,44.10547,0 -72.86045,44.10586,0 -72.86036,44.10605,0 -72.85992,44.10625,0 -72.85953,44.10632,0 -72.85909,44.10656,0 -72.85848,44.10671,0 -72.85750,44.10826,0 -72.85733,44.10910,0 -72.85740,44.10973,0 -72.85750,44.10990,0 -72.85754,44.11017,0 -72.85730,44.11068,0 -72.85700,44.11109,0 -72.85692,44.11141,0 -72.85679,44.11160,0 -72.85669,44.11185,0 -72.85662,44.11192,0 -72.85664,44.11211,0 -72.85701,44.11245,0 -72.85709,44.11276,0 -72.85706,44.11311,0 -72.85668,44.11350,0 -72.85668,44.11364,0 -72.85683,44.11384,0 -72.85682,44.11423,0</coordinates></LineString>
        <LineString><tessellate>1</tessellate><coordinates>-72.85922,44.08086,0 -72.85942,44.08118,0 -72.85952,44.08152,0 -72.85963,44.08169,0 -72.86051,44.08205,0 -72.86085,44.08228,0 -72.86111,44.08253,0 -72.86130,44.08294,0 -72.86136,44.08333,0 -72.86134,44.08357,0 -72.86157,44.08423,0 -72.86179,44.08451,0 -72.86233,44.08485,0 -72.86251,44.08502,0 -72.86288,44.08574,0 -72.86349,44.08648,0 -72.86368,44.08683,0 -72.86367,44.08730,0 -72.86347,44.08767,0 -72.86339,44.08792,0 -72.86343,44.08858,0 -72.86367,44.08919,0 -72.86371,44.08987,0 -72.86359,44.09027,0 -72.86363,44.09083,0 -72.86345,44.09141,0 -72.86339,44.09181,0 -72.86342,44.09214,0 -72.86356,44.09248,0 -72.86373,44.09267,0 -72.86392,44.09275,0 -72.86440,44.09273,0 -72.86457,44.09280,0 -72.86470,44.09309,0 -72.86466,44.09351,0 -72.86455,44.09367,0 -72.86449,44.09391,0 -72.86446,44.09436,0 -72.86454,44.09513,0 -72.86431,44.09546,0 -72.86387,44.09576,0</coordinates></LineString>
        <LineString><tessellate>1</tessellate><coordinates>-72.83164,44.03597,0 -72.83179,44.03611,0 -72.83195,44.03642,0 -72.83195,44.03649,0</coordinates></LineString>
      </MultiGeometry>
    </Placemark>
    <Placemark>
      <name>Bradley Brook</name>
      <description><![CDATA[BKT | B1<br/>Vermont Open Geodata Portal - VT Hydrography Dataset, cartographic extract lines (VCGI)]]></description>
      <styleUrl>#ln-2e7d32</styleUrl>
      <MultiGeometry>
        <LineString><tessellate>1</tessellate><coordinates>-72.91300,44.12242,0 -72.91235,44.12234,0 -72.91209,44.12219,0 -72.91148,44.12220,0 -72.91075,44.12212,0</coordinates></LineString>
        <LineString><tessellate>1</tessellate><coordinates>-72.91075,44.12212,0 -72.91026,44.12209,0 -72.90976,44.12180,0 -72.90915,44.12162,0 -72.90833,44.12158,0 -72.90827,44.12153,0 -72.90798,44.12150,0 -72.90775,44.12130,0 -72.90660,44.12106,0 -72.90630,44.12080,0 -72.90603,44.12068,0 -72.90516,44.12062,0 -72.90456,44.12048,0 -72.90338,44.12038,0 -72.90294,44.12046,0 -72.90183,44.12052,0 -72.90104,44.12071,0 -72.90022,44.12071,0 -72.89920,44.12063,0 -72.89806,44.12087,0 -72.89764,44.12107,0 -72.89667,44.12114,0 -72.89603,44.12114,0 -72.89482,44.12080,0 -72.89429,44.12056,0 -72.89316,44.12020,0</coordinates></LineString>
        <LineString><tessellate>1</tessellate><coordinates>-72.88622,44.12002,0 -72.88594,44.11991,0 -72.88571,44.11990,0 -72.88490,44.12004,0 -72.88427,44.11993,0 -72.88416,44.11997,0 -72.88343,44.12054,0 -72.88238,44.12089,0 -72.88219,44.12100,0 -72.88199,44.12122,0 -72.88195,44.12136,0 -72.88182,44.12144,0 -72.88148,44.12157,0 -72.88092,44.12158,0</coordinates></LineString>
        <LineString><tessellate>1</tessellate><coordinates>-72.86830,44.12126,0 -72.86722,44.12113,0 -72.86666,44.12121,0 -72.86571,44.12121,0 -72.86495,44.12130,0 -72.86428,44.12120,0 -72.86302,44.12067,0 -72.86148,44.12014,0 -72.86024,44.12006,0 -72.85964,44.11974,0 -72.85936,44.11968,0 -72.85904,44.11965,0 -72.85852,44.11974,0 -72.85816,44.11975,0 -72.85777,44.11958,0 -72.85756,44.11911,0 -72.85717,44.11868,0</coordinates></LineString>
        <LineString><tessellate>1</tessellate><coordinates>-72.89316,44.12020,0 -72.89210,44.12004,0 -72.89093,44.11995,0 -72.88954,44.11963,0 -72.88902,44.11957,0 -72.88866,44.11964,0 -72.88818,44.11965,0 -72.88797,44.11969,0 -72.88754,44.11991,0 -72.88691,44.12005,0 -72.88635,44.12007,0 -72.88622,44.12002,0</coordinates></LineString>
        <LineString><tessellate>1</tessellate><coordinates>-72.88092,44.12158,0 -72.87998,44.12166,0 -72.87968,44.12173,0 -72.87854,44.12224,0 -72.87741,44.12256,0 -72.87550,44.12289,0 -72.87475,44.12280,0 -72.87400,44.12293,0 -72.87370,44.12284,0 -72.87327,44.12248,0 -72.87308,44.12239,0 -72.87181,44.12232,0 -72.87106,44.12203,0 -72.87076,44.12185,0 -72.87022,44.12174,0 -72.86912,44.12163,0 -72.86883,44.12153,0 -72.86830,44.12126,0</coordinates></LineString>
        <LineString><tessellate>1</tessellate><coordinates>-72.85717,44.11868,0 -72.85708,44.11865,0</coordinates></LineString>
      </MultiGeometry>
    </Placemark>
    <Placemark>
      <name>Clay Brook</name>
      <description><![CDATA[BKT | B1<br/>Vermont Open Geodata Portal - VT Hydrography Dataset, cartographic extract lines (VCGI)]]></description>
      <styleUrl>#ln-2e7d32</styleUrl>
      <MultiGeometry>
        <LineString><tessellate>1</tessellate><coordinates>-72.92118,44.14309,0 -72.92092,44.14306,0 -72.92056,44.14289,0 -72.91998,44.14281,0 -72.91980,44.14283,0 -72.91925,44.14266,0</coordinates></LineString>
        <LineString><tessellate>1</tessellate><coordinates>-72.86974,44.14002,0 -72.86961,44.14003,0 -72.86926,44.13990,0 -72.86890,44.13987,0</coordinates></LineString>
        <LineString><tessellate>1</tessellate><coordinates>-72.86890,44.13987,0 -72.86878,44.13989,0 -72.86850,44.14012,0 -72.86837,44.14030,0 -72.86799,44.14054,0 -72.86683,44.14043,0 -72.86666,44.14024,0 -72.86649,44.13985,0 -72.86595,44.13948,0 -72.86575,44.13920,0 -72.86533,44.13893,0 -72.86527,44.13881,0 -72.86511,44.13872,0 -72.86488,44.13864,0 -72.86460,44.13865,0 -72.86422,44.13844,0 -72.86283,44.13815,0 -72.86195,44.13820,0 -72.86144,44.13829,0 -72.86115,44.13822,0 -72.86014,44.13852,0 -72.85940,44.13854,0 -72.85910,44.13868,0 -72.85858,44.13873,0 -72.85821,44.13888,0 -72.85806,44.13902,0 -72.85786,44.13910,0 -72.85764,44.13910,0 -72.85693,44.13873,0 -72.85658,44.13869,0 -72.85639,44.13876,0 -72.85596,44.13879,0</coordinates></LineString>
        <LineString><tessellate>1</tessellate><coordinates>-72.90074,44.13441,0 -72.90051,44.13437,0 -72.89991,44.13410,0 -72.89891,44.13412,0 -72.89830,44.13418,0 -72.89812,44.13434,0 -72.89788,44.13437,0 -72.89743,44.13453,0</coordinates></LineString>
        <LineString><tessellate>1</tessellate><coordinates>-72.87170,44.13952,0 -72.87145,44.13952,0 -72.87135,44.13957,0 -72.87127,44.13967,0 -72.87094,44.13961,0 -72.87070,44.13965,0 -72.87023,44.13965,0 -72.87001,44.13978,0 -72.86986,44.13998,0 -72.86974,44.14002,0</coordinates></LineString>
        <LineString><tessellate>1</tessellate><coordinates>-72.87655,44.13772,0 -72.87607,44.13794,0 -72.87568,44.13787,0 -72.87544,44.13789,0 -72.87534,44.13796,0 -72.87517,44.13827,0 -72.87491,44.13845,0 -72.87432,44.13863,0 -72.87375,44.13869,0 -72.87326,44.13880,0 -72.87313,44.13887,0 -72.87279,44.13917,0 -72.87239,44.13918,0 -72.87198,44.13911,0 -72.87191,44.13944,0 -72.87170,44.13952,0</coordinates></LineString>
        <LineString><tessellate>1</tessellate><coordinates>-72.85596,44.13879,0 -72.85517,44.13867,0 -72.85461,44.13843,0 -72.85393,44.13851,0 -72.85368,44.13847,0 -72.85334,44.13835,0 -72.85309,44.13836,0 -72.85266,44.13829,0 -72.85225,44.13813,0 -72.85190,44.13782,0 -72.85093,44.13746,0 -72.85016,44.13726,0 -72.84986,44.13725,0 -72.84930,44.13757,0 -72.84888,44.13763,0 -72.84867,44.13755,0 -72.84860,44.13741,0 -72.84846,44.13735,0 -72.84790,44.13732,0 -72.84763,44.13735,0 -72.84728,44.13748,0 -72.84711,44.13740,0 -72.84685,44.13737,0 -72.84625,44.13709,0 -72.84577,44.13701,0 -72.84532,44.13704,0 -72.84464,44.13723,0</coordinates></LineString>
        <LineString><tessellate>1</tessellate><coordinates>-72.88008,44.13592,0 -72.87996,44.13609,0 -72.87992,44.13634,0 -72.87970,44.13663,0</coordinates></LineString>
        <LineString><tessellate>1</tessellate><coordinates>-72.90469,44.13614,0 -72.90422,44.13601,0 -72.90370,44.13578,0 -72.90333,44.13570,0 -72.90287,44.13568,0 -72.90265,44.13556,0 -72.90239,44.13533,0 -72.90186,44.13502,0 -72.90156,44.13475,0 -72.90105,44.13450,0 -72.90074,44.13441,0</coordinates></LineString>
        <LineString><tessellate>1</tessellate><coordinates>-72.87970,44.13663,0 -72.87861,44.13692,0 -72.87805,44.13699,0 -72.87738,44.13727,0 -72.87710,44.13746,0</coordinates></LineString>
        <LineString><tessellate>1</tessellate><coordinates>-72.91925,44.14266,0 -72.91870,44.14248,0 -72.91820,44.14224,0 -72.91666,44.14123,0 -72.91595,44.14064,0 -72.91557,44.14019,0 -72.91433,44.13987,0 -72.91374,44.13941,0 -72.91207,44.13893,0 -72.91177,44.13880,0 -72.91153,44.13868,0 -72.91115,44.13831,0 -72.91055,44.13789,0 -72.90978,44.13752,0 -72.90907,44.13732,0 -72.90843,44.13725,0 -72.90829,44.13715,0 -72.90698,44.13675,0 -72.90607,44.13666,0 -72.90469,44.13614,0</coordinates></LineString>
        <LineString><tessellate>1</tessellate><coordinates>-72.89729,44.13478,0 -72.89678,44.13502,0 -72.89644,44.13503,0 -72.89632,44.13508,0 -72.89413,44.13530,0 -72.89354,44.13527,0 -72.89256,44.13531,0 -72.89231,44.13534,0 -72.89186,44.13552,0 -72.89143,44.13558,0 -72.89078,44.13555,0 -72.89045,44.13546,0 -72.89012,44.13545,0 -72.88981,44.13551,0 -72.88936,44.13552,0 -72.88920,44.13552,0 -72.88906,44.13545,0 -72.88859,44.13547,0 -72.88805,44.13524,0 -72.88752,44.13526,0 -72.88730,44.13523,0 -72.88699,44.13508,0 -72.88653,44.13502,0 -72.88632,44.13486,0 -72.88575,44.13476,0 -72.88558,44.13465,0 -72.88520,44.13493,0 -72.88476,44.13493,0 -72.88448,44.13508,0 -72.88407,44.13506,0 -72.88387,44.13493,0 -72.88364,44.13493,0 -72.88335,44.13510,0 -72.88304,44.13543,0 -72.88280,44.13551,0 -72.88235,44.13548,0 -72.88205,44.13578,0 -72.88197,44.13580,0 -72.88123,44.13578,0 -72.88048,44.13601,0 -72.88008,44.13592,0</coordinates></LineString>
        <LineString><tessellate>1</tessellate><coordinates>-72.84464,44.13723,0 -72.84455,44.13726,0</coordinates></LineString>
        <LineString><tessellate>1</tessellate><coordinates>-72.89743,44.13453,0 -72.89729,44.13478,0</coordinates></LineString>
        <LineString><tessellate>1</tessellate><coordinates>-72.87710,44.13746,0 -72.87702,44.13754,0 -72.87655,44.13772,0</coordinates></LineString>
      </MultiGeometry>
    </Placemark>
    <Placemark>
      <name>Rice Brook</name>
      <description><![CDATA[BKT | B1<br/>Vermont Open Geodata Portal - VT Hydrography Dataset, cartographic extract lines (VCGI)]]></description>
      <styleUrl>#ln-2e7d32</styleUrl>
      <MultiGeometry>
        <LineString><tessellate>1</tessellate><coordinates>-72.90905,44.14487,0 -72.90879,44.14475,0 -72.90832,44.14468,0 -72.90804,44.14455,0 -72.90770,44.14430,0 -72.90661,44.14384,0 -72.90641,44.14382,0 -72.90618,44.14372,0 -72.90525,44.14365,0 -72.90475,44.14374,0 -72.90418,44.14351,0 -72.90371,44.14339,0 -72.90323,44.14343,0 -72.90238,44.14331,0 -72.90152,44.14307,0 -72.90123,44.14306,0</coordinates></LineString>
        <LineString><tessellate>1</tessellate><coordinates>-72.90123,44.14306,0 -72.90049,44.14302,0 -72.89998,44.14277,0 -72.89897,44.14207,0 -72.89859,44.14192,0 -72.89819,44.14188,0 -72.89808,44.14180,0 -72.89790,44.14142,0 -72.89771,44.14123,0 -72.89708,44.14094,0 -72.89691,44.14074,0 -72.89634,44.14032,0 -72.89630,44.14021,0 -72.89560,44.14006,0 -72.89513,44.13973,0 -72.89494,44.13946,0 -72.89455,44.13939,0 -72.89434,44.13929,0 -72.89401,44.13898,0 -72.89294,44.13880,0 -72.89274,44.13872,0 -72.89258,44.13861,0 -72.89249,44.13846,0 -72.89229,44.13837,0 -72.89133,44.13829,0 -72.89088,44.13819,0 -72.89045,44.13836,0 -72.88991,44.13829,0 -72.88984,44.13825,0 -72.88978,44.13803,0 -72.88969,44.13798,0 -72.88915,44.13791,0 -72.88854,44.13796,0 -72.88832,44.13793,0 -72.88687,44.13795,0 -72.88674,44.13792,0 -72.88651,44.13776,0 -72.88632,44.13774,0 -72.88554,44.13742,0 -72.88402,44.13692,0 -72.88317,44.13681,0 -72.88252,44.13664,0 -72.88193,44.13662,0 -72.88151,44.13670,0 -72.88047,44.13657,0 -72.87970,44.13663,0</coordinates></LineString>
      </MultiGeometry>
    </Placemark>
    <Placemark>
      <name>Mill Brook (Fayston)</name>
      <description><![CDATA[BKT, RBT | B1<br/>Vermont Open Geodata Portal - VT Hydrography Dataset, cartographic extract lines (VCGI)]]></description>
      <styleUrl>#ln-00897b</styleUrl>
      <MultiGeometry>
        <LineString><tessellate>1</tessellate><coordinates>-72.93012,44.21024,0 -72.92997,44.20995,0 -72.92981,44.20976,0 -72.92875,44.20916,0 -72.92780,44.20872,0 -72.92719,44.20832,0 -72.92702,44.20813,0 -72.92690,44.20808,0 -72.92633,44.20757,0 -72.92583,44.20738,0 -72.92544,44.20734,0 -72.92505,44.20720,0 -72.92447,44.20716,0</coordinates></LineString>
        <LineString><tessellate>1</tessellate><coordinates>-72.92447,44.20716,0 -72.92382,44.20704,0 -72.92305,44.20700,0 -72.92287,44.20703,0 -72.92230,44.20690,0</coordinates></LineString>
        <LineString><tessellate>1</tessellate><coordinates>-72.90616,44.20385,0 -72.90423,44.20404,0 -72.90347,44.20423,0 -72.90303,44.20427,0 -72.90271,44.20444,0 -72.90242,44.20453,0 -72.90187,44.20453,0 -72.90078,44.20473,0 -72.89978,44.20476,0 -72.89924,44.20460,0</coordinates></LineString>
        <LineString><tessellate>1</tessellate><coordinates>-72.92230,44.20690,0 -72.92095,44.20638,0 -72.92039,44.20637,0 -72.91996,44.20648,0 -72.91978,44.20660,0 -72.91854,44.20678,0 -72.91826,44.20692,0 -72.91731,44.20707,0 -72.91662,44.20702,0 -72.91534,44.20661,0 -72.91478,44.20648,0 -72.91441,44.20633,0 -72.91397,44.20622,0 -72.91367,44.20621,0 -72.91280,44.20589,0 -72.91205,44.20583,0 -72.91176,44.20571,0 -72.91168,44.20564,0 -72.91123,44.20560,0 -72.91085,44.20548,0 -72.91058,44.20527,0 -72.90927,44.20451,0 -72.90889,44.20436,0 -72.90821,44.20394,0 -72.90807,44.20395,0 -72.90755,44.20377,0 -72.90639,44.20378,0 -72.90616,44.20385,0</coordinates></LineString>
        <LineString><tessellate>1</tessellate><coordinates>-72.89488,44.20108,0 -72.89462,44.20076,0 -72.89444,44.20033,0 -72.89442,44.20017,0 -72.89413,44.19982,0 -72.89405,44.19978,0 -72.89368,44.19996,0 -72.89330,44.19997,0</coordinates></LineString>
        <LineString><tessellate>1</tessellate><coordinates>-72.89924,44.20460,0 -72.89897,44.20448,0 -72.89826,44.20445,0 -72.89785,44.20431,0 -72.89715,44.20416,0 -72.89664,44.20396,0 -72.89593,44.20395,0 -72.89557,44.20380,0 -72.89547,44.20361,0 -72.89533,44.20295,0 -72.89500,44.20225,0 -72.89509,44.20150,0 -72.89504,44.20132,0 -72.89488,44.20108,0</coordinates></LineString>
        <LineString><tessellate>1</tessellate><coordinates>-72.88526,44.19096,0 -72.88499,44.19077,0</coordinates></LineString>
        <LineString><tessellate>1</tessellate><coordinates>-72.88550,44.19143,0 -72.88552,44.19130,0 -72.88548,44.19114,0 -72.88526,44.19096,0</coordinates></LineString>
        <LineString><tessellate>1</tessellate><coordinates>-72.89330,44.19997,0 -72.89321,44.19993,0 -72.89313,44.19975,0 -72.89322,44.19957,0 -72.89318,44.19914,0 -72.89357,44.19880,0 -72.89368,44.19858,0 -72.89366,44.19840,0 -72.89350,44.19826,0 -72.89323,44.19785,0 -72.89295,44.19759,0 -72.89275,44.19730,0 -72.89241,44.19700,0 -72.89236,44.19689,0 -72.89184,44.19663,0 -72.89155,44.19633,0 -72.89152,44.19623,0 -72.89137,44.19613,0 -72.89130,44.19598,0 -72.89066,44.19551,0 -72.89059,44.19520,0 -72.88995,44.19501,0 -72.88981,44.19487,0 -72.88970,44.19453,0 -72.88971,44.19429,0 -72.88978,44.19417,0 -72.89007,44.19399,0 -72.89012,44.19380,0 -72.89008,44.19357,0 -72.88998,44.19344,0 -72.88974,44.19330,0 -72.88937,44.19334,0 -72.88926,44.19329,0 -72.88887,44.19286,0 -72.88861,44.19279,0 -72.88815,44.19283,0 -72.88741,44.19272,0 -72.88687,44.19274,0 -72.88646,44.19267,0 -72.88590,44.19235,0 -72.88565,44.19209,0 -72.88548,44.19170,0 -72.88550,44.19143,0</coordinates></LineString>
        <LineString><tessellate>1</tessellate><coordinates>-72.88499,44.19077,0 -72.88422,44.19024,0 -72.88326,44.19003,0 -72.88294,44.18983,0 -72.88278,44.18961,0 -72.88250,44.18893,0 -72.88133,44.18801,0 -72.88054,44.18757,0 -72.88006,44.18758,0 -72.87963,44.18743,0 -72.87958,44.18729,0 -72.87989,44.18703,0 -72.87991,44.18687,0 -72.87987,44.18672,0 -72.87921,44.18602,0 -72.87909,44.18568,0 -72.87899,44.18556,0 -72.87891,44.18553,0 -72.87868,44.18556,0 -72.87792,44.18606,0 -72.87773,44.18605,0 -72.87737,44.18578,0 -72.87707,44.18570,0 -72.87684,44.18572,0 -72.87634,44.18586,0 -72.87595,44.18618,0 -72.87507,44.18618,0 -72.87452,44.18625,0 -72.87409,44.18620,0 -72.87359,44.18605,0 -72.87274,44.18572,0 -72.87259,44.18560,0 -72.87198,44.18535,0 -72.87159,44.18525,0</coordinates></LineString>
        <LineString><tessellate>1</tessellate><coordinates>-72.87150,44.18492,0 -72.87139,44.18477,0 -72.87139,44.18458,0 -72.87126,44.18411,0 -72.87108,44.18371,0 -72.87092,44.18354,0 -72.87027,44.18334,0 -72.86954,44.18345,0</coordinates></LineString>
        <LineString><tessellate>1</tessellate><coordinates>-72.85841,44.18248,0 -72.85797,44.18263,0 -72.85702,44.18272,0 -72.85612,44.18297,0 -72.85501,44.18315,0 -72.85435,44.18335,0 -72.85316,44.18357,0 -72.85188,44.18388,0</coordinates></LineString>
        <LineString><tessellate>1</tessellate><coordinates>-72.83375,44.17949,0 -72.83368,44.17960,0</coordinates></LineString>
        <LineString><tessellate>1</tessellate><coordinates>-72.83625,44.17829,0 -72.83571,44.17880,0 -72.83554,44.17889,0 -72.83503,44.17906,0 -72.83437,44.17918,0 -72.83386,44.17940,0 -72.83375,44.17949,0</coordinates></LineString>
        <LineString><tessellate>1</tessellate><coordinates>-72.84276,44.18107,0 -72.84276,44.18092,0 -72.84269,44.18082,0 -72.84110,44.17996,0 -72.84052,44.17958,0 -72.84016,44.17947,0 -72.83988,44.17947,0 -72.83940,44.17961,0 -72.83904,44.17986,0 -72.83888,44.17988,0 -72.83863,44.17978,0 -72.83792,44.17916,0 -72.83744,44.17901,0 -72.83712,44.17886,0 -72.83650,44.17841,0 -72.83648,44.17835,0 -72.83635,44.17828,0 -72.83625,44.17829,0</coordinates></LineString>
        <LineString><tessellate>1</tessellate><coordinates>-72.85188,44.18388,0 -72.85135,44.18399,0 -72.85095,44.18394,0 -72.85081,44.18382,0 -72.84902,44.18294,0 -72.84806,44.18254,0 -72.84772,44.18254,0 -72.84720,44.18263,0 -72.84652,44.18259,0</coordinates></LineString>
        <LineString><tessellate>1</tessellate><coordinates>-72.86193,44.18209,0 -72.86168,44.18188,0</coordinates></LineString>
        <LineString><tessellate>1</tessellate><coordinates>-72.87159,44.18525,0 -72.87147,44.18505,0 -72.87150,44.18492,0</coordinates></LineString>
        <LineString><tessellate>1</tessellate><coordinates>-72.84652,44.18259,0 -72.84578,44.18249,0 -72.84530,44.18250,0 -72.84470,44.18238,0 -72.84370,44.18184,0 -72.84332,44.18137,0 -72.84282,44.18121,0 -72.84276,44.18107,0</coordinates></LineString>
        <LineString><tessellate>1</tessellate><coordinates>-72.86954,44.18345,0 -72.86917,44.18342,0 -72.86819,44.18323,0 -72.86779,44.18328,0 -72.86653,44.18358,0 -72.86584,44.18364,0 -72.86538,44.18355,0 -72.86492,44.18353,0 -72.86426,44.18334,0 -72.86315,44.18288,0 -72.86273,44.18265,0</coordinates></LineString>
        <LineString><tessellate>1</tessellate><coordinates>-72.86273,44.18265,0 -72.86210,44.18225,0 -72.86193,44.18209,0</coordinates></LineString>
        <LineString><tessellate>1</tessellate><coordinates>-72.86168,44.18188,0 -72.86134,44.18174,0 -72.86049,44.18161,0 -72.85984,44.18165,0 -72.85950,44.18177,0 -72.85930,44.18189,0 -72.85894,44.18224,0 -72.85841,44.18248,0</coordinates></LineString>
      </MultiGeometry>
    </Placemark>
    <Placemark>
      <name>Chase Brook (Fayston)</name>
      <description><![CDATA[BKT | B1<br/>Vermont Open Geodata Portal - VT Hydrography Dataset, cartographic extract lines (VCGI)]]></description>
      <styleUrl>#ln-2e7d32</styleUrl>
      <MultiGeometry>
        <LineString><tessellate>1</tessellate><coordinates>-72.92207,44.18524,0 -72.92055,44.18486,0</coordinates></LineString>
        <LineString><tessellate>1</tessellate><coordinates>-72.90186,44.17862,0 -72.90167,44.17880,0 -72.90150,44.17887,0 -72.90125,44.17933,0 -72.90115,44.17940,0 -72.90083,44.17948,0 -72.90032,44.17945,0 -72.89941,44.17949,0 -72.89914,44.17968,0 -72.89888,44.18004,0 -72.89873,44.18006,0 -72.89824,44.17995,0 -72.89802,44.18012,0 -72.89758,44.18008,0</coordinates></LineString>
        <LineString><tessellate>1</tessellate><coordinates>-72.89758,44.18008,0 -72.89731,44.18011,0 -72.89679,44.17981,0 -72.89662,44.17977,0 -72.89548,44.17965,0 -72.89539,44.17956,0 -72.89432,44.17898,0 -72.89406,44.17868,0 -72.89400,44.17853,0 -72.89381,44.17839,0 -72.89338,44.17838,0 -72.89223,44.17811,0 -72.89132,44.17831,0 -72.89077,44.17853,0 -72.89048,44.17876,0 -72.89023,44.17883,0 -72.88958,44.17912,0 -72.88930,44.17918,0 -72.88896,44.17906,0 -72.88877,44.17894,0 -72.88838,44.17886,0 -72.88689,44.17888,0 -72.88664,44.17874,0 -72.88621,44.17868,0 -72.88551,44.17882,0 -72.88456,44.17888,0 -72.88356,44.17880,0 -72.88312,44.17865,0 -72.88290,44.17852,0</coordinates></LineString>
        <LineString><tessellate>1</tessellate><coordinates>-72.88016,44.18171,0 -72.87956,44.18167,0 -72.87930,44.18179,0 -72.87896,44.18199,0 -72.87878,44.18225,0 -72.87848,44.18254,0 -72.87768,44.18290,0 -72.87757,44.18303,0 -72.87697,44.18320,0 -72.87671,44.18332,0 -72.87658,44.18343,0 -72.87642,44.18382,0 -72.87619,44.18393,0 -72.87506,44.18414,0 -72.87438,44.18417,0 -72.87414,44.18431,0 -72.87395,44.18454,0 -72.87304,44.18493,0 -72.87247,44.18500,0 -72.87158,44.18493,0</coordinates></LineString>
        <LineString><tessellate>1</tessellate><coordinates>-72.90275,44.17781,0 -72.90229,44.17814,0 -72.90213,44.17838,0 -72.90186,44.17862,0</coordinates></LineString>
        <LineString><tessellate>1</tessellate><coordinates>-72.88290,44.17852,0 -72.88249,44.17881,0 -72.88181,44.17968,0 -72.88156,44.17988,0 -72.88135,44.18015,0 -72.88114,44.18054,0 -72.88093,44.18078,0 -72.88091,44.18115,0 -72.88077,44.18146,0 -72.88052,44.18167,0 -72.88016,44.18171,0</coordinates></LineString>
        <LineString><tessellate>1</tessellate><coordinates>-72.92055,44.18486,0 -72.91991,44.18465,0 -72.91959,44.18445,0 -72.91859,44.18403,0 -72.91823,44.18376,0 -72.91774,44.18357,0 -72.91722,44.18324,0 -72.91703,44.18319,0 -72.91664,44.18298,0 -72.91564,44.18233,0 -72.91461,44.18177,0 -72.91342,44.18096,0 -72.91290,44.18072,0 -72.91156,44.17991,0 -72.91025,44.17929,0 -72.90929,44.17890,0 -72.90843,44.17838,0 -72.90802,44.17835,0 -72.90772,44.17838,0 -72.90724,44.17826,0 -72.90670,44.17822,0 -72.90646,44.17824,0 -72.90641,44.17829,0 -72.90643,44.17836,0 -72.90631,44.17838,0 -72.90614,44.17839,0 -72.90601,44.17833,0 -72.90571,44.17837,0 -72.90538,44.17818,0 -72.90498,44.17817,0 -72.90414,44.17795,0 -72.90377,44.17793,0 -72.90334,44.17776,0</coordinates></LineString>
        <LineString><tessellate>1</tessellate><coordinates>-72.87158,44.18493,0 -72.87150,44.18492,0</coordinates></LineString>
        <LineString><tessellate>1</tessellate><coordinates>-72.90334,44.17776,0 -72.90301,44.17777,0</coordinates></LineString>
        <LineString><tessellate>1</tessellate><coordinates>-72.90301,44.17777,0 -72.90275,44.17781,0</coordinates></LineString>
      </MultiGeometry>
    </Placemark>
    <Placemark>
      <name>Slide Brook</name>
      <description><![CDATA[BKT | B1<br/>Vermont Open Geodata Portal - VT Hydrography Dataset, cartographic extract lines (VCGI)]]></description>
      <styleUrl>#ln-2e7d32</styleUrl>
      <MultiGeometry>
        <LineString><tessellate>1</tessellate><coordinates>-72.91720,44.15396,0 -72.91587,44.15418,0 -72.91526,44.15437,0</coordinates></LineString>
        <LineString><tessellate>1</tessellate><coordinates>-72.88518,44.17748,0 -72.88503,44.17753,0 -72.88466,44.17753,0 -72.88444,44.17758,0 -72.88434,44.17770,0 -72.88427,44.17810,0 -72.88405,44.17831,0 -72.88368,44.17841,0 -72.88290,44.17852,0</coordinates></LineString>
        <LineString><tessellate>1</tessellate><coordinates>-72.88459,44.16737,0 -72.88453,44.16754,0 -72.88464,44.16794,0 -72.88488,44.16833,0 -72.88492,44.16853,0 -72.88503,44.16866,0 -72.88503,44.16877,0 -72.88492,44.16900,0 -72.88474,44.16916,0 -72.88477,44.16930,0 -72.88494,44.16945,0 -72.88499,44.16958,0 -72.88493,44.16994,0 -72.88460,44.17015,0 -72.88467,44.17059,0 -72.88481,44.17070,0 -72.88504,44.17077,0 -72.88624,44.17232,0 -72.88638,44.17239,0 -72.88640,44.17245,0 -72.88644,44.17280,0 -72.88640,44.17296,0 -72.88620,44.17309,0 -72.88593,44.17338,0 -72.88594,44.17350,0 -72.88609,44.17378,0 -72.88608,44.17405,0 -72.88593,44.17442,0 -72.88585,44.17487,0</coordinates></LineString>
        <LineString><tessellate>1</tessellate><coordinates>-72.91526,44.15437,0 -72.91482,44.15475,0 -72.91404,44.15576,0 -72.91369,44.15613,0 -72.91302,44.15637,0 -72.91270,44.15656,0 -72.91169,44.15698,0 -72.91075,44.15762,0 -72.90931,44.15842,0 -72.90746,44.15898,0 -72.90659,44.15910,0 -72.90632,44.15934,0 -72.90585,44.15952,0 -72.90538,44.15968,0 -72.90484,44.15976,0 -72.90382,44.16003,0 -72.90366,44.16013,0 -72.90297,44.16037,0 -72.90274,44.16041,0 -72.90262,44.16047,0 -72.90256,44.16061,0 -72.90193,44.16088,0 -72.90105,44.16141,0 -72.90085,44.16139,0 -72.90064,44.16144,0 -72.89989,44.16182,0 -72.89935,44.16199,0 -72.89887,44.16199,0 -72.89841,44.16190,0 -72.89808,44.16189,0 -72.89694,44.16188,0 -72.89643,44.16193,0 -72.89619,44.16204,0 -72.89530,44.16285,0 -72.89509,44.16295,0</coordinates></LineString>
        <LineString><tessellate>1</tessellate><coordinates>-72.88585,44.17487,0 -72.88548,44.17529,0 -72.88523,44.17547,0 -72.88510,44.17563,0 -72.88508,44.17576,0 -72.88525,44.17600,0 -72.88580,44.17621,0 -72.88595,44.17644,0 -72.88590,44.17656,0 -72.88545,44.17710,0 -72.88529,44.17740,0 -72.88518,44.17748,0</coordinates></LineString>
        <LineString><tessellate>1</tessellate><coordinates>-72.89509,44.16295,0 -72.89476,44.16325,0 -72.89455,44.16378,0 -72.89421,44.16426,0 -72.89393,44.16437,0 -72.89353,44.16467,0 -72.89324,44.16500,0 -72.89304,44.16510,0 -72.89285,44.16533,0 -72.89243,44.16549,0 -72.89158,44.16623,0 -72.89110,44.16641,0 -72.89019,44.16649,0 -72.88946,44.16664,0 -72.88895,44.16665,0 -72.88868,44.16672,0 -72.88840,44.16673,0 -72.88794,44.16656,0 -72.88763,44.16655,0 -72.88708,44.16671,0 -72.88560,44.16676,0 -72.88537,44.16682,0 -72.88517,44.16703,0 -72.88477,44.16719,0 -72.88459,44.16737,0</coordinates></LineString>
      </MultiGeometry>
    </Placemark>
    <Placemark>
      <name>Shepard Brook</name>
      <description><![CDATA[BKT, BNT, RBT | B1<br/>Vermont Open Geodata Portal - VT Hydrography Dataset, cartographic extract lines (VCGI)]]></description>
      <styleUrl>#ln-1565c0</styleUrl>
      <MultiGeometry>
        <LineString><tessellate>1</tessellate><coordinates>-72.88594,44.27083,0 -72.88550,44.27044,0 -72.88509,44.27022,0 -72.88503,44.27015,0 -72.88444,44.26990,0 -72.88411,44.26967,0 -72.88367,44.26960,0 -72.88349,44.26948,0 -72.88333,44.26947,0 -72.88286,44.26920,0 -72.88267,44.26917,0 -72.88221,44.26896,0 -72.88199,44.26874,0 -72.88168,44.26866,0 -72.88118,44.26864,0 -72.88078,44.26853,0 -72.88047,44.26837,0 -72.88015,44.26830,0 -72.87971,44.26799,0 -72.87944,44.26760,0 -72.87927,44.26751,0 -72.87859,44.26743,0 -72.87803,44.26717,0 -72.87734,44.26717,0 -72.87699,44.26703,0 -72.87665,44.26695,0 -72.87641,44.26671,0 -72.87631,44.26649,0 -72.87608,44.26621,0 -72.87556,44.26600,0 -72.87549,44.26592,0 -72.87549,44.26574,0 -72.87560,44.26561,0 -72.87556,44.26550,0 -72.87526,44.26528,0 -72.87486,44.26520,0 -72.87478,44.26511,0 -72.87477,44.26498,0 -72.87430,44.26465,0 -72.87393,44.26426,0 -72.87375,44.26382,0 -72.87377,44.26351,0</coordinates></LineString>
        <LineString><tessellate>1</tessellate><coordinates>-72.87310,44.25633,0 -72.87309,44.25619,0 -72.87301,44.25610,0 -72.87275,44.25598,0 -72.87249,44.25578,0</coordinates></LineString>
        <LineString><tessellate>1</tessellate><coordinates>-72.87430,44.24916,0 -72.87440,44.24875,0 -72.87430,44.24835,0 -72.87415,44.24804,0 -72.87382,44.24775,0 -72.87384,44.24738,0 -72.87379,44.24717,0 -72.87382,44.24693,0 -72.87432,44.24632,0 -72.87451,44.24597,0 -72.87453,44.24558,0 -72.87439,44.24541,0 -72.87427,44.24536,0</coordinates></LineString>
        <LineString><tessellate>1</tessellate><coordinates>-72.87427,44.24536,0 -72.87343,44.24544,0 -72.87311,44.24532,0 -72.87302,44.24484,0</coordinates></LineString>
        <LineString><tessellate>1</tessellate><coordinates>-72.84114,44.23898,0 -72.84092,44.23900,0 -72.84026,44.23890,0 -72.83966,44.23872,0 -72.83949,44.23862,0 -72.83935,44.23840,0 -72.83878,44.23835,0 -72.83846,44.23824,0</coordinates></LineString>
        <LineString><tessellate>1</tessellate><coordinates>-72.82925,44.23823,0 -72.82918,44.23817,0 -72.82871,44.23811,0 -72.82837,44.23798,0 -72.82818,44.23790,0 -72.82800,44.23772,0 -72.82778,44.23761,0 -72.82758,44.23758,0 -72.82652,44.23778,0</coordinates></LineString>
        <LineString><tessellate>1</tessellate><coordinates>-72.87302,44.24484,0 -72.87300,44.24471,0 -72.87287,44.24459,0 -72.87174,44.24412,0 -72.87126,44.24409,0 -72.87046,44.24421,0 -72.87025,44.24416,0 -72.87005,44.24405,0 -72.86972,44.24357,0 -72.86898,44.24318,0 -72.86864,44.24291,0 -72.86859,44.24283,0 -72.86862,44.24257,0 -72.86856,44.24236,0 -72.86834,44.24224,0 -72.86827,44.24199,0 -72.86804,44.24189,0 -72.86767,44.24157,0 -72.86636,44.24092,0 -72.86532,44.24079,0</coordinates></LineString>
        <LineString><tessellate>1</tessellate><coordinates>-72.83495,44.23915,0 -72.83474,44.23917,0 -72.83457,44.23912,0 -72.83371,44.23859,0 -72.83256,44.23805,0 -72.83223,44.23794,0 -72.83204,44.23792,0 -72.83175,44.23795,0 -72.83138,44.23808,0 -72.83128,44.23825,0 -72.83130,44.23851,0 -72.83127,44.23870,0 -72.83106,44.23878,0 -72.83002,44.23862,0 -72.82948,44.23845,0 -72.82925,44.23823,0</coordinates></LineString>
        <LineString><tessellate>1</tessellate><coordinates>-72.86532,44.24079,0 -72.86411,44.24042,0 -72.86347,44.24016,0 -72.86338,44.23994,0 -72.86340,44.23969,0 -72.86317,44.23944,0 -72.86270,44.23920,0 -72.86195,44.23872,0 -72.86083,44.23780,0 -72.86061,44.23777,0</coordinates></LineString>
        <LineString><tessellate>1</tessellate><coordinates>-72.85839,44.23748,0 -72.85789,44.23746,0 -72.85704,44.23766,0 -72.85680,44.23780,0 -72.85671,44.23796,0 -72.85643,44.23810,0 -72.85587,44.23809,0 -72.85511,44.23830,0 -72.85469,44.23837,0 -72.85325,44.23842,0 -72.85281,44.23858,0</coordinates></LineString>
        <LineString><tessellate>1</tessellate><coordinates>-72.85281,44.23858,0 -72.85194,44.23875,0 -72.85129,44.23895,0</coordinates></LineString>
        <LineString><tessellate>1</tessellate><coordinates>-72.83846,44.23824,0 -72.83798,44.23801,0 -72.83774,44.23801,0 -72.83660,44.23864,0 -72.83650,44.23865,0 -72.83639,44.23862,0 -72.83628,44.23849,0 -72.83618,44.23812,0 -72.83587,44.23797,0 -72.83515,44.23781,0 -72.83479,44.23780,0 -72.83421,44.23795,0 -72.83406,44.23817,0 -72.83411,44.23829,0 -72.83442,44.23848,0 -72.83454,44.23850,0 -72.83499,44.23871,0 -72.83517,44.23885,0 -72.83519,44.23891,0 -72.83513,44.23908,0 -72.83495,44.23915,0</coordinates></LineString>
        <LineString><tessellate>1</tessellate><coordinates>-72.85129,44.23895,0 -72.85062,44.23917,0 -72.85040,44.23913,0 -72.85035,44.23904,0 -72.85039,44.23895,0 -72.85064,44.23875,0 -72.85069,44.23863,0 -72.85054,44.23845,0 -72.85052,44.23826,0 -72.85039,44.23808,0 -72.85031,44.23806,0 -72.85019,44.23807,0 -72.85000,44.23822,0 -72.84977,44.23832,0 -72.84911,44.23837,0 -72.84857,44.23833,0 -72.84813,44.23805,0 -72.84797,44.23800,0 -72.84735,44.23806,0 -72.84673,44.23806,0 -72.84628,44.23794,0 -72.84566,44.23789,0 -72.84550,44.23782,0 -72.84503,44.23774,0 -72.84473,44.23785,0 -72.84459,44.23839,0 -72.84447,44.23862,0 -72.84423,44.23890,0 -72.84416,44.23893,0 -72.84391,44.23895,0 -72.84365,44.23890,0 -72.84306,44.23865,0 -72.84260,44.23857,0 -72.84212,44.23868,0 -72.84156,44.23891,0 -72.84114,44.23898,0</coordinates></LineString>
        <LineString><tessellate>1</tessellate><coordinates>-72.82652,44.23778,0 -72.82553,44.23785,0 -72.82458,44.23777,0</coordinates></LineString>
        <LineString><tessellate>1</tessellate><coordinates>-72.86061,44.23777,0 -72.86042,44.23788,0 -72.86030,44.23788,0 -72.85974,44.23781,0 -72.85906,44.23759,0 -72.85839,44.23748,0</coordinates></LineString>
        <LineString><tessellate>1</tessellate><coordinates>-72.82458,44.23777,0 -72.82422,44.23771,0 -72.82395,44.23761,0 -72.82350,44.23737,0 -72.82296,44.23701,0 -72.82255,44.23680,0 -72.82222,44.23669,0 -72.82175,44.23663,0 -72.82148,44.23665,0 -72.82112,44.23674,0 -72.82068,44.23693,0 -72.82024,44.23702,0 -72.81969,44.23685,0 -72.81928,44.23688,0 -72.81901,44.23661,0 -72.81860,44.23645,0 -72.81835,44.23646,0 -72.81819,44.23653,0 -72.81801,44.23669,0 -72.81793,44.23682,0 -72.81799,44.23731,0 -72.81833,44.23771,0 -72.81838,44.23790,0 -72.81834,44.23800,0 -72.81824,44.23806,0 -72.81802,44.23805,0 -72.81760,44.23791,0</coordinates></LineString>
        <LineString><tessellate>1</tessellate><coordinates>-72.81760,44.23791,0 -72.81722,44.23785,0 -72.81667,44.23762,0 -72.81647,44.23735,0 -72.81636,44.23680,0 -72.81619,44.23668,0 -72.81579,44.23656,0 -72.81527,44.23628,0 -72.81518,44.23620,0 -72.81491,44.23549,0 -72.81462,44.23526,0 -72.81424,44.23516,0 -72.81339,44.23515,0 -72.81312,44.23509,0 -72.81276,44.23497,0 -72.81161,44.23435,0 -72.81135,44.23426,0 -72.81050,44.23410,0 -72.80909,44.23402,0 -72.80815,44.23377,0 -72.80751,44.23379,0 -72.80718,44.23370,0 -72.80678,44.23355,0 -72.80644,44.23336,0 -72.80583,44.23283,0 -72.80533,44.23255,0</coordinates></LineString>
        <LineString><tessellate>1</tessellate><coordinates>-72.80533,44.23255,0 -72.80460,44.23205,0 -72.80414,44.23192,0 -72.80387,44.23191,0 -72.80349,44.23204,0 -72.80294,44.23248,0 -72.80265,44.23254,0 -72.80236,44.23242,0 -72.80215,44.23215,0 -72.80181,44.23182,0 -72.80063,44.23124,0 -72.80019,44.23116,0 -72.79994,44.23124,0 -72.79974,44.23136,0</coordinates></LineString>
        <LineString><tessellate>1</tessellate><coordinates>-72.87377,44.26351,0 -72.87394,44.26340,0 -72.87403,44.26250,0 -72.87394,44.26232,0 -72.87364,44.26218,0 -72.87335,44.26193,0 -72.87322,44.26167,0 -72.87323,44.26157,0 -72.87395,44.26138,0 -72.87411,44.26126,0 -72.87423,44.26104,0 -72.87422,44.26066,0 -72.87408,44.26039,0 -72.87359,44.25987,0 -72.87356,44.25968,0 -72.87316,44.25902,0 -72.87318,44.25882,0 -72.87329,44.25878,0 -72.87336,44.25867,0 -72.87342,44.25796,0 -72.87351,44.25766,0 -72.87360,44.25750,0 -72.87363,44.25704,0 -72.87355,44.25680,0 -72.87338,44.25664,0 -72.87338,44.25652,0 -72.87312,44.25639,0 -72.87310,44.25633,0</coordinates></LineString>
        <LineString><tessellate>1</tessellate><coordinates>-72.87249,44.25578,0 -72.87236,44.25543,0 -72.87254,44.25511,0 -72.87256,44.25474,0 -72.87250,44.25451,0 -72.87225,44.25420,0 -72.87222,44.25402,0 -72.87230,44.25387,0 -72.87232,44.25373,0 -72.87266,44.25337,0 -72.87284,44.25311,0 -72.87284,44.25303,0</coordinates></LineString>
        <LineString><tessellate>1</tessellate><coordinates>-72.87284,44.25303,0 -72.87278,44.25288,0 -72.87261,44.25273,0 -72.87253,44.25257,0 -72.87255,44.25241,0 -72.87265,44.25229,0 -72.87305,44.25205,0 -72.87387,44.25174,0 -72.87396,44.25161,0 -72.87395,44.25141,0 -72.87420,44.25119,0</coordinates></LineString>
        <LineString><tessellate>1</tessellate><coordinates>-72.87420,44.25119,0 -72.87425,44.25104,0 -72.87418,44.25080,0 -72.87385,44.25030,0 -72.87383,44.24995,0 -72.87410,44.24966,0 -72.87425,44.24937,0 -72.87430,44.24916,0</coordinates></LineString>
        <LineString><tessellate>1</tessellate><coordinates>-72.79701,44.23174,0 -72.79586,44.23136,0 -72.79529,44.23128,0 -72.79525,44.23101,0 -72.79529,44.23070,0 -72.79516,44.23054,0 -72.79498,44.23045,0 -72.79446,44.23031,0 -72.79318,44.23013,0 -72.79297,44.23005,0 -72.79285,44.22986,0 -72.79226,44.22975,0 -72.79169,44.22973,0 -72.79143,44.22964,0 -72.79092,44.22960,0 -72.79073,44.22952,0 -72.79057,44.22944,0 -72.79037,44.22918,0 -72.78986,44.22878,0 -72.78977,44.22858,0 -72.78974,44.22822,0 -72.78960,44.22788,0 -72.78921,44.22773,0 -72.78862,44.22766,0 -72.78839,44.22767,0 -72.78813,44.22775,0 -72.78798,44.22785,0 -72.78790,44.22805,0 -72.78776,44.22816,0 -72.78719,44.22841,0 -72.78707,44.22872,0 -72.78685,44.22908,0 -72.78675,44.22922,0 -72.78657,44.22928,0 -72.78525,44.22919,0 -72.78456,44.22904,0 -72.78420,44.22891,0</coordinates></LineString>
        <LineString><tessellate>1</tessellate><coordinates>-72.78420,44.22891,0 -72.78386,44.22876,0 -72.78359,44.22836,0 -72.78346,44.22796,0 -72.78327,44.22763,0 -72.78230,44.22673,0</coordinates></LineString>
        <LineString><tessellate>1</tessellate><coordinates>-72.79974,44.23136,0 -72.79863,44.23191,0 -72.79830,44.23203,0 -72.79754,44.23193,0 -72.79701,44.23174,0</coordinates></LineString>
        <LineString><tessellate>1</tessellate><coordinates>-72.78230,44.22673,0 -72.78217,44.22669,0</coordinates></LineString>
      </MultiGeometry>
    </Placemark>
    <Placemark>
      <name>Dowsville Brook</name>
      <description><![CDATA[BKT, BNT, RBT | B1<br/>Vermont Open Geodata Portal - VT Hydrography Dataset, cartographic extract lines (VCGI)]]></description>
      <styleUrl>#ln-1565c0</styleUrl>
      <MultiGeometry>
        <LineString><tessellate>1</tessellate><coordinates>-72.85694,44.28969,0 -72.85691,44.28946,0 -72.85679,44.28921,0 -72.85675,44.28880,0 -72.85640,44.28859,0 -72.85628,44.28856,0 -72.85611,44.28861,0 -72.85556,44.28847,0 -72.85523,44.28854,0 -72.85467,44.28844,0 -72.85438,44.28849,0 -72.85429,44.28844,0 -72.85413,44.28845,0</coordinates></LineString>
        <LineString><tessellate>1</tessellate><coordinates>-72.85319,44.28832,0 -72.85287,44.28813,0</coordinates></LineString>
        <LineString><tessellate>1</tessellate><coordinates>-72.85310,44.28449,0 -72.85316,44.28442,0 -72.85316,44.28408,0 -72.85324,44.28403,0 -72.85318,44.28367,0 -72.85304,44.28352,0 -72.85256,44.28346,0 -72.85243,44.28339,0 -72.85238,44.28329,0 -72.85210,44.28318,0</coordinates></LineString>
        <LineString><tessellate>1</tessellate><coordinates>-72.84234,44.28085,0 -72.84212,44.28095,0 -72.84194,44.28096,0 -72.84116,44.28087,0</coordinates></LineString>
        <LineString><tessellate>1</tessellate><coordinates>-72.83537,44.27706,0 -72.83521,44.27681,0 -72.83456,44.27670,0 -72.83420,44.27657,0 -72.83358,44.27647,0 -72.83338,44.27649,0 -72.83306,44.27662,0 -72.83289,44.27657,0 -72.83181,44.27594,0 -72.83131,44.27556,0 -72.83080,44.27553,0 -72.83031,44.27496,0 -72.82980,44.27479,0 -72.82902,44.27475,0</coordinates></LineString>
        <LineString><tessellate>1</tessellate><coordinates>-72.81812,44.26735,0 -72.81795,44.26729,0</coordinates></LineString>
        <LineString><tessellate>1</tessellate><coordinates>-72.80580,44.26161,0 -72.80555,44.26147,0 -72.80506,44.26138,0 -72.80452,44.26099,0 -72.80375,44.26087,0 -72.80331,44.26041,0 -72.80283,44.26014,0 -72.80260,44.26017,0 -72.80233,44.26011,0 -72.80205,44.25987,0 -72.80198,44.25967,0 -72.80154,44.25906,0 -72.80111,44.25895,0 -72.80068,44.25899,0 -72.80054,44.25890,0 -72.80003,44.25801,0 -72.80002,44.25723,0 -72.79996,44.25702,0 -72.79958,44.25681,0</coordinates></LineString>
        <LineString><tessellate>1</tessellate><coordinates>-72.85210,44.28318,0 -72.85197,44.28308,0 -72.85168,44.28268,0 -72.85106,44.28240,0 -72.85076,44.28235,0 -72.85029,44.28236,0 -72.85005,44.28220,0 -72.84970,44.28183,0 -72.84948,44.28180,0 -72.84927,44.28167,0 -72.84921,44.28153,0 -72.84894,44.28133,0 -72.84854,44.28120,0 -72.84829,44.28122,0 -72.84820,44.28119,0 -72.84806,44.28101,0 -72.84769,44.28107,0 -72.84700,44.28088,0 -72.84667,44.28086,0 -72.84618,44.28061,0 -72.84562,44.28049,0 -72.84549,44.28052,0 -72.84494,44.28043,0 -72.84474,44.28032,0 -72.84412,44.28037,0 -72.84332,44.28057,0 -72.84279,44.28062,0 -72.84234,44.28085,0</coordinates></LineString>
        <LineString><tessellate>1</tessellate><coordinates>-72.85287,44.28813,0 -72.85294,44.28768,0 -72.85288,44.28759,0 -72.85283,44.28719,0 -72.85288,44.28658,0 -72.85278,44.28642,0 -72.85270,44.28574,0 -72.85295,44.28515,0 -72.85303,44.28487,0 -72.85301,44.28463,0 -72.85310,44.28449,0</coordinates></LineString>
        <LineString><tessellate>1</tessellate><coordinates>-72.84116,44.28087,0 -72.84094,44.28074,0 -72.84067,44.28068,0 -72.84056,44.28054,0 -72.84044,44.28025,0 -72.84053,44.27996,0 -72.84054,44.27980,0 -72.84047,44.27967,0 -72.84002,44.27942,0 -72.83929,44.27921,0 -72.83906,44.27918,0 -72.83870,44.27925,0 -72.83847,44.27923,0 -72.83833,44.27910,0 -72.83793,44.27893,0 -72.83754,44.27856,0 -72.83709,44.27847,0 -72.83624,44.27774,0 -72.83622,44.27742,0 -72.83614,44.27731,0 -72.83595,44.27722,0 -72.83553,44.27717,0 -72.83537,44.27706,0</coordinates></LineString>
        <LineString><tessellate>1</tessellate><coordinates>-72.82902,44.27475,0 -72.82877,44.27461,0 -72.82828,44.27449,0 -72.82817,44.27433,0 -72.82811,44.27409,0 -72.82771,44.27388,0 -72.82768,44.27380,0 -72.82752,44.27368,0 -72.82737,44.27373,0 -72.82726,44.27382,0 -72.82678,44.27383,0 -72.82655,44.27379,0 -72.82634,44.27387,0 -72.82619,44.27387,0 -72.82594,44.27370,0 -72.82569,44.27344,0 -72.82541,44.27335,0 -72.82482,44.27330,0 -72.82466,44.27324,0 -72.82458,44.27315,0</coordinates></LineString>
        <LineString><tessellate>1</tessellate><coordinates>-72.79958,44.25681,0 -72.79945,44.25667,0 -72.79938,44.25644,0 -72.79941,44.25614,0 -72.79987,44.25559,0 -72.79984,44.25538,0 -72.79969,44.25531,0 -72.79951,44.25529,0 -72.79894,44.25533,0 -72.79825,44.25528,0 -72.79770,44.25511,0 -72.79746,44.25487,0 -72.79733,44.25484,0 -72.79710,44.25489,0 -72.79703,44.25510,0 -72.79663,44.25532,0 -72.79611,44.25519,0 -72.79549,44.25520,0 -72.79518,44.25507,0 -72.79494,44.25482,0 -72.79471,44.25471,0 -72.79425,44.25468,0 -72.79366,44.25457,0 -72.79317,44.25435,0 -72.79290,44.25409,0 -72.79262,44.25350,0 -72.79230,44.25320,0 -72.79179,44.25214,0 -72.79151,44.25205,0 -72.79104,44.25211,0 -72.79080,44.25209,0 -72.79063,44.25197,0 -72.79055,44.25169,0 -72.79047,44.25161,0 -72.79010,44.25142,0 -72.78977,44.25114,0 -72.78954,44.25103,0 -72.78886,44.25097,0 -72.78870,44.25079,0 -72.78863,44.25059,0 -72.78839,44.25048,0 -72.78782,44.25035,0 -72.78763,44.25014,0 -72.78758,44.24968,0 -72.78741,44.24956,0</coordinates></LineString>
        <LineString><tessellate>1</tessellate><coordinates>-72.78106,44.24618,0 -72.78066,44.24630,0 -72.78043,44.24632,0 -72.78001,44.24633,0 -72.77970,44.24626,0 -72.77967,44.24611,0 -72.77980,44.24599,0 -72.77985,44.24588,0 -72.77980,44.24566,0 -72.77898,44.24485,0 -72.77863,44.24483,0 -72.77848,44.24489,0 -72.77818,44.24520,0 -72.77792,44.24538,0 -72.77776,44.24538,0 -72.77752,44.24517,0 -72.77714,44.24517,0 -72.77696,44.24506,0 -72.77689,44.24483,0 -72.77676,44.24461,0 -72.77659,44.24452,0 -72.77619,44.24444,0 -72.77584,44.24443,0 -72.77568,44.24438,0 -72.77446,44.24364,0 -72.77432,44.24346,0 -72.77405,44.24328,0 -72.77373,44.24322,0 -72.77276,44.24346,0 -72.77264,44.24345,0 -72.77250,44.24334,0 -72.77251,44.24276,0</coordinates></LineString>
        <LineString><tessellate>1</tessellate><coordinates>-72.78741,44.24956,0 -72.78705,44.24947,0 -72.78667,44.24907,0 -72.78650,44.24896,0 -72.78555,44.24900,0 -72.78491,44.24866,0 -72.78428,44.24811,0 -72.78408,44.24801,0 -72.78399,44.24780,0 -72.78407,44.24761,0 -72.78403,44.24749,0 -72.78370,44.24745,0 -72.78325,44.24755,0 -72.78287,44.24747,0 -72.78285,44.24723,0 -72.78289,44.24693,0 -72.78280,44.24676,0 -72.78264,44.24659,0 -72.78183,44.24603,0 -72.78157,44.24597,0 -72.78106,44.24618,0</coordinates></LineString>
        <LineString><tessellate>1</tessellate><coordinates>-72.82458,44.27315,0 -72.82446,44.27286,0 -72.82457,44.27238,0 -72.82457,44.27231,0 -72.82448,44.27224,0 -72.82452,44.27188,0 -72.82449,44.27167,0 -72.82367,44.27097,0 -72.82335,44.27055,0 -72.82332,44.27044,0 -72.82295,44.27014,0 -72.82290,44.27004,0 -72.82288,44.26971,0 -72.82272,44.26931,0 -72.82182,44.26882,0 -72.82164,44.26843,0 -72.82146,44.26823,0 -72.82070,44.26814,0 -72.82039,44.26783,0 -72.82018,44.26772,0</coordinates></LineString>
        <LineString><tessellate>1</tessellate><coordinates>-72.82018,44.26772,0 -72.81979,44.26774,0 -72.81905,44.26766,0 -72.81857,44.26767,0 -72.81812,44.26735,0</coordinates></LineString>
        <LineString><tessellate>1</tessellate><coordinates>-72.81795,44.26729,0 -72.81768,44.26728,0 -72.81706,44.26739,0 -72.81680,44.26727,0 -72.81661,44.26711,0 -72.81609,44.26704,0 -72.81592,44.26692,0 -72.81582,44.26656,0 -72.81549,44.26636,0 -72.81526,44.26599,0 -72.81471,44.26570,0 -72.81434,44.26521,0 -72.81375,44.26484,0 -72.81349,44.26461,0 -72.81332,44.26453,0 -72.81304,44.26451,0 -72.81291,44.26440,0 -72.81272,44.26398,0 -72.81255,44.26387,0 -72.81226,44.26387,0 -72.81163,44.26398,0 -72.81137,44.26392,0 -72.81116,44.26372,0 -72.81090,44.26315,0 -72.81069,44.26308,0 -72.81019,44.26314,0 -72.80988,44.26333,0</coordinates></LineString>
        <LineString><tessellate>1</tessellate><coordinates>-72.80988,44.26333,0 -72.80964,44.26336,0 -72.80888,44.26331,0 -72.80815,44.26299,0 -72.80737,44.26283,0 -72.80674,44.26208,0 -72.80652,44.26195,0 -72.80613,44.26188,0 -72.80580,44.26161,0</coordinates></LineString>
        <LineString><tessellate>1</tessellate><coordinates>-72.85413,44.28845,0 -72.85378,44.28847,0 -72.85319,44.28832,0</coordinates></LineString>
        <LineString><tessellate>1</tessellate><coordinates>-72.77251,44.24276,0 -72.77243,44.24266,0</coordinates></LineString>
      </MultiGeometry>
    </Placemark>
    <Placemark>
      <name>Little River - West Branch</name>
      <description><![CDATA[BKT | B1<br/>Vermont Open Geodata Portal - VT Hydrography Dataset, cartographic extract lines (VCGI)]]></description>
      <styleUrl>#ln-2e7d32</styleUrl>
      <MultiGeometry>
        <LineString><tessellate>1</tessellate><coordinates>-72.80535,44.54878,0 -72.80501,44.54862,0 -72.80475,44.54858,0 -72.80411,44.54877,0 -72.80350,44.54882,0 -72.80298,44.54904,0 -72.80271,44.54908,0 -72.80251,44.54906,0 -72.80179,44.54866,0 -72.80149,44.54866,0 -72.80119,44.54854,0 -72.80087,44.54850,0 -72.79997,44.54857,0 -72.79881,44.54854,0 -72.79781,44.54872,0 -72.79659,44.54874,0 -72.79568,44.54866,0 -72.79511,44.54878,0 -72.79482,44.54873,0</coordinates></LineString>
        <LineString><tessellate>1</tessellate><coordinates>-72.76044,44.51268,0 -72.76026,44.51264,0 -72.76013,44.51238,0 -72.76020,44.51218,0 -72.76037,44.51195,0 -72.76044,44.51157,0 -72.76052,44.51142,0 -72.76058,44.51112,0 -72.76037,44.51088,0 -72.75972,44.51079,0 -72.75959,44.51063,0 -72.75952,44.51045,0 -72.75965,44.50997,0 -72.75979,44.50983,0 -72.75981,44.50970,0 -72.75990,44.50961,0 -72.76003,44.50934,0 -72.76007,44.50905,0 -72.75994,44.50870,0 -72.75978,44.50850,0 -72.75952,44.50832,0 -72.75884,44.50739,0 -72.75872,44.50685,0 -72.75862,44.50663,0 -72.75841,44.50647,0 -72.75809,44.50632,0 -72.75769,44.50638,0 -72.75741,44.50636,0 -72.75721,44.50626,0 -72.75698,44.50601,0 -72.75686,44.50567,0 -72.75670,44.50541,0 -72.75617,44.50504,0 -72.75602,44.50477,0 -72.75601,44.50438,0 -72.75618,44.50377,0 -72.75619,44.50335,0 -72.75652,44.50295,0 -72.75657,44.50251,0 -72.75654,44.50232,0 -72.75656,44.50208,0 -72.75655,44.50194,0 -72.75647,44.50180,0</coordinates></LineString>
        <LineString><tessellate>1</tessellate><coordinates>-72.75647,44.50180,0 -72.75612,44.50176,0 -72.75504,44.50136,0 -72.75453,44.50107,0 -72.75351,44.50021,0 -72.75240,44.49964,0 -72.75201,44.49956,0 -72.75135,44.49964,0</coordinates></LineString>
        <LineString><tessellate>1</tessellate><coordinates>-72.75135,44.49964,0 -72.74997,44.49916,0 -72.74963,44.49897,0 -72.74912,44.49879,0 -72.74750,44.49880,0 -72.74724,44.49868,0 -72.74685,44.49835,0 -72.74653,44.49829,0 -72.74631,44.49818,0 -72.74556,44.49732,0 -72.74510,44.49694,0</coordinates></LineString>
        <LineString><tessellate>1</tessellate><coordinates>-72.74552,44.49491,0 -72.74534,44.49436,0 -72.74486,44.49403,0 -72.74434,44.49356,0 -72.74418,44.49273,0 -72.74405,44.49251,0 -72.74378,44.49230,0 -72.74311,44.49197,0</coordinates></LineString>
        <LineString><tessellate>1</tessellate><coordinates>-72.74575,44.49552,0 -72.74557,44.49517,0 -72.74552,44.49491,0</coordinates></LineString>
        <LineString><tessellate>1</tessellate><coordinates>-72.79482,44.54873,0 -72.79469,44.54868,0 -72.79430,44.54827,0 -72.79404,44.54784,0 -72.79348,44.54746,0 -72.79334,44.54728,0 -72.79324,44.54703,0</coordinates></LineString>
        <LineString><tessellate>1</tessellate><coordinates>-72.79324,44.54703,0 -72.79319,44.54648,0 -72.79284,44.54621,0 -72.79275,44.54602,0 -72.79278,44.54586,0 -72.79272,44.54570,0 -72.79251,44.54541,0 -72.79219,44.54474,0 -72.79199,44.54461,0 -72.79188,44.54421,0 -72.79153,44.54391,0</coordinates></LineString>
        <LineString><tessellate>1</tessellate><coordinates>-72.78789,44.53635,0 -72.78769,44.53599,0 -72.78748,44.53576,0 -72.78719,44.53497,0 -72.78711,44.53481,0 -72.78683,44.53449,0 -72.78674,44.53419,0 -72.78644,44.53390,0 -72.78635,44.53364,0 -72.78594,44.53304,0 -72.78593,44.53292,0 -72.78560,44.53263,0 -72.78562,44.53236,0 -72.78559,44.53228,0</coordinates></LineString>
        <LineString><tessellate>1</tessellate><coordinates>-72.78334,44.52992,0 -72.78281,44.52937,0 -72.78254,44.52884,0 -72.78235,44.52817,0 -72.78226,44.52808,0 -72.78212,44.52777,0 -72.78152,44.52750,0 -72.78107,44.52713,0 -72.78084,44.52703,0 -72.78052,44.52702,0 -72.77991,44.52689,0 -72.77913,44.52646,0</coordinates></LineString>
        <LineString><tessellate>1</tessellate><coordinates>-72.79153,44.54391,0 -72.79150,44.54386,0 -72.79158,44.54357,0 -72.79200,44.54321,0 -72.79217,44.54300,0 -72.79237,44.54237,0 -72.79232,44.54214,0 -72.79209,44.54178,0 -72.79202,44.54160,0</coordinates></LineString>
        <LineString><tessellate>1</tessellate><coordinates>-72.78559,44.53228,0 -72.78552,44.53226,0 -72.78543,44.53205,0 -72.78533,44.53162,0 -72.78513,44.53143,0</coordinates></LineString>
        <LineString><tessellate>1</tessellate><coordinates>-72.77913,44.52646,0 -72.77867,44.52603,0 -72.77844,44.52590,0 -72.77731,44.52559,0 -72.77703,44.52545,0 -72.77656,44.52488,0 -72.77624,44.52463,0 -72.77598,44.52452,0 -72.77560,44.52447,0</coordinates></LineString>
        <LineString><tessellate>1</tessellate><coordinates>-72.76712,44.51969,0 -72.76718,44.51950,0 -72.76752,44.51922,0 -72.76758,44.51903,0 -72.76756,44.51877,0 -72.76732,44.51844,0 -72.76692,44.51829,0 -72.76635,44.51800,0 -72.76610,44.51787,0 -72.76600,44.51775,0 -72.76600,44.51764,0 -72.76593,44.51754,0 -72.76595,44.51704,0 -72.76619,44.51640,0 -72.76618,44.51618,0 -72.76598,44.51597,0 -72.76583,44.51588,0 -72.76518,44.51563,0 -72.76419,44.51534,0 -72.76390,44.51509,0 -72.76381,44.51507,0 -72.76377,44.51495,0</coordinates></LineString>
        <LineString><tessellate>1</tessellate><coordinates>-72.76377,44.51495,0 -72.76358,44.51442,0 -72.76315,44.51358,0 -72.76284,44.51336,0 -72.76258,44.51310,0 -72.76239,44.51229,0 -72.76217,44.51194,0 -72.76201,44.51186,0 -72.76165,44.51193,0 -72.76149,44.51203,0 -72.76122,44.51238,0 -72.76098,44.51260,0 -72.76069,44.51270,0 -72.76044,44.51268,0</coordinates></LineString>
        <LineString><tessellate>1</tessellate><coordinates>-72.79202,44.54160,0 -72.79206,44.54118,0 -72.79200,44.54107,0 -72.79191,44.54096,0 -72.79138,44.54068,0 -72.79130,44.54052,0 -72.79088,44.54007,0 -72.79085,44.53980,0 -72.79081,44.53974,0 -72.79042,44.53955,0 -72.79018,44.53924,0 -72.79020,44.53890,0 -72.79001,44.53836,0 -72.78980,44.53815,0 -72.78976,44.53799,0 -72.78948,44.53771,0 -72.78944,44.53751,0 -72.78905,44.53719,0 -72.78880,44.53707,0 -72.78838,44.53695,0 -72.78804,44.53662,0 -72.78789,44.53635,0</coordinates></LineString>
        <LineString><tessellate>1</tessellate><coordinates>-72.77560,44.52447,0 -72.77545,44.52441,0 -72.77497,44.52404,0 -72.77479,44.52370,0 -72.77452,44.52343,0 -72.77430,44.52331,0 -72.77394,44.52324,0 -72.77344,44.52284,0 -72.77317,44.52285,0 -72.77285,44.52303,0 -72.77206,44.52327,0 -72.77113,44.52333,0 -72.76986,44.52301,0 -72.76950,44.52272,0 -72.76946,44.52232,0 -72.76921,44.52211,0 -72.76883,44.52209,0 -72.76864,44.52224,0 -72.76851,44.52226,0 -72.76817,44.52223,0 -72.76785,44.52202,0 -72.76758,44.52148,0 -72.76748,44.52084,0 -72.76731,44.52045,0 -72.76712,44.51969,0</coordinates></LineString>
        <LineString><tessellate>1</tessellate><coordinates>-72.78513,44.53143,0 -72.78461,44.53094,0 -72.78389,44.53058,0 -72.78373,44.53042,0 -72.78355,44.53013,0 -72.78334,44.52992,0</coordinates></LineString>
        <LineString><tessellate>1</tessellate><coordinates>-72.74510,44.49694,0 -72.74482,44.49674,0 -72.74463,44.49654,0 -72.74464,44.49628,0 -72.74470,44.49614,0 -72.74495,44.49595,0 -72.74569,44.49577,0 -72.74576,44.49568,0 -72.74575,44.49552,0</coordinates></LineString>
        <LineString><tessellate>1</tessellate><coordinates>-72.70280,44.47650,0 -72.70263,44.47663,0 -72.70121,44.47674,0 -72.70092,44.47688,0 -72.70028,44.47706,0 -72.69973,44.47733,0 -72.69922,44.47747,0 -72.69874,44.47741,0 -72.69862,44.47731,0 -72.69840,44.47689,0 -72.69746,44.47667,0</coordinates></LineString>
        <LineString><tessellate>1</tessellate><coordinates>-72.72377,44.47894,0 -72.72345,44.47870,0 -72.72341,44.47859,0 -72.72344,44.47848,0 -72.72354,44.47841,0 -72.72382,44.47790,0 -72.72382,44.47734,0 -72.72291,44.47654,0 -72.72272,44.47582,0 -72.72275,44.47560,0 -72.72326,44.47497,0</coordinates></LineString>
        <LineString><tessellate>1</tessellate><coordinates>-72.72326,44.47497,0 -72.72338,44.47484,0 -72.72341,44.47471,0 -72.72334,44.47440,0 -72.72326,44.47435,0 -72.72307,44.47430,0 -72.72214,44.47434,0 -72.72181,44.47431,0 -72.72147,44.47421,0 -72.72069,44.47393,0 -72.71974,44.47338,0 -72.71907,44.47306,0 -72.71872,44.47298,0 -72.71767,44.47320,0 -72.71640,44.47360,0 -72.71588,44.47357,0 -72.71467,44.47329,0</coordinates></LineString>
        <LineString><tessellate>1</tessellate><coordinates>-72.68628,44.47528,0 -72.68601,44.47510,0 -72.68574,44.47467,0 -72.68556,44.47455,0 -72.68514,44.47410,0 -72.68493,44.47370,0 -72.68478,44.47354,0 -72.68463,44.47341,0 -72.68440,44.47331,0 -72.68411,44.47302,0 -72.68408,44.47286,0 -72.68420,44.47271,0 -72.68420,44.47249,0 -72.68433,44.47226,0 -72.68461,44.47199,0 -72.68468,44.47180,0 -72.68465,44.47171,0 -72.68436,44.47149,0 -72.68359,44.47131,0 -72.68350,44.47123,0 -72.68344,44.47110,0 -72.68364,44.47083,0 -72.68487,44.47063,0 -72.68503,44.47054,0 -72.68511,44.47034,0 -72.68512,44.46987,0 -72.68527,44.46933,0 -72.68549,44.46910,0 -72.68590,44.46887,0 -72.68676,44.46825,0 -72.68688,44.46808,0 -72.68688,44.46766,0 -72.68658,44.46735,0</coordinates></LineString>
        <LineString><tessellate>1</tessellate><coordinates>-72.68658,44.46735,0 -72.68653,44.46727,0</coordinates></LineString>
        <LineString><tessellate>1</tessellate><coordinates>-72.74311,44.49197,0 -72.74278,44.49158,0</coordinates></LineString>
        <LineString><tessellate>1</tessellate><coordinates>-72.74278,44.49158,0 -72.74233,44.49076,0 -72.74203,44.49050,0 -72.74145,44.49028,0 -72.74076,44.48993,0 -72.74022,44.48958,0 -72.73956,44.48923,0 -72.73831,44.48875,0 -72.73762,44.48829,0 -72.73740,44.48822,0 -72.73672,44.48819,0 -72.73461,44.48851,0 -72.73312,44.48863,0 -72.73213,44.48857,0</coordinates></LineString>
        <LineString><tessellate>1</tessellate><coordinates>-72.73053,44.48755,0 -72.73047,44.48742,0 -72.73016,44.48706,0 -72.72931,44.48660,0 -72.72917,44.48645,0 -72.72910,44.48622,0 -72.72880,44.48567,0 -72.72875,44.48539,0 -72.72898,44.48490,0 -72.72899,44.48475,0 -72.72892,44.48460,0 -72.72869,44.48432,0 -72.72840,44.48418,0 -72.72799,44.48411,0 -72.72786,44.48402,0 -72.72780,44.48387,0 -72.72767,44.48330,0 -72.72751,44.48289,0 -72.72746,44.48222,0 -72.72753,44.48164,0 -72.72778,44.48100,0 -72.72811,44.48062,0 -72.72822,44.48030,0 -72.72820,44.47999,0 -72.72807,44.47975,0 -72.72782,44.47954,0 -72.72738,44.47938,0</coordinates></LineString>
        <LineString><tessellate>1</tessellate><coordinates>-72.72738,44.47938,0 -72.72667,44.47936,0 -72.72597,44.47956,0 -72.72573,44.47956,0 -72.72446,44.47926,0 -72.72405,44.47913,0 -72.72377,44.47894,0</coordinates></LineString>
        <LineString><tessellate>1</tessellate><coordinates>-72.69140,44.47678,0 -72.69100,44.47681,0 -72.69016,44.47660,0 -72.68862,44.47667,0 -72.68807,44.47657,0 -72.68779,44.47642,0 -72.68764,44.47626,0 -72.68746,44.47605,0 -72.68738,44.47578,0 -72.68727,44.47567,0 -72.68628,44.47528,0</coordinates></LineString>
        <LineString><tessellate>1</tessellate><coordinates>-72.69746,44.47667,0 -72.69729,44.47663,0 -72.69678,44.47621,0 -72.69643,44.47566,0 -72.69631,44.47561,0 -72.69606,44.47561,0 -72.69588,44.47567,0 -72.69566,44.47578,0 -72.69548,44.47601,0 -72.69529,44.47617,0 -72.69494,44.47622,0 -72.69430,44.47594,0 -72.69408,44.47575,0 -72.69370,44.47528,0 -72.69355,44.47521,0 -72.69326,44.47517,0 -72.69298,44.47521,0 -72.69285,44.47531,0 -72.69227,44.47590,0 -72.69184,44.47658,0 -72.69140,44.47678,0</coordinates></LineString>
        <LineString><tessellate>1</tessellate><coordinates>-72.71467,44.47329,0 -72.71389,44.47305,0 -72.71266,44.47257,0 -72.71222,44.47233,0 -72.71178,44.47227,0 -72.71133,44.47227,0 -72.71096,44.47235,0 -72.71049,44.47232,0 -72.71027,44.47222,0 -72.70929,44.47161,0 -72.70900,44.47149,0 -72.70829,44.47148,0 -72.70731,44.47194,0 -72.70690,44.47226,0 -72.70651,44.47267,0 -72.70590,44.47317,0 -72.70573,44.47346,0 -72.70569,44.47379,0 -72.70562,44.47398,0 -72.70543,44.47412,0 -72.70516,44.47422,0 -72.70418,44.47429,0 -72.70395,44.47436,0 -72.70373,44.47451,0 -72.70312,44.47530,0 -72.70293,44.47591,0 -72.70287,44.47640,0 -72.70280,44.47650,0</coordinates></LineString>
        <LineString><tessellate>1</tessellate><coordinates>-72.73213,44.48857,0 -72.73173,44.48845,0 -72.73140,44.48828,0 -72.73116,44.48812,0 -72.73053,44.48755,0</coordinates></LineString>
      </MultiGeometry>
    </Placemark>
    <Placemark>
      <name>Ranch Brook</name>
      <description><![CDATA[BKT | B1<br/>Vermont Open Geodata Portal - VT Hydrography Dataset, cartographic extract lines (VCGI)]]></description>
      <styleUrl>#ln-2e7d32</styleUrl>
      <MultiGeometry>
        <LineString><tessellate>1</tessellate><coordinates>-72.82105,44.50002,0 -72.82060,44.50019,0 -72.82022,44.50050,0 -72.81993,44.50049,0 -72.81967,44.50062,0 -72.81963,44.50071,0 -72.81951,44.50078,0 -72.81894,44.50092,0 -72.81880,44.50091,0 -72.81848,44.50070,0 -72.81786,44.50057,0 -72.81727,44.50061,0 -72.81645,44.50074,0 -72.81629,44.50081,0 -72.81604,44.50107,0 -72.81555,44.50125,0 -72.81535,44.50143,0 -72.81517,44.50185,0 -72.81479,44.50222,0 -72.81351,44.50256,0 -72.81317,44.50274,0 -72.81282,44.50276,0 -72.81166,44.50259,0 -72.81115,44.50269,0 -72.81102,44.50267,0 -72.81071,44.50254,0 -72.81060,44.50260,0 -72.81032,44.50261,0 -72.80990,44.50275,0 -72.80952,44.50276,0</coordinates></LineString>
        <LineString><tessellate>1</tessellate><coordinates>-72.77201,44.50410,0 -72.77162,44.50409,0 -72.77145,44.50415,0 -72.77110,44.50442,0 -72.77080,44.50440,0 -72.77060,44.50432,0</coordinates></LineString>
        <LineString><tessellate>1</tessellate><coordinates>-72.78682,44.50331,0 -72.78665,44.50341,0 -72.78617,44.50345,0 -72.78453,44.50338,0 -72.78411,44.50349,0 -72.78362,44.50388,0 -72.78322,44.50410,0 -72.78266,44.50415,0 -72.78219,44.50396,0 -72.78199,44.50366,0 -72.78187,44.50356,0 -72.78158,44.50345,0 -72.78128,44.50342,0 -72.78045,44.50359,0 -72.78020,44.50370,0 -72.77967,44.50375,0 -72.77807,44.50432,0 -72.77755,44.50444,0 -72.77716,44.50447,0 -72.77662,44.50440,0 -72.77641,44.50429,0 -72.77432,44.50419,0 -72.77292,44.50442,0 -72.77267,44.50441,0 -72.77230,44.50435,0 -72.77210,44.50423,0 -72.77201,44.50410,0</coordinates></LineString>
        <LineString><tessellate>1</tessellate><coordinates>-72.80952,44.50276,0 -72.80946,44.50268,0 -72.80930,44.50262,0 -72.80873,44.50277,0 -72.80751,44.50270,0 -72.80705,44.50278,0 -72.80676,44.50277,0 -72.80622,44.50294,0 -72.80580,44.50281,0 -72.80504,44.50279,0 -72.80406,44.50299,0 -72.80336,44.50280,0</coordinates></LineString>
        <LineString><tessellate>1</tessellate><coordinates>-72.76409,44.50276,0 -72.76311,44.50288,0 -72.76287,44.50286,0 -72.76223,44.50272,0 -72.76113,44.50266,0 -72.76065,44.50259,0</coordinates></LineString>
        <LineString><tessellate>1</tessellate><coordinates>-72.80336,44.50280,0 -72.80312,44.50271,0 -72.80249,44.50269,0 -72.80182,44.50286,0 -72.80124,44.50289,0 -72.80103,44.50299,0 -72.80085,44.50303,0 -72.80044,44.50298,0 -72.79987,44.50284,0 -72.79895,44.50294,0 -72.79786,44.50297,0 -72.79748,44.50288,0 -72.79647,44.50235,0 -72.79610,44.50223,0 -72.79563,44.50218,0 -72.79497,44.50192,0 -72.79407,44.50182,0 -72.79383,44.50168,0 -72.79357,44.50166,0</coordinates></LineString>
        <LineString><tessellate>1</tessellate><coordinates>-72.79357,44.50166,0 -72.79340,44.50164,0 -72.79306,44.50174,0 -72.79284,44.50188,0 -72.79266,44.50209,0 -72.79243,44.50227,0 -72.79231,44.50232,0 -72.79217,44.50231,0</coordinates></LineString>
        <LineString><tessellate>1</tessellate><coordinates>-72.78916,44.50179,0 -72.78835,44.50203,0 -72.78818,44.50219,0 -72.78814,44.50241,0 -72.78808,44.50250,0 -72.78777,44.50269,0 -72.78719,44.50284,0 -72.78699,44.50295,0 -72.78691,44.50303,0 -72.78682,44.50331,0</coordinates></LineString>
        <LineString><tessellate>1</tessellate><coordinates>-72.79217,44.50231,0 -72.79143,44.50236,0 -72.79073,44.50219,0 -72.79031,44.50196,0 -72.78960,44.50174,0 -72.78916,44.50179,0</coordinates></LineString>
        <LineString><tessellate>1</tessellate><coordinates>-72.77060,44.50432,0 -72.77035,44.50428,0 -72.77018,44.50430,0 -72.76981,44.50445,0 -72.76968,44.50463,0 -72.76956,44.50470,0 -72.76921,44.50478,0 -72.76896,44.50476,0 -72.76796,44.50422,0 -72.76763,44.50409,0 -72.76695,44.50400,0 -72.76621,44.50381,0 -72.76535,44.50366,0 -72.76501,44.50347,0 -72.76487,44.50320,0 -72.76482,44.50299,0 -72.76471,44.50290,0 -72.76448,44.50280,0 -72.76409,44.50276,0</coordinates></LineString>
        <LineString><tessellate>1</tessellate><coordinates>-72.76065,44.50259,0 -72.76004,44.50212,0 -72.75983,44.50205,0 -72.75748,44.50214,0 -72.75719,44.50210,0 -72.75683,44.50185,0 -72.75675,44.50184,0</coordinates></LineString>
      </MultiGeometry>
    </Placemark>
    <Placemark>
      <name>Austin Brook</name>
      <description><![CDATA[BKT, RBT<br/>Vermont Open Geodata Portal - VT Hydrography Dataset, cartographic extract lines (VCGI)]]></description>
      <styleUrl>#ln-00897b</styleUrl>
      <MultiGeometry>
        <LineString><tessellate>1</tessellate><coordinates>-72.90198,44.04542,0 -72.90189,44.04539,0 -72.90172,44.04516,0 -72.90159,44.04510,0 -72.90111,44.04499,0 -72.90059,44.04479,0 -72.90017,44.04475,0 -72.89948,44.04458,0</coordinates></LineString>
        <LineString><tessellate>1</tessellate><coordinates>-72.86310,44.05947,0 -72.86283,44.05954,0 -72.86254,44.05968,0 -72.86199,44.06012,0 -72.86162,44.06032,0 -72.86104,44.06047,0 -72.86057,44.06066,0 -72.86004,44.06078,0 -72.85956,44.06129,0 -72.85919,44.06154,0 -72.85876,44.06161,0 -72.85829,44.06162,0 -72.85767,44.06122,0 -72.85705,44.06107,0 -72.85692,44.06110,0 -72.85676,44.06118,0 -72.85664,44.06137,0 -72.85622,44.06173,0 -72.85607,44.06196,0 -72.85546,44.06199,0 -72.85508,44.06212,0 -72.85478,44.06242,0 -72.85475,44.06264,0</coordinates></LineString>
        <LineString><tessellate>1</tessellate><coordinates>-72.85475,44.06264,0 -72.85482,44.06278,0 -72.85498,44.06291,0 -72.85519,44.06342,0</coordinates></LineString>
        <LineString><tessellate>1</tessellate><coordinates>-72.86790,44.05927,0 -72.86736,44.05925,0 -72.86666,44.05913,0 -72.86620,44.05924,0 -72.86567,44.05945,0 -72.86521,44.05953,0 -72.86497,44.05952,0 -72.86485,44.05946,0 -72.86466,44.05926,0 -72.86454,44.05926,0 -72.86435,44.05927,0 -72.86411,44.05938,0 -72.86310,44.05947,0</coordinates></LineString>
        <LineString><tessellate>1</tessellate><coordinates>-72.87648,44.05515,0 -72.87588,44.05537,0 -72.87567,44.05567,0 -72.87539,44.05586,0 -72.87418,44.05587,0 -72.87375,44.05580,0 -72.87354,44.05590,0 -72.87243,44.05610,0 -72.87185,44.05635,0 -72.87159,44.05652,0</coordinates></LineString>
        <LineString><tessellate>1</tessellate><coordinates>-72.88101,44.04825,0 -72.88075,44.04857,0 -72.88041,44.04876,0 -72.88029,44.04911,0 -72.88014,44.04931,0 -72.87918,44.05003,0 -72.87902,44.05025,0 -72.87829,44.05043,0 -72.87780,44.05067,0</coordinates></LineString>
        <LineString><tessellate>1</tessellate><coordinates>-72.88219,44.04573,0 -72.88206,44.04584,0 -72.88208,44.04613,0 -72.88192,44.04642,0 -72.88157,44.04664,0 -72.88147,44.04679,0 -72.88152,44.04705,0 -72.88153,44.04746,0 -72.88150,44.04755,0 -72.88120,44.04773,0 -72.88101,44.04825,0</coordinates></LineString>
        <LineString><tessellate>1</tessellate><coordinates>-72.88841,44.04143,0 -72.88792,44.04160,0 -72.88744,44.04206,0 -72.88672,44.04207,0 -72.88611,44.04227,0 -72.88578,44.04214,0</coordinates></LineString>
        <LineString><tessellate>1</tessellate><coordinates>-72.89768,44.04454,0 -72.89705,44.04440,0 -72.89668,44.04424,0 -72.89614,44.04418,0 -72.89491,44.04354,0 -72.89399,44.04321,0 -72.89335,44.04290,0 -72.89271,44.04293,0 -72.89195,44.04279,0 -72.89187,44.04274,0 -72.89144,44.04264,0 -72.89106,44.04250,0 -72.89094,44.04234,0 -72.89070,44.04227,0 -72.89051,44.04212,0 -72.89020,44.04205,0 -72.89010,44.04197,0 -72.88961,44.04182,0 -72.88947,44.04161,0 -72.88920,44.04168,0 -72.88889,44.04146,0 -72.88841,44.04143,0</coordinates></LineString>
        <LineString><tessellate>1</tessellate><coordinates>-72.87159,44.05652,0 -72.87011,44.05716,0 -72.86998,44.05729,0 -72.86989,44.05755,0 -72.86904,44.05814,0 -72.86889,44.05835,0 -72.86872,44.05876,0 -72.86850,44.05906,0 -72.86821,44.05920,0 -72.86790,44.05927,0</coordinates></LineString>
        <LineString><tessellate>1</tessellate><coordinates>-72.88578,44.04214,0 -72.88531,44.04220,0 -72.88508,44.04239,0 -72.88447,44.04270,0 -72.88426,44.04288,0 -72.88410,44.04339,0 -72.88386,44.04381,0 -72.88397,44.04406,0 -72.88397,44.04422,0 -72.88381,44.04445,0 -72.88376,44.04476,0 -72.88368,44.04488,0 -72.88332,44.04498,0 -72.88274,44.04549,0 -72.88219,44.04573,0</coordinates></LineString>
        <LineString><tessellate>1</tessellate><coordinates>-72.87780,44.05067,0 -72.87757,44.05080,0 -72.87734,44.05104,0 -72.87721,44.05130,0 -72.87716,44.05162,0 -72.87721,44.05178,0 -72.87751,44.05212,0 -72.87756,44.05228,0 -72.87753,44.05239,0 -72.87722,44.05277,0 -72.87720,44.05286,0 -72.87728,44.05304,0 -72.87758,44.05325,0 -72.87766,44.05356,0 -72.87759,44.05370,0 -72.87710,44.05404,0 -72.87681,44.05456,0 -72.87666,44.05504,0 -72.87648,44.05515,0</coordinates></LineString>
        <LineString><tessellate>1</tessellate><coordinates>-72.89948,44.04458,0 -72.89836,44.04451,0 -72.89808,44.04443,0 -72.89791,44.04445,0 -72.89768,44.04454,0</coordinates></LineString>
      </MultiGeometry>
    </Placemark>
    <Placemark>
      <name>Stetson Brook</name>
      <description><![CDATA[BKT, RBT<br/>Vermont Open Geodata Portal - VT Hydrography Dataset, cartographic extract lines (VCGI)]]></description>
      <styleUrl>#ln-00897b</styleUrl>
      <MultiGeometry>
        <LineString><tessellate>1</tessellate><coordinates>-72.92167,44.05971,0 -72.92134,44.05973,0 -72.92077,44.05966,0 -72.92053,44.05982,0 -72.92023,44.05990,0 -72.91977,44.05994,0 -72.91936,44.05991,0 -72.91899,44.05996,0 -72.91743,44.06038,0</coordinates></LineString>
        <LineString><tessellate>1</tessellate><coordinates>-72.87004,44.07721,0 -72.86965,44.07732,0 -72.86922,44.07731,0 -72.86850,44.07702,0 -72.86802,44.07662,0 -72.86765,44.07659,0 -72.86700,44.07674,0 -72.86691,44.07684,0 -72.86681,44.07711,0 -72.86658,44.07722,0 -72.86629,44.07724,0 -72.86597,44.07740,0 -72.86533,44.07752,0 -72.86433,44.07742,0 -72.86399,44.07729,0 -72.86370,44.07724,0 -72.86221,44.07719,0 -72.86043,44.07698,0 -72.86028,44.07711,0 -72.86022,44.07723,0 -72.86027,44.07746,0 -72.86041,44.07762,0 -72.86037,44.07780,0 -72.86021,44.07792,0 -72.85989,44.07793,0 -72.85954,44.07806,0 -72.85936,44.07832,0 -72.85914,44.08029,0 -72.85915,44.08084,0</coordinates></LineString>
        <LineString><tessellate>1</tessellate><coordinates>-72.87700,44.07664,0 -72.87641,44.07685,0 -72.87603,44.07688,0 -72.87568,44.07672,0 -72.87537,44.07645,0 -72.87522,44.07643,0 -72.87304,44.07702,0 -72.87131,44.07697,0 -72.87052,44.07701,0 -72.87017,44.07710,0 -72.87004,44.07721,0</coordinates></LineString>
        <LineString><tessellate>1</tessellate><coordinates>-72.90537,44.06392,0 -72.90514,44.06407,0 -72.90422,44.06438,0 -72.90403,44.06452,0 -72.90375,44.06464,0 -72.90336,44.06471,0 -72.90279,44.06471,0</coordinates></LineString>
        <LineString><tessellate>1</tessellate><coordinates>-72.88186,44.07223,0 -72.88162,44.07289,0 -72.88156,44.07297,0 -72.88130,44.07309,0 -72.88079,44.07320,0 -72.88041,44.07356,0 -72.88019,44.07360,0 -72.87971,44.07347,0 -72.87936,44.07351,0 -72.87922,44.07358,0 -72.87886,44.07419,0 -72.87860,44.07439,0</coordinates></LineString>
        <LineString><tessellate>1</tessellate><coordinates>-72.88749,44.07057,0 -72.88725,44.07080,0 -72.88709,44.07087,0 -72.88658,44.07092,0 -72.88629,44.07116,0 -72.88600,44.07130,0 -72.88552,44.07130,0 -72.88507,44.07118,0 -72.88475,44.07117,0 -72.88469,44.07120,0 -72.88462,44.07142,0 -72.88446,44.07149,0 -72.88384,44.07135,0 -72.88367,44.07136,0 -72.88345,44.07157,0 -72.88341,44.07202,0 -72.88328,44.07221,0 -72.88256,44.07234,0 -72.88205,44.07221,0 -72.88186,44.07223,0</coordinates></LineString>
        <LineString><tessellate>1</tessellate><coordinates>-72.89035,44.06936,0 -72.88972,44.06957,0 -72.88933,44.06961,0 -72.88860,44.07014,0 -72.88804,44.07015,0 -72.88762,44.07042,0 -72.88749,44.07057,0</coordinates></LineString>
        <LineString><tessellate>1</tessellate><coordinates>-72.90279,44.06471,0 -72.90262,44.06473,0 -72.90252,44.06483,0 -72.90218,44.06529,0 -72.90208,44.06557,0 -72.90186,44.06573,0 -72.90174,44.06594,0</coordinates></LineString>
        <LineString><tessellate>1</tessellate><coordinates>-72.87860,44.07439,0 -72.87805,44.07473,0 -72.87760,44.07512,0 -72.87769,44.07558,0 -72.87743,44.07572,0 -72.87722,44.07608,0 -72.87712,44.07652,0 -72.87700,44.07664,0</coordinates></LineString>
        <LineString><tessellate>1</tessellate><coordinates>-72.89666,44.06901,0 -72.89633,44.06946,0 -72.89597,44.06963,0 -72.89570,44.06965,0 -72.89508,44.06962,0 -72.89468,44.06967,0 -72.89439,44.06960,0 -72.89432,44.06953,0 -72.89397,44.06938,0 -72.89375,44.06937,0 -72.89351,44.06931,0 -72.89334,44.06920,0 -72.89301,44.06915,0 -72.89215,44.06925,0 -72.89132,44.06963,0 -72.89110,44.06958,0 -72.89082,44.06932,0 -72.89063,44.06929,0 -72.89035,44.06936,0</coordinates></LineString>
        <LineString><tessellate>1</tessellate><coordinates>-72.90174,44.06594,0 -72.90168,44.06619,0 -72.90117,44.06650,0 -72.90080,44.06665,0 -72.90032,44.06677,0 -72.89986,44.06672,0 -72.89924,44.06703,0 -72.89878,44.06689,0 -72.89834,44.06726,0 -72.89824,44.06741,0 -72.89807,44.06747,0 -72.89767,44.06746,0 -72.89749,44.06753,0 -72.89738,44.06767,0 -72.89714,44.06813,0 -72.89710,44.06841,0 -72.89696,44.06873,0 -72.89666,44.06901,0</coordinates></LineString>
        <LineString><tessellate>1</tessellate><coordinates>-72.91243,44.06239,0 -72.91109,44.06239,0 -72.91049,44.06234,0 -72.91013,44.06225,0 -72.90932,44.06228,0 -72.90910,44.06235,0 -72.90886,44.06255,0 -72.90867,44.06260,0 -72.90821,44.06302,0 -72.90752,44.06328,0 -72.90716,44.06371,0 -72.90684,44.06383,0 -72.90653,44.06388,0 -72.90572,44.06387,0 -72.90537,44.06392,0</coordinates></LineString>
        <LineString><tessellate>1</tessellate><coordinates>-72.91590,44.06097,0 -72.91538,44.06147,0 -72.91492,44.06153,0 -72.91415,44.06192,0 -72.91349,44.06209,0 -72.91309,44.06214,0 -72.91243,44.06239,0</coordinates></LineString>
        <LineString><tessellate>1</tessellate><coordinates>-72.91743,44.06038,0 -72.91590,44.06097,0</coordinates></LineString>
      </MultiGeometry>
    </Placemark>
    <Placemark>
      <name>Freeman Brook</name>
      <description><![CDATA[BKT, RBT<br/>Vermont Open Geodata Portal - VT Hydrography Dataset, cartographic extract lines (VCGI)]]></description>
      <styleUrl>#ln-00897b</styleUrl>
      <MultiGeometry>
        <LineString><tessellate>1</tessellate><coordinates>-72.79447,44.08935,0 -72.79462,44.08927,0 -72.79483,44.08927,0 -72.79518,44.08942,0 -72.79544,44.08962,0 -72.79563,44.08988,0 -72.79650,44.08995,0 -72.79677,44.09007,0 -72.79710,44.09015,0 -72.79721,44.09025,0 -72.79757,44.09034,0 -72.79772,44.09037,0 -72.79826,44.09030,0 -72.79846,44.09036,0 -72.79863,44.09047,0</coordinates></LineString>
        <LineString><tessellate>1</tessellate><coordinates>-72.84319,44.11004,0 -72.84359,44.11032,0 -72.84377,44.11069,0 -72.84389,44.11080,0 -72.84436,44.11103,0 -72.84502,44.11121,0 -72.84667,44.11130,0 -72.84759,44.11150,0 -72.84824,44.11172,0 -72.84885,44.11202,0 -72.84917,44.11225,0 -72.84958,44.11240,0 -72.85047,44.11250,0 -72.85074,44.11259,0 -72.85100,44.11279,0 -72.85145,44.11296,0 -72.85161,44.11312,0 -72.85174,44.11352,0 -72.85199,44.11375,0 -72.85198,44.11426,0 -72.85228,44.11496,0 -72.85240,44.11512,0 -72.85266,44.11528,0</coordinates></LineString>
        <LineString><tessellate>1</tessellate><coordinates>-72.83463,44.10637,0 -72.83482,44.10631,0 -72.83548,44.10629,0 -72.83574,44.10623,0 -72.83594,44.10609,0 -72.83597,44.10601,0 -72.83585,44.10569,0 -72.83598,44.10557,0 -72.83631,44.10567,0 -72.83726,44.10621,0 -72.83757,44.10629,0 -72.83792,44.10630,0 -72.83824,44.10624,0 -72.83851,44.10631,0 -72.83875,44.10649,0 -72.83890,44.10652,0 -72.83924,44.10645,0 -72.83958,44.10645,0 -72.83983,44.10667,0 -72.83985,44.10689,0 -72.83994,44.10703,0 -72.84086,44.10783,0 -72.84139,44.10818,0 -72.84177,44.10874,0 -72.84213,44.10911,0 -72.84237,44.10926,0 -72.84274,44.10937,0 -72.84297,44.10956,0 -72.84305,44.10989,0 -72.84319,44.11004,0</coordinates></LineString>
        <LineString><tessellate>1</tessellate><coordinates>-72.82226,44.09614,0 -72.82247,44.09648,0 -72.82277,44.09660,0 -72.82284,44.09668,0 -72.82271,44.09690,0</coordinates></LineString>
        <LineString><tessellate>1</tessellate><coordinates>-72.80870,44.09222,0 -72.80964,44.09210,0 -72.81025,44.09185,0 -72.81110,44.09170,0 -72.81221,44.09171,0 -72.81245,44.09164,0 -72.81263,44.09173,0 -72.81271,44.09190,0 -72.81347,44.09256,0 -72.81456,44.09275,0 -72.81524,44.09327,0 -72.81578,44.09334,0 -72.81595,44.09331,0 -72.81619,44.09334,0 -72.81648,44.09323,0 -72.81705,44.09335,0 -72.81714,44.09343,0 -72.81737,44.09335,0 -72.81781,44.09341,0 -72.81810,44.09365,0 -72.81834,44.09374,0 -72.81829,44.09385,0 -72.81833,44.09396,0 -72.81867,44.09415,0 -72.81899,44.09453,0 -72.81915,44.09457,0 -72.81952,44.09486,0 -72.82003,44.09514,0 -72.82044,44.09529,0 -72.82069,44.09566,0 -72.82099,44.09594,0</coordinates></LineString>
        <LineString><tessellate>1</tessellate><coordinates>-72.85266,44.11528,0 -72.85295,44.11527,0 -72.85343,44.11492,0 -72.85443,44.11446,0 -72.85461,44.11446,0 -72.85468,44.11466,0 -72.85488,44.11491,0 -72.85501,44.11496,0 -72.85526,44.11454,0 -72.85541,44.11449,0 -72.85564,44.11433,0 -72.85582,44.11431,0 -72.85596,44.11435,0 -72.85650,44.11421,0 -72.85670,44.11421,0</coordinates></LineString>
        <LineString><tessellate>1</tessellate><coordinates>-72.83128,44.10182,0 -72.83173,44.10200,0 -72.83215,44.10208,0 -72.83238,44.10224,0</coordinates></LineString>
        <LineString><tessellate>1</tessellate><coordinates>-72.82271,44.09690,0 -72.82270,44.09706,0 -72.82282,44.09725,0 -72.82322,44.09756,0</coordinates></LineString>
        <LineString><tessellate>1</tessellate><coordinates>-72.82099,44.09594,0 -72.82115,44.09604,0 -72.82166,44.09615,0 -72.82189,44.09611,0 -72.82226,44.09614,0</coordinates></LineString>
        <LineString><tessellate>1</tessellate><coordinates>-72.83238,44.10224,0 -72.83242,44.10246,0 -72.83229,44.10286,0 -72.83235,44.10304,0 -72.83262,44.10326,0 -72.83266,44.10346,0 -72.83296,44.10394,0 -72.83290,44.10412,0 -72.83273,44.10427,0 -72.83263,44.10445,0 -72.83267,44.10466,0 -72.83258,44.10495,0 -72.83271,44.10498,0 -72.83288,44.10491,0 -72.83331,44.10485,0 -72.83348,44.10492,0 -72.83353,44.10501,0 -72.83351,44.10537,0 -72.83366,44.10587,0 -72.83395,44.10609,0 -72.83463,44.10637,0</coordinates></LineString>
        <LineString><tessellate>1</tessellate><coordinates>-72.82733,44.10036,0 -72.82761,44.10038,0 -72.82764,44.10043,0 -72.82764,44.10048,0 -72.82755,44.10053,0 -72.82738,44.10077,0 -72.82741,44.10095,0 -72.82749,44.10106,0 -72.82772,44.10116,0 -72.82793,44.10115,0 -72.82852,44.10135,0 -72.82873,44.10138,0 -72.82934,44.10127,0 -72.82966,44.10135,0 -72.82995,44.10136,0 -72.83013,44.10146,0 -72.83032,44.10168,0 -72.83048,44.10175,0 -72.83079,44.10182,0 -72.83128,44.10182,0</coordinates></LineString>
        <LineString><tessellate>1</tessellate><coordinates>-72.79863,44.09047,0 -72.79884,44.09061,0 -72.79936,44.09074,0 -72.80018,44.09057,0 -72.80130,44.09068,0 -72.80148,44.09066,0 -72.80241,44.09087,0 -72.80283,44.09114,0 -72.80296,44.09116,0 -72.80343,44.09111,0 -72.80364,44.09114,0 -72.80375,44.09124,0 -72.80406,44.09135,0 -72.80428,44.09153,0 -72.80442,44.09157,0 -72.80499,44.09154,0 -72.80533,44.09161,0 -72.80590,44.09187,0 -72.80608,44.09205,0 -72.80648,44.09219,0 -72.80705,44.09232,0 -72.80837,44.09220,0 -72.80870,44.09222,0</coordinates></LineString>
        <LineString><tessellate>1</tessellate><coordinates>-72.82322,44.09756,0 -72.82345,44.09764,0 -72.82386,44.09765,0 -72.82431,44.09816,0 -72.82449,44.09855,0 -72.82462,44.09869,0 -72.82506,44.09900,0 -72.82560,44.09925,0 -72.82563,44.09945,0 -72.82549,44.09957,0 -72.82551,44.09969,0 -72.82608,44.09992,0 -72.82634,44.09998,0 -72.82662,44.09999,0 -72.82674,44.10018,0 -72.82687,44.10027,0 -72.82714,44.10036,0 -72.82733,44.10036,0</coordinates></LineString>
        <LineString><tessellate>1</tessellate><coordinates>-72.85670,44.11421,0 -72.85682,44.11423,0</coordinates></LineString>
      </MultiGeometry>
    </Placemark>
    <Placemark>
      <name>Lincoln Brook</name>
      <description><![CDATA[BKT<br/>Vermont Open Geodata Portal - VT Hydrography Dataset, cartographic extract lines (VCGI)]]></description>
      <styleUrl>#ln-2e7d32</styleUrl>
      <MultiGeometry>
        <LineString><tessellate>1</tessellate><coordinates>-72.93663,44.11012,0 -72.93501,44.10955,0 -72.93449,44.10927,0 -72.93356,44.10865,0 -72.93287,44.10835,0 -72.93254,44.10813,0 -72.93227,44.10780,0 -72.93174,44.10754,0 -72.93112,44.10739,0 -72.93082,44.10720,0 -72.93029,44.10670,0 -72.93001,44.10653,0 -72.92992,44.10652,0 -72.92959,44.10628,0 -72.92939,44.10598,0 -72.92886,44.10545,0 -72.92881,44.10520,0 -72.92824,44.10473,0 -72.92803,44.10442,0 -72.92779,44.10419,0 -72.92773,44.10407,0 -72.92696,44.10356,0 -72.92599,44.10343,0 -72.92573,44.10329,0 -72.92552,44.10308,0 -72.92533,44.10302,0 -72.92507,44.10286,0 -72.92481,44.10258,0 -72.92480,44.10204,0 -72.92472,44.10187,0 -72.92421,44.10151,0 -72.92413,44.10141,0 -72.92409,44.10118,0</coordinates></LineString>
        <LineString><tessellate>1</tessellate><coordinates>-72.87311,44.10246,0 -72.87274,44.10247,0 -72.87186,44.10235,0 -72.87112,44.10241,0 -72.87095,44.10246,0 -72.87073,44.10275,0 -72.87037,44.10287,0 -72.86966,44.10285,0 -72.86923,44.10295,0 -72.86814,44.10257,0 -72.86700,44.10274,0 -72.86626,44.10293,0 -72.86534,44.10326,0</coordinates></LineString>
        <LineString><tessellate>1</tessellate><coordinates>-72.92409,44.10118,0 -72.92375,44.10091,0 -72.92336,44.10091,0 -72.92309,44.10068,0 -72.92298,44.10064,0 -72.92286,44.10065,0 -72.92232,44.10049,0 -72.92197,44.10046,0 -72.92138,44.10047,0 -72.92117,44.10039,0 -72.92086,44.10034,0</coordinates></LineString>
        <LineString><tessellate>1</tessellate><coordinates>-72.87926,44.10030,0 -72.87870,44.10058,0 -72.87791,44.10054,0 -72.87765,44.10061,0 -72.87750,44.10071,0 -72.87733,44.10094,0 -72.87726,44.10114,0</coordinates></LineString>
        <LineString><tessellate>1</tessellate><coordinates>-72.88567,44.09855,0 -72.88553,44.09866,0 -72.88550,44.09899,0 -72.88534,44.09918,0 -72.88495,44.09921,0 -72.88431,44.09895,0 -72.88371,44.09880,0 -72.88347,44.09879,0 -72.88311,44.09897,0 -72.88297,44.09912,0 -72.88270,44.09921,0 -72.88166,44.09918,0 -72.88151,44.09935,0 -72.88152,44.09958,0 -72.88147,44.09971,0 -72.88089,44.09993,0 -72.88073,44.09993,0 -72.88042,44.09976,0 -72.88008,44.09976,0 -72.87987,44.09984,0 -72.87926,44.10030,0</coordinates></LineString>
        <LineString><tessellate>1</tessellate><coordinates>-72.88648,44.09850,0 -72.88609,44.09844,0 -72.88576,44.09849,0 -72.88567,44.09855,0</coordinates></LineString>
        <LineString><tessellate>1</tessellate><coordinates>-72.88942,44.09869,0 -72.88919,44.09885,0 -72.88881,44.09882,0 -72.88850,44.09866,0 -72.88829,44.09829,0 -72.88811,44.09822,0</coordinates></LineString>
        <LineString><tessellate>1</tessellate><coordinates>-72.90705,44.09749,0 -72.90672,44.09757,0 -72.90552,44.09742,0 -72.90497,44.09750,0 -72.90446,44.09747,0 -72.90361,44.09727,0 -72.90285,44.09729,0 -72.90252,44.09738,0 -72.90232,44.09754,0 -72.90215,44.09787,0 -72.90212,44.09862,0 -72.90207,44.09870,0 -72.90182,44.09880,0 -72.90164,44.09897,0 -72.90148,44.09904,0 -72.90120,44.09892,0 -72.90088,44.09862,0 -72.90064,44.09857,0 -72.90024,44.09865,0 -72.89999,44.09878,0 -72.89986,44.09876,0 -72.89944,44.09858,0 -72.89928,44.09858,0 -72.89888,44.09884,0 -72.89871,44.09887,0 -72.89758,44.09871,0</coordinates></LineString>
        <LineString><tessellate>1</tessellate><coordinates>-72.87726,44.10114,0 -72.87709,44.10144,0 -72.87683,44.10155,0 -72.87587,44.10161,0 -72.87550,44.10161,0 -72.87528,44.10155,0 -72.87498,44.10159,0 -72.87475,44.10184,0 -72.87441,44.10242,0 -72.87415,44.10247,0 -72.87363,44.10229,0 -72.87311,44.10246,0</coordinates></LineString>
        <LineString><tessellate>1</tessellate><coordinates>-72.92086,44.10034,0 -72.92037,44.09995,0 -72.92027,44.09981,0 -72.92025,44.09964,0 -72.92011,44.09948,0 -72.91954,44.09932,0 -72.91943,44.09920,0 -72.91942,44.09882,0 -72.91930,44.09876,0 -72.91876,44.09875,0 -72.91790,44.09864,0</coordinates></LineString>
        <LineString><tessellate>1</tessellate><coordinates>-72.88811,44.09822,0 -72.88800,44.09820,0 -72.88777,44.09827,0 -72.88749,44.09844,0 -72.88716,44.09857,0 -72.88648,44.09850,0</coordinates></LineString>
        <LineString><tessellate>1</tessellate><coordinates>-72.89758,44.09871,0 -72.89703,44.09863,0 -72.89652,44.09831,0 -72.89621,44.09826,0 -72.89530,44.09824,0 -72.89417,44.09808,0 -72.89386,44.09808,0 -72.89322,44.09823,0 -72.89196,44.09878,0 -72.89183,44.09871,0 -72.89181,44.09854,0 -72.89163,44.09834,0 -72.89129,44.09819,0 -72.89078,44.09816,0 -72.88979,44.09823,0 -72.88954,44.09830,0 -72.88942,44.09869,0</coordinates></LineString>
        <LineString><tessellate>1</tessellate><coordinates>-72.90708,44.09734,0 -72.90709,44.09745,0 -72.90705,44.09749,0</coordinates></LineString>
        <LineString><tessellate>1</tessellate><coordinates>-72.91790,44.09864,0 -72.91738,44.09862,0 -72.91676,44.09845,0 -72.91621,44.09837,0 -72.91547,44.09835,0 -72.91526,44.09803,0 -72.91511,44.09793,0 -72.91426,44.09767,0 -72.91372,44.09744,0 -72.91135,44.09702,0 -72.91099,44.09701,0 -72.91029,44.09710,0 -72.90959,44.09751,0 -72.90929,44.09740,0 -72.90905,44.09739,0 -72.90870,44.09724,0 -72.90810,44.09736,0 -72.90775,44.09725,0 -72.90746,44.09723,0 -72.90708,44.09734,0</coordinates></LineString>
        <LineString><tessellate>1</tessellate><coordinates>-72.86534,44.10326,0 -72.86469,44.10330,0 -72.86441,44.10337,0 -72.86399,44.10341,0 -72.86375,44.10350,0 -72.86362,44.10373,0 -72.86339,44.10379,0 -72.86316,44.10370,0 -72.86279,44.10377,0 -72.86249,44.10358,0 -72.86229,44.10359,0 -72.86109,44.10341,0</coordinates></LineString>
        <LineString><tessellate>1</tessellate><coordinates>-72.86109,44.10341,0 -72.86099,44.10343,0</coordinates></LineString>
      </MultiGeometry>
    </Placemark>
    <Placemark>
      <name>Folsom Brook</name>
      <description><![CDATA[BKT, BNT, RBT<br/>Vermont Open Geodata Portal - VT Hydrography Dataset, cartographic extract lines (VCGI)]]></description>
      <styleUrl>#ln-1565c0</styleUrl>
      <MultiGeometry>
        <LineString><tessellate>1</tessellate><coordinates>-72.78476,44.12686,0 -72.78489,44.12706,0 -72.78489,44.12720,0 -72.78506,44.12737,0 -72.78530,44.12756,0 -72.78583,44.12781,0 -72.78681,44.12778,0 -72.78714,44.12784,0 -72.78761,44.12780,0 -72.78817,44.12786,0 -72.78871,44.12800,0 -72.78903,44.12780,0 -72.78960,44.12771,0</coordinates></LineString>
        <LineString><tessellate>1</tessellate><coordinates>-72.81219,44.12724,0 -72.81202,44.12727,0 -72.81207,44.12747,0 -72.81224,44.12762,0 -72.81224,44.12772,0 -72.81217,44.12776,0 -72.81210,44.12800,0 -72.81214,44.12806,0 -72.81251,44.12823,0 -72.81250,44.12834,0 -72.81245,44.12841,0 -72.81226,44.12848,0 -72.81220,44.12862,0 -72.81177,44.12881,0 -72.81172,44.12901,0 -72.81161,44.12912,0 -72.81157,44.12924,0 -72.81144,44.12933,0 -72.81146,44.12945,0 -72.81155,44.12951,0 -72.81177,44.12994,0 -72.81183,44.13014,0 -72.81178,44.13023,0 -72.81180,44.13046,0 -72.81175,44.13060,0 -72.81162,44.13075,0 -72.81152,44.13079,0 -72.81134,44.13074,0 -72.81114,44.13093,0 -72.81122,44.13102,0 -72.81119,44.13116,0 -72.81126,44.13122,0 -72.81129,44.13135,0 -72.81165,44.13143,0 -72.81164,44.13152,0 -72.81155,44.13157,0 -72.81154,44.13165,0 -72.81169,44.13183,0 -72.81172,44.13204,0 -72.81168,44.13225,0 -72.81156,44.13235,0 -72.81182,44.13296,0 -72.81176,44.13311,0 -72.81178,44.13372,0 -72.81186,44.13393,0 -72.81219,44.13421,0 -72.81224,44.13443,0 -72.81220,44.13456,0 -72.81213,44.13459,0 -72.81158,44.13448,0 -72.81130,44.13464,0 -72.81123,44.13475,0 -72.81125,44.13484,0 -72.81158,44.13512,0 -72.81170,44.13548,0 -72.81160,44.13572,0 -72.81127,44.13617,0 -72.81118,44.13642,0 -72.81121,44.13656,0 -72.81128,44.13665,0 -72.81122,44.13681,0 -72.81126,44.13696,0 -72.81123,44.13750,0 -72.81130,44.13771,0 -72.81137,44.13774,0 -72.81150,44.13802,0 -72.81128,44.13821,0 -72.81103,44.13944,0</coordinates></LineString>
        <LineString><tessellate>1</tessellate><coordinates>-72.79747,44.12601,0 -72.79764,44.12588,0 -72.79802,44.12592,0 -72.79832,44.12574,0 -72.79858,44.12569,0 -72.79873,44.12559,0 -72.79902,44.12555,0 -72.79933,44.12544,0 -72.79947,44.12544,0 -72.79963,44.12556,0</coordinates></LineString>
        <LineString><tessellate>1</tessellate><coordinates>-72.78960,44.12771,0 -72.78994,44.12762,0 -72.79095,44.12772,0 -72.79123,44.12752,0 -72.79184,44.12750,0 -72.79207,44.12752,0 -72.79224,44.12762,0 -72.79248,44.12760,0 -72.79281,44.12771,0 -72.79301,44.12770,0 -72.79319,44.12765,0 -72.79356,44.12728,0 -72.79409,44.12718,0 -72.79485,44.12695,0 -72.79547,44.12667,0 -72.79590,44.12671,0 -72.79610,44.12678,0 -72.79622,44.12676,0 -72.79719,44.12637,0 -72.79732,44.12622,0</coordinates></LineString>
        <LineString><tessellate>1</tessellate><coordinates>-72.82334,44.14555,0 -72.82353,44.14570,0 -72.82356,44.14579,0 -72.82352,44.14599,0 -72.82354,44.14613,0 -72.82372,44.14630,0 -72.82391,44.14640,0 -72.82422,44.14649,0 -72.82496,44.14657,0 -72.82536,44.14672,0 -72.82682,44.14681,0 -72.82707,44.14695,0 -72.82721,44.14695,0 -72.82768,44.14713,0 -72.82814,44.14749,0 -72.82865,44.14777,0 -72.82891,44.14781,0 -72.82911,44.14790,0 -72.82925,44.14803,0 -72.82935,44.14846,0 -72.82966,44.14868,0 -72.82987,44.14895,0 -72.83009,44.14904,0 -72.83043,44.14904,0 -72.83062,44.14939,0 -72.83114,44.14958,0 -72.83167,44.14968,0 -72.83216,44.14991,0 -72.83232,44.15005,0 -72.83246,44.15027,0 -72.83263,44.15036,0 -72.83271,44.15051,0 -72.83267,44.15110,0 -72.83272,44.15126,0 -72.83325,44.15142,0 -72.83348,44.15155,0 -72.83370,44.15178,0 -72.83456,44.15216,0 -72.83457,44.15231,0 -72.83494,44.15286,0 -72.83536,44.15322,0 -72.83601,44.15358,0 -72.83606,44.15370,0 -72.83625,44.15382,0 -72.83639,44.15388,0 -72.83674,44.15390,0 -72.83701,44.15381,0 -72.83703,44.15377,0 -72.83687,44.15346,0 -72.83686,44.15336,0 -72.83724,44.15312,0 -72.83785,44.15332,0 -72.83804,44.15353,0 -72.83828,44.15370,0 -72.83881,44.15384,0</coordinates></LineString>
        <LineString><tessellate>1</tessellate><coordinates>-72.81103,44.13944,0 -72.81099,44.13985,0 -72.81073,44.14078,0 -72.81071,44.14132,0 -72.81059,44.14160,0 -72.81052,44.14209,0</coordinates></LineString>
        <LineString><tessellate>1</tessellate><coordinates>-72.81519,44.14622,0 -72.81571,44.14635,0 -72.81633,44.14634,0 -72.81696,44.14622,0 -72.81805,44.14619,0 -72.81875,44.14595,0 -72.81938,44.14594,0 -72.81952,44.14582,0 -72.81995,44.14565,0 -72.82007,44.14565,0 -72.82066,44.14594,0 -72.82163,44.14603,0 -72.82286,44.14549,0 -72.82310,44.14546,0 -72.82334,44.14555,0</coordinates></LineString>
        <LineString><tessellate>1</tessellate><coordinates>-72.81052,44.14209,0 -72.81048,44.14226,0 -72.81055,44.14240,0 -72.81060,44.14299,0 -72.81067,44.14321,0 -72.81105,44.14339,0 -72.81124,44.14370,0 -72.81176,44.14371,0 -72.81199,44.14378,0 -72.81253,44.14412,0 -72.81259,44.14430,0 -72.81257,44.14439,0 -72.81244,44.14455,0 -72.81230,44.14461,0 -72.81230,44.14468,0 -72.81256,44.14519,0 -72.81270,44.14534,0 -72.81333,44.14558,0 -72.81387,44.14613,0 -72.81416,44.14626,0 -72.81473,44.14626,0 -72.81519,44.14622,0</coordinates></LineString>
        <LineString><tessellate>1</tessellate><coordinates>-72.79984,44.12567,0 -72.80002,44.12566,0 -72.80036,44.12579,0 -72.80121,44.12583,0 -72.80151,44.12578,0 -72.80200,44.12557,0 -72.80229,44.12556,0 -72.80248,44.12548,0 -72.80309,44.12545,0 -72.80335,44.12537,0 -72.80373,44.12538,0 -72.80409,44.12517,0 -72.80414,44.12499,0 -72.80412,44.12466,0</coordinates></LineString>
        <LineString><tessellate>1</tessellate><coordinates>-72.80412,44.12466,0 -72.80454,44.12466,0 -72.80473,44.12459,0 -72.80497,44.12463,0 -72.80551,44.12428,0 -72.80610,44.12411,0 -72.80651,44.12419,0 -72.80745,44.12415,0 -72.80792,44.12433,0 -72.80886,44.12443,0 -72.80920,44.12455,0 -72.80968,44.12488,0 -72.80996,44.12500,0 -72.81003,44.12517,0 -72.81059,44.12561,0 -72.81077,44.12566,0 -72.81088,44.12580,0 -72.81151,44.12605,0 -72.81172,44.12654,0 -72.81197,44.12690,0 -72.81206,44.12698,0 -72.81231,44.12705,0 -72.81230,44.12715,0 -72.81219,44.12724,0</coordinates></LineString>
        <LineString><tessellate>1</tessellate><coordinates>-72.83881,44.15384,0 -72.83893,44.15388,0</coordinates></LineString>
        <LineString><tessellate>1</tessellate><coordinates>-72.79732,44.12622,0 -72.79747,44.12601,0</coordinates></LineString>
        <LineString><tessellate>1</tessellate><coordinates>-72.79963,44.12556,0 -72.79984,44.12567,0</coordinates></LineString>
      </MultiGeometry>
    </Placemark>
    <Placemark>
      <name>High Bridge Brook</name>
      <description><![CDATA[BKT, BNT, RBT<br/>Vermont Open Geodata Portal - VT Hydrography Dataset, cartographic extract lines (VCGI)]]></description>
      <styleUrl>#ln-1565c0</styleUrl>
      <MultiGeometry>
        <LineString><tessellate>1</tessellate><coordinates>-72.78136,44.16908,0 -72.78131,44.16913,0 -72.78119,44.16957,0 -72.78098,44.16981,0 -72.78083,44.17014,0 -72.78051,44.17051,0 -72.77969,44.17120,0 -72.77958,44.17163,0 -72.77949,44.17175,0 -72.77927,44.17189,0 -72.77894,44.17199,0 -72.77869,44.17224,0 -72.77851,44.17268,0 -72.77845,44.17275,0 -72.77833,44.17323,0 -72.77824,44.17335,0 -72.77829,44.17368,0 -72.77825,44.17413,0 -72.77815,44.17435,0 -72.77820,44.17509,0 -72.77818,44.17535,0 -72.77824,44.17549,0 -72.77826,44.17603,0 -72.77836,44.17618,0 -72.77851,44.17630,0</coordinates></LineString>
        <LineString><tessellate>1</tessellate><coordinates>-72.81312,44.18102,0 -72.81353,44.18127,0 -72.81348,44.18178,0 -72.81351,44.18195,0 -72.81355,44.18207,0 -72.81390,44.18258,0 -72.81426,44.18290,0 -72.81453,44.18301,0 -72.81476,44.18326,0 -72.81536,44.18345,0 -72.81548,44.18381,0 -72.81550,44.18408,0 -72.81538,44.18470,0 -72.81551,44.18521,0 -72.81536,44.18555,0 -72.81544,44.18638,0 -72.81565,44.18662,0 -72.81576,44.18668,0 -72.81613,44.18727,0 -72.81628,44.18740,0 -72.81644,44.18743,0 -72.81662,44.18767,0 -72.81691,44.18783,0 -72.81718,44.18782,0 -72.81779,44.18792,0 -72.81790,44.18797,0 -72.81800,44.18836,0 -72.81817,44.18853,0 -72.81867,44.18856,0 -72.81892,44.18866,0</coordinates></LineString>
        <LineString><tessellate>1</tessellate><coordinates>-72.77869,44.17659,0 -72.77885,44.17694,0 -72.77925,44.17724,0 -72.77951,44.17737,0 -72.77977,44.17742,0 -72.77988,44.17762,0 -72.78009,44.17773,0 -72.78012,44.17783,0 -72.78007,44.17792,0 -72.78016,44.17814,0 -72.78037,44.17836,0 -72.78057,44.17847,0 -72.78068,44.17875,0 -72.78118,44.17918,0 -72.78151,44.17960,0 -72.78155,44.17971,0 -72.78197,44.18000,0 -72.78224,44.18009,0 -72.78235,44.18023,0 -72.78253,44.18031,0 -72.78271,44.18049,0 -72.78294,44.18052,0</coordinates></LineString>
        <LineString><tessellate>1</tessellate><coordinates>-72.81281,44.18095,0 -72.81312,44.18102,0</coordinates></LineString>
        <LineString><tessellate>1</tessellate><coordinates>-72.78294,44.18052,0 -72.78350,44.18094,0 -72.78385,44.18108,0 -72.78465,44.18112,0 -72.78553,44.18163,0 -72.78612,44.18162,0 -72.78635,44.18153,0 -72.78663,44.18149,0 -72.78729,44.18149,0 -72.78752,44.18163,0 -72.78813,44.18169,0 -72.78894,44.18196,0 -72.79042,44.18283,0 -72.79046,44.18291,0 -72.79109,44.18344,0 -72.79158,44.18363,0 -72.79203,44.18370,0 -72.79251,44.18367,0 -72.79276,44.18358,0 -72.79299,44.18325,0 -72.79327,44.18314,0 -72.79331,44.18305,0 -72.79329,44.18279,0 -72.79343,44.18265,0 -72.79354,44.18265,0 -72.79358,44.18280,0 -72.79375,44.18283,0 -72.79416,44.18272,0 -72.79451,44.18271,0 -72.79484,44.18264,0 -72.79494,44.18257,0 -72.79515,44.18253,0 -72.79563,44.18226,0 -72.79649,44.18204,0 -72.79651,44.18193,0 -72.79665,44.18180,0 -72.79658,44.18169,0 -72.79666,44.18145,0 -72.79706,44.18135,0 -72.79787,44.18138,0 -72.79808,44.18121,0 -72.79846,44.18115,0 -72.79872,44.18105,0 -72.79877,44.18100,0 -72.79877,44.18077,0 -72.79883,44.18063,0 -72.79940,44.18064,0 -72.79962,44.18058,0 -72.79993,44.18040,0 -72.80018,44.18037,0</coordinates></LineString>
        <LineString><tessellate>1</tessellate><coordinates>-72.80018,44.18037,0 -72.80066,44.18026,0 -72.80114,44.18032,0 -72.80223,44.18033,0 -72.80360,44.18057,0 -72.80397,44.18071,0 -72.80455,44.18083,0 -72.80617,44.18080,0 -72.80706,44.18123,0 -72.80764,44.18123,0 -72.80778,44.18131,0 -72.80832,44.18136,0 -72.80863,44.18149,0 -72.80936,44.18131,0 -72.81034,44.18090,0 -72.81064,44.18086,0 -72.81173,44.18095,0 -72.81214,44.18091,0 -72.81281,44.18095,0</coordinates></LineString>
        <LineString><tessellate>1</tessellate><coordinates>-72.77851,44.17630,0 -72.77869,44.17659,0</coordinates></LineString>
        <LineString><tessellate>1</tessellate><coordinates>-72.81892,44.18866,0 -72.81901,44.18874,0</coordinates></LineString>
      </MultiGeometry>
    </Placemark>
    <Placemark>
      <name>Pine Brook</name>
      <description><![CDATA[BKT, RBT<br/>Vermont Open Geodata Portal - VT Hydrography Dataset, cartographic extract lines (VCGI)]]></description>
      <styleUrl>#ln-00897b</styleUrl>
      <MultiGeometry>
        <LineString><tessellate>1</tessellate><coordinates>-72.77705,44.15882,0 -72.77681,44.15903,0 -72.77655,44.15937,0 -72.77650,44.15962,0 -72.77648,44.16008,0 -72.77573,44.16108,0 -72.77566,44.16129,0 -72.77579,44.16157,0 -72.77572,44.16171,0</coordinates></LineString>
        <LineString><tessellate>1</tessellate><coordinates>-72.77536,44.19864,0 -72.77567,44.19861,0 -72.77580,44.19851,0 -72.77610,44.19841,0 -72.77647,44.19851,0 -72.77663,44.19848,0 -72.77669,44.19842,0 -72.77668,44.19820,0 -72.77685,44.19811,0 -72.77703,44.19811,0 -72.77714,44.19818,0 -72.77722,44.19834,0 -72.77736,44.19841,0</coordinates></LineString>
        <LineString><tessellate>1</tessellate><coordinates>-72.77051,44.19202,0 -72.77062,44.19221,0 -72.77098,44.19233,0 -72.77120,44.19264,0 -72.77140,44.19281,0 -72.77137,44.19296,0 -72.77101,44.19335,0 -72.77103,44.19342,0 -72.77121,44.19350,0 -72.77136,44.19367,0 -72.77137,44.19380,0 -72.77114,44.19407,0 -72.77119,44.19419,0</coordinates></LineString>
        <LineString><tessellate>1</tessellate><coordinates>-72.77044,44.18703,0 -72.77046,44.18715,0 -72.77020,44.18731,0 -72.77002,44.18773,0 -72.77004,44.18801,0 -72.77010,44.18806,0 -72.77019,44.18839,0 -72.77016,44.18856,0 -72.76989,44.18892,0 -72.77000,44.18959,0 -72.77026,44.19008,0 -72.77023,44.19021,0 -72.77028,44.19043,0 -72.77036,44.19051,0 -72.77060,44.19059,0 -72.77092,44.19105,0 -72.77083,44.19148,0 -72.77056,44.19184,0 -72.77051,44.19202,0</coordinates></LineString>
        <LineString><tessellate>1</tessellate><coordinates>-72.77736,44.19841,0 -72.77832,44.19856,0 -72.77866,44.19871,0 -72.77888,44.19876,0 -72.77921,44.19869,0 -72.77947,44.19837,0 -72.77980,44.19830,0 -72.77999,44.19836,0 -72.78019,44.19857,0 -72.78045,44.19918,0 -72.78072,44.19938,0 -72.78098,44.19942,0 -72.78158,44.19939,0 -72.78235,44.19945,0 -72.78253,44.19950,0 -72.78299,44.19993,0 -72.78328,44.20002,0 -72.78346,44.20004,0 -72.78378,44.19998,0 -72.78395,44.19988,0 -72.78407,44.19971,0 -72.78430,44.19964,0 -72.78453,44.19972,0 -72.78494,44.20011,0 -72.78514,44.20023,0 -72.78536,44.20022,0 -72.78567,44.20008,0 -72.78593,44.20005,0 -72.78621,44.20009,0 -72.78650,44.20021,0 -72.78686,44.20053,0 -72.78740,44.20072,0 -72.78769,44.20092,0 -72.78820,44.20144,0 -72.78820,44.20179,0 -72.78840,44.20201,0 -72.78875,44.20217,0 -72.78958,44.20234,0 -72.78980,44.20248,0 -72.78986,44.20263,0 -72.78970,44.20295,0 -72.78969,44.20327,0 -72.79006,44.20384,0 -72.79026,44.20455,0 -72.79037,44.20470,0 -72.79081,44.20481,0 -72.79121,44.20520,0 -72.79183,44.20549,0 -72.79199,44.20562,0 -72.79228,44.20605,0 -72.79252,44.20624,0 -72.79290,44.20635,0 -72.79336,44.20622,0 -72.79361,44.20629,0 -72.79367,44.20634,0 -72.79366,44.20651,0 -72.79370,44.20660,0 -72.79394,44.20663,0 -72.79407,44.20678,0 -72.79403,44.20713,0 -72.79410,44.20729,0 -72.79428,44.20740,0 -72.79455,44.20740,0 -72.79479,44.20748,0</coordinates></LineString>
        <LineString><tessellate>1</tessellate><coordinates>-72.77119,44.19419,0 -72.77175,44.19457,0 -72.77212,44.19468,0 -72.77239,44.19491,0 -72.77295,44.19527,0 -72.77371,44.19556,0 -72.77443,44.19617,0 -72.77444,44.19630,0 -72.77418,44.19668,0 -72.77421,44.19705,0 -72.77449,44.19728,0 -72.77472,44.19734,0 -72.77499,44.19757,0 -72.77525,44.19834,0 -72.77526,44.19855,0 -72.77536,44.19864,0</coordinates></LineString>
        <LineString><tessellate>1</tessellate><coordinates>-72.77181,44.17629,0 -72.77173,44.17631,0 -72.77171,44.17638,0 -72.77181,44.17657,0 -72.77179,44.17693,0 -72.77171,44.17707,0 -72.77149,44.17724,0 -72.77147,44.17757,0 -72.77131,44.17772,0 -72.77140,44.17818,0 -72.77134,44.17843,0 -72.77135,44.17878,0 -72.77149,44.17897,0 -72.77143,44.17929,0 -72.77156,44.17981,0 -72.77143,44.18049,0 -72.77132,44.18062,0 -72.77124,44.18101,0</coordinates></LineString>
        <LineString><tessellate>1</tessellate><coordinates>-72.77281,44.18292,0 -72.77264,44.18307,0 -72.77265,44.18330,0 -72.77253,44.18334,0 -72.77234,44.18350,0 -72.77227,44.18429,0 -72.77208,44.18456,0 -72.77199,44.18482,0 -72.77172,44.18495,0 -72.77145,44.18515,0 -72.77120,44.18544,0</coordinates></LineString>
        <LineString><tessellate>1</tessellate><coordinates>-72.77434,44.16553,0 -72.77415,44.16601,0 -72.77369,44.16626,0 -72.77343,44.16656,0 -72.77318,44.16737,0 -72.77307,44.16761,0 -72.77294,44.16774,0 -72.77294,44.16791,0 -72.77299,44.16799,0 -72.77296,44.16825,0 -72.77309,44.16872,0 -72.77304,44.16913,0 -72.77293,44.16928,0 -72.77290,44.16951,0</coordinates></LineString>
        <LineString><tessellate>1</tessellate><coordinates>-72.77572,44.16171,0 -72.77559,44.16187,0 -72.77543,44.16256,0 -72.77521,44.16292,0 -72.77522,44.16337,0 -72.77505,44.16394,0 -72.77490,44.16421,0 -72.77485,44.16444,0 -72.77467,44.16479,0 -72.77425,44.16530,0 -72.77434,44.16553,0</coordinates></LineString>
        <LineString><tessellate>1</tessellate><coordinates>-72.77120,44.18544,0 -72.77105,44.18567,0 -72.77101,44.18587,0 -72.77114,44.18616,0 -72.77117,44.18631,0 -72.77107,44.18647,0 -72.77094,44.18653,0 -72.77087,44.18683,0 -72.77049,44.18697,0 -72.77044,44.18703,0</coordinates></LineString>
        <LineString><tessellate>1</tessellate><coordinates>-72.77124,44.18101,0 -72.77121,44.18117,0 -72.77125,44.18142,0 -72.77113,44.18162,0 -72.77113,44.18175,0 -72.77148,44.18205,0 -72.77151,44.18249,0 -72.77246,44.18267,0 -72.77281,44.18292,0</coordinates></LineString>
        <LineString><tessellate>1</tessellate><coordinates>-72.77184,44.17331,0 -72.77182,44.17378,0 -72.77174,44.17391,0 -72.77164,44.17394,0 -72.77152,44.17407,0 -72.77150,44.17434,0 -72.77176,44.17477,0 -72.77173,44.17508,0 -72.77162,44.17519,0 -72.77162,44.17529,0 -72.77165,44.17555,0 -72.77192,44.17586,0 -72.77181,44.17629,0</coordinates></LineString>
        <LineString><tessellate>1</tessellate><coordinates>-72.77290,44.16951,0 -72.77281,44.16983,0 -72.77281,44.16997,0 -72.77290,44.17017,0 -72.77289,44.17027,0 -72.77276,44.17049,0 -72.77269,44.17073,0 -72.77254,44.17087,0 -72.77245,44.17108,0 -72.77247,44.17122,0 -72.77265,44.17150,0 -72.77260,44.17208,0 -72.77237,44.17258,0 -72.77201,44.17298,0 -72.77184,44.17331,0</coordinates></LineString>
        <LineString><tessellate>1</tessellate><coordinates>-72.79479,44.20748,0 -72.79498,44.20753,0</coordinates></LineString>
      </MultiGeometry>
    </Placemark>
    <Placemark>
      <name>Welder Brook</name>
      <description><![CDATA[BKT<br/>Vermont Open Geodata Portal - VT Hydrography Dataset, cartographic extract lines (VCGI)]]></description>
      <styleUrl>#ln-2e7d32</styleUrl>
      <MultiGeometry>
        <LineString><tessellate>1</tessellate><coordinates>-72.80791,44.28724,0 -72.80700,44.28704,0 -72.80659,44.28705,0 -72.80640,44.28693,0 -72.80631,44.28683,0 -72.80620,44.28679,0 -72.80578,44.28689,0 -72.80554,44.28671,0 -72.80511,44.28668,0 -72.80426,44.28674,0 -72.80381,44.28670,0 -72.80321,44.28682,0 -72.80304,44.28691,0 -72.80226,44.28694,0 -72.80178,44.28711,0 -72.80032,44.28730,0</coordinates></LineString>
        <LineString><tessellate>1</tessellate><coordinates>-72.78693,44.28406,0 -72.78677,44.28396,0 -72.78607,44.28383,0 -72.78582,44.28372,0 -72.78547,44.28380,0 -72.78512,44.28378,0 -72.78466,44.28360,0 -72.78447,44.28344,0 -72.78414,44.28343,0 -72.78385,44.28332,0</coordinates></LineString>
        <LineString><tessellate>1</tessellate><coordinates>-72.77381,44.28100,0 -72.77353,44.28080,0 -72.77329,44.28044,0 -72.77289,44.28010,0 -72.77288,44.27995,0 -72.77280,44.27987,0 -72.77219,44.27963,0 -72.77183,44.27935,0 -72.77161,44.27929,0 -72.77100,44.27879,0 -72.77020,44.27853,0 -72.76999,44.27833,0 -72.76995,44.27795,0 -72.76970,44.27777,0 -72.76947,44.27768,0 -72.76908,44.27760,0 -72.76875,44.27744,0 -72.76826,44.27686,0 -72.76799,44.27699,0 -72.76773,44.27694,0 -72.76739,44.27672,0 -72.76692,44.27650,0 -72.76652,44.27653,0 -72.76628,44.27659,0 -72.76531,44.27651,0 -72.76493,44.27653,0</coordinates></LineString>
        <LineString><tessellate>1</tessellate><coordinates>-72.75966,44.27616,0 -72.75930,44.27607,0 -72.75903,44.27612,0 -72.75870,44.27598,0 -72.75830,44.27589,0</coordinates></LineString>
        <LineString><tessellate>1</tessellate><coordinates>-72.78111,44.28171,0 -72.78085,44.28165,0 -72.78068,44.28137,0 -72.78004,44.28130,0 -72.77964,44.28067,0 -72.77925,44.28041,0 -72.77838,44.28033,0 -72.77766,44.28010,0 -72.77678,44.28001,0 -72.77605,44.28007,0 -72.77551,44.28029,0 -72.77532,44.28042,0</coordinates></LineString>
        <LineString><tessellate>1</tessellate><coordinates>-72.75830,44.27589,0 -72.75751,44.27561,0</coordinates></LineString>
        <LineString><tessellate>1</tessellate><coordinates>-72.76493,44.27653,0 -72.76449,44.27662,0 -72.76406,44.27665,0 -72.76368,44.27658,0 -72.76339,44.27649,0 -72.76308,44.27604,0 -72.76294,44.27596,0 -72.76246,44.27582,0 -72.76223,44.27571,0 -72.76181,44.27569,0 -72.76118,44.27558,0 -72.76075,44.27571,0 -72.76067,44.27578,0 -72.76057,44.27591,0 -72.76063,44.27620,0 -72.76051,44.27632,0 -72.76028,44.27625,0</coordinates></LineString>
        <LineString><tessellate>1</tessellate><coordinates>-72.75751,44.27561,0 -72.75734,44.27562,0 -72.75674,44.27549,0 -72.75626,44.27527,0 -72.75598,44.27524,0 -72.75583,44.27528,0</coordinates></LineString>
        <LineString><tessellate>1</tessellate><coordinates>-72.80032,44.28730,0 -72.80004,44.28726,0 -72.79952,44.28665,0 -72.79941,44.28661,0 -72.79905,44.28666,0 -72.79893,44.28662,0</coordinates></LineString>
        <LineString><tessellate>1</tessellate><coordinates>-72.79893,44.28662,0 -72.79832,44.28668,0 -72.79817,44.28663,0 -72.79804,44.28643,0 -72.79785,44.28633,0 -72.79766,44.28638,0 -72.79696,44.28643,0 -72.79657,44.28635,0 -72.79634,44.28636,0 -72.79513,44.28653,0 -72.79450,44.28653,0 -72.79438,44.28641,0 -72.79439,44.28628,0 -72.79426,44.28620,0 -72.79276,44.28593,0 -72.79245,44.28592,0 -72.79213,44.28578,0 -72.79178,44.28576,0 -72.79160,44.28582,0 -72.79095,44.28588,0 -72.79079,44.28583,0</coordinates></LineString>
        <LineString><tessellate>1</tessellate><coordinates>-72.79079,44.28583,0 -72.79059,44.28563,0 -72.79035,44.28553,0 -72.78997,44.28547,0 -72.78982,44.28536,0 -72.78951,44.28535,0 -72.78908,44.28520,0 -72.78872,44.28489,0 -72.78856,44.28483,0 -72.78820,44.28486,0 -72.78804,44.28473,0 -72.78802,44.28458,0 -72.78791,44.28449,0 -72.78719,44.28428,0 -72.78693,44.28406,0</coordinates></LineString>
        <LineString><tessellate>1</tessellate><coordinates>-72.78385,44.28332,0 -72.78322,44.28303,0 -72.78272,44.28302,0 -72.78260,44.28308,0 -72.78235,44.28309,0</coordinates></LineString>
        <LineString><tessellate>1</tessellate><coordinates>-72.78235,44.28309,0 -72.78194,44.28309,0 -72.78171,44.28295,0 -72.78152,44.28259,0 -72.78156,44.28238,0 -72.78151,44.28217,0 -72.78140,44.28198,0 -72.78125,44.28189,0 -72.78122,44.28176,0 -72.78111,44.28171,0</coordinates></LineString>
        <LineString><tessellate>1</tessellate><coordinates>-72.75583,44.27528,0 -72.75559,44.27531,0 -72.75539,44.27525,0</coordinates></LineString>
        <LineString><tessellate>1</tessellate><coordinates>-72.77532,44.28042,0 -72.77523,44.28056,0 -72.77509,44.28061,0 -72.77447,44.28050,0 -72.77409,44.28090,0 -72.77389,44.28101,0 -72.77381,44.28100,0</coordinates></LineString>
        <LineString><tessellate>1</tessellate><coordinates>-72.75539,44.27525,0 -72.75514,44.27524,0 -72.75504,44.27530,0 -72.75498,44.27523,0 -72.75486,44.27520,0 -72.75472,44.27526,0 -72.75446,44.27526,0 -72.75445,44.27511,0 -72.75421,44.27500,0 -72.75413,44.27486,0 -72.75386,44.27485,0 -72.75363,44.27475,0 -72.75312,44.27479,0 -72.75267,44.27496,0 -72.75244,44.27501,0 -72.75217,44.27500,0 -72.75142,44.27466,0 -72.75109,44.27464,0 -72.75079,44.27453,0 -72.75007,44.27436,0 -72.74949,44.27408,0 -72.74878,44.27356,0 -72.74828,44.27330,0 -72.74793,44.27318,0 -72.74709,44.27265,0 -72.74646,44.27234,0 -72.74631,44.27221,0 -72.74626,44.27203,0 -72.74599,44.27162,0 -72.74571,44.27155,0</coordinates></LineString>
        <LineString><tessellate>1</tessellate><coordinates>-72.74571,44.27155,0 -72.74553,44.27152,0</coordinates></LineString>
        <LineString><tessellate>1</tessellate><coordinates>-72.76028,44.27625,0 -72.76009,44.27618,0 -72.75966,44.27616,0</coordinates></LineString>
      </MultiGeometry>
    </Placemark>
    <Placemark>
      <name>Mills Brook</name>
      <description><![CDATA[no data<br/>Vermont Open Geodata Portal - VT Hydrography Dataset, cartographic extract lines (VCGI)]]></description>
      <styleUrl>#ln-9e9e9e</styleUrl>
      <MultiGeometry>
        <LineString><tessellate>1</tessellate><coordinates>-72.83459,44.07164,0 -72.83465,44.07178,0 -72.83425,44.07203,0</coordinates></LineString>
        <LineString><tessellate>1</tessellate><coordinates>-72.84435,44.07959,0 -72.84446,44.07966,0 -72.84489,44.07975,0 -72.84540,44.07966,0 -72.84618,44.07963,0 -72.84639,44.07948,0 -72.84678,44.07931,0 -72.84719,44.07924,0 -72.84742,44.07924,0 -72.84813,44.07940,0 -72.84857,44.07938,0 -72.84901,44.07924,0 -72.84914,44.07915,0 -72.84940,44.07878,0 -72.84954,44.07823,0 -72.84964,44.07808,0 -72.85024,44.07770,0 -72.85045,44.07734,0 -72.85052,44.07701,0 -72.85092,44.07653,0 -72.85157,44.07598,0 -72.85257,44.07546,0 -72.85291,44.07514,0</coordinates></LineString>
        <LineString><tessellate>1</tessellate><coordinates>-72.85291,44.07514,0 -72.85333,44.07491,0 -72.85377,44.07483,0 -72.85433,44.07496,0 -72.85482,44.07492,0 -72.85528,44.07500,0 -72.85597,44.07501,0 -72.85733,44.07493,0 -72.85787,44.07485,0 -72.85798,44.07481,0 -72.85835,44.07454,0 -72.85896,44.07440,0 -72.85951,44.07437,0 -72.85971,44.07448,0 -72.85988,44.07451,0</coordinates></LineString>
        <LineString><tessellate>1</tessellate><coordinates>-72.83297,44.07416,0 -72.83297,44.07422,0</coordinates></LineString>
        <LineString><tessellate>1</tessellate><coordinates>-72.83425,44.07203,0 -72.83351,44.07242,0 -72.83289,44.07326,0 -72.83292,44.07348,0 -72.83309,44.07363,0 -72.83308,44.07386,0</coordinates></LineString>
        <LineString><tessellate>1</tessellate><coordinates>-72.83815,44.07930,0 -72.83885,44.07929,0 -72.83931,44.07937,0 -72.83986,44.07925,0 -72.84063,44.07934,0 -72.84085,44.07920,0 -72.84109,44.07912,0 -72.84196,44.07910,0 -72.84220,44.07914,0 -72.84244,44.07937,0 -72.84286,44.07949,0 -72.84314,44.07955,0 -72.84355,44.07950,0</coordinates></LineString>
        <LineString><tessellate>1</tessellate><coordinates>-72.84355,44.07950,0 -72.84403,44.07951,0</coordinates></LineString>
        <LineString><tessellate>1</tessellate><coordinates>-72.84403,44.07951,0 -72.84435,44.07959,0</coordinates></LineString>
        <LineString><tessellate>1</tessellate><coordinates>-72.83479,44.07815,0 -72.83704,44.07917,0 -72.83796,44.07931,0 -72.83815,44.07930,0</coordinates></LineString>
        <LineString><tessellate>1</tessellate><coordinates>-72.83308,44.07386,0 -72.83297,44.07416,0</coordinates></LineString>
        <LineString><tessellate>1</tessellate><coordinates>-72.83473,44.07812,0 -72.83479,44.07815,0</coordinates></LineString>
        <LineString><tessellate>1</tessellate><coordinates>-72.83297,44.07422,0 -72.83271,44.07559,0 -72.83268,44.07659,0 -72.83296,44.07700,0 -72.83413,44.07788,0 -72.83473,44.07812,0</coordinates></LineString>
        <LineString><tessellate>1</tessellate><coordinates>-72.83459,44.07140,0 -72.83459,44.07164,0</coordinates></LineString>
      </MultiGeometry>
    </Placemark>
    <Placemark>
      <name>Cox Brook</name>
      <description><![CDATA[BKT, RBT<br/>Vermont Open Geodata Portal - VT Hydrography Dataset, cartographic extract lines (VCGI)]]></description>
      <styleUrl>#ln-00897b</styleUrl>
      <MultiGeometry>
        <LineString><tessellate>1</tessellate><coordinates>-72.71786,44.23610,0 -72.71727,44.23576,0 -72.71659,44.23521,0 -72.71601,44.23492,0</coordinates></LineString>
        <LineString><tessellate>1</tessellate><coordinates>-72.71046,44.23364,0 -72.71010,44.23363,0 -72.71001,44.23358,0</coordinates></LineString>
        <LineString><tessellate>1</tessellate><coordinates>-72.71601,44.23492,0 -72.71568,44.23466,0 -72.71506,44.23433,0 -72.71422,44.23436,0 -72.71340,44.23432,0 -72.71246,44.23412,0 -72.71211,44.23411,0 -72.71172,44.23403,0 -72.71062,44.23364,0</coordinates></LineString>
        <LineString><tessellate>1</tessellate><coordinates>-72.70377,44.22530,0 -72.70361,44.22505,0 -72.70364,44.22485,0 -72.70345,44.22471,0 -72.70336,44.22470,0 -72.70326,44.22480,0 -72.70305,44.22481,0 -72.70241,44.22457,0 -72.70228,44.22419,0 -72.70229,44.22406,0 -72.70242,44.22395,0 -72.70245,44.22382,0 -72.70238,44.22374,0 -72.70232,44.22348,0</coordinates></LineString>
        <LineString><tessellate>1</tessellate><coordinates>-72.70104,44.21129,0 -72.70048,44.21128,0 -72.70033,44.21116,0</coordinates></LineString>
        <LineString><tessellate>1</tessellate><coordinates>-72.70386,44.21368,0 -72.70376,44.21366,0 -72.70365,44.21353,0 -72.70351,44.21346,0 -72.70352,44.21327,0 -72.70318,44.21259,0 -72.70246,44.21149,0 -72.70212,44.21126,0 -72.70200,44.21111,0 -72.70178,44.21107,0 -72.70142,44.21110,0 -72.70104,44.21129,0</coordinates></LineString>
        <LineString><tessellate>1</tessellate><coordinates>-72.70834,44.23218,0 -72.70755,44.23181,0 -72.70729,44.23149,0 -72.70664,44.23131,0 -72.70638,44.23113,0 -72.70642,44.23097,0 -72.70634,44.23082,0 -72.70647,44.23071,0 -72.70644,44.23065,0 -72.70609,44.23054,0 -72.70603,44.23044,0 -72.70581,44.23033,0 -72.70564,44.23016,0 -72.70546,44.22990,0 -72.70524,44.22954,0 -72.70527,44.22933,0 -72.70516,44.22911,0 -72.70458,44.22827,0 -72.70454,44.22790,0 -72.70448,44.22776,0 -72.70451,44.22758,0 -72.70433,44.22711,0 -72.70418,44.22699,0</coordinates></LineString>
        <LineString><tessellate>1</tessellate><coordinates>-72.70363,44.22624,0 -72.70368,44.22586,0 -72.70363,44.22568,0 -72.70367,44.22565,0</coordinates></LineString>
        <LineString><tessellate>1</tessellate><coordinates>-72.70232,44.22348,0 -72.70240,44.22332,0 -72.70254,44.22324,0 -72.70260,44.22305,0 -72.70264,44.22283,0 -72.70258,44.22232,0 -72.70262,44.22207,0 -72.70283,44.22183,0 -72.70291,44.22162,0 -72.70315,44.22140,0 -72.70307,44.22125,0 -72.70321,44.22122,0 -72.70335,44.22103,0 -72.70347,44.22073,0 -72.70342,44.22036,0 -72.70349,44.22024,0 -72.70361,44.22022,0 -72.70364,44.22010,0 -72.70359,44.21967,0 -72.70333,44.21894,0 -72.70366,44.21871,0 -72.70364,44.21867,0 -72.70318,44.21831,0 -72.70300,44.21805,0 -72.70295,44.21784,0 -72.70323,44.21751,0 -72.70351,44.21731,0 -72.70348,44.21677,0 -72.70373,44.21645,0 -72.70408,44.21568,0 -72.70447,44.21518,0 -72.70445,44.21491,0 -72.70438,44.21475,0 -72.70389,44.21421,0 -72.70381,44.21393,0 -72.70386,44.21368,0</coordinates></LineString>
        <LineString><tessellate>1</tessellate><coordinates>-72.70033,44.21116,0 -72.70032,44.21098,0 -72.70046,44.21093,0 -72.70048,44.21085,0 -72.70031,44.21074,0 -72.70029,44.21070,0 -72.70039,44.21057,0 -72.70025,44.21053,0 -72.70025,44.21033,0 -72.70001,44.20983,0 -72.69934,44.20981,0 -72.69921,44.20975,0 -72.69892,44.20934,0 -72.69870,44.20922,0 -72.69844,44.20878,0 -72.69812,44.20862,0 -72.69795,44.20839,0 -72.69767,44.20765,0 -72.69754,44.20741,0 -72.69766,44.20704,0 -72.69719,44.20668,0 -72.69672,44.20623,0 -72.69639,44.20601,0 -72.69598,44.20582,0 -72.69526,44.20535,0 -72.69505,44.20513,0 -72.69491,44.20482,0 -72.69473,44.20471,0 -72.69451,44.20474,0 -72.69414,44.20460,0 -72.69396,44.20448,0 -72.69379,44.20448,0</coordinates></LineString>
        <LineString><tessellate>1</tessellate><coordinates>-72.69379,44.20448,0 -72.69335,44.20444,0 -72.69243,44.20392,0 -72.69235,44.20383,0</coordinates></LineString>
        <LineString><tessellate>1</tessellate><coordinates>-72.68154,44.19419,0 -72.68130,44.19408,0 -72.68095,44.19380,0 -72.67953,44.19296,0</coordinates></LineString>
        <LineString><tessellate>1</tessellate><coordinates>-72.69235,44.20383,0 -72.69186,44.20343,0 -72.69116,44.20257,0 -72.69077,44.20220,0 -72.69056,44.20202,0 -72.69010,44.20179,0 -72.68992,44.20165,0 -72.68972,44.20136,0 -72.68907,44.20125,0 -72.68876,44.20106,0 -72.68829,44.20039,0 -72.68833,44.19997,0 -72.68821,44.19989,0 -72.68781,44.19979,0 -72.68758,44.19936,0 -72.68724,44.19905,0 -72.68717,44.19875,0 -72.68707,44.19861,0 -72.68667,44.19828,0 -72.68655,44.19805,0 -72.68630,44.19788,0 -72.68570,44.19770,0 -72.68555,44.19761,0</coordinates></LineString>
        <LineString><tessellate>1</tessellate><coordinates>-72.68555,44.19761,0 -72.68546,44.19739,0 -72.68540,44.19704,0 -72.68542,44.19681,0 -72.68533,44.19658,0 -72.68512,44.19633,0 -72.68493,44.19592,0 -72.68472,44.19577,0 -72.68436,44.19576,0 -72.68398,44.19555,0 -72.68375,44.19532,0 -72.68338,44.19515,0 -72.68316,44.19511,0 -72.68241,44.19475,0 -72.68154,44.19419,0</coordinates></LineString>
        <LineString><tessellate>1</tessellate><coordinates>-72.67953,44.19296,0 -72.67827,44.19220,0 -72.67797,44.19210,0 -72.67790,44.19195,0 -72.67723,44.19173,0 -72.67701,44.19147,0 -72.67654,44.19123,0 -72.67634,44.19094,0 -72.67607,44.19082,0 -72.67561,44.19075,0 -72.67545,44.19055,0 -72.67518,44.19044,0 -72.67511,44.19038,0 -72.67515,44.19019,0 -72.67532,44.19005,0 -72.67532,44.18986,0 -72.67510,44.18961,0 -72.67493,44.18949,0 -72.67436,44.18937,0 -72.67356,44.18908,0 -72.67322,44.18881,0 -72.67310,44.18859,0 -72.67317,44.18809,0 -72.67324,44.18794,0 -72.67340,44.18786,0 -72.67356,44.18785,0 -72.67376,44.18791,0 -72.67384,44.18781,0 -72.67378,44.18764,0 -72.67354,44.18731,0 -72.67351,44.18717,0 -72.67356,44.18709,0 -72.67352,44.18699,0 -72.67284,44.18607,0 -72.67278,44.18586,0 -72.67283,44.18547,0 -72.67280,44.18534,0 -72.67236,44.18487,0</coordinates></LineString>
        <LineString><tessellate>1</tessellate><coordinates>-72.67236,44.18487,0 -72.67197,44.18432,0 -72.67169,44.18417,0 -72.67109,44.18420,0 -72.67098,44.18414,0 -72.67098,44.18404,0 -72.67116,44.18394,0 -72.67136,44.18361,0 -72.67131,44.18313,0 -72.67124,44.18303,0 -72.67070,44.18266,0</coordinates></LineString>
        <LineString><tessellate>1</tessellate><coordinates>-72.67070,44.18266,0 -72.67054,44.18255,0 -72.67032,44.18205,0 -72.66958,44.18144,0 -72.66941,44.18085,0 -72.66906,44.18074,0 -72.66899,44.18054,0 -72.66891,44.18049,0 -72.66872,44.18053,0 -72.66843,44.18083,0 -72.66827,44.18088,0 -72.66796,44.18081,0 -72.66764,44.18051,0 -72.66756,44.18038,0 -72.66730,44.18011,0 -72.66726,44.17957,0 -72.66695,44.17895,0 -72.66684,44.17879,0 -72.66648,44.17851,0 -72.66580,44.17842,0 -72.66487,44.17853,0 -72.66411,44.17850,0 -72.66358,44.17834,0 -72.66329,44.17809,0 -72.66255,44.17763,0 -72.66220,44.17729,0 -72.66161,44.17665,0 -72.66119,44.17605,0 -72.66111,44.17576,0 -72.66077,44.17554,0 -72.65931,44.17506,0 -72.65818,44.17489,0 -72.65733,44.17466,0 -72.65682,44.17442,0 -72.65602,44.17385,0 -72.65547,44.17372,0 -72.65505,44.17372,0 -72.65434,44.17321,0 -72.65420,44.17321,0 -72.65378,44.17338,0 -72.65332,44.17322,0 -72.65292,44.17268,0 -72.65297,44.17243,0 -72.65318,44.17220,0 -72.65318,44.17214,0 -72.65304,44.17202,0 -72.65289,44.17198,0 -72.65257,44.17200,0 -72.65223,44.17211,0 -72.65198,44.17229,0 -72.65162,44.17226,0</coordinates></LineString>
        <LineString><tessellate>1</tessellate><coordinates>-72.70986,44.23339,0 -72.70977,44.23331,0 -72.70964,44.23330,0 -72.70958,44.23322,0</coordinates></LineString>
        <LineString><tessellate>1</tessellate><coordinates>-72.70936,44.23305,0 -72.70921,44.23302,0</coordinates></LineString>
        <LineString><tessellate>1</tessellate><coordinates>-72.71062,44.23364,0 -72.71046,44.23364,0</coordinates></LineString>
        <LineString><tessellate>1</tessellate><coordinates>-72.71001,44.23358,0 -72.70986,44.23339,0</coordinates></LineString>
        <LineString><tessellate>1</tessellate><coordinates>-72.70958,44.23322,0 -72.70936,44.23305,0</coordinates></LineString>
        <LineString><tessellate>1</tessellate><coordinates>-72.70418,44.22699,0 -72.70406,44.22675,0 -72.70363,44.22624,0</coordinates></LineString>
        <LineString><tessellate>1</tessellate><coordinates>-72.70921,44.23302,0 -72.70905,44.23296,0 -72.70885,44.23278,0 -72.70846,44.23226,0 -72.70834,44.23218,0</coordinates></LineString>
        <LineString><tessellate>1</tessellate><coordinates>-72.70367,44.22565,0 -72.70377,44.22559,0 -72.70381,44.22543,0 -72.70377,44.22530,0</coordinates></LineString>
        <LineString><tessellate>1</tessellate><coordinates>-72.65162,44.17226,0 -72.65153,44.17225,0</coordinates></LineString>
      </MultiGeometry>
    </Placemark>
  </Folder>
</Document>
</kml>
